No.,Description,Description,Description,No.,No.,No.,No.,No.,No.,Description,,,,,,,,,,
4.3,"Senior Indenture dated as of November 1,2004","Senior Indenture dated as of November 1,2004","Senior Indenture dated as of November 1,2004",4.8,4.8,4.8,4.8,4.8,4.8,Form of Deposit Agreement among Morgan,,,,,,,,,,
4.3,between Morgan Stanley and The Bank of New,between Morgan Stanley and The Bank of New,between Morgan Stanley and The Bank of New,,,,,,,Stanley， JPMorgan Chase Bank， N.A. and the,,,,,,,,,,
4.3,"York, as trustee (Exhibit 4-f to Morgan Stanley's","York, as trustee (Exhibit 4-f to Morgan Stanley's","York, as trustee (Exhibit 4-f to Morgan Stanley's",,,,,,,,holders from time to time of the depositary receipts,,,,,,,,,
,Registration Statement on Form S-3/A(No.333-117752)，as amended by First Supplemental,Registration Statement on Form S-3/A(No.333-117752)，as amended by First Supplemental,Registration Statement on Form S-3/A(No.333-117752)，as amended by First Supplemental,,,,,,,representing interests in the Series A Preferred,,,,,,,,,,
,Registration Statement on Form S-3/A(No.333-117752)，as amended by First Supplemental,Registration Statement on Form S-3/A(No.333-117752)，as amended by First Supplemental,Registration Statement on Form S-3/A(No.333-117752)，as amended by First Supplemental,,,,,,,Stock described therein (Exhibit 2.4 to Morgan,,,,,,,,,,
,"Senior Indenture dated as of September 4,2007","Senior Indenture dated as of September 4,2007","Senior Indenture dated as of September 4,2007",,,,,,,Stanley's Registration Statement on Form 8-A dated,,,,,,,,,,
,(Exhibit 4.5 to Morgan Stanley’s annual report on,(Exhibit 4.5 to Morgan Stanley’s annual report on,(Exhibit 4.5 to Morgan Stanley’s annual report on,,,,,,,"July 5, 2006).DepositaryReceiptfor_DepositaryShares,",,,,,,,,,,
,"Form 1O-K for the fiscal year ended November 30,2007), Second Supplemental Senior Indenture dated","Form 1O-K for the fiscal year ended November 30,2007), Second Supplemental Senior Indenture dated","Form 1O-K for the fiscal year ended November 30,2007), Second Supplemental Senior Indenture dated",4.94.10,4.94.10,4.94.10,4.94.10,4.94.10,4.94.10,"July 5, 2006).DepositaryReceiptfor_DepositaryShares,",,,,,,,,,,
,"Form 1O-K for the fiscal year ended November 30,2007), Second Supplemental Senior Indenture dated","Form 1O-K for the fiscal year ended November 30,2007), Second Supplemental Senior Indenture dated","Form 1O-K for the fiscal year ended November 30,2007), Second Supplemental Senior Indenture dated",4.94.10,4.94.10,4.94.10,4.94.10,4.94.10,4.94.10,representingIFloatingIRate Non-Cumulative,,,,,,,,,,
,"asof January 4,2008 (Exhibit 4.1 to_Morgan","asof January 4,2008 (Exhibit 4.1 to_Morgan","asof January 4,2008 (Exhibit 4.1 to_Morgan",4.94.10,4.94.10,4.94.10,4.94.10,4.94.10,4.94.10,,,,,,,,,,,
,"asof January 4,2008 (Exhibit 4.1 to_Morgan","asof January 4,2008 (Exhibit 4.1 to_Morgan","asof January 4,2008 (Exhibit 4.1 to_Morgan",4.94.10,4.94.10,4.94.10,4.94.10,4.94.10,4.94.10,"Preferred Stock, Series A (included in Exhibit 4.8",,,,,,,,,,
,Stanley's current report on Form 8-K dated,Stanley's current report on Form 8-K dated,Stanley's current report on Form 8-K dated,4.94.10,4.94.10,4.94.10,4.94.10,4.94.10,4.94.10,,,,,,,,,,,
,January4，2008)，Third Supplemental Senior,January4，2008)，Third Supplemental Senior,January4，2008)，Third Supplemental Senior,4.94.10,4.94.10,4.94.10,4.94.10,4.94.10,4.94.10,,,,,,,,,,,
,January4，2008)，Third Supplemental Senior,January4，2008)，Third Supplemental Senior,January4，2008)，Third Supplemental Senior,4.94.10,4.94.10,4.94.10,4.94.10,4.94.10,4.94.10,hereto).Form of Deposit Agreement_ among Morgan,,,,,,,,,,
,"Indenture dated as of September 10, 2008 (Exhibit 4","Indenture dated as of September 10, 2008 (Exhibit 4","Indenture dated as of September 10, 2008 (Exhibit 4",4.94.10,4.94.10,4.94.10,4.94.10,4.94.10,4.94.10,hereto).Form of Deposit Agreement_ among Morgan,,,,,,,,,,
,to Morgan Stanley's quarterly report on Form 10-Q,to Morgan Stanley's quarterly report on Form 10-Q,to Morgan Stanley's quarterly report on Form 10-Q,,,,,,,"Stanley, The Bank of New York Mellon and the",,,,,,,,,,
,for the quarter ended August 31，2008)，Fourth,for the quarter ended August 31，2008)，Fourth,for the quarter ended August 31，2008)，Fourth,,,,,,,holders from time to time of the depositary receipts,,,,,,,,,,
"SupplementalSeniorIndenture datedasofDecember 1, 2008 (Exhibit 4.1 to Morgan Stanley'scurrent report on Form 8-K dated December1,2008), Fifth Supplemental Senior Indenture dated asof April 1, 2009 (Exhibit 4 to Morgan Stanley'squarterly report on Form 10-Q for the quarter endedMarch 31,2009)，Sixth Supplemental SeniorIndenture dated as of September 16,2011 (Exhibit4.1 to Morgan Stanley's quarterly report on Form10-Q for the quarter ended September 30,2011),Seventh Supplemental Senior Indenture dated as ofNovember 21,2011(Exhibit4.4to MorganStanley's annual report on Form 10-K for the yearended December 31,2011),Eighth SupplementalSeniorIndenture dated asof May 4,2012(Exhibit 4.1 to Morgan Stanley's quarterly report onForm 10-Q for the quarter ended June 30, 2012),Ninth Supplemental Senior Indenture dated as ofMarch 10, 2014 (Exhibit 4.1 to Morgan Stanley'squarterly report on Form 1O-Q for the quarter endedMarch 31, 2014) and Tenth Supplemental SeniorIndenture dated as of January 11, 2017 (Exhibit 4.1to Morgan Stanley's current report on Form 8-Kdated January 11,2017).4.4 The Unit Agreement Without Holders’ Obligations,dated as of August 29， 2008， between MorganStanley and The Bank of New York Mellon, as UnitAgent, as Trustee and Paying Agent under theSenior Indenture referred to therein and as WarrantAgent under the Warrant Agreement referred totherein (Exhibit 4.1 to Morgan Stanley's current report on Form 8-K dated August 29, 2008).4.5 Subordinated Indenture dated as of October 1, 2004between Morgan Stanley and The Bank ofNew York, as trustee (Exhibit 4-g to MorganStanley's Registration Statement on Form S-3/A(No. 333-117752)).4.6 JuniorSubordinated Indenture dated asofOctober 12, 2006 between Morgan Stanley and TheBank of New York,as trustee (Exhibit 4.1 toMorgan Stanley's current report on Form 8-K datedOctober 12, 2006).4.7 Deposit Agreement dated as of July 6. 2006 amongMorgan Stanley, JPMorgan Chase Bank, N.A. andthe holders from time to time of the depositaryreceipts described therein (Exhibit 4.3 to MorganStanley's quarterly report on Form 10-Q for thequarter ended May 31, 2006).","SupplementalSeniorIndenture datedasofDecember 1, 2008 (Exhibit 4.1 to Morgan Stanley'scurrent report on Form 8-K dated December1,2008), Fifth Supplemental Senior Indenture dated asof April 1, 2009 (Exhibit 4 to Morgan Stanley'squarterly report on Form 10-Q for the quarter endedMarch 31,2009)，Sixth Supplemental SeniorIndenture dated as of September 16,2011 (Exhibit4.1 to Morgan Stanley's quarterly report on Form10-Q for the quarter ended September 30,2011),Seventh Supplemental Senior Indenture dated as ofNovember 21,2011(Exhibit4.4to MorganStanley's annual report on Form 10-K for the yearended December 31,2011),Eighth SupplementalSeniorIndenture dated asof May 4,2012(Exhibit 4.1 to Morgan Stanley's quarterly report onForm 10-Q for the quarter ended June 30, 2012),Ninth Supplemental Senior Indenture dated as ofMarch 10, 2014 (Exhibit 4.1 to Morgan Stanley'squarterly report on Form 1O-Q for the quarter endedMarch 31, 2014) and Tenth Supplemental SeniorIndenture dated as of January 11, 2017 (Exhibit 4.1to Morgan Stanley's current report on Form 8-Kdated January 11,2017).4.4 The Unit Agreement Without Holders’ Obligations,dated as of August 29， 2008， between MorganStanley and The Bank of New York Mellon, as UnitAgent, as Trustee and Paying Agent under theSenior Indenture referred to therein and as WarrantAgent under the Warrant Agreement referred totherein (Exhibit 4.1 to Morgan Stanley's current report on Form 8-K dated August 29, 2008).4.5 Subordinated Indenture dated as of October 1, 2004between Morgan Stanley and The Bank ofNew York, as trustee (Exhibit 4-g to MorganStanley's Registration Statement on Form S-3/A(No. 333-117752)).4.6 JuniorSubordinated Indenture dated asofOctober 12, 2006 between Morgan Stanley and TheBank of New York,as trustee (Exhibit 4.1 toMorgan Stanley's current report on Form 8-K datedOctober 12, 2006).4.7 Deposit Agreement dated as of July 6. 2006 amongMorgan Stanley, JPMorgan Chase Bank, N.A. andthe holders from time to time of the depositaryreceipts described therein (Exhibit 4.3 to MorganStanley's quarterly report on Form 10-Q for thequarter ended May 31, 2006).","SupplementalSeniorIndenture datedasofDecember 1, 2008 (Exhibit 4.1 to Morgan Stanley'scurrent report on Form 8-K dated December1,2008), Fifth Supplemental Senior Indenture dated asof April 1, 2009 (Exhibit 4 to Morgan Stanley'squarterly report on Form 10-Q for the quarter endedMarch 31,2009)，Sixth Supplemental SeniorIndenture dated as of September 16,2011 (Exhibit4.1 to Morgan Stanley's quarterly report on Form10-Q for the quarter ended September 30,2011),Seventh Supplemental Senior Indenture dated as ofNovember 21,2011(Exhibit4.4to MorganStanley's annual report on Form 10-K for the yearended December 31,2011),Eighth SupplementalSeniorIndenture dated asof May 4,2012(Exhibit 4.1 to Morgan Stanley's quarterly report onForm 10-Q for the quarter ended June 30, 2012),Ninth Supplemental Senior Indenture dated as ofMarch 10, 2014 (Exhibit 4.1 to Morgan Stanley'squarterly report on Form 1O-Q for the quarter endedMarch 31, 2014) and Tenth Supplemental SeniorIndenture dated as of January 11, 2017 (Exhibit 4.1to Morgan Stanley's current report on Form 8-Kdated January 11,2017).4.4 The Unit Agreement Without Holders’ Obligations,dated as of August 29， 2008， between MorganStanley and The Bank of New York Mellon, as UnitAgent, as Trustee and Paying Agent under theSenior Indenture referred to therein and as WarrantAgent under the Warrant Agreement referred totherein (Exhibit 4.1 to Morgan Stanley's current report on Form 8-K dated August 29, 2008).4.5 Subordinated Indenture dated as of October 1, 2004between Morgan Stanley and The Bank ofNew York, as trustee (Exhibit 4-g to MorganStanley's Registration Statement on Form S-3/A(No. 333-117752)).4.6 JuniorSubordinated Indenture dated asofOctober 12, 2006 between Morgan Stanley and TheBank of New York,as trustee (Exhibit 4.1 toMorgan Stanley's current report on Form 8-K datedOctober 12, 2006).4.7 Deposit Agreement dated as of July 6. 2006 amongMorgan Stanley, JPMorgan Chase Bank, N.A. andthe holders from time to time of the depositaryreceipts described therein (Exhibit 4.3 to MorganStanley's quarterly report on Form 10-Q for thequarter ended May 31, 2006).","SupplementalSeniorIndenture datedasofDecember 1, 2008 (Exhibit 4.1 to Morgan Stanley'scurrent report on Form 8-K dated December1,2008), Fifth Supplemental Senior Indenture dated asof April 1, 2009 (Exhibit 4 to Morgan Stanley'squarterly report on Form 10-Q for the quarter endedMarch 31,2009)，Sixth Supplemental SeniorIndenture dated as of September 16,2011 (Exhibit4.1 to Morgan Stanley's quarterly report on Form10-Q for the quarter ended September 30,2011),Seventh Supplemental Senior Indenture dated as ofNovember 21,2011(Exhibit4.4to MorganStanley's annual report on Form 10-K for the yearended December 31,2011),Eighth SupplementalSeniorIndenture dated asof May 4,2012(Exhibit 4.1 to Morgan Stanley's quarterly report onForm 10-Q for the quarter ended June 30, 2012),Ninth Supplemental Senior Indenture dated as ofMarch 10, 2014 (Exhibit 4.1 to Morgan Stanley'squarterly report on Form 1O-Q for the quarter endedMarch 31, 2014) and Tenth Supplemental SeniorIndenture dated as of January 11, 2017 (Exhibit 4.1to Morgan Stanley's current report on Form 8-Kdated January 11,2017).4.4 The Unit Agreement Without Holders’ Obligations,dated as of August 29， 2008， between MorganStanley and The Bank of New York Mellon, as UnitAgent, as Trustee and Paying Agent under theSenior Indenture referred to therein and as WarrantAgent under the Warrant Agreement referred totherein (Exhibit 4.1 to Morgan Stanley's current report on Form 8-K dated August 29, 2008).4.5 Subordinated Indenture dated as of October 1, 2004between Morgan Stanley and The Bank ofNew York, as trustee (Exhibit 4-g to MorganStanley's Registration Statement on Form S-3/A(No. 333-117752)).4.6 JuniorSubordinated Indenture dated asofOctober 12, 2006 between Morgan Stanley and TheBank of New York,as trustee (Exhibit 4.1 toMorgan Stanley's current report on Form 8-K datedOctober 12, 2006).4.7 Deposit Agreement dated as of July 6. 2006 amongMorgan Stanley, JPMorgan Chase Bank, N.A. andthe holders from time to time of the depositaryreceipts described therein (Exhibit 4.3 to MorganStanley's quarterly report on Form 10-Q for thequarter ended May 31, 2006).",SupplementalSeniorIndenture datedasof,SupplementalSeniorIndenture datedasof,SupplementalSeniorIndenture datedasof,SupplementalSeniorIndenture datedasof,SupplementalSeniorIndenture datedasof,SupplementalSeniorIndenture datedasof,SupplementalSeniorIndenture datedasof,,,,,,,,,,
"SupplementalSeniorIndenture datedasofDecember 1, 2008 (Exhibit 4.1 to Morgan Stanley'scurrent report on Form 8-K dated December1,2008), Fifth Supplemental Senior Indenture dated asof April 1, 2009 (Exhibit 4 to Morgan Stanley'squarterly report on Form 10-Q for the quarter endedMarch 31,2009)，Sixth Supplemental SeniorIndenture dated as of September 16,2011 (Exhibit4.1 to Morgan Stanley's quarterly report on Form10-Q for the quarter ended September 30,2011),Seventh Supplemental Senior Indenture dated as ofNovember 21,2011(Exhibit4.4to MorganStanley's annual report on Form 10-K for the yearended December 31,2011),Eighth SupplementalSeniorIndenture dated asof May 4,2012(Exhibit 4.1 to Morgan Stanley's quarterly report onForm 10-Q for the quarter ended June 30, 2012),Ninth Supplemental Senior Indenture dated as ofMarch 10, 2014 (Exhibit 4.1 to Morgan Stanley'squarterly report on Form 1O-Q for the quarter endedMarch 31, 2014) and Tenth Supplemental SeniorIndenture dated as of January 11, 2017 (Exhibit 4.1to Morgan Stanley's current report on Form 8-Kdated January 11,2017).4.4 The Unit Agreement Without Holders’ Obligations,dated as of August 29， 2008， between MorganStanley and The Bank of New York Mellon, as UnitAgent, as Trustee and Paying Agent under theSenior Indenture referred to therein and as WarrantAgent under the Warrant Agreement referred totherein (Exhibit 4.1 to Morgan Stanley's current report on Form 8-K dated August 29, 2008).4.5 Subordinated Indenture dated as of October 1, 2004between Morgan Stanley and The Bank ofNew York, as trustee (Exhibit 4-g to MorganStanley's Registration Statement on Form S-3/A(No. 333-117752)).4.6 JuniorSubordinated Indenture dated asofOctober 12, 2006 between Morgan Stanley and TheBank of New York,as trustee (Exhibit 4.1 toMorgan Stanley's current report on Form 8-K datedOctober 12, 2006).4.7 Deposit Agreement dated as of July 6. 2006 amongMorgan Stanley, JPMorgan Chase Bank, N.A. andthe holders from time to time of the depositaryreceipts described therein (Exhibit 4.3 to MorganStanley's quarterly report on Form 10-Q for thequarter ended May 31, 2006).","SupplementalSeniorIndenture datedasofDecember 1, 2008 (Exhibit 4.1 to Morgan Stanley'scurrent report on Form 8-K dated December1,2008), Fifth Supplemental Senior Indenture dated asof April 1, 2009 (Exhibit 4 to Morgan Stanley'squarterly report on Form 10-Q for the quarter endedMarch 31,2009)，Sixth Supplemental SeniorIndenture dated as of September 16,2011 (Exhibit4.1 to Morgan Stanley's quarterly report on Form10-Q for the quarter ended September 30,2011),Seventh Supplemental Senior Indenture dated as ofNovember 21,2011(Exhibit4.4to MorganStanley's annual report on Form 10-K for the yearended December 31,2011),Eighth SupplementalSeniorIndenture dated asof May 4,2012(Exhibit 4.1 to Morgan Stanley's quarterly report onForm 10-Q for the quarter ended June 30, 2012),Ninth Supplemental Senior Indenture dated as ofMarch 10, 2014 (Exhibit 4.1 to Morgan Stanley'squarterly report on Form 1O-Q for the quarter endedMarch 31, 2014) and Tenth Supplemental SeniorIndenture dated as of January 11, 2017 (Exhibit 4.1to Morgan Stanley's current report on Form 8-Kdated January 11,2017).4.4 The Unit Agreement Without Holders’ Obligations,dated as of August 29， 2008， between MorganStanley and The Bank of New York Mellon, as UnitAgent, as Trustee and Paying Agent under theSenior Indenture referred to therein and as WarrantAgent under the Warrant Agreement referred totherein (Exhibit 4.1 to Morgan Stanley's current report on Form 8-K dated August 29, 2008).4.5 Subordinated Indenture dated as of October 1, 2004between Morgan Stanley and The Bank ofNew York, as trustee (Exhibit 4-g to MorganStanley's Registration Statement on Form S-3/A(No. 333-117752)).4.6 JuniorSubordinated Indenture dated asofOctober 12, 2006 between Morgan Stanley and TheBank of New York,as trustee (Exhibit 4.1 toMorgan Stanley's current report on Form 8-K datedOctober 12, 2006).4.7 Deposit Agreement dated as of July 6. 2006 amongMorgan Stanley, JPMorgan Chase Bank, N.A. andthe holders from time to time of the depositaryreceipts described therein (Exhibit 4.3 to MorganStanley's quarterly report on Form 10-Q for thequarter ended May 31, 2006).","SupplementalSeniorIndenture datedasofDecember 1, 2008 (Exhibit 4.1 to Morgan Stanley'scurrent report on Form 8-K dated December1,2008), Fifth Supplemental Senior Indenture dated asof April 1, 2009 (Exhibit 4 to Morgan Stanley'squarterly report on Form 10-Q for the quarter endedMarch 31,2009)，Sixth Supplemental SeniorIndenture dated as of September 16,2011 (Exhibit4.1 to Morgan Stanley's quarterly report on Form10-Q for the quarter ended September 30,2011),Seventh Supplemental Senior Indenture dated as ofNovember 21,2011(Exhibit4.4to MorganStanley's annual report on Form 10-K for the yearended December 31,2011),Eighth SupplementalSeniorIndenture dated asof May 4,2012(Exhibit 4.1 to Morgan Stanley's quarterly report onForm 10-Q for the quarter ended June 30, 2012),Ninth Supplemental Senior Indenture dated as ofMarch 10, 2014 (Exhibit 4.1 to Morgan Stanley'squarterly report on Form 1O-Q for the quarter endedMarch 31, 2014) and Tenth Supplemental SeniorIndenture dated as of January 11, 2017 (Exhibit 4.1to Morgan Stanley's current report on Form 8-Kdated January 11,2017).4.4 The Unit Agreement Without Holders’ Obligations,dated as of August 29， 2008， between MorganStanley and The Bank of New York Mellon, as UnitAgent, as Trustee and Paying Agent under theSenior Indenture referred to therein and as WarrantAgent under the Warrant Agreement referred totherein (Exhibit 4.1 to Morgan Stanley's current report on Form 8-K dated August 29, 2008).4.5 Subordinated Indenture dated as of October 1, 2004between Morgan Stanley and The Bank ofNew York, as trustee (Exhibit 4-g to MorganStanley's Registration Statement on Form S-3/A(No. 333-117752)).4.6 JuniorSubordinated Indenture dated asofOctober 12, 2006 between Morgan Stanley and TheBank of New York,as trustee (Exhibit 4.1 toMorgan Stanley's current report on Form 8-K datedOctober 12, 2006).4.7 Deposit Agreement dated as of July 6. 2006 amongMorgan Stanley, JPMorgan Chase Bank, N.A. andthe holders from time to time of the depositaryreceipts described therein (Exhibit 4.3 to MorganStanley's quarterly report on Form 10-Q for thequarter ended May 31, 2006).","SupplementalSeniorIndenture datedasofDecember 1, 2008 (Exhibit 4.1 to Morgan Stanley'scurrent report on Form 8-K dated December1,2008), Fifth Supplemental Senior Indenture dated asof April 1, 2009 (Exhibit 4 to Morgan Stanley'squarterly report on Form 10-Q for the quarter endedMarch 31,2009)，Sixth Supplemental SeniorIndenture dated as of September 16,2011 (Exhibit4.1 to Morgan Stanley's quarterly report on Form10-Q for the quarter ended September 30,2011),Seventh Supplemental Senior Indenture dated as ofNovember 21,2011(Exhibit4.4to MorganStanley's annual report on Form 10-K for the yearended December 31,2011),Eighth SupplementalSeniorIndenture dated asof May 4,2012(Exhibit 4.1 to Morgan Stanley's quarterly report onForm 10-Q for the quarter ended June 30, 2012),Ninth Supplemental Senior Indenture dated as ofMarch 10, 2014 (Exhibit 4.1 to Morgan Stanley'squarterly report on Form 1O-Q for the quarter endedMarch 31, 2014) and Tenth Supplemental SeniorIndenture dated as of January 11, 2017 (Exhibit 4.1to Morgan Stanley's current report on Form 8-Kdated January 11,2017).4.4 The Unit Agreement Without Holders’ Obligations,dated as of August 29， 2008， between MorganStanley and The Bank of New York Mellon, as UnitAgent, as Trustee and Paying Agent under theSenior Indenture referred to therein and as WarrantAgent under the Warrant Agreement referred totherein (Exhibit 4.1 to Morgan Stanley's current report on Form 8-K dated August 29, 2008).4.5 Subordinated Indenture dated as of October 1, 2004between Morgan Stanley and The Bank ofNew York, as trustee (Exhibit 4-g to MorganStanley's Registration Statement on Form S-3/A(No. 333-117752)).4.6 JuniorSubordinated Indenture dated asofOctober 12, 2006 between Morgan Stanley and TheBank of New York,as trustee (Exhibit 4.1 toMorgan Stanley's current report on Form 8-K datedOctober 12, 2006).4.7 Deposit Agreement dated as of July 6. 2006 amongMorgan Stanley, JPMorgan Chase Bank, N.A. andthe holders from time to time of the depositaryreceipts described therein (Exhibit 4.3 to MorganStanley's quarterly report on Form 10-Q for thequarter ended May 31, 2006).","December 1, 2008 (Exhibit 4.1 to Morgan Stanley's","December 1, 2008 (Exhibit 4.1 to Morgan Stanley's","December 1, 2008 (Exhibit 4.1 to Morgan Stanley's",,,,,,,Stock described therein (Exhibit 2.6 to Morgan,,,,,,,
"SupplementalSeniorIndenture datedasofDecember 1, 2008 (Exhibit 4.1 to Morgan Stanley'scurrent report on Form 8-K dated December1,2008), Fifth Supplemental Senior Indenture dated asof April 1, 2009 (Exhibit 4 to Morgan Stanley'squarterly report on Form 10-Q for the quarter endedMarch 31,2009)，Sixth Supplemental SeniorIndenture dated as of September 16,2011 (Exhibit4.1 to Morgan Stanley's quarterly report on Form10-Q for the quarter ended September 30,2011),Seventh Supplemental Senior Indenture dated as ofNovember 21,2011(Exhibit4.4to MorganStanley's annual report on Form 10-K for the yearended December 31,2011),Eighth SupplementalSeniorIndenture dated asof May 4,2012(Exhibit 4.1 to Morgan Stanley's quarterly report onForm 10-Q for the quarter ended June 30, 2012),Ninth Supplemental Senior Indenture dated as ofMarch 10, 2014 (Exhibit 4.1 to Morgan Stanley'squarterly report on Form 1O-Q for the quarter endedMarch 31, 2014) and Tenth Supplemental SeniorIndenture dated as of January 11, 2017 (Exhibit 4.1to Morgan Stanley's current report on Form 8-Kdated January 11,2017).4.4 The Unit Agreement Without Holders’ Obligations,dated as of August 29， 2008， between MorganStanley and The Bank of New York Mellon, as UnitAgent, as Trustee and Paying Agent under theSenior Indenture referred to therein and as WarrantAgent under the Warrant Agreement referred totherein (Exhibit 4.1 to Morgan Stanley's current report on Form 8-K dated August 29, 2008).4.5 Subordinated Indenture dated as of October 1, 2004between Morgan Stanley and The Bank ofNew York, as trustee (Exhibit 4-g to MorganStanley's Registration Statement on Form S-3/A(No. 333-117752)).4.6 JuniorSubordinated Indenture dated asofOctober 12, 2006 between Morgan Stanley and TheBank of New York,as trustee (Exhibit 4.1 toMorgan Stanley's current report on Form 8-K datedOctober 12, 2006).4.7 Deposit Agreement dated as of July 6. 2006 amongMorgan Stanley, JPMorgan Chase Bank, N.A. andthe holders from time to time of the depositaryreceipts described therein (Exhibit 4.3 to MorganStanley's quarterly report on Form 10-Q for thequarter ended May 31, 2006).","SupplementalSeniorIndenture datedasofDecember 1, 2008 (Exhibit 4.1 to Morgan Stanley'scurrent report on Form 8-K dated December1,2008), Fifth Supplemental Senior Indenture dated asof April 1, 2009 (Exhibit 4 to Morgan Stanley'squarterly report on Form 10-Q for the quarter endedMarch 31,2009)，Sixth Supplemental SeniorIndenture dated as of September 16,2011 (Exhibit4.1 to Morgan Stanley's quarterly report on Form10-Q for the quarter ended September 30,2011),Seventh Supplemental Senior Indenture dated as ofNovember 21,2011(Exhibit4.4to MorganStanley's annual report on Form 10-K for the yearended December 31,2011),Eighth SupplementalSeniorIndenture dated asof May 4,2012(Exhibit 4.1 to Morgan Stanley's quarterly report onForm 10-Q for the quarter ended June 30, 2012),Ninth Supplemental Senior Indenture dated as ofMarch 10, 2014 (Exhibit 4.1 to Morgan Stanley'squarterly report on Form 1O-Q for the quarter endedMarch 31, 2014) and Tenth Supplemental SeniorIndenture dated as of January 11, 2017 (Exhibit 4.1to Morgan Stanley's current report on Form 8-Kdated January 11,2017).4.4 The Unit Agreement Without Holders’ Obligations,dated as of August 29， 2008， between MorganStanley and The Bank of New York Mellon, as UnitAgent, as Trustee and Paying Agent under theSenior Indenture referred to therein and as WarrantAgent under the Warrant Agreement referred totherein (Exhibit 4.1 to Morgan Stanley's current report on Form 8-K dated August 29, 2008).4.5 Subordinated Indenture dated as of October 1, 2004between Morgan Stanley and The Bank ofNew York, as trustee (Exhibit 4-g to MorganStanley's Registration Statement on Form S-3/A(No. 333-117752)).4.6 JuniorSubordinated Indenture dated asofOctober 12, 2006 between Morgan Stanley and TheBank of New York,as trustee (Exhibit 4.1 toMorgan Stanley's current report on Form 8-K datedOctober 12, 2006).4.7 Deposit Agreement dated as of July 6. 2006 amongMorgan Stanley, JPMorgan Chase Bank, N.A. andthe holders from time to time of the depositaryreceipts described therein (Exhibit 4.3 to MorganStanley's quarterly report on Form 10-Q for thequarter ended May 31, 2006).","SupplementalSeniorIndenture datedasofDecember 1, 2008 (Exhibit 4.1 to Morgan Stanley'scurrent report on Form 8-K dated December1,2008), Fifth Supplemental Senior Indenture dated asof April 1, 2009 (Exhibit 4 to Morgan Stanley'squarterly report on Form 10-Q for the quarter endedMarch 31,2009)，Sixth Supplemental SeniorIndenture dated as of September 16,2011 (Exhibit4.1 to Morgan Stanley's quarterly report on Form10-Q for the quarter ended September 30,2011),Seventh Supplemental Senior Indenture dated as ofNovember 21,2011(Exhibit4.4to MorganStanley's annual report on Form 10-K for the yearended December 31,2011),Eighth SupplementalSeniorIndenture dated asof May 4,2012(Exhibit 4.1 to Morgan Stanley's quarterly report onForm 10-Q for the quarter ended June 30, 2012),Ninth Supplemental Senior Indenture dated as ofMarch 10, 2014 (Exhibit 4.1 to Morgan Stanley'squarterly report on Form 1O-Q for the quarter endedMarch 31, 2014) and Tenth Supplemental SeniorIndenture dated as of January 11, 2017 (Exhibit 4.1to Morgan Stanley's current report on Form 8-Kdated January 11,2017).4.4 The Unit Agreement Without Holders’ Obligations,dated as of August 29， 2008， between MorganStanley and The Bank of New York Mellon, as UnitAgent, as Trustee and Paying Agent under theSenior Indenture referred to therein and as WarrantAgent under the Warrant Agreement referred totherein (Exhibit 4.1 to Morgan Stanley's current report on Form 8-K dated August 29, 2008).4.5 Subordinated Indenture dated as of October 1, 2004between Morgan Stanley and The Bank ofNew York, as trustee (Exhibit 4-g to MorganStanley's Registration Statement on Form S-3/A(No. 333-117752)).4.6 JuniorSubordinated Indenture dated asofOctober 12, 2006 between Morgan Stanley and TheBank of New York,as trustee (Exhibit 4.1 toMorgan Stanley's current report on Form 8-K datedOctober 12, 2006).4.7 Deposit Agreement dated as of July 6. 2006 amongMorgan Stanley, JPMorgan Chase Bank, N.A. andthe holders from time to time of the depositaryreceipts described therein (Exhibit 4.3 to MorganStanley's quarterly report on Form 10-Q for thequarter ended May 31, 2006).","SupplementalSeniorIndenture datedasofDecember 1, 2008 (Exhibit 4.1 to Morgan Stanley'scurrent report on Form 8-K dated December1,2008), Fifth Supplemental Senior Indenture dated asof April 1, 2009 (Exhibit 4 to Morgan Stanley'squarterly report on Form 10-Q for the quarter endedMarch 31,2009)，Sixth Supplemental SeniorIndenture dated as of September 16,2011 (Exhibit4.1 to Morgan Stanley's quarterly report on Form10-Q for the quarter ended September 30,2011),Seventh Supplemental Senior Indenture dated as ofNovember 21,2011(Exhibit4.4to MorganStanley's annual report on Form 10-K for the yearended December 31,2011),Eighth SupplementalSeniorIndenture dated asof May 4,2012(Exhibit 4.1 to Morgan Stanley's quarterly report onForm 10-Q for the quarter ended June 30, 2012),Ninth Supplemental Senior Indenture dated as ofMarch 10, 2014 (Exhibit 4.1 to Morgan Stanley'squarterly report on Form 1O-Q for the quarter endedMarch 31, 2014) and Tenth Supplemental SeniorIndenture dated as of January 11, 2017 (Exhibit 4.1to Morgan Stanley's current report on Form 8-Kdated January 11,2017).4.4 The Unit Agreement Without Holders’ Obligations,dated as of August 29， 2008， between MorganStanley and The Bank of New York Mellon, as UnitAgent, as Trustee and Paying Agent under theSenior Indenture referred to therein and as WarrantAgent under the Warrant Agreement referred totherein (Exhibit 4.1 to Morgan Stanley's current report on Form 8-K dated August 29, 2008).4.5 Subordinated Indenture dated as of October 1, 2004between Morgan Stanley and The Bank ofNew York, as trustee (Exhibit 4-g to MorganStanley's Registration Statement on Form S-3/A(No. 333-117752)).4.6 JuniorSubordinated Indenture dated asofOctober 12, 2006 between Morgan Stanley and TheBank of New York,as trustee (Exhibit 4.1 toMorgan Stanley's current report on Form 8-K datedOctober 12, 2006).4.7 Deposit Agreement dated as of July 6. 2006 amongMorgan Stanley, JPMorgan Chase Bank, N.A. andthe holders from time to time of the depositaryreceipts described therein (Exhibit 4.3 to MorganStanley's quarterly report on Form 10-Q for thequarter ended May 31, 2006).","current report on Form 8-K dated December1,","current report on Form 8-K dated December1,","current report on Form 8-K dated December1,",,,,,,,Stanley's Registration Statement on Form 8-A dated,,,,,,,
"SupplementalSeniorIndenture datedasofDecember 1, 2008 (Exhibit 4.1 to Morgan Stanley'scurrent report on Form 8-K dated December1,2008), Fifth Supplemental Senior Indenture dated asof April 1, 2009 (Exhibit 4 to Morgan Stanley'squarterly report on Form 10-Q for the quarter endedMarch 31,2009)，Sixth Supplemental SeniorIndenture dated as of September 16,2011 (Exhibit4.1 to Morgan Stanley's quarterly report on Form10-Q for the quarter ended September 30,2011),Seventh Supplemental Senior Indenture dated as ofNovember 21,2011(Exhibit4.4to MorganStanley's annual report on Form 10-K for the yearended December 31,2011),Eighth SupplementalSeniorIndenture dated asof May 4,2012(Exhibit 4.1 to Morgan Stanley's quarterly report onForm 10-Q for the quarter ended June 30, 2012),Ninth Supplemental Senior Indenture dated as ofMarch 10, 2014 (Exhibit 4.1 to Morgan Stanley'squarterly report on Form 1O-Q for the quarter endedMarch 31, 2014) and Tenth Supplemental SeniorIndenture dated as of January 11, 2017 (Exhibit 4.1to Morgan Stanley's current report on Form 8-Kdated January 11,2017).4.4 The Unit Agreement Without Holders’ Obligations,dated as of August 29， 2008， between MorganStanley and The Bank of New York Mellon, as UnitAgent, as Trustee and Paying Agent under theSenior Indenture referred to therein and as WarrantAgent under the Warrant Agreement referred totherein (Exhibit 4.1 to Morgan Stanley's current report on Form 8-K dated August 29, 2008).4.5 Subordinated Indenture dated as of October 1, 2004between Morgan Stanley and The Bank ofNew York, as trustee (Exhibit 4-g to MorganStanley's Registration Statement on Form S-3/A(No. 333-117752)).4.6 JuniorSubordinated Indenture dated asofOctober 12, 2006 between Morgan Stanley and TheBank of New York,as trustee (Exhibit 4.1 toMorgan Stanley's current report on Form 8-K datedOctober 12, 2006).4.7 Deposit Agreement dated as of July 6. 2006 amongMorgan Stanley, JPMorgan Chase Bank, N.A. andthe holders from time to time of the depositaryreceipts described therein (Exhibit 4.3 to MorganStanley's quarterly report on Form 10-Q for thequarter ended May 31, 2006).","SupplementalSeniorIndenture datedasofDecember 1, 2008 (Exhibit 4.1 to Morgan Stanley'scurrent report on Form 8-K dated December1,2008), Fifth Supplemental Senior Indenture dated asof April 1, 2009 (Exhibit 4 to Morgan Stanley'squarterly report on Form 10-Q for the quarter endedMarch 31,2009)，Sixth Supplemental SeniorIndenture dated as of September 16,2011 (Exhibit4.1 to Morgan Stanley's quarterly report on Form10-Q for the quarter ended September 30,2011),Seventh Supplemental Senior Indenture dated as ofNovember 21,2011(Exhibit4.4to MorganStanley's annual report on Form 10-K for the yearended December 31,2011),Eighth SupplementalSeniorIndenture dated asof May 4,2012(Exhibit 4.1 to Morgan Stanley's quarterly report onForm 10-Q for the quarter ended June 30, 2012),Ninth Supplemental Senior Indenture dated as ofMarch 10, 2014 (Exhibit 4.1 to Morgan Stanley'squarterly report on Form 1O-Q for the quarter endedMarch 31, 2014) and Tenth Supplemental SeniorIndenture dated as of January 11, 2017 (Exhibit 4.1to Morgan Stanley's current report on Form 8-Kdated January 11,2017).4.4 The Unit Agreement Without Holders’ Obligations,dated as of August 29， 2008， between MorganStanley and The Bank of New York Mellon, as UnitAgent, as Trustee and Paying Agent under theSenior Indenture referred to therein and as WarrantAgent under the Warrant Agreement referred totherein (Exhibit 4.1 to Morgan Stanley's current report on Form 8-K dated August 29, 2008).4.5 Subordinated Indenture dated as of October 1, 2004between Morgan Stanley and The Bank ofNew York, as trustee (Exhibit 4-g to MorganStanley's Registration Statement on Form S-3/A(No. 333-117752)).4.6 JuniorSubordinated Indenture dated asofOctober 12, 2006 between Morgan Stanley and TheBank of New York,as trustee (Exhibit 4.1 toMorgan Stanley's current report on Form 8-K datedOctober 12, 2006).4.7 Deposit Agreement dated as of July 6. 2006 amongMorgan Stanley, JPMorgan Chase Bank, N.A. andthe holders from time to time of the depositaryreceipts described therein (Exhibit 4.3 to MorganStanley's quarterly report on Form 10-Q for thequarter ended May 31, 2006).","SupplementalSeniorIndenture datedasofDecember 1, 2008 (Exhibit 4.1 to Morgan Stanley'scurrent report on Form 8-K dated December1,2008), Fifth Supplemental Senior Indenture dated asof April 1, 2009 (Exhibit 4 to Morgan Stanley'squarterly report on Form 10-Q for the quarter endedMarch 31,2009)，Sixth Supplemental SeniorIndenture dated as of September 16,2011 (Exhibit4.1 to Morgan Stanley's quarterly report on Form10-Q for the quarter ended September 30,2011),Seventh Supplemental Senior Indenture dated as ofNovember 21,2011(Exhibit4.4to MorganStanley's annual report on Form 10-K for the yearended December 31,2011),Eighth SupplementalSeniorIndenture dated asof May 4,2012(Exhibit 4.1 to Morgan Stanley's quarterly report onForm 10-Q for the quarter ended June 30, 2012),Ninth Supplemental Senior Indenture dated as ofMarch 10, 2014 (Exhibit 4.1 to Morgan Stanley'squarterly report on Form 1O-Q for the quarter endedMarch 31, 2014) and Tenth Supplemental SeniorIndenture dated as of January 11, 2017 (Exhibit 4.1to Morgan Stanley's current report on Form 8-Kdated January 11,2017).4.4 The Unit Agreement Without Holders’ Obligations,dated as of August 29， 2008， between MorganStanley and The Bank of New York Mellon, as UnitAgent, as Trustee and Paying Agent under theSenior Indenture referred to therein and as WarrantAgent under the Warrant Agreement referred totherein (Exhibit 4.1 to Morgan Stanley's current report on Form 8-K dated August 29, 2008).4.5 Subordinated Indenture dated as of October 1, 2004between Morgan Stanley and The Bank ofNew York, as trustee (Exhibit 4-g to MorganStanley's Registration Statement on Form S-3/A(No. 333-117752)).4.6 JuniorSubordinated Indenture dated asofOctober 12, 2006 between Morgan Stanley and TheBank of New York,as trustee (Exhibit 4.1 toMorgan Stanley's current report on Form 8-K datedOctober 12, 2006).4.7 Deposit Agreement dated as of July 6. 2006 amongMorgan Stanley, JPMorgan Chase Bank, N.A. andthe holders from time to time of the depositaryreceipts described therein (Exhibit 4.3 to MorganStanley's quarterly report on Form 10-Q for thequarter ended May 31, 2006).","SupplementalSeniorIndenture datedasofDecember 1, 2008 (Exhibit 4.1 to Morgan Stanley'scurrent report on Form 8-K dated December1,2008), Fifth Supplemental Senior Indenture dated asof April 1, 2009 (Exhibit 4 to Morgan Stanley'squarterly report on Form 10-Q for the quarter endedMarch 31,2009)，Sixth Supplemental SeniorIndenture dated as of September 16,2011 (Exhibit4.1 to Morgan Stanley's quarterly report on Form10-Q for the quarter ended September 30,2011),Seventh Supplemental Senior Indenture dated as ofNovember 21,2011(Exhibit4.4to MorganStanley's annual report on Form 10-K for the yearended December 31,2011),Eighth SupplementalSeniorIndenture dated asof May 4,2012(Exhibit 4.1 to Morgan Stanley's quarterly report onForm 10-Q for the quarter ended June 30, 2012),Ninth Supplemental Senior Indenture dated as ofMarch 10, 2014 (Exhibit 4.1 to Morgan Stanley'squarterly report on Form 1O-Q for the quarter endedMarch 31, 2014) and Tenth Supplemental SeniorIndenture dated as of January 11, 2017 (Exhibit 4.1to Morgan Stanley's current report on Form 8-Kdated January 11,2017).4.4 The Unit Agreement Without Holders’ Obligations,dated as of August 29， 2008， between MorganStanley and The Bank of New York Mellon, as UnitAgent, as Trustee and Paying Agent under theSenior Indenture referred to therein and as WarrantAgent under the Warrant Agreement referred totherein (Exhibit 4.1 to Morgan Stanley's current report on Form 8-K dated August 29, 2008).4.5 Subordinated Indenture dated as of October 1, 2004between Morgan Stanley and The Bank ofNew York, as trustee (Exhibit 4-g to MorganStanley's Registration Statement on Form S-3/A(No. 333-117752)).4.6 JuniorSubordinated Indenture dated asofOctober 12, 2006 between Morgan Stanley and TheBank of New York,as trustee (Exhibit 4.1 toMorgan Stanley's current report on Form 8-K datedOctober 12, 2006).4.7 Deposit Agreement dated as of July 6. 2006 amongMorgan Stanley, JPMorgan Chase Bank, N.A. andthe holders from time to time of the depositaryreceipts described therein (Exhibit 4.3 to MorganStanley's quarterly report on Form 10-Q for thequarter ended May 31, 2006).","2008), Fifth Supplemental Senior Indenture dated as","2008), Fifth Supplemental Senior Indenture dated as","2008), Fifth Supplemental Senior Indenture dated as",,,,,,,"September 27, 2013).DepositaryReceiptforDepositaryShares,",,,,,,,
"SupplementalSeniorIndenture datedasofDecember 1, 2008 (Exhibit 4.1 to Morgan Stanley'scurrent report on Form 8-K dated December1,2008), Fifth Supplemental Senior Indenture dated asof April 1, 2009 (Exhibit 4 to Morgan Stanley'squarterly report on Form 10-Q for the quarter endedMarch 31,2009)，Sixth Supplemental SeniorIndenture dated as of September 16,2011 (Exhibit4.1 to Morgan Stanley's quarterly report on Form10-Q for the quarter ended September 30,2011),Seventh Supplemental Senior Indenture dated as ofNovember 21,2011(Exhibit4.4to MorganStanley's annual report on Form 10-K for the yearended December 31,2011),Eighth SupplementalSeniorIndenture dated asof May 4,2012(Exhibit 4.1 to Morgan Stanley's quarterly report onForm 10-Q for the quarter ended June 30, 2012),Ninth Supplemental Senior Indenture dated as ofMarch 10, 2014 (Exhibit 4.1 to Morgan Stanley'squarterly report on Form 1O-Q for the quarter endedMarch 31, 2014) and Tenth Supplemental SeniorIndenture dated as of January 11, 2017 (Exhibit 4.1to Morgan Stanley's current report on Form 8-Kdated January 11,2017).4.4 The Unit Agreement Without Holders’ Obligations,dated as of August 29， 2008， between MorganStanley and The Bank of New York Mellon, as UnitAgent, as Trustee and Paying Agent under theSenior Indenture referred to therein and as WarrantAgent under the Warrant Agreement referred totherein (Exhibit 4.1 to Morgan Stanley's current report on Form 8-K dated August 29, 2008).4.5 Subordinated Indenture dated as of October 1, 2004between Morgan Stanley and The Bank ofNew York, as trustee (Exhibit 4-g to MorganStanley's Registration Statement on Form S-3/A(No. 333-117752)).4.6 JuniorSubordinated Indenture dated asofOctober 12, 2006 between Morgan Stanley and TheBank of New York,as trustee (Exhibit 4.1 toMorgan Stanley's current report on Form 8-K datedOctober 12, 2006).4.7 Deposit Agreement dated as of July 6. 2006 amongMorgan Stanley, JPMorgan Chase Bank, N.A. andthe holders from time to time of the depositaryreceipts described therein (Exhibit 4.3 to MorganStanley's quarterly report on Form 10-Q for thequarter ended May 31, 2006).","SupplementalSeniorIndenture datedasofDecember 1, 2008 (Exhibit 4.1 to Morgan Stanley'scurrent report on Form 8-K dated December1,2008), Fifth Supplemental Senior Indenture dated asof April 1, 2009 (Exhibit 4 to Morgan Stanley'squarterly report on Form 10-Q for the quarter endedMarch 31,2009)，Sixth Supplemental SeniorIndenture dated as of September 16,2011 (Exhibit4.1 to Morgan Stanley's quarterly report on Form10-Q for the quarter ended September 30,2011),Seventh Supplemental Senior Indenture dated as ofNovember 21,2011(Exhibit4.4to MorganStanley's annual report on Form 10-K for the yearended December 31,2011),Eighth SupplementalSeniorIndenture dated asof May 4,2012(Exhibit 4.1 to Morgan Stanley's quarterly report onForm 10-Q for the quarter ended June 30, 2012),Ninth Supplemental Senior Indenture dated as ofMarch 10, 2014 (Exhibit 4.1 to Morgan Stanley'squarterly report on Form 1O-Q for the quarter endedMarch 31, 2014) and Tenth Supplemental SeniorIndenture dated as of January 11, 2017 (Exhibit 4.1to Morgan Stanley's current report on Form 8-Kdated January 11,2017).4.4 The Unit Agreement Without Holders’ Obligations,dated as of August 29， 2008， between MorganStanley and The Bank of New York Mellon, as UnitAgent, as Trustee and Paying Agent under theSenior Indenture referred to therein and as WarrantAgent under the Warrant Agreement referred totherein (Exhibit 4.1 to Morgan Stanley's current report on Form 8-K dated August 29, 2008).4.5 Subordinated Indenture dated as of October 1, 2004between Morgan Stanley and The Bank ofNew York, as trustee (Exhibit 4-g to MorganStanley's Registration Statement on Form S-3/A(No. 333-117752)).4.6 JuniorSubordinated Indenture dated asofOctober 12, 2006 between Morgan Stanley and TheBank of New York,as trustee (Exhibit 4.1 toMorgan Stanley's current report on Form 8-K datedOctober 12, 2006).4.7 Deposit Agreement dated as of July 6. 2006 amongMorgan Stanley, JPMorgan Chase Bank, N.A. andthe holders from time to time of the depositaryreceipts described therein (Exhibit 4.3 to MorganStanley's quarterly report on Form 10-Q for thequarter ended May 31, 2006).","SupplementalSeniorIndenture datedasofDecember 1, 2008 (Exhibit 4.1 to Morgan Stanley'scurrent report on Form 8-K dated December1,2008), Fifth Supplemental Senior Indenture dated asof April 1, 2009 (Exhibit 4 to Morgan Stanley'squarterly report on Form 10-Q for the quarter endedMarch 31,2009)，Sixth Supplemental SeniorIndenture dated as of September 16,2011 (Exhibit4.1 to Morgan Stanley's quarterly report on Form10-Q for the quarter ended September 30,2011),Seventh Supplemental Senior Indenture dated as ofNovember 21,2011(Exhibit4.4to MorganStanley's annual report on Form 10-K for the yearended December 31,2011),Eighth SupplementalSeniorIndenture dated asof May 4,2012(Exhibit 4.1 to Morgan Stanley's quarterly report onForm 10-Q for the quarter ended June 30, 2012),Ninth Supplemental Senior Indenture dated as ofMarch 10, 2014 (Exhibit 4.1 to Morgan Stanley'squarterly report on Form 1O-Q for the quarter endedMarch 31, 2014) and Tenth Supplemental SeniorIndenture dated as of January 11, 2017 (Exhibit 4.1to Morgan Stanley's current report on Form 8-Kdated January 11,2017).4.4 The Unit Agreement Without Holders’ Obligations,dated as of August 29， 2008， between MorganStanley and The Bank of New York Mellon, as UnitAgent, as Trustee and Paying Agent under theSenior Indenture referred to therein and as WarrantAgent under the Warrant Agreement referred totherein (Exhibit 4.1 to Morgan Stanley's current report on Form 8-K dated August 29, 2008).4.5 Subordinated Indenture dated as of October 1, 2004between Morgan Stanley and The Bank ofNew York, as trustee (Exhibit 4-g to MorganStanley's Registration Statement on Form S-3/A(No. 333-117752)).4.6 JuniorSubordinated Indenture dated asofOctober 12, 2006 between Morgan Stanley and TheBank of New York,as trustee (Exhibit 4.1 toMorgan Stanley's current report on Form 8-K datedOctober 12, 2006).4.7 Deposit Agreement dated as of July 6. 2006 amongMorgan Stanley, JPMorgan Chase Bank, N.A. andthe holders from time to time of the depositaryreceipts described therein (Exhibit 4.3 to MorganStanley's quarterly report on Form 10-Q for thequarter ended May 31, 2006).","SupplementalSeniorIndenture datedasofDecember 1, 2008 (Exhibit 4.1 to Morgan Stanley'scurrent report on Form 8-K dated December1,2008), Fifth Supplemental Senior Indenture dated asof April 1, 2009 (Exhibit 4 to Morgan Stanley'squarterly report on Form 10-Q for the quarter endedMarch 31,2009)，Sixth Supplemental SeniorIndenture dated as of September 16,2011 (Exhibit4.1 to Morgan Stanley's quarterly report on Form10-Q for the quarter ended September 30,2011),Seventh Supplemental Senior Indenture dated as ofNovember 21,2011(Exhibit4.4to MorganStanley's annual report on Form 10-K for the yearended December 31,2011),Eighth SupplementalSeniorIndenture dated asof May 4,2012(Exhibit 4.1 to Morgan Stanley's quarterly report onForm 10-Q for the quarter ended June 30, 2012),Ninth Supplemental Senior Indenture dated as ofMarch 10, 2014 (Exhibit 4.1 to Morgan Stanley'squarterly report on Form 1O-Q for the quarter endedMarch 31, 2014) and Tenth Supplemental SeniorIndenture dated as of January 11, 2017 (Exhibit 4.1to Morgan Stanley's current report on Form 8-Kdated January 11,2017).4.4 The Unit Agreement Without Holders’ Obligations,dated as of August 29， 2008， between MorganStanley and The Bank of New York Mellon, as UnitAgent, as Trustee and Paying Agent under theSenior Indenture referred to therein and as WarrantAgent under the Warrant Agreement referred totherein (Exhibit 4.1 to Morgan Stanley's current report on Form 8-K dated August 29, 2008).4.5 Subordinated Indenture dated as of October 1, 2004between Morgan Stanley and The Bank ofNew York, as trustee (Exhibit 4-g to MorganStanley's Registration Statement on Form S-3/A(No. 333-117752)).4.6 JuniorSubordinated Indenture dated asofOctober 12, 2006 between Morgan Stanley and TheBank of New York,as trustee (Exhibit 4.1 toMorgan Stanley's current report on Form 8-K datedOctober 12, 2006).4.7 Deposit Agreement dated as of July 6. 2006 amongMorgan Stanley, JPMorgan Chase Bank, N.A. andthe holders from time to time of the depositaryreceipts described therein (Exhibit 4.3 to MorganStanley's quarterly report on Form 10-Q for thequarter ended May 31, 2006).","of April 1, 2009 (Exhibit 4 to Morgan Stanley's","of April 1, 2009 (Exhibit 4 to Morgan Stanley's","of April 1, 2009 (Exhibit 4 to Morgan Stanley's",,,,,,4.11,4.11,,,,,,,
"SupplementalSeniorIndenture datedasofDecember 1, 2008 (Exhibit 4.1 to Morgan Stanley'scurrent report on Form 8-K dated December1,2008), Fifth Supplemental Senior Indenture dated asof April 1, 2009 (Exhibit 4 to Morgan Stanley'squarterly report on Form 10-Q for the quarter endedMarch 31,2009)，Sixth Supplemental SeniorIndenture dated as of September 16,2011 (Exhibit4.1 to Morgan Stanley's quarterly report on Form10-Q for the quarter ended September 30,2011),Seventh Supplemental Senior Indenture dated as ofNovember 21,2011(Exhibit4.4to MorganStanley's annual report on Form 10-K for the yearended December 31,2011),Eighth SupplementalSeniorIndenture dated asof May 4,2012(Exhibit 4.1 to Morgan Stanley's quarterly report onForm 10-Q for the quarter ended June 30, 2012),Ninth Supplemental Senior Indenture dated as ofMarch 10, 2014 (Exhibit 4.1 to Morgan Stanley'squarterly report on Form 1O-Q for the quarter endedMarch 31, 2014) and Tenth Supplemental SeniorIndenture dated as of January 11, 2017 (Exhibit 4.1to Morgan Stanley's current report on Form 8-Kdated January 11,2017).4.4 The Unit Agreement Without Holders’ Obligations,dated as of August 29， 2008， between MorganStanley and The Bank of New York Mellon, as UnitAgent, as Trustee and Paying Agent under theSenior Indenture referred to therein and as WarrantAgent under the Warrant Agreement referred totherein (Exhibit 4.1 to Morgan Stanley's current report on Form 8-K dated August 29, 2008).4.5 Subordinated Indenture dated as of October 1, 2004between Morgan Stanley and The Bank ofNew York, as trustee (Exhibit 4-g to MorganStanley's Registration Statement on Form S-3/A(No. 333-117752)).4.6 JuniorSubordinated Indenture dated asofOctober 12, 2006 between Morgan Stanley and TheBank of New York,as trustee (Exhibit 4.1 toMorgan Stanley's current report on Form 8-K datedOctober 12, 2006).4.7 Deposit Agreement dated as of July 6. 2006 amongMorgan Stanley, JPMorgan Chase Bank, N.A. andthe holders from time to time of the depositaryreceipts described therein (Exhibit 4.3 to MorganStanley's quarterly report on Form 10-Q for thequarter ended May 31, 2006).","SupplementalSeniorIndenture datedasofDecember 1, 2008 (Exhibit 4.1 to Morgan Stanley'scurrent report on Form 8-K dated December1,2008), Fifth Supplemental Senior Indenture dated asof April 1, 2009 (Exhibit 4 to Morgan Stanley'squarterly report on Form 10-Q for the quarter endedMarch 31,2009)，Sixth Supplemental SeniorIndenture dated as of September 16,2011 (Exhibit4.1 to Morgan Stanley's quarterly report on Form10-Q for the quarter ended September 30,2011),Seventh Supplemental Senior Indenture dated as ofNovember 21,2011(Exhibit4.4to MorganStanley's annual report on Form 10-K for the yearended December 31,2011),Eighth SupplementalSeniorIndenture dated asof May 4,2012(Exhibit 4.1 to Morgan Stanley's quarterly report onForm 10-Q for the quarter ended June 30, 2012),Ninth Supplemental Senior Indenture dated as ofMarch 10, 2014 (Exhibit 4.1 to Morgan Stanley'squarterly report on Form 1O-Q for the quarter endedMarch 31, 2014) and Tenth Supplemental SeniorIndenture dated as of January 11, 2017 (Exhibit 4.1to Morgan Stanley's current report on Form 8-Kdated January 11,2017).4.4 The Unit Agreement Without Holders’ Obligations,dated as of August 29， 2008， between MorganStanley and The Bank of New York Mellon, as UnitAgent, as Trustee and Paying Agent under theSenior Indenture referred to therein and as WarrantAgent under the Warrant Agreement referred totherein (Exhibit 4.1 to Morgan Stanley's current report on Form 8-K dated August 29, 2008).4.5 Subordinated Indenture dated as of October 1, 2004between Morgan Stanley and The Bank ofNew York, as trustee (Exhibit 4-g to MorganStanley's Registration Statement on Form S-3/A(No. 333-117752)).4.6 JuniorSubordinated Indenture dated asofOctober 12, 2006 between Morgan Stanley and TheBank of New York,as trustee (Exhibit 4.1 toMorgan Stanley's current report on Form 8-K datedOctober 12, 2006).4.7 Deposit Agreement dated as of July 6. 2006 amongMorgan Stanley, JPMorgan Chase Bank, N.A. andthe holders from time to time of the depositaryreceipts described therein (Exhibit 4.3 to MorganStanley's quarterly report on Form 10-Q for thequarter ended May 31, 2006).","SupplementalSeniorIndenture datedasofDecember 1, 2008 (Exhibit 4.1 to Morgan Stanley'scurrent report on Form 8-K dated December1,2008), Fifth Supplemental Senior Indenture dated asof April 1, 2009 (Exhibit 4 to Morgan Stanley'squarterly report on Form 10-Q for the quarter endedMarch 31,2009)，Sixth Supplemental SeniorIndenture dated as of September 16,2011 (Exhibit4.1 to Morgan Stanley's quarterly report on Form10-Q for the quarter ended September 30,2011),Seventh Supplemental Senior Indenture dated as ofNovember 21,2011(Exhibit4.4to MorganStanley's annual report on Form 10-K for the yearended December 31,2011),Eighth SupplementalSeniorIndenture dated asof May 4,2012(Exhibit 4.1 to Morgan Stanley's quarterly report onForm 10-Q for the quarter ended June 30, 2012),Ninth Supplemental Senior Indenture dated as ofMarch 10, 2014 (Exhibit 4.1 to Morgan Stanley'squarterly report on Form 1O-Q for the quarter endedMarch 31, 2014) and Tenth Supplemental SeniorIndenture dated as of January 11, 2017 (Exhibit 4.1to Morgan Stanley's current report on Form 8-Kdated January 11,2017).4.4 The Unit Agreement Without Holders’ Obligations,dated as of August 29， 2008， between MorganStanley and The Bank of New York Mellon, as UnitAgent, as Trustee and Paying Agent under theSenior Indenture referred to therein and as WarrantAgent under the Warrant Agreement referred totherein (Exhibit 4.1 to Morgan Stanley's current report on Form 8-K dated August 29, 2008).4.5 Subordinated Indenture dated as of October 1, 2004between Morgan Stanley and The Bank ofNew York, as trustee (Exhibit 4-g to MorganStanley's Registration Statement on Form S-3/A(No. 333-117752)).4.6 JuniorSubordinated Indenture dated asofOctober 12, 2006 between Morgan Stanley and TheBank of New York,as trustee (Exhibit 4.1 toMorgan Stanley's current report on Form 8-K datedOctober 12, 2006).4.7 Deposit Agreement dated as of July 6. 2006 amongMorgan Stanley, JPMorgan Chase Bank, N.A. andthe holders from time to time of the depositaryreceipts described therein (Exhibit 4.3 to MorganStanley's quarterly report on Form 10-Q for thequarter ended May 31, 2006).","SupplementalSeniorIndenture datedasofDecember 1, 2008 (Exhibit 4.1 to Morgan Stanley'scurrent report on Form 8-K dated December1,2008), Fifth Supplemental Senior Indenture dated asof April 1, 2009 (Exhibit 4 to Morgan Stanley'squarterly report on Form 10-Q for the quarter endedMarch 31,2009)，Sixth Supplemental SeniorIndenture dated as of September 16,2011 (Exhibit4.1 to Morgan Stanley's quarterly report on Form10-Q for the quarter ended September 30,2011),Seventh Supplemental Senior Indenture dated as ofNovember 21,2011(Exhibit4.4to MorganStanley's annual report on Form 10-K for the yearended December 31,2011),Eighth SupplementalSeniorIndenture dated asof May 4,2012(Exhibit 4.1 to Morgan Stanley's quarterly report onForm 10-Q for the quarter ended June 30, 2012),Ninth Supplemental Senior Indenture dated as ofMarch 10, 2014 (Exhibit 4.1 to Morgan Stanley'squarterly report on Form 1O-Q for the quarter endedMarch 31, 2014) and Tenth Supplemental SeniorIndenture dated as of January 11, 2017 (Exhibit 4.1to Morgan Stanley's current report on Form 8-Kdated January 11,2017).4.4 The Unit Agreement Without Holders’ Obligations,dated as of August 29， 2008， between MorganStanley and The Bank of New York Mellon, as UnitAgent, as Trustee and Paying Agent under theSenior Indenture referred to therein and as WarrantAgent under the Warrant Agreement referred totherein (Exhibit 4.1 to Morgan Stanley's current report on Form 8-K dated August 29, 2008).4.5 Subordinated Indenture dated as of October 1, 2004between Morgan Stanley and The Bank ofNew York, as trustee (Exhibit 4-g to MorganStanley's Registration Statement on Form S-3/A(No. 333-117752)).4.6 JuniorSubordinated Indenture dated asofOctober 12, 2006 between Morgan Stanley and TheBank of New York,as trustee (Exhibit 4.1 toMorgan Stanley's current report on Form 8-K datedOctober 12, 2006).4.7 Deposit Agreement dated as of July 6. 2006 amongMorgan Stanley, JPMorgan Chase Bank, N.A. andthe holders from time to time of the depositaryreceipts described therein (Exhibit 4.3 to MorganStanley's quarterly report on Form 10-Q for thequarter ended May 31, 2006).",quarterly report on Form 10-Q for the quarter ended,quarterly report on Form 10-Q for the quarter ended,quarterly report on Form 10-Q for the quarter ended,,,,,,,"September 27, 2013).DepositaryReceiptforDepositaryShares,",representing Fixed-to-Floating Rate Non-,,,,,,
"SupplementalSeniorIndenture datedasofDecember 1, 2008 (Exhibit 4.1 to Morgan Stanley'scurrent report on Form 8-K dated December1,2008), Fifth Supplemental Senior Indenture dated asof April 1, 2009 (Exhibit 4 to Morgan Stanley'squarterly report on Form 10-Q for the quarter endedMarch 31,2009)，Sixth Supplemental SeniorIndenture dated as of September 16,2011 (Exhibit4.1 to Morgan Stanley's quarterly report on Form10-Q for the quarter ended September 30,2011),Seventh Supplemental Senior Indenture dated as ofNovember 21,2011(Exhibit4.4to MorganStanley's annual report on Form 10-K for the yearended December 31,2011),Eighth SupplementalSeniorIndenture dated asof May 4,2012(Exhibit 4.1 to Morgan Stanley's quarterly report onForm 10-Q for the quarter ended June 30, 2012),Ninth Supplemental Senior Indenture dated as ofMarch 10, 2014 (Exhibit 4.1 to Morgan Stanley'squarterly report on Form 1O-Q for the quarter endedMarch 31, 2014) and Tenth Supplemental SeniorIndenture dated as of January 11, 2017 (Exhibit 4.1to Morgan Stanley's current report on Form 8-Kdated January 11,2017).4.4 The Unit Agreement Without Holders’ Obligations,dated as of August 29， 2008， between MorganStanley and The Bank of New York Mellon, as UnitAgent, as Trustee and Paying Agent under theSenior Indenture referred to therein and as WarrantAgent under the Warrant Agreement referred totherein (Exhibit 4.1 to Morgan Stanley's current report on Form 8-K dated August 29, 2008).4.5 Subordinated Indenture dated as of October 1, 2004between Morgan Stanley and The Bank ofNew York, as trustee (Exhibit 4-g to MorganStanley's Registration Statement on Form S-3/A(No. 333-117752)).4.6 JuniorSubordinated Indenture dated asofOctober 12, 2006 between Morgan Stanley and TheBank of New York,as trustee (Exhibit 4.1 toMorgan Stanley's current report on Form 8-K datedOctober 12, 2006).4.7 Deposit Agreement dated as of July 6. 2006 amongMorgan Stanley, JPMorgan Chase Bank, N.A. andthe holders from time to time of the depositaryreceipts described therein (Exhibit 4.3 to MorganStanley's quarterly report on Form 10-Q for thequarter ended May 31, 2006).","SupplementalSeniorIndenture datedasofDecember 1, 2008 (Exhibit 4.1 to Morgan Stanley'scurrent report on Form 8-K dated December1,2008), Fifth Supplemental Senior Indenture dated asof April 1, 2009 (Exhibit 4 to Morgan Stanley'squarterly report on Form 10-Q for the quarter endedMarch 31,2009)，Sixth Supplemental SeniorIndenture dated as of September 16,2011 (Exhibit4.1 to Morgan Stanley's quarterly report on Form10-Q for the quarter ended September 30,2011),Seventh Supplemental Senior Indenture dated as ofNovember 21,2011(Exhibit4.4to MorganStanley's annual report on Form 10-K for the yearended December 31,2011),Eighth SupplementalSeniorIndenture dated asof May 4,2012(Exhibit 4.1 to Morgan Stanley's quarterly report onForm 10-Q for the quarter ended June 30, 2012),Ninth Supplemental Senior Indenture dated as ofMarch 10, 2014 (Exhibit 4.1 to Morgan Stanley'squarterly report on Form 1O-Q for the quarter endedMarch 31, 2014) and Tenth Supplemental SeniorIndenture dated as of January 11, 2017 (Exhibit 4.1to Morgan Stanley's current report on Form 8-Kdated January 11,2017).4.4 The Unit Agreement Without Holders’ Obligations,dated as of August 29， 2008， between MorganStanley and The Bank of New York Mellon, as UnitAgent, as Trustee and Paying Agent under theSenior Indenture referred to therein and as WarrantAgent under the Warrant Agreement referred totherein (Exhibit 4.1 to Morgan Stanley's current report on Form 8-K dated August 29, 2008).4.5 Subordinated Indenture dated as of October 1, 2004between Morgan Stanley and The Bank ofNew York, as trustee (Exhibit 4-g to MorganStanley's Registration Statement on Form S-3/A(No. 333-117752)).4.6 JuniorSubordinated Indenture dated asofOctober 12, 2006 between Morgan Stanley and TheBank of New York,as trustee (Exhibit 4.1 toMorgan Stanley's current report on Form 8-K datedOctober 12, 2006).4.7 Deposit Agreement dated as of July 6. 2006 amongMorgan Stanley, JPMorgan Chase Bank, N.A. andthe holders from time to time of the depositaryreceipts described therein (Exhibit 4.3 to MorganStanley's quarterly report on Form 10-Q for thequarter ended May 31, 2006).","SupplementalSeniorIndenture datedasofDecember 1, 2008 (Exhibit 4.1 to Morgan Stanley'scurrent report on Form 8-K dated December1,2008), Fifth Supplemental Senior Indenture dated asof April 1, 2009 (Exhibit 4 to Morgan Stanley'squarterly report on Form 10-Q for the quarter endedMarch 31,2009)，Sixth Supplemental SeniorIndenture dated as of September 16,2011 (Exhibit4.1 to Morgan Stanley's quarterly report on Form10-Q for the quarter ended September 30,2011),Seventh Supplemental Senior Indenture dated as ofNovember 21,2011(Exhibit4.4to MorganStanley's annual report on Form 10-K for the yearended December 31,2011),Eighth SupplementalSeniorIndenture dated asof May 4,2012(Exhibit 4.1 to Morgan Stanley's quarterly report onForm 10-Q for the quarter ended June 30, 2012),Ninth Supplemental Senior Indenture dated as ofMarch 10, 2014 (Exhibit 4.1 to Morgan Stanley'squarterly report on Form 1O-Q for the quarter endedMarch 31, 2014) and Tenth Supplemental SeniorIndenture dated as of January 11, 2017 (Exhibit 4.1to Morgan Stanley's current report on Form 8-Kdated January 11,2017).4.4 The Unit Agreement Without Holders’ Obligations,dated as of August 29， 2008， between MorganStanley and The Bank of New York Mellon, as UnitAgent, as Trustee and Paying Agent under theSenior Indenture referred to therein and as WarrantAgent under the Warrant Agreement referred totherein (Exhibit 4.1 to Morgan Stanley's current report on Form 8-K dated August 29, 2008).4.5 Subordinated Indenture dated as of October 1, 2004between Morgan Stanley and The Bank ofNew York, as trustee (Exhibit 4-g to MorganStanley's Registration Statement on Form S-3/A(No. 333-117752)).4.6 JuniorSubordinated Indenture dated asofOctober 12, 2006 between Morgan Stanley and TheBank of New York,as trustee (Exhibit 4.1 toMorgan Stanley's current report on Form 8-K datedOctober 12, 2006).4.7 Deposit Agreement dated as of July 6. 2006 amongMorgan Stanley, JPMorgan Chase Bank, N.A. andthe holders from time to time of the depositaryreceipts described therein (Exhibit 4.3 to MorganStanley's quarterly report on Form 10-Q for thequarter ended May 31, 2006).","SupplementalSeniorIndenture datedasofDecember 1, 2008 (Exhibit 4.1 to Morgan Stanley'scurrent report on Form 8-K dated December1,2008), Fifth Supplemental Senior Indenture dated asof April 1, 2009 (Exhibit 4 to Morgan Stanley'squarterly report on Form 10-Q for the quarter endedMarch 31,2009)，Sixth Supplemental SeniorIndenture dated as of September 16,2011 (Exhibit4.1 to Morgan Stanley's quarterly report on Form10-Q for the quarter ended September 30,2011),Seventh Supplemental Senior Indenture dated as ofNovember 21,2011(Exhibit4.4to MorganStanley's annual report on Form 10-K for the yearended December 31,2011),Eighth SupplementalSeniorIndenture dated asof May 4,2012(Exhibit 4.1 to Morgan Stanley's quarterly report onForm 10-Q for the quarter ended June 30, 2012),Ninth Supplemental Senior Indenture dated as ofMarch 10, 2014 (Exhibit 4.1 to Morgan Stanley'squarterly report on Form 1O-Q for the quarter endedMarch 31, 2014) and Tenth Supplemental SeniorIndenture dated as of January 11, 2017 (Exhibit 4.1to Morgan Stanley's current report on Form 8-Kdated January 11,2017).4.4 The Unit Agreement Without Holders’ Obligations,dated as of August 29， 2008， between MorganStanley and The Bank of New York Mellon, as UnitAgent, as Trustee and Paying Agent under theSenior Indenture referred to therein and as WarrantAgent under the Warrant Agreement referred totherein (Exhibit 4.1 to Morgan Stanley's current report on Form 8-K dated August 29, 2008).4.5 Subordinated Indenture dated as of October 1, 2004between Morgan Stanley and The Bank ofNew York, as trustee (Exhibit 4-g to MorganStanley's Registration Statement on Form S-3/A(No. 333-117752)).4.6 JuniorSubordinated Indenture dated asofOctober 12, 2006 between Morgan Stanley and TheBank of New York,as trustee (Exhibit 4.1 toMorgan Stanley's current report on Form 8-K datedOctober 12, 2006).4.7 Deposit Agreement dated as of July 6. 2006 amongMorgan Stanley, JPMorgan Chase Bank, N.A. andthe holders from time to time of the depositaryreceipts described therein (Exhibit 4.3 to MorganStanley's quarterly report on Form 10-Q for thequarter ended May 31, 2006).","March 31,2009)，Sixth Supplemental Senior","March 31,2009)，Sixth Supplemental Senior","March 31,2009)，Sixth Supplemental Senior",4.12,4.12,4.12,4.12,4.12,4.12,,"Cumulative Preferred Stock, Series E (included in",,,,,,
"SupplementalSeniorIndenture datedasofDecember 1, 2008 (Exhibit 4.1 to Morgan Stanley'scurrent report on Form 8-K dated December1,2008), Fifth Supplemental Senior Indenture dated asof April 1, 2009 (Exhibit 4 to Morgan Stanley'squarterly report on Form 10-Q for the quarter endedMarch 31,2009)，Sixth Supplemental SeniorIndenture dated as of September 16,2011 (Exhibit4.1 to Morgan Stanley's quarterly report on Form10-Q for the quarter ended September 30,2011),Seventh Supplemental Senior Indenture dated as ofNovember 21,2011(Exhibit4.4to MorganStanley's annual report on Form 10-K for the yearended December 31,2011),Eighth SupplementalSeniorIndenture dated asof May 4,2012(Exhibit 4.1 to Morgan Stanley's quarterly report onForm 10-Q for the quarter ended June 30, 2012),Ninth Supplemental Senior Indenture dated as ofMarch 10, 2014 (Exhibit 4.1 to Morgan Stanley'squarterly report on Form 1O-Q for the quarter endedMarch 31, 2014) and Tenth Supplemental SeniorIndenture dated as of January 11, 2017 (Exhibit 4.1to Morgan Stanley's current report on Form 8-Kdated January 11,2017).4.4 The Unit Agreement Without Holders’ Obligations,dated as of August 29， 2008， between MorganStanley and The Bank of New York Mellon, as UnitAgent, as Trustee and Paying Agent under theSenior Indenture referred to therein and as WarrantAgent under the Warrant Agreement referred totherein (Exhibit 4.1 to Morgan Stanley's current report on Form 8-K dated August 29, 2008).4.5 Subordinated Indenture dated as of October 1, 2004between Morgan Stanley and The Bank ofNew York, as trustee (Exhibit 4-g to MorganStanley's Registration Statement on Form S-3/A(No. 333-117752)).4.6 JuniorSubordinated Indenture dated asofOctober 12, 2006 between Morgan Stanley and TheBank of New York,as trustee (Exhibit 4.1 toMorgan Stanley's current report on Form 8-K datedOctober 12, 2006).4.7 Deposit Agreement dated as of July 6. 2006 amongMorgan Stanley, JPMorgan Chase Bank, N.A. andthe holders from time to time of the depositaryreceipts described therein (Exhibit 4.3 to MorganStanley's quarterly report on Form 10-Q for thequarter ended May 31, 2006).","SupplementalSeniorIndenture datedasofDecember 1, 2008 (Exhibit 4.1 to Morgan Stanley'scurrent report on Form 8-K dated December1,2008), Fifth Supplemental Senior Indenture dated asof April 1, 2009 (Exhibit 4 to Morgan Stanley'squarterly report on Form 10-Q for the quarter endedMarch 31,2009)，Sixth Supplemental SeniorIndenture dated as of September 16,2011 (Exhibit4.1 to Morgan Stanley's quarterly report on Form10-Q for the quarter ended September 30,2011),Seventh Supplemental Senior Indenture dated as ofNovember 21,2011(Exhibit4.4to MorganStanley's annual report on Form 10-K for the yearended December 31,2011),Eighth SupplementalSeniorIndenture dated asof May 4,2012(Exhibit 4.1 to Morgan Stanley's quarterly report onForm 10-Q for the quarter ended June 30, 2012),Ninth Supplemental Senior Indenture dated as ofMarch 10, 2014 (Exhibit 4.1 to Morgan Stanley'squarterly report on Form 1O-Q for the quarter endedMarch 31, 2014) and Tenth Supplemental SeniorIndenture dated as of January 11, 2017 (Exhibit 4.1to Morgan Stanley's current report on Form 8-Kdated January 11,2017).4.4 The Unit Agreement Without Holders’ Obligations,dated as of August 29， 2008， between MorganStanley and The Bank of New York Mellon, as UnitAgent, as Trustee and Paying Agent under theSenior Indenture referred to therein and as WarrantAgent under the Warrant Agreement referred totherein (Exhibit 4.1 to Morgan Stanley's current report on Form 8-K dated August 29, 2008).4.5 Subordinated Indenture dated as of October 1, 2004between Morgan Stanley and The Bank ofNew York, as trustee (Exhibit 4-g to MorganStanley's Registration Statement on Form S-3/A(No. 333-117752)).4.6 JuniorSubordinated Indenture dated asofOctober 12, 2006 between Morgan Stanley and TheBank of New York,as trustee (Exhibit 4.1 toMorgan Stanley's current report on Form 8-K datedOctober 12, 2006).4.7 Deposit Agreement dated as of July 6. 2006 amongMorgan Stanley, JPMorgan Chase Bank, N.A. andthe holders from time to time of the depositaryreceipts described therein (Exhibit 4.3 to MorganStanley's quarterly report on Form 10-Q for thequarter ended May 31, 2006).","SupplementalSeniorIndenture datedasofDecember 1, 2008 (Exhibit 4.1 to Morgan Stanley'scurrent report on Form 8-K dated December1,2008), Fifth Supplemental Senior Indenture dated asof April 1, 2009 (Exhibit 4 to Morgan Stanley'squarterly report on Form 10-Q for the quarter endedMarch 31,2009)，Sixth Supplemental SeniorIndenture dated as of September 16,2011 (Exhibit4.1 to Morgan Stanley's quarterly report on Form10-Q for the quarter ended September 30,2011),Seventh Supplemental Senior Indenture dated as ofNovember 21,2011(Exhibit4.4to MorganStanley's annual report on Form 10-K for the yearended December 31,2011),Eighth SupplementalSeniorIndenture dated asof May 4,2012(Exhibit 4.1 to Morgan Stanley's quarterly report onForm 10-Q for the quarter ended June 30, 2012),Ninth Supplemental Senior Indenture dated as ofMarch 10, 2014 (Exhibit 4.1 to Morgan Stanley'squarterly report on Form 1O-Q for the quarter endedMarch 31, 2014) and Tenth Supplemental SeniorIndenture dated as of January 11, 2017 (Exhibit 4.1to Morgan Stanley's current report on Form 8-Kdated January 11,2017).4.4 The Unit Agreement Without Holders’ Obligations,dated as of August 29， 2008， between MorganStanley and The Bank of New York Mellon, as UnitAgent, as Trustee and Paying Agent under theSenior Indenture referred to therein and as WarrantAgent under the Warrant Agreement referred totherein (Exhibit 4.1 to Morgan Stanley's current report on Form 8-K dated August 29, 2008).4.5 Subordinated Indenture dated as of October 1, 2004between Morgan Stanley and The Bank ofNew York, as trustee (Exhibit 4-g to MorganStanley's Registration Statement on Form S-3/A(No. 333-117752)).4.6 JuniorSubordinated Indenture dated asofOctober 12, 2006 between Morgan Stanley and TheBank of New York,as trustee (Exhibit 4.1 toMorgan Stanley's current report on Form 8-K datedOctober 12, 2006).4.7 Deposit Agreement dated as of July 6. 2006 amongMorgan Stanley, JPMorgan Chase Bank, N.A. andthe holders from time to time of the depositaryreceipts described therein (Exhibit 4.3 to MorganStanley's quarterly report on Form 10-Q for thequarter ended May 31, 2006).","SupplementalSeniorIndenture datedasofDecember 1, 2008 (Exhibit 4.1 to Morgan Stanley'scurrent report on Form 8-K dated December1,2008), Fifth Supplemental Senior Indenture dated asof April 1, 2009 (Exhibit 4 to Morgan Stanley'squarterly report on Form 10-Q for the quarter endedMarch 31,2009)，Sixth Supplemental SeniorIndenture dated as of September 16,2011 (Exhibit4.1 to Morgan Stanley's quarterly report on Form10-Q for the quarter ended September 30,2011),Seventh Supplemental Senior Indenture dated as ofNovember 21,2011(Exhibit4.4to MorganStanley's annual report on Form 10-K for the yearended December 31,2011),Eighth SupplementalSeniorIndenture dated asof May 4,2012(Exhibit 4.1 to Morgan Stanley's quarterly report onForm 10-Q for the quarter ended June 30, 2012),Ninth Supplemental Senior Indenture dated as ofMarch 10, 2014 (Exhibit 4.1 to Morgan Stanley'squarterly report on Form 1O-Q for the quarter endedMarch 31, 2014) and Tenth Supplemental SeniorIndenture dated as of January 11, 2017 (Exhibit 4.1to Morgan Stanley's current report on Form 8-Kdated January 11,2017).4.4 The Unit Agreement Without Holders’ Obligations,dated as of August 29， 2008， between MorganStanley and The Bank of New York Mellon, as UnitAgent, as Trustee and Paying Agent under theSenior Indenture referred to therein and as WarrantAgent under the Warrant Agreement referred totherein (Exhibit 4.1 to Morgan Stanley's current report on Form 8-K dated August 29, 2008).4.5 Subordinated Indenture dated as of October 1, 2004between Morgan Stanley and The Bank ofNew York, as trustee (Exhibit 4-g to MorganStanley's Registration Statement on Form S-3/A(No. 333-117752)).4.6 JuniorSubordinated Indenture dated asofOctober 12, 2006 between Morgan Stanley and TheBank of New York,as trustee (Exhibit 4.1 toMorgan Stanley's current report on Form 8-K datedOctober 12, 2006).4.7 Deposit Agreement dated as of July 6. 2006 amongMorgan Stanley, JPMorgan Chase Bank, N.A. andthe holders from time to time of the depositaryreceipts described therein (Exhibit 4.3 to MorganStanley's quarterly report on Form 10-Q for thequarter ended May 31, 2006).","Indenture dated as of September 16,2011 (Exhibit","Indenture dated as of September 16,2011 (Exhibit","Indenture dated as of September 16,2011 (Exhibit",4.12,4.12,4.12,4.12,4.12,4.12,,,,,,,,
"SupplementalSeniorIndenture datedasofDecember 1, 2008 (Exhibit 4.1 to Morgan Stanley'scurrent report on Form 8-K dated December1,2008), Fifth Supplemental Senior Indenture dated asof April 1, 2009 (Exhibit 4 to Morgan Stanley'squarterly report on Form 10-Q for the quarter endedMarch 31,2009)，Sixth Supplemental SeniorIndenture dated as of September 16,2011 (Exhibit4.1 to Morgan Stanley's quarterly report on Form10-Q for the quarter ended September 30,2011),Seventh Supplemental Senior Indenture dated as ofNovember 21,2011(Exhibit4.4to MorganStanley's annual report on Form 10-K for the yearended December 31,2011),Eighth SupplementalSeniorIndenture dated asof May 4,2012(Exhibit 4.1 to Morgan Stanley's quarterly report onForm 10-Q for the quarter ended June 30, 2012),Ninth Supplemental Senior Indenture dated as ofMarch 10, 2014 (Exhibit 4.1 to Morgan Stanley'squarterly report on Form 1O-Q for the quarter endedMarch 31, 2014) and Tenth Supplemental SeniorIndenture dated as of January 11, 2017 (Exhibit 4.1to Morgan Stanley's current report on Form 8-Kdated January 11,2017).4.4 The Unit Agreement Without Holders’ Obligations,dated as of August 29， 2008， between MorganStanley and The Bank of New York Mellon, as UnitAgent, as Trustee and Paying Agent under theSenior Indenture referred to therein and as WarrantAgent under the Warrant Agreement referred totherein (Exhibit 4.1 to Morgan Stanley's current report on Form 8-K dated August 29, 2008).4.5 Subordinated Indenture dated as of October 1, 2004between Morgan Stanley and The Bank ofNew York, as trustee (Exhibit 4-g to MorganStanley's Registration Statement on Form S-3/A(No. 333-117752)).4.6 JuniorSubordinated Indenture dated asofOctober 12, 2006 between Morgan Stanley and TheBank of New York,as trustee (Exhibit 4.1 toMorgan Stanley's current report on Form 8-K datedOctober 12, 2006).4.7 Deposit Agreement dated as of July 6. 2006 amongMorgan Stanley, JPMorgan Chase Bank, N.A. andthe holders from time to time of the depositaryreceipts described therein (Exhibit 4.3 to MorganStanley's quarterly report on Form 10-Q for thequarter ended May 31, 2006).","SupplementalSeniorIndenture datedasofDecember 1, 2008 (Exhibit 4.1 to Morgan Stanley'scurrent report on Form 8-K dated December1,2008), Fifth Supplemental Senior Indenture dated asof April 1, 2009 (Exhibit 4 to Morgan Stanley'squarterly report on Form 10-Q for the quarter endedMarch 31,2009)，Sixth Supplemental SeniorIndenture dated as of September 16,2011 (Exhibit4.1 to Morgan Stanley's quarterly report on Form10-Q for the quarter ended September 30,2011),Seventh Supplemental Senior Indenture dated as ofNovember 21,2011(Exhibit4.4to MorganStanley's annual report on Form 10-K for the yearended December 31,2011),Eighth SupplementalSeniorIndenture dated asof May 4,2012(Exhibit 4.1 to Morgan Stanley's quarterly report onForm 10-Q for the quarter ended June 30, 2012),Ninth Supplemental Senior Indenture dated as ofMarch 10, 2014 (Exhibit 4.1 to Morgan Stanley'squarterly report on Form 1O-Q for the quarter endedMarch 31, 2014) and Tenth Supplemental SeniorIndenture dated as of January 11, 2017 (Exhibit 4.1to Morgan Stanley's current report on Form 8-Kdated January 11,2017).4.4 The Unit Agreement Without Holders’ Obligations,dated as of August 29， 2008， between MorganStanley and The Bank of New York Mellon, as UnitAgent, as Trustee and Paying Agent under theSenior Indenture referred to therein and as WarrantAgent under the Warrant Agreement referred totherein (Exhibit 4.1 to Morgan Stanley's current report on Form 8-K dated August 29, 2008).4.5 Subordinated Indenture dated as of October 1, 2004between Morgan Stanley and The Bank ofNew York, as trustee (Exhibit 4-g to MorganStanley's Registration Statement on Form S-3/A(No. 333-117752)).4.6 JuniorSubordinated Indenture dated asofOctober 12, 2006 between Morgan Stanley and TheBank of New York,as trustee (Exhibit 4.1 toMorgan Stanley's current report on Form 8-K datedOctober 12, 2006).4.7 Deposit Agreement dated as of July 6. 2006 amongMorgan Stanley, JPMorgan Chase Bank, N.A. andthe holders from time to time of the depositaryreceipts described therein (Exhibit 4.3 to MorganStanley's quarterly report on Form 10-Q for thequarter ended May 31, 2006).","SupplementalSeniorIndenture datedasofDecember 1, 2008 (Exhibit 4.1 to Morgan Stanley'scurrent report on Form 8-K dated December1,2008), Fifth Supplemental Senior Indenture dated asof April 1, 2009 (Exhibit 4 to Morgan Stanley'squarterly report on Form 10-Q for the quarter endedMarch 31,2009)，Sixth Supplemental SeniorIndenture dated as of September 16,2011 (Exhibit4.1 to Morgan Stanley's quarterly report on Form10-Q for the quarter ended September 30,2011),Seventh Supplemental Senior Indenture dated as ofNovember 21,2011(Exhibit4.4to MorganStanley's annual report on Form 10-K for the yearended December 31,2011),Eighth SupplementalSeniorIndenture dated asof May 4,2012(Exhibit 4.1 to Morgan Stanley's quarterly report onForm 10-Q for the quarter ended June 30, 2012),Ninth Supplemental Senior Indenture dated as ofMarch 10, 2014 (Exhibit 4.1 to Morgan Stanley'squarterly report on Form 1O-Q for the quarter endedMarch 31, 2014) and Tenth Supplemental SeniorIndenture dated as of January 11, 2017 (Exhibit 4.1to Morgan Stanley's current report on Form 8-Kdated January 11,2017).4.4 The Unit Agreement Without Holders’ Obligations,dated as of August 29， 2008， between MorganStanley and The Bank of New York Mellon, as UnitAgent, as Trustee and Paying Agent under theSenior Indenture referred to therein and as WarrantAgent under the Warrant Agreement referred totherein (Exhibit 4.1 to Morgan Stanley's current report on Form 8-K dated August 29, 2008).4.5 Subordinated Indenture dated as of October 1, 2004between Morgan Stanley and The Bank ofNew York, as trustee (Exhibit 4-g to MorganStanley's Registration Statement on Form S-3/A(No. 333-117752)).4.6 JuniorSubordinated Indenture dated asofOctober 12, 2006 between Morgan Stanley and TheBank of New York,as trustee (Exhibit 4.1 toMorgan Stanley's current report on Form 8-K datedOctober 12, 2006).4.7 Deposit Agreement dated as of July 6. 2006 amongMorgan Stanley, JPMorgan Chase Bank, N.A. andthe holders from time to time of the depositaryreceipts described therein (Exhibit 4.3 to MorganStanley's quarterly report on Form 10-Q for thequarter ended May 31, 2006).","SupplementalSeniorIndenture datedasofDecember 1, 2008 (Exhibit 4.1 to Morgan Stanley'scurrent report on Form 8-K dated December1,2008), Fifth Supplemental Senior Indenture dated asof April 1, 2009 (Exhibit 4 to Morgan Stanley'squarterly report on Form 10-Q for the quarter endedMarch 31,2009)，Sixth Supplemental SeniorIndenture dated as of September 16,2011 (Exhibit4.1 to Morgan Stanley's quarterly report on Form10-Q for the quarter ended September 30,2011),Seventh Supplemental Senior Indenture dated as ofNovember 21,2011(Exhibit4.4to MorganStanley's annual report on Form 10-K for the yearended December 31,2011),Eighth SupplementalSeniorIndenture dated asof May 4,2012(Exhibit 4.1 to Morgan Stanley's quarterly report onForm 10-Q for the quarter ended June 30, 2012),Ninth Supplemental Senior Indenture dated as ofMarch 10, 2014 (Exhibit 4.1 to Morgan Stanley'squarterly report on Form 1O-Q for the quarter endedMarch 31, 2014) and Tenth Supplemental SeniorIndenture dated as of January 11, 2017 (Exhibit 4.1to Morgan Stanley's current report on Form 8-Kdated January 11,2017).4.4 The Unit Agreement Without Holders’ Obligations,dated as of August 29， 2008， between MorganStanley and The Bank of New York Mellon, as UnitAgent, as Trustee and Paying Agent under theSenior Indenture referred to therein and as WarrantAgent under the Warrant Agreement referred totherein (Exhibit 4.1 to Morgan Stanley's current report on Form 8-K dated August 29, 2008).4.5 Subordinated Indenture dated as of October 1, 2004between Morgan Stanley and The Bank ofNew York, as trustee (Exhibit 4-g to MorganStanley's Registration Statement on Form S-3/A(No. 333-117752)).4.6 JuniorSubordinated Indenture dated asofOctober 12, 2006 between Morgan Stanley and TheBank of New York,as trustee (Exhibit 4.1 toMorgan Stanley's current report on Form 8-K datedOctober 12, 2006).4.7 Deposit Agreement dated as of July 6. 2006 amongMorgan Stanley, JPMorgan Chase Bank, N.A. andthe holders from time to time of the depositaryreceipts described therein (Exhibit 4.3 to MorganStanley's quarterly report on Form 10-Q for thequarter ended May 31, 2006).","4.1 to Morgan Stanley's quarterly report on Form10-Q for the quarter ended September 30,2011),","4.1 to Morgan Stanley's quarterly report on Form10-Q for the quarter ended September 30,2011),","4.1 to Morgan Stanley's quarterly report on Form10-Q for the quarter ended September 30,2011),",4.12,4.12,4.12,4.12,4.12,4.12,,,,,,,,
"SupplementalSeniorIndenture datedasofDecember 1, 2008 (Exhibit 4.1 to Morgan Stanley'scurrent report on Form 8-K dated December1,2008), Fifth Supplemental Senior Indenture dated asof April 1, 2009 (Exhibit 4 to Morgan Stanley'squarterly report on Form 10-Q for the quarter endedMarch 31,2009)，Sixth Supplemental SeniorIndenture dated as of September 16,2011 (Exhibit4.1 to Morgan Stanley's quarterly report on Form10-Q for the quarter ended September 30,2011),Seventh Supplemental Senior Indenture dated as ofNovember 21,2011(Exhibit4.4to MorganStanley's annual report on Form 10-K for the yearended December 31,2011),Eighth SupplementalSeniorIndenture dated asof May 4,2012(Exhibit 4.1 to Morgan Stanley's quarterly report onForm 10-Q for the quarter ended June 30, 2012),Ninth Supplemental Senior Indenture dated as ofMarch 10, 2014 (Exhibit 4.1 to Morgan Stanley'squarterly report on Form 1O-Q for the quarter endedMarch 31, 2014) and Tenth Supplemental SeniorIndenture dated as of January 11, 2017 (Exhibit 4.1to Morgan Stanley's current report on Form 8-Kdated January 11,2017).4.4 The Unit Agreement Without Holders’ Obligations,dated as of August 29， 2008， between MorganStanley and The Bank of New York Mellon, as UnitAgent, as Trustee and Paying Agent under theSenior Indenture referred to therein and as WarrantAgent under the Warrant Agreement referred totherein (Exhibit 4.1 to Morgan Stanley's current report on Form 8-K dated August 29, 2008).4.5 Subordinated Indenture dated as of October 1, 2004between Morgan Stanley and The Bank ofNew York, as trustee (Exhibit 4-g to MorganStanley's Registration Statement on Form S-3/A(No. 333-117752)).4.6 JuniorSubordinated Indenture dated asofOctober 12, 2006 between Morgan Stanley and TheBank of New York,as trustee (Exhibit 4.1 toMorgan Stanley's current report on Form 8-K datedOctober 12, 2006).4.7 Deposit Agreement dated as of July 6. 2006 amongMorgan Stanley, JPMorgan Chase Bank, N.A. andthe holders from time to time of the depositaryreceipts described therein (Exhibit 4.3 to MorganStanley's quarterly report on Form 10-Q for thequarter ended May 31, 2006).","SupplementalSeniorIndenture datedasofDecember 1, 2008 (Exhibit 4.1 to Morgan Stanley'scurrent report on Form 8-K dated December1,2008), Fifth Supplemental Senior Indenture dated asof April 1, 2009 (Exhibit 4 to Morgan Stanley'squarterly report on Form 10-Q for the quarter endedMarch 31,2009)，Sixth Supplemental SeniorIndenture dated as of September 16,2011 (Exhibit4.1 to Morgan Stanley's quarterly report on Form10-Q for the quarter ended September 30,2011),Seventh Supplemental Senior Indenture dated as ofNovember 21,2011(Exhibit4.4to MorganStanley's annual report on Form 10-K for the yearended December 31,2011),Eighth SupplementalSeniorIndenture dated asof May 4,2012(Exhibit 4.1 to Morgan Stanley's quarterly report onForm 10-Q for the quarter ended June 30, 2012),Ninth Supplemental Senior Indenture dated as ofMarch 10, 2014 (Exhibit 4.1 to Morgan Stanley'squarterly report on Form 1O-Q for the quarter endedMarch 31, 2014) and Tenth Supplemental SeniorIndenture dated as of January 11, 2017 (Exhibit 4.1to Morgan Stanley's current report on Form 8-Kdated January 11,2017).4.4 The Unit Agreement Without Holders’ Obligations,dated as of August 29， 2008， between MorganStanley and The Bank of New York Mellon, as UnitAgent, as Trustee and Paying Agent under theSenior Indenture referred to therein and as WarrantAgent under the Warrant Agreement referred totherein (Exhibit 4.1 to Morgan Stanley's current report on Form 8-K dated August 29, 2008).4.5 Subordinated Indenture dated as of October 1, 2004between Morgan Stanley and The Bank ofNew York, as trustee (Exhibit 4-g to MorganStanley's Registration Statement on Form S-3/A(No. 333-117752)).4.6 JuniorSubordinated Indenture dated asofOctober 12, 2006 between Morgan Stanley and TheBank of New York,as trustee (Exhibit 4.1 toMorgan Stanley's current report on Form 8-K datedOctober 12, 2006).4.7 Deposit Agreement dated as of July 6. 2006 amongMorgan Stanley, JPMorgan Chase Bank, N.A. andthe holders from time to time of the depositaryreceipts described therein (Exhibit 4.3 to MorganStanley's quarterly report on Form 10-Q for thequarter ended May 31, 2006).","SupplementalSeniorIndenture datedasofDecember 1, 2008 (Exhibit 4.1 to Morgan Stanley'scurrent report on Form 8-K dated December1,2008), Fifth Supplemental Senior Indenture dated asof April 1, 2009 (Exhibit 4 to Morgan Stanley'squarterly report on Form 10-Q for the quarter endedMarch 31,2009)，Sixth Supplemental SeniorIndenture dated as of September 16,2011 (Exhibit4.1 to Morgan Stanley's quarterly report on Form10-Q for the quarter ended September 30,2011),Seventh Supplemental Senior Indenture dated as ofNovember 21,2011(Exhibit4.4to MorganStanley's annual report on Form 10-K for the yearended December 31,2011),Eighth SupplementalSeniorIndenture dated asof May 4,2012(Exhibit 4.1 to Morgan Stanley's quarterly report onForm 10-Q for the quarter ended June 30, 2012),Ninth Supplemental Senior Indenture dated as ofMarch 10, 2014 (Exhibit 4.1 to Morgan Stanley'squarterly report on Form 1O-Q for the quarter endedMarch 31, 2014) and Tenth Supplemental SeniorIndenture dated as of January 11, 2017 (Exhibit 4.1to Morgan Stanley's current report on Form 8-Kdated January 11,2017).4.4 The Unit Agreement Without Holders’ Obligations,dated as of August 29， 2008， between MorganStanley and The Bank of New York Mellon, as UnitAgent, as Trustee and Paying Agent under theSenior Indenture referred to therein and as WarrantAgent under the Warrant Agreement referred totherein (Exhibit 4.1 to Morgan Stanley's current report on Form 8-K dated August 29, 2008).4.5 Subordinated Indenture dated as of October 1, 2004between Morgan Stanley and The Bank ofNew York, as trustee (Exhibit 4-g to MorganStanley's Registration Statement on Form S-3/A(No. 333-117752)).4.6 JuniorSubordinated Indenture dated asofOctober 12, 2006 between Morgan Stanley and TheBank of New York,as trustee (Exhibit 4.1 toMorgan Stanley's current report on Form 8-K datedOctober 12, 2006).4.7 Deposit Agreement dated as of July 6. 2006 amongMorgan Stanley, JPMorgan Chase Bank, N.A. andthe holders from time to time of the depositaryreceipts described therein (Exhibit 4.3 to MorganStanley's quarterly report on Form 10-Q for thequarter ended May 31, 2006).","SupplementalSeniorIndenture datedasofDecember 1, 2008 (Exhibit 4.1 to Morgan Stanley'scurrent report on Form 8-K dated December1,2008), Fifth Supplemental Senior Indenture dated asof April 1, 2009 (Exhibit 4 to Morgan Stanley'squarterly report on Form 10-Q for the quarter endedMarch 31,2009)，Sixth Supplemental SeniorIndenture dated as of September 16,2011 (Exhibit4.1 to Morgan Stanley's quarterly report on Form10-Q for the quarter ended September 30,2011),Seventh Supplemental Senior Indenture dated as ofNovember 21,2011(Exhibit4.4to MorganStanley's annual report on Form 10-K for the yearended December 31,2011),Eighth SupplementalSeniorIndenture dated asof May 4,2012(Exhibit 4.1 to Morgan Stanley's quarterly report onForm 10-Q for the quarter ended June 30, 2012),Ninth Supplemental Senior Indenture dated as ofMarch 10, 2014 (Exhibit 4.1 to Morgan Stanley'squarterly report on Form 1O-Q for the quarter endedMarch 31, 2014) and Tenth Supplemental SeniorIndenture dated as of January 11, 2017 (Exhibit 4.1to Morgan Stanley's current report on Form 8-Kdated January 11,2017).4.4 The Unit Agreement Without Holders’ Obligations,dated as of August 29， 2008， between MorganStanley and The Bank of New York Mellon, as UnitAgent, as Trustee and Paying Agent under theSenior Indenture referred to therein and as WarrantAgent under the Warrant Agreement referred totherein (Exhibit 4.1 to Morgan Stanley's current report on Form 8-K dated August 29, 2008).4.5 Subordinated Indenture dated as of October 1, 2004between Morgan Stanley and The Bank ofNew York, as trustee (Exhibit 4-g to MorganStanley's Registration Statement on Form S-3/A(No. 333-117752)).4.6 JuniorSubordinated Indenture dated asofOctober 12, 2006 between Morgan Stanley and TheBank of New York,as trustee (Exhibit 4.1 toMorgan Stanley's current report on Form 8-K datedOctober 12, 2006).4.7 Deposit Agreement dated as of July 6. 2006 amongMorgan Stanley, JPMorgan Chase Bank, N.A. andthe holders from time to time of the depositaryreceipts described therein (Exhibit 4.3 to MorganStanley's quarterly report on Form 10-Q for thequarter ended May 31, 2006).","4.1 to Morgan Stanley's quarterly report on Form10-Q for the quarter ended September 30,2011),","4.1 to Morgan Stanley's quarterly report on Form10-Q for the quarter ended September 30,2011),","4.1 to Morgan Stanley's quarterly report on Form10-Q for the quarter ended September 30,2011),",4.12,4.12,4.12,4.12,4.12,4.12,Exhibit 4.10 hereto).Form of_Deposit Agreement among Morgan,,,,,,,
"SupplementalSeniorIndenture datedasofDecember 1, 2008 (Exhibit 4.1 to Morgan Stanley'scurrent report on Form 8-K dated December1,2008), Fifth Supplemental Senior Indenture dated asof April 1, 2009 (Exhibit 4 to Morgan Stanley'squarterly report on Form 10-Q for the quarter endedMarch 31,2009)，Sixth Supplemental SeniorIndenture dated as of September 16,2011 (Exhibit4.1 to Morgan Stanley's quarterly report on Form10-Q for the quarter ended September 30,2011),Seventh Supplemental Senior Indenture dated as ofNovember 21,2011(Exhibit4.4to MorganStanley's annual report on Form 10-K for the yearended December 31,2011),Eighth SupplementalSeniorIndenture dated asof May 4,2012(Exhibit 4.1 to Morgan Stanley's quarterly report onForm 10-Q for the quarter ended June 30, 2012),Ninth Supplemental Senior Indenture dated as ofMarch 10, 2014 (Exhibit 4.1 to Morgan Stanley'squarterly report on Form 1O-Q for the quarter endedMarch 31, 2014) and Tenth Supplemental SeniorIndenture dated as of January 11, 2017 (Exhibit 4.1to Morgan Stanley's current report on Form 8-Kdated January 11,2017).4.4 The Unit Agreement Without Holders’ Obligations,dated as of August 29， 2008， between MorganStanley and The Bank of New York Mellon, as UnitAgent, as Trustee and Paying Agent under theSenior Indenture referred to therein and as WarrantAgent under the Warrant Agreement referred totherein (Exhibit 4.1 to Morgan Stanley's current report on Form 8-K dated August 29, 2008).4.5 Subordinated Indenture dated as of October 1, 2004between Morgan Stanley and The Bank ofNew York, as trustee (Exhibit 4-g to MorganStanley's Registration Statement on Form S-3/A(No. 333-117752)).4.6 JuniorSubordinated Indenture dated asofOctober 12, 2006 between Morgan Stanley and TheBank of New York,as trustee (Exhibit 4.1 toMorgan Stanley's current report on Form 8-K datedOctober 12, 2006).4.7 Deposit Agreement dated as of July 6. 2006 amongMorgan Stanley, JPMorgan Chase Bank, N.A. andthe holders from time to time of the depositaryreceipts described therein (Exhibit 4.3 to MorganStanley's quarterly report on Form 10-Q for thequarter ended May 31, 2006).","SupplementalSeniorIndenture datedasofDecember 1, 2008 (Exhibit 4.1 to Morgan Stanley'scurrent report on Form 8-K dated December1,2008), Fifth Supplemental Senior Indenture dated asof April 1, 2009 (Exhibit 4 to Morgan Stanley'squarterly report on Form 10-Q for the quarter endedMarch 31,2009)，Sixth Supplemental SeniorIndenture dated as of September 16,2011 (Exhibit4.1 to Morgan Stanley's quarterly report on Form10-Q for the quarter ended September 30,2011),Seventh Supplemental Senior Indenture dated as ofNovember 21,2011(Exhibit4.4to MorganStanley's annual report on Form 10-K for the yearended December 31,2011),Eighth SupplementalSeniorIndenture dated asof May 4,2012(Exhibit 4.1 to Morgan Stanley's quarterly report onForm 10-Q for the quarter ended June 30, 2012),Ninth Supplemental Senior Indenture dated as ofMarch 10, 2014 (Exhibit 4.1 to Morgan Stanley'squarterly report on Form 1O-Q for the quarter endedMarch 31, 2014) and Tenth Supplemental SeniorIndenture dated as of January 11, 2017 (Exhibit 4.1to Morgan Stanley's current report on Form 8-Kdated January 11,2017).4.4 The Unit Agreement Without Holders’ Obligations,dated as of August 29， 2008， between MorganStanley and The Bank of New York Mellon, as UnitAgent, as Trustee and Paying Agent under theSenior Indenture referred to therein and as WarrantAgent under the Warrant Agreement referred totherein (Exhibit 4.1 to Morgan Stanley's current report on Form 8-K dated August 29, 2008).4.5 Subordinated Indenture dated as of October 1, 2004between Morgan Stanley and The Bank ofNew York, as trustee (Exhibit 4-g to MorganStanley's Registration Statement on Form S-3/A(No. 333-117752)).4.6 JuniorSubordinated Indenture dated asofOctober 12, 2006 between Morgan Stanley and TheBank of New York,as trustee (Exhibit 4.1 toMorgan Stanley's current report on Form 8-K datedOctober 12, 2006).4.7 Deposit Agreement dated as of July 6. 2006 amongMorgan Stanley, JPMorgan Chase Bank, N.A. andthe holders from time to time of the depositaryreceipts described therein (Exhibit 4.3 to MorganStanley's quarterly report on Form 10-Q for thequarter ended May 31, 2006).","SupplementalSeniorIndenture datedasofDecember 1, 2008 (Exhibit 4.1 to Morgan Stanley'scurrent report on Form 8-K dated December1,2008), Fifth Supplemental Senior Indenture dated asof April 1, 2009 (Exhibit 4 to Morgan Stanley'squarterly report on Form 10-Q for the quarter endedMarch 31,2009)，Sixth Supplemental SeniorIndenture dated as of September 16,2011 (Exhibit4.1 to Morgan Stanley's quarterly report on Form10-Q for the quarter ended September 30,2011),Seventh Supplemental Senior Indenture dated as ofNovember 21,2011(Exhibit4.4to MorganStanley's annual report on Form 10-K for the yearended December 31,2011),Eighth SupplementalSeniorIndenture dated asof May 4,2012(Exhibit 4.1 to Morgan Stanley's quarterly report onForm 10-Q for the quarter ended June 30, 2012),Ninth Supplemental Senior Indenture dated as ofMarch 10, 2014 (Exhibit 4.1 to Morgan Stanley'squarterly report on Form 1O-Q for the quarter endedMarch 31, 2014) and Tenth Supplemental SeniorIndenture dated as of January 11, 2017 (Exhibit 4.1to Morgan Stanley's current report on Form 8-Kdated January 11,2017).4.4 The Unit Agreement Without Holders’ Obligations,dated as of August 29， 2008， between MorganStanley and The Bank of New York Mellon, as UnitAgent, as Trustee and Paying Agent under theSenior Indenture referred to therein and as WarrantAgent under the Warrant Agreement referred totherein (Exhibit 4.1 to Morgan Stanley's current report on Form 8-K dated August 29, 2008).4.5 Subordinated Indenture dated as of October 1, 2004between Morgan Stanley and The Bank ofNew York, as trustee (Exhibit 4-g to MorganStanley's Registration Statement on Form S-3/A(No. 333-117752)).4.6 JuniorSubordinated Indenture dated asofOctober 12, 2006 between Morgan Stanley and TheBank of New York,as trustee (Exhibit 4.1 toMorgan Stanley's current report on Form 8-K datedOctober 12, 2006).4.7 Deposit Agreement dated as of July 6. 2006 amongMorgan Stanley, JPMorgan Chase Bank, N.A. andthe holders from time to time of the depositaryreceipts described therein (Exhibit 4.3 to MorganStanley's quarterly report on Form 10-Q for thequarter ended May 31, 2006).","SupplementalSeniorIndenture datedasofDecember 1, 2008 (Exhibit 4.1 to Morgan Stanley'scurrent report on Form 8-K dated December1,2008), Fifth Supplemental Senior Indenture dated asof April 1, 2009 (Exhibit 4 to Morgan Stanley'squarterly report on Form 10-Q for the quarter endedMarch 31,2009)，Sixth Supplemental SeniorIndenture dated as of September 16,2011 (Exhibit4.1 to Morgan Stanley's quarterly report on Form10-Q for the quarter ended September 30,2011),Seventh Supplemental Senior Indenture dated as ofNovember 21,2011(Exhibit4.4to MorganStanley's annual report on Form 10-K for the yearended December 31,2011),Eighth SupplementalSeniorIndenture dated asof May 4,2012(Exhibit 4.1 to Morgan Stanley's quarterly report onForm 10-Q for the quarter ended June 30, 2012),Ninth Supplemental Senior Indenture dated as ofMarch 10, 2014 (Exhibit 4.1 to Morgan Stanley'squarterly report on Form 1O-Q for the quarter endedMarch 31, 2014) and Tenth Supplemental SeniorIndenture dated as of January 11, 2017 (Exhibit 4.1to Morgan Stanley's current report on Form 8-Kdated January 11,2017).4.4 The Unit Agreement Without Holders’ Obligations,dated as of August 29， 2008， between MorganStanley and The Bank of New York Mellon, as UnitAgent, as Trustee and Paying Agent under theSenior Indenture referred to therein and as WarrantAgent under the Warrant Agreement referred totherein (Exhibit 4.1 to Morgan Stanley's current report on Form 8-K dated August 29, 2008).4.5 Subordinated Indenture dated as of October 1, 2004between Morgan Stanley and The Bank ofNew York, as trustee (Exhibit 4-g to MorganStanley's Registration Statement on Form S-3/A(No. 333-117752)).4.6 JuniorSubordinated Indenture dated asofOctober 12, 2006 between Morgan Stanley and TheBank of New York,as trustee (Exhibit 4.1 toMorgan Stanley's current report on Form 8-K datedOctober 12, 2006).4.7 Deposit Agreement dated as of July 6. 2006 amongMorgan Stanley, JPMorgan Chase Bank, N.A. andthe holders from time to time of the depositaryreceipts described therein (Exhibit 4.3 to MorganStanley's quarterly report on Form 10-Q for thequarter ended May 31, 2006).",Seventh Supplemental Senior Indenture dated as of,Seventh Supplemental Senior Indenture dated as of,Seventh Supplemental Senior Indenture dated as of,,,,,,,Stanley， The Bank of New York Mellon and the,,,,,,,
"SupplementalSeniorIndenture datedasofDecember 1, 2008 (Exhibit 4.1 to Morgan Stanley'scurrent report on Form 8-K dated December1,2008), Fifth Supplemental Senior Indenture dated asof April 1, 2009 (Exhibit 4 to Morgan Stanley'squarterly report on Form 10-Q for the quarter endedMarch 31,2009)，Sixth Supplemental SeniorIndenture dated as of September 16,2011 (Exhibit4.1 to Morgan Stanley's quarterly report on Form10-Q for the quarter ended September 30,2011),Seventh Supplemental Senior Indenture dated as ofNovember 21,2011(Exhibit4.4to MorganStanley's annual report on Form 10-K for the yearended December 31,2011),Eighth SupplementalSeniorIndenture dated asof May 4,2012(Exhibit 4.1 to Morgan Stanley's quarterly report onForm 10-Q for the quarter ended June 30, 2012),Ninth Supplemental Senior Indenture dated as ofMarch 10, 2014 (Exhibit 4.1 to Morgan Stanley'squarterly report on Form 1O-Q for the quarter endedMarch 31, 2014) and Tenth Supplemental SeniorIndenture dated as of January 11, 2017 (Exhibit 4.1to Morgan Stanley's current report on Form 8-Kdated January 11,2017).4.4 The Unit Agreement Without Holders’ Obligations,dated as of August 29， 2008， between MorganStanley and The Bank of New York Mellon, as UnitAgent, as Trustee and Paying Agent under theSenior Indenture referred to therein and as WarrantAgent under the Warrant Agreement referred totherein (Exhibit 4.1 to Morgan Stanley's current report on Form 8-K dated August 29, 2008).4.5 Subordinated Indenture dated as of October 1, 2004between Morgan Stanley and The Bank ofNew York, as trustee (Exhibit 4-g to MorganStanley's Registration Statement on Form S-3/A(No. 333-117752)).4.6 JuniorSubordinated Indenture dated asofOctober 12, 2006 between Morgan Stanley and TheBank of New York,as trustee (Exhibit 4.1 toMorgan Stanley's current report on Form 8-K datedOctober 12, 2006).4.7 Deposit Agreement dated as of July 6. 2006 amongMorgan Stanley, JPMorgan Chase Bank, N.A. andthe holders from time to time of the depositaryreceipts described therein (Exhibit 4.3 to MorganStanley's quarterly report on Form 10-Q for thequarter ended May 31, 2006).","SupplementalSeniorIndenture datedasofDecember 1, 2008 (Exhibit 4.1 to Morgan Stanley'scurrent report on Form 8-K dated December1,2008), Fifth Supplemental Senior Indenture dated asof April 1, 2009 (Exhibit 4 to Morgan Stanley'squarterly report on Form 10-Q for the quarter endedMarch 31,2009)，Sixth Supplemental SeniorIndenture dated as of September 16,2011 (Exhibit4.1 to Morgan Stanley's quarterly report on Form10-Q for the quarter ended September 30,2011),Seventh Supplemental Senior Indenture dated as ofNovember 21,2011(Exhibit4.4to MorganStanley's annual report on Form 10-K for the yearended December 31,2011),Eighth SupplementalSeniorIndenture dated asof May 4,2012(Exhibit 4.1 to Morgan Stanley's quarterly report onForm 10-Q for the quarter ended June 30, 2012),Ninth Supplemental Senior Indenture dated as ofMarch 10, 2014 (Exhibit 4.1 to Morgan Stanley'squarterly report on Form 1O-Q for the quarter endedMarch 31, 2014) and Tenth Supplemental SeniorIndenture dated as of January 11, 2017 (Exhibit 4.1to Morgan Stanley's current report on Form 8-Kdated January 11,2017).4.4 The Unit Agreement Without Holders’ Obligations,dated as of August 29， 2008， between MorganStanley and The Bank of New York Mellon, as UnitAgent, as Trustee and Paying Agent under theSenior Indenture referred to therein and as WarrantAgent under the Warrant Agreement referred totherein (Exhibit 4.1 to Morgan Stanley's current report on Form 8-K dated August 29, 2008).4.5 Subordinated Indenture dated as of October 1, 2004between Morgan Stanley and The Bank ofNew York, as trustee (Exhibit 4-g to MorganStanley's Registration Statement on Form S-3/A(No. 333-117752)).4.6 JuniorSubordinated Indenture dated asofOctober 12, 2006 between Morgan Stanley and TheBank of New York,as trustee (Exhibit 4.1 toMorgan Stanley's current report on Form 8-K datedOctober 12, 2006).4.7 Deposit Agreement dated as of July 6. 2006 amongMorgan Stanley, JPMorgan Chase Bank, N.A. andthe holders from time to time of the depositaryreceipts described therein (Exhibit 4.3 to MorganStanley's quarterly report on Form 10-Q for thequarter ended May 31, 2006).","SupplementalSeniorIndenture datedasofDecember 1, 2008 (Exhibit 4.1 to Morgan Stanley'scurrent report on Form 8-K dated December1,2008), Fifth Supplemental Senior Indenture dated asof April 1, 2009 (Exhibit 4 to Morgan Stanley'squarterly report on Form 10-Q for the quarter endedMarch 31,2009)，Sixth Supplemental SeniorIndenture dated as of September 16,2011 (Exhibit4.1 to Morgan Stanley's quarterly report on Form10-Q for the quarter ended September 30,2011),Seventh Supplemental Senior Indenture dated as ofNovember 21,2011(Exhibit4.4to MorganStanley's annual report on Form 10-K for the yearended December 31,2011),Eighth SupplementalSeniorIndenture dated asof May 4,2012(Exhibit 4.1 to Morgan Stanley's quarterly report onForm 10-Q for the quarter ended June 30, 2012),Ninth Supplemental Senior Indenture dated as ofMarch 10, 2014 (Exhibit 4.1 to Morgan Stanley'squarterly report on Form 1O-Q for the quarter endedMarch 31, 2014) and Tenth Supplemental SeniorIndenture dated as of January 11, 2017 (Exhibit 4.1to Morgan Stanley's current report on Form 8-Kdated January 11,2017).4.4 The Unit Agreement Without Holders’ Obligations,dated as of August 29， 2008， between MorganStanley and The Bank of New York Mellon, as UnitAgent, as Trustee and Paying Agent under theSenior Indenture referred to therein and as WarrantAgent under the Warrant Agreement referred totherein (Exhibit 4.1 to Morgan Stanley's current report on Form 8-K dated August 29, 2008).4.5 Subordinated Indenture dated as of October 1, 2004between Morgan Stanley and The Bank ofNew York, as trustee (Exhibit 4-g to MorganStanley's Registration Statement on Form S-3/A(No. 333-117752)).4.6 JuniorSubordinated Indenture dated asofOctober 12, 2006 between Morgan Stanley and TheBank of New York,as trustee (Exhibit 4.1 toMorgan Stanley's current report on Form 8-K datedOctober 12, 2006).4.7 Deposit Agreement dated as of July 6. 2006 amongMorgan Stanley, JPMorgan Chase Bank, N.A. andthe holders from time to time of the depositaryreceipts described therein (Exhibit 4.3 to MorganStanley's quarterly report on Form 10-Q for thequarter ended May 31, 2006).","SupplementalSeniorIndenture datedasofDecember 1, 2008 (Exhibit 4.1 to Morgan Stanley'scurrent report on Form 8-K dated December1,2008), Fifth Supplemental Senior Indenture dated asof April 1, 2009 (Exhibit 4 to Morgan Stanley'squarterly report on Form 10-Q for the quarter endedMarch 31,2009)，Sixth Supplemental SeniorIndenture dated as of September 16,2011 (Exhibit4.1 to Morgan Stanley's quarterly report on Form10-Q for the quarter ended September 30,2011),Seventh Supplemental Senior Indenture dated as ofNovember 21,2011(Exhibit4.4to MorganStanley's annual report on Form 10-K for the yearended December 31,2011),Eighth SupplementalSeniorIndenture dated asof May 4,2012(Exhibit 4.1 to Morgan Stanley's quarterly report onForm 10-Q for the quarter ended June 30, 2012),Ninth Supplemental Senior Indenture dated as ofMarch 10, 2014 (Exhibit 4.1 to Morgan Stanley'squarterly report on Form 1O-Q for the quarter endedMarch 31, 2014) and Tenth Supplemental SeniorIndenture dated as of January 11, 2017 (Exhibit 4.1to Morgan Stanley's current report on Form 8-Kdated January 11,2017).4.4 The Unit Agreement Without Holders’ Obligations,dated as of August 29， 2008， between MorganStanley and The Bank of New York Mellon, as UnitAgent, as Trustee and Paying Agent under theSenior Indenture referred to therein and as WarrantAgent under the Warrant Agreement referred totherein (Exhibit 4.1 to Morgan Stanley's current report on Form 8-K dated August 29, 2008).4.5 Subordinated Indenture dated as of October 1, 2004between Morgan Stanley and The Bank ofNew York, as trustee (Exhibit 4-g to MorganStanley's Registration Statement on Form S-3/A(No. 333-117752)).4.6 JuniorSubordinated Indenture dated asofOctober 12, 2006 between Morgan Stanley and TheBank of New York,as trustee (Exhibit 4.1 toMorgan Stanley's current report on Form 8-K datedOctober 12, 2006).4.7 Deposit Agreement dated as of July 6. 2006 amongMorgan Stanley, JPMorgan Chase Bank, N.A. andthe holders from time to time of the depositaryreceipts described therein (Exhibit 4.3 to MorganStanley's quarterly report on Form 10-Q for thequarter ended May 31, 2006).","November 21,2011(Exhibit4.4to Morgan","November 21,2011(Exhibit4.4to Morgan","November 21,2011(Exhibit4.4to Morgan",,,,,,,,holders from time to time of the depositary receipts,,,,,,
"SupplementalSeniorIndenture datedasofDecember 1, 2008 (Exhibit 4.1 to Morgan Stanley'scurrent report on Form 8-K dated December1,2008), Fifth Supplemental Senior Indenture dated asof April 1, 2009 (Exhibit 4 to Morgan Stanley'squarterly report on Form 10-Q for the quarter endedMarch 31,2009)，Sixth Supplemental SeniorIndenture dated as of September 16,2011 (Exhibit4.1 to Morgan Stanley's quarterly report on Form10-Q for the quarter ended September 30,2011),Seventh Supplemental Senior Indenture dated as ofNovember 21,2011(Exhibit4.4to MorganStanley's annual report on Form 10-K for the yearended December 31,2011),Eighth SupplementalSeniorIndenture dated asof May 4,2012(Exhibit 4.1 to Morgan Stanley's quarterly report onForm 10-Q for the quarter ended June 30, 2012),Ninth Supplemental Senior Indenture dated as ofMarch 10, 2014 (Exhibit 4.1 to Morgan Stanley'squarterly report on Form 1O-Q for the quarter endedMarch 31, 2014) and Tenth Supplemental SeniorIndenture dated as of January 11, 2017 (Exhibit 4.1to Morgan Stanley's current report on Form 8-Kdated January 11,2017).4.4 The Unit Agreement Without Holders’ Obligations,dated as of August 29， 2008， between MorganStanley and The Bank of New York Mellon, as UnitAgent, as Trustee and Paying Agent under theSenior Indenture referred to therein and as WarrantAgent under the Warrant Agreement referred totherein (Exhibit 4.1 to Morgan Stanley's current report on Form 8-K dated August 29, 2008).4.5 Subordinated Indenture dated as of October 1, 2004between Morgan Stanley and The Bank ofNew York, as trustee (Exhibit 4-g to MorganStanley's Registration Statement on Form S-3/A(No. 333-117752)).4.6 JuniorSubordinated Indenture dated asofOctober 12, 2006 between Morgan Stanley and TheBank of New York,as trustee (Exhibit 4.1 toMorgan Stanley's current report on Form 8-K datedOctober 12, 2006).4.7 Deposit Agreement dated as of July 6. 2006 amongMorgan Stanley, JPMorgan Chase Bank, N.A. andthe holders from time to time of the depositaryreceipts described therein (Exhibit 4.3 to MorganStanley's quarterly report on Form 10-Q for thequarter ended May 31, 2006).","SupplementalSeniorIndenture datedasofDecember 1, 2008 (Exhibit 4.1 to Morgan Stanley'scurrent report on Form 8-K dated December1,2008), Fifth Supplemental Senior Indenture dated asof April 1, 2009 (Exhibit 4 to Morgan Stanley'squarterly report on Form 10-Q for the quarter endedMarch 31,2009)，Sixth Supplemental SeniorIndenture dated as of September 16,2011 (Exhibit4.1 to Morgan Stanley's quarterly report on Form10-Q for the quarter ended September 30,2011),Seventh Supplemental Senior Indenture dated as ofNovember 21,2011(Exhibit4.4to MorganStanley's annual report on Form 10-K for the yearended December 31,2011),Eighth SupplementalSeniorIndenture dated asof May 4,2012(Exhibit 4.1 to Morgan Stanley's quarterly report onForm 10-Q for the quarter ended June 30, 2012),Ninth Supplemental Senior Indenture dated as ofMarch 10, 2014 (Exhibit 4.1 to Morgan Stanley'squarterly report on Form 1O-Q for the quarter endedMarch 31, 2014) and Tenth Supplemental SeniorIndenture dated as of January 11, 2017 (Exhibit 4.1to Morgan Stanley's current report on Form 8-Kdated January 11,2017).4.4 The Unit Agreement Without Holders’ Obligations,dated as of August 29， 2008， between MorganStanley and The Bank of New York Mellon, as UnitAgent, as Trustee and Paying Agent under theSenior Indenture referred to therein and as WarrantAgent under the Warrant Agreement referred totherein (Exhibit 4.1 to Morgan Stanley's current report on Form 8-K dated August 29, 2008).4.5 Subordinated Indenture dated as of October 1, 2004between Morgan Stanley and The Bank ofNew York, as trustee (Exhibit 4-g to MorganStanley's Registration Statement on Form S-3/A(No. 333-117752)).4.6 JuniorSubordinated Indenture dated asofOctober 12, 2006 between Morgan Stanley and TheBank of New York,as trustee (Exhibit 4.1 toMorgan Stanley's current report on Form 8-K datedOctober 12, 2006).4.7 Deposit Agreement dated as of July 6. 2006 amongMorgan Stanley, JPMorgan Chase Bank, N.A. andthe holders from time to time of the depositaryreceipts described therein (Exhibit 4.3 to MorganStanley's quarterly report on Form 10-Q for thequarter ended May 31, 2006).","SupplementalSeniorIndenture datedasofDecember 1, 2008 (Exhibit 4.1 to Morgan Stanley'scurrent report on Form 8-K dated December1,2008), Fifth Supplemental Senior Indenture dated asof April 1, 2009 (Exhibit 4 to Morgan Stanley'squarterly report on Form 10-Q for the quarter endedMarch 31,2009)，Sixth Supplemental SeniorIndenture dated as of September 16,2011 (Exhibit4.1 to Morgan Stanley's quarterly report on Form10-Q for the quarter ended September 30,2011),Seventh Supplemental Senior Indenture dated as ofNovember 21,2011(Exhibit4.4to MorganStanley's annual report on Form 10-K for the yearended December 31,2011),Eighth SupplementalSeniorIndenture dated asof May 4,2012(Exhibit 4.1 to Morgan Stanley's quarterly report onForm 10-Q for the quarter ended June 30, 2012),Ninth Supplemental Senior Indenture dated as ofMarch 10, 2014 (Exhibit 4.1 to Morgan Stanley'squarterly report on Form 1O-Q for the quarter endedMarch 31, 2014) and Tenth Supplemental SeniorIndenture dated as of January 11, 2017 (Exhibit 4.1to Morgan Stanley's current report on Form 8-Kdated January 11,2017).4.4 The Unit Agreement Without Holders’ Obligations,dated as of August 29， 2008， between MorganStanley and The Bank of New York Mellon, as UnitAgent, as Trustee and Paying Agent under theSenior Indenture referred to therein and as WarrantAgent under the Warrant Agreement referred totherein (Exhibit 4.1 to Morgan Stanley's current report on Form 8-K dated August 29, 2008).4.5 Subordinated Indenture dated as of October 1, 2004between Morgan Stanley and The Bank ofNew York, as trustee (Exhibit 4-g to MorganStanley's Registration Statement on Form S-3/A(No. 333-117752)).4.6 JuniorSubordinated Indenture dated asofOctober 12, 2006 between Morgan Stanley and TheBank of New York,as trustee (Exhibit 4.1 toMorgan Stanley's current report on Form 8-K datedOctober 12, 2006).4.7 Deposit Agreement dated as of July 6. 2006 amongMorgan Stanley, JPMorgan Chase Bank, N.A. andthe holders from time to time of the depositaryreceipts described therein (Exhibit 4.3 to MorganStanley's quarterly report on Form 10-Q for thequarter ended May 31, 2006).","SupplementalSeniorIndenture datedasofDecember 1, 2008 (Exhibit 4.1 to Morgan Stanley'scurrent report on Form 8-K dated December1,2008), Fifth Supplemental Senior Indenture dated asof April 1, 2009 (Exhibit 4 to Morgan Stanley'squarterly report on Form 10-Q for the quarter endedMarch 31,2009)，Sixth Supplemental SeniorIndenture dated as of September 16,2011 (Exhibit4.1 to Morgan Stanley's quarterly report on Form10-Q for the quarter ended September 30,2011),Seventh Supplemental Senior Indenture dated as ofNovember 21,2011(Exhibit4.4to MorganStanley's annual report on Form 10-K for the yearended December 31,2011),Eighth SupplementalSeniorIndenture dated asof May 4,2012(Exhibit 4.1 to Morgan Stanley's quarterly report onForm 10-Q for the quarter ended June 30, 2012),Ninth Supplemental Senior Indenture dated as ofMarch 10, 2014 (Exhibit 4.1 to Morgan Stanley'squarterly report on Form 1O-Q for the quarter endedMarch 31, 2014) and Tenth Supplemental SeniorIndenture dated as of January 11, 2017 (Exhibit 4.1to Morgan Stanley's current report on Form 8-Kdated January 11,2017).4.4 The Unit Agreement Without Holders’ Obligations,dated as of August 29， 2008， between MorganStanley and The Bank of New York Mellon, as UnitAgent, as Trustee and Paying Agent under theSenior Indenture referred to therein and as WarrantAgent under the Warrant Agreement referred totherein (Exhibit 4.1 to Morgan Stanley's current report on Form 8-K dated August 29, 2008).4.5 Subordinated Indenture dated as of October 1, 2004between Morgan Stanley and The Bank ofNew York, as trustee (Exhibit 4-g to MorganStanley's Registration Statement on Form S-3/A(No. 333-117752)).4.6 JuniorSubordinated Indenture dated asofOctober 12, 2006 between Morgan Stanley and TheBank of New York,as trustee (Exhibit 4.1 toMorgan Stanley's current report on Form 8-K datedOctober 12, 2006).4.7 Deposit Agreement dated as of July 6. 2006 amongMorgan Stanley, JPMorgan Chase Bank, N.A. andthe holders from time to time of the depositaryreceipts described therein (Exhibit 4.3 to MorganStanley's quarterly report on Form 10-Q for thequarter ended May 31, 2006).",Stanley's annual report on Form 10-K for the year,Stanley's annual report on Form 10-K for the year,Stanley's annual report on Form 10-K for the year,,,,,,,,representing interests in the Series F Preferred stock,,,,,,
"SupplementalSeniorIndenture datedasofDecember 1, 2008 (Exhibit 4.1 to Morgan Stanley'scurrent report on Form 8-K dated December1,2008), Fifth Supplemental Senior Indenture dated asof April 1, 2009 (Exhibit 4 to Morgan Stanley'squarterly report on Form 10-Q for the quarter endedMarch 31,2009)，Sixth Supplemental SeniorIndenture dated as of September 16,2011 (Exhibit4.1 to Morgan Stanley's quarterly report on Form10-Q for the quarter ended September 30,2011),Seventh Supplemental Senior Indenture dated as ofNovember 21,2011(Exhibit4.4to MorganStanley's annual report on Form 10-K for the yearended December 31,2011),Eighth SupplementalSeniorIndenture dated asof May 4,2012(Exhibit 4.1 to Morgan Stanley's quarterly report onForm 10-Q for the quarter ended June 30, 2012),Ninth Supplemental Senior Indenture dated as ofMarch 10, 2014 (Exhibit 4.1 to Morgan Stanley'squarterly report on Form 1O-Q for the quarter endedMarch 31, 2014) and Tenth Supplemental SeniorIndenture dated as of January 11, 2017 (Exhibit 4.1to Morgan Stanley's current report on Form 8-Kdated January 11,2017).4.4 The Unit Agreement Without Holders’ Obligations,dated as of August 29， 2008， between MorganStanley and The Bank of New York Mellon, as UnitAgent, as Trustee and Paying Agent under theSenior Indenture referred to therein and as WarrantAgent under the Warrant Agreement referred totherein (Exhibit 4.1 to Morgan Stanley's current report on Form 8-K dated August 29, 2008).4.5 Subordinated Indenture dated as of October 1, 2004between Morgan Stanley and The Bank ofNew York, as trustee (Exhibit 4-g to MorganStanley's Registration Statement on Form S-3/A(No. 333-117752)).4.6 JuniorSubordinated Indenture dated asofOctober 12, 2006 between Morgan Stanley and TheBank of New York,as trustee (Exhibit 4.1 toMorgan Stanley's current report on Form 8-K datedOctober 12, 2006).4.7 Deposit Agreement dated as of July 6. 2006 amongMorgan Stanley, JPMorgan Chase Bank, N.A. andthe holders from time to time of the depositaryreceipts described therein (Exhibit 4.3 to MorganStanley's quarterly report on Form 10-Q for thequarter ended May 31, 2006).","SupplementalSeniorIndenture datedasofDecember 1, 2008 (Exhibit 4.1 to Morgan Stanley'scurrent report on Form 8-K dated December1,2008), Fifth Supplemental Senior Indenture dated asof April 1, 2009 (Exhibit 4 to Morgan Stanley'squarterly report on Form 10-Q for the quarter endedMarch 31,2009)，Sixth Supplemental SeniorIndenture dated as of September 16,2011 (Exhibit4.1 to Morgan Stanley's quarterly report on Form10-Q for the quarter ended September 30,2011),Seventh Supplemental Senior Indenture dated as ofNovember 21,2011(Exhibit4.4to MorganStanley's annual report on Form 10-K for the yearended December 31,2011),Eighth SupplementalSeniorIndenture dated asof May 4,2012(Exhibit 4.1 to Morgan Stanley's quarterly report onForm 10-Q for the quarter ended June 30, 2012),Ninth Supplemental Senior Indenture dated as ofMarch 10, 2014 (Exhibit 4.1 to Morgan Stanley'squarterly report on Form 1O-Q for the quarter endedMarch 31, 2014) and Tenth Supplemental SeniorIndenture dated as of January 11, 2017 (Exhibit 4.1to Morgan Stanley's current report on Form 8-Kdated January 11,2017).4.4 The Unit Agreement Without Holders’ Obligations,dated as of August 29， 2008， between MorganStanley and The Bank of New York Mellon, as UnitAgent, as Trustee and Paying Agent under theSenior Indenture referred to therein and as WarrantAgent under the Warrant Agreement referred totherein (Exhibit 4.1 to Morgan Stanley's current report on Form 8-K dated August 29, 2008).4.5 Subordinated Indenture dated as of October 1, 2004between Morgan Stanley and The Bank ofNew York, as trustee (Exhibit 4-g to MorganStanley's Registration Statement on Form S-3/A(No. 333-117752)).4.6 JuniorSubordinated Indenture dated asofOctober 12, 2006 between Morgan Stanley and TheBank of New York,as trustee (Exhibit 4.1 toMorgan Stanley's current report on Form 8-K datedOctober 12, 2006).4.7 Deposit Agreement dated as of July 6. 2006 amongMorgan Stanley, JPMorgan Chase Bank, N.A. andthe holders from time to time of the depositaryreceipts described therein (Exhibit 4.3 to MorganStanley's quarterly report on Form 10-Q for thequarter ended May 31, 2006).","SupplementalSeniorIndenture datedasofDecember 1, 2008 (Exhibit 4.1 to Morgan Stanley'scurrent report on Form 8-K dated December1,2008), Fifth Supplemental Senior Indenture dated asof April 1, 2009 (Exhibit 4 to Morgan Stanley'squarterly report on Form 10-Q for the quarter endedMarch 31,2009)，Sixth Supplemental SeniorIndenture dated as of September 16,2011 (Exhibit4.1 to Morgan Stanley's quarterly report on Form10-Q for the quarter ended September 30,2011),Seventh Supplemental Senior Indenture dated as ofNovember 21,2011(Exhibit4.4to MorganStanley's annual report on Form 10-K for the yearended December 31,2011),Eighth SupplementalSeniorIndenture dated asof May 4,2012(Exhibit 4.1 to Morgan Stanley's quarterly report onForm 10-Q for the quarter ended June 30, 2012),Ninth Supplemental Senior Indenture dated as ofMarch 10, 2014 (Exhibit 4.1 to Morgan Stanley'squarterly report on Form 1O-Q for the quarter endedMarch 31, 2014) and Tenth Supplemental SeniorIndenture dated as of January 11, 2017 (Exhibit 4.1to Morgan Stanley's current report on Form 8-Kdated January 11,2017).4.4 The Unit Agreement Without Holders’ Obligations,dated as of August 29， 2008， between MorganStanley and The Bank of New York Mellon, as UnitAgent, as Trustee and Paying Agent under theSenior Indenture referred to therein and as WarrantAgent under the Warrant Agreement referred totherein (Exhibit 4.1 to Morgan Stanley's current report on Form 8-K dated August 29, 2008).4.5 Subordinated Indenture dated as of October 1, 2004between Morgan Stanley and The Bank ofNew York, as trustee (Exhibit 4-g to MorganStanley's Registration Statement on Form S-3/A(No. 333-117752)).4.6 JuniorSubordinated Indenture dated asofOctober 12, 2006 between Morgan Stanley and TheBank of New York,as trustee (Exhibit 4.1 toMorgan Stanley's current report on Form 8-K datedOctober 12, 2006).4.7 Deposit Agreement dated as of July 6. 2006 amongMorgan Stanley, JPMorgan Chase Bank, N.A. andthe holders from time to time of the depositaryreceipts described therein (Exhibit 4.3 to MorganStanley's quarterly report on Form 10-Q for thequarter ended May 31, 2006).","SupplementalSeniorIndenture datedasofDecember 1, 2008 (Exhibit 4.1 to Morgan Stanley'scurrent report on Form 8-K dated December1,2008), Fifth Supplemental Senior Indenture dated asof April 1, 2009 (Exhibit 4 to Morgan Stanley'squarterly report on Form 10-Q for the quarter endedMarch 31,2009)，Sixth Supplemental SeniorIndenture dated as of September 16,2011 (Exhibit4.1 to Morgan Stanley's quarterly report on Form10-Q for the quarter ended September 30,2011),Seventh Supplemental Senior Indenture dated as ofNovember 21,2011(Exhibit4.4to MorganStanley's annual report on Form 10-K for the yearended December 31,2011),Eighth SupplementalSeniorIndenture dated asof May 4,2012(Exhibit 4.1 to Morgan Stanley's quarterly report onForm 10-Q for the quarter ended June 30, 2012),Ninth Supplemental Senior Indenture dated as ofMarch 10, 2014 (Exhibit 4.1 to Morgan Stanley'squarterly report on Form 1O-Q for the quarter endedMarch 31, 2014) and Tenth Supplemental SeniorIndenture dated as of January 11, 2017 (Exhibit 4.1to Morgan Stanley's current report on Form 8-Kdated January 11,2017).4.4 The Unit Agreement Without Holders’ Obligations,dated as of August 29， 2008， between MorganStanley and The Bank of New York Mellon, as UnitAgent, as Trustee and Paying Agent under theSenior Indenture referred to therein and as WarrantAgent under the Warrant Agreement referred totherein (Exhibit 4.1 to Morgan Stanley's current report on Form 8-K dated August 29, 2008).4.5 Subordinated Indenture dated as of October 1, 2004between Morgan Stanley and The Bank ofNew York, as trustee (Exhibit 4-g to MorganStanley's Registration Statement on Form S-3/A(No. 333-117752)).4.6 JuniorSubordinated Indenture dated asofOctober 12, 2006 between Morgan Stanley and TheBank of New York,as trustee (Exhibit 4.1 toMorgan Stanley's current report on Form 8-K datedOctober 12, 2006).4.7 Deposit Agreement dated as of July 6. 2006 amongMorgan Stanley, JPMorgan Chase Bank, N.A. andthe holders from time to time of the depositaryreceipts described therein (Exhibit 4.3 to MorganStanley's quarterly report on Form 10-Q for thequarter ended May 31, 2006).","ended December 31,2011),Eighth Supplemental","ended December 31,2011),Eighth Supplemental","ended December 31,2011),Eighth Supplemental",,,,,,,described therein (Exhibit 2.4 to Morgan Stanley's,,,,,,,
"SupplementalSeniorIndenture datedasofDecember 1, 2008 (Exhibit 4.1 to Morgan Stanley'scurrent report on Form 8-K dated December1,2008), Fifth Supplemental Senior Indenture dated asof April 1, 2009 (Exhibit 4 to Morgan Stanley'squarterly report on Form 10-Q for the quarter endedMarch 31,2009)，Sixth Supplemental SeniorIndenture dated as of September 16,2011 (Exhibit4.1 to Morgan Stanley's quarterly report on Form10-Q for the quarter ended September 30,2011),Seventh Supplemental Senior Indenture dated as ofNovember 21,2011(Exhibit4.4to MorganStanley's annual report on Form 10-K for the yearended December 31,2011),Eighth SupplementalSeniorIndenture dated asof May 4,2012(Exhibit 4.1 to Morgan Stanley's quarterly report onForm 10-Q for the quarter ended June 30, 2012),Ninth Supplemental Senior Indenture dated as ofMarch 10, 2014 (Exhibit 4.1 to Morgan Stanley'squarterly report on Form 1O-Q for the quarter endedMarch 31, 2014) and Tenth Supplemental SeniorIndenture dated as of January 11, 2017 (Exhibit 4.1to Morgan Stanley's current report on Form 8-Kdated January 11,2017).4.4 The Unit Agreement Without Holders’ Obligations,dated as of August 29， 2008， between MorganStanley and The Bank of New York Mellon, as UnitAgent, as Trustee and Paying Agent under theSenior Indenture referred to therein and as WarrantAgent under the Warrant Agreement referred totherein (Exhibit 4.1 to Morgan Stanley's current report on Form 8-K dated August 29, 2008).4.5 Subordinated Indenture dated as of October 1, 2004between Morgan Stanley and The Bank ofNew York, as trustee (Exhibit 4-g to MorganStanley's Registration Statement on Form S-3/A(No. 333-117752)).4.6 JuniorSubordinated Indenture dated asofOctober 12, 2006 between Morgan Stanley and TheBank of New York,as trustee (Exhibit 4.1 toMorgan Stanley's current report on Form 8-K datedOctober 12, 2006).4.7 Deposit Agreement dated as of July 6. 2006 amongMorgan Stanley, JPMorgan Chase Bank, N.A. andthe holders from time to time of the depositaryreceipts described therein (Exhibit 4.3 to MorganStanley's quarterly report on Form 10-Q for thequarter ended May 31, 2006).","SupplementalSeniorIndenture datedasofDecember 1, 2008 (Exhibit 4.1 to Morgan Stanley'scurrent report on Form 8-K dated December1,2008), Fifth Supplemental Senior Indenture dated asof April 1, 2009 (Exhibit 4 to Morgan Stanley'squarterly report on Form 10-Q for the quarter endedMarch 31,2009)，Sixth Supplemental SeniorIndenture dated as of September 16,2011 (Exhibit4.1 to Morgan Stanley's quarterly report on Form10-Q for the quarter ended September 30,2011),Seventh Supplemental Senior Indenture dated as ofNovember 21,2011(Exhibit4.4to MorganStanley's annual report on Form 10-K for the yearended December 31,2011),Eighth SupplementalSeniorIndenture dated asof May 4,2012(Exhibit 4.1 to Morgan Stanley's quarterly report onForm 10-Q for the quarter ended June 30, 2012),Ninth Supplemental Senior Indenture dated as ofMarch 10, 2014 (Exhibit 4.1 to Morgan Stanley'squarterly report on Form 1O-Q for the quarter endedMarch 31, 2014) and Tenth Supplemental SeniorIndenture dated as of January 11, 2017 (Exhibit 4.1to Morgan Stanley's current report on Form 8-Kdated January 11,2017).4.4 The Unit Agreement Without Holders’ Obligations,dated as of August 29， 2008， between MorganStanley and The Bank of New York Mellon, as UnitAgent, as Trustee and Paying Agent under theSenior Indenture referred to therein and as WarrantAgent under the Warrant Agreement referred totherein (Exhibit 4.1 to Morgan Stanley's current report on Form 8-K dated August 29, 2008).4.5 Subordinated Indenture dated as of October 1, 2004between Morgan Stanley and The Bank ofNew York, as trustee (Exhibit 4-g to MorganStanley's Registration Statement on Form S-3/A(No. 333-117752)).4.6 JuniorSubordinated Indenture dated asofOctober 12, 2006 between Morgan Stanley and TheBank of New York,as trustee (Exhibit 4.1 toMorgan Stanley's current report on Form 8-K datedOctober 12, 2006).4.7 Deposit Agreement dated as of July 6. 2006 amongMorgan Stanley, JPMorgan Chase Bank, N.A. andthe holders from time to time of the depositaryreceipts described therein (Exhibit 4.3 to MorganStanley's quarterly report on Form 10-Q for thequarter ended May 31, 2006).","SupplementalSeniorIndenture datedasofDecember 1, 2008 (Exhibit 4.1 to Morgan Stanley'scurrent report on Form 8-K dated December1,2008), Fifth Supplemental Senior Indenture dated asof April 1, 2009 (Exhibit 4 to Morgan Stanley'squarterly report on Form 10-Q for the quarter endedMarch 31,2009)，Sixth Supplemental SeniorIndenture dated as of September 16,2011 (Exhibit4.1 to Morgan Stanley's quarterly report on Form10-Q for the quarter ended September 30,2011),Seventh Supplemental Senior Indenture dated as ofNovember 21,2011(Exhibit4.4to MorganStanley's annual report on Form 10-K for the yearended December 31,2011),Eighth SupplementalSeniorIndenture dated asof May 4,2012(Exhibit 4.1 to Morgan Stanley's quarterly report onForm 10-Q for the quarter ended June 30, 2012),Ninth Supplemental Senior Indenture dated as ofMarch 10, 2014 (Exhibit 4.1 to Morgan Stanley'squarterly report on Form 1O-Q for the quarter endedMarch 31, 2014) and Tenth Supplemental SeniorIndenture dated as of January 11, 2017 (Exhibit 4.1to Morgan Stanley's current report on Form 8-Kdated January 11,2017).4.4 The Unit Agreement Without Holders’ Obligations,dated as of August 29， 2008， between MorganStanley and The Bank of New York Mellon, as UnitAgent, as Trustee and Paying Agent under theSenior Indenture referred to therein and as WarrantAgent under the Warrant Agreement referred totherein (Exhibit 4.1 to Morgan Stanley's current report on Form 8-K dated August 29, 2008).4.5 Subordinated Indenture dated as of October 1, 2004between Morgan Stanley and The Bank ofNew York, as trustee (Exhibit 4-g to MorganStanley's Registration Statement on Form S-3/A(No. 333-117752)).4.6 JuniorSubordinated Indenture dated asofOctober 12, 2006 between Morgan Stanley and TheBank of New York,as trustee (Exhibit 4.1 toMorgan Stanley's current report on Form 8-K datedOctober 12, 2006).4.7 Deposit Agreement dated as of July 6. 2006 amongMorgan Stanley, JPMorgan Chase Bank, N.A. andthe holders from time to time of the depositaryreceipts described therein (Exhibit 4.3 to MorganStanley's quarterly report on Form 10-Q for thequarter ended May 31, 2006).","SupplementalSeniorIndenture datedasofDecember 1, 2008 (Exhibit 4.1 to Morgan Stanley'scurrent report on Form 8-K dated December1,2008), Fifth Supplemental Senior Indenture dated asof April 1, 2009 (Exhibit 4 to Morgan Stanley'squarterly report on Form 10-Q for the quarter endedMarch 31,2009)，Sixth Supplemental SeniorIndenture dated as of September 16,2011 (Exhibit4.1 to Morgan Stanley's quarterly report on Form10-Q for the quarter ended September 30,2011),Seventh Supplemental Senior Indenture dated as ofNovember 21,2011(Exhibit4.4to MorganStanley's annual report on Form 10-K for the yearended December 31,2011),Eighth SupplementalSeniorIndenture dated asof May 4,2012(Exhibit 4.1 to Morgan Stanley's quarterly report onForm 10-Q for the quarter ended June 30, 2012),Ninth Supplemental Senior Indenture dated as ofMarch 10, 2014 (Exhibit 4.1 to Morgan Stanley'squarterly report on Form 1O-Q for the quarter endedMarch 31, 2014) and Tenth Supplemental SeniorIndenture dated as of January 11, 2017 (Exhibit 4.1to Morgan Stanley's current report on Form 8-Kdated January 11,2017).4.4 The Unit Agreement Without Holders’ Obligations,dated as of August 29， 2008， between MorganStanley and The Bank of New York Mellon, as UnitAgent, as Trustee and Paying Agent under theSenior Indenture referred to therein and as WarrantAgent under the Warrant Agreement referred totherein (Exhibit 4.1 to Morgan Stanley's current report on Form 8-K dated August 29, 2008).4.5 Subordinated Indenture dated as of October 1, 2004between Morgan Stanley and The Bank ofNew York, as trustee (Exhibit 4-g to MorganStanley's Registration Statement on Form S-3/A(No. 333-117752)).4.6 JuniorSubordinated Indenture dated asofOctober 12, 2006 between Morgan Stanley and TheBank of New York,as trustee (Exhibit 4.1 toMorgan Stanley's current report on Form 8-K datedOctober 12, 2006).4.7 Deposit Agreement dated as of July 6. 2006 amongMorgan Stanley, JPMorgan Chase Bank, N.A. andthe holders from time to time of the depositaryreceipts described therein (Exhibit 4.3 to MorganStanley's quarterly report on Form 10-Q for thequarter ended May 31, 2006).",SeniorIndenturedated,(Exhibit 4.1 to Morgan Stanley's quarterly report on,(Exhibit 4.1 to Morgan Stanley's quarterly report on,,,,,,,"as of May 4,","as of May 4,","as of May 4,","as of May 4,","as of May 4,","as of May 4,","as of May 4,",Registration Statement on Form 8-A dated
"SupplementalSeniorIndenture datedasofDecember 1, 2008 (Exhibit 4.1 to Morgan Stanley'scurrent report on Form 8-K dated December1,2008), Fifth Supplemental Senior Indenture dated asof April 1, 2009 (Exhibit 4 to Morgan Stanley'squarterly report on Form 10-Q for the quarter endedMarch 31,2009)，Sixth Supplemental SeniorIndenture dated as of September 16,2011 (Exhibit4.1 to Morgan Stanley's quarterly report on Form10-Q for the quarter ended September 30,2011),Seventh Supplemental Senior Indenture dated as ofNovember 21,2011(Exhibit4.4to MorganStanley's annual report on Form 10-K for the yearended December 31,2011),Eighth SupplementalSeniorIndenture dated asof May 4,2012(Exhibit 4.1 to Morgan Stanley's quarterly report onForm 10-Q for the quarter ended June 30, 2012),Ninth Supplemental Senior Indenture dated as ofMarch 10, 2014 (Exhibit 4.1 to Morgan Stanley'squarterly report on Form 1O-Q for the quarter endedMarch 31, 2014) and Tenth Supplemental SeniorIndenture dated as of January 11, 2017 (Exhibit 4.1to Morgan Stanley's current report on Form 8-Kdated January 11,2017).4.4 The Unit Agreement Without Holders’ Obligations,dated as of August 29， 2008， between MorganStanley and The Bank of New York Mellon, as UnitAgent, as Trustee and Paying Agent under theSenior Indenture referred to therein and as WarrantAgent under the Warrant Agreement referred totherein (Exhibit 4.1 to Morgan Stanley's current report on Form 8-K dated August 29, 2008).4.5 Subordinated Indenture dated as of October 1, 2004between Morgan Stanley and The Bank ofNew York, as trustee (Exhibit 4-g to MorganStanley's Registration Statement on Form S-3/A(No. 333-117752)).4.6 JuniorSubordinated Indenture dated asofOctober 12, 2006 between Morgan Stanley and TheBank of New York,as trustee (Exhibit 4.1 toMorgan Stanley's current report on Form 8-K datedOctober 12, 2006).4.7 Deposit Agreement dated as of July 6. 2006 amongMorgan Stanley, JPMorgan Chase Bank, N.A. andthe holders from time to time of the depositaryreceipts described therein (Exhibit 4.3 to MorganStanley's quarterly report on Form 10-Q for thequarter ended May 31, 2006).","SupplementalSeniorIndenture datedasofDecember 1, 2008 (Exhibit 4.1 to Morgan Stanley'scurrent report on Form 8-K dated December1,2008), Fifth Supplemental Senior Indenture dated asof April 1, 2009 (Exhibit 4 to Morgan Stanley'squarterly report on Form 10-Q for the quarter endedMarch 31,2009)，Sixth Supplemental SeniorIndenture dated as of September 16,2011 (Exhibit4.1 to Morgan Stanley's quarterly report on Form10-Q for the quarter ended September 30,2011),Seventh Supplemental Senior Indenture dated as ofNovember 21,2011(Exhibit4.4to MorganStanley's annual report on Form 10-K for the yearended December 31,2011),Eighth SupplementalSeniorIndenture dated asof May 4,2012(Exhibit 4.1 to Morgan Stanley's quarterly report onForm 10-Q for the quarter ended June 30, 2012),Ninth Supplemental Senior Indenture dated as ofMarch 10, 2014 (Exhibit 4.1 to Morgan Stanley'squarterly report on Form 1O-Q for the quarter endedMarch 31, 2014) and Tenth Supplemental SeniorIndenture dated as of January 11, 2017 (Exhibit 4.1to Morgan Stanley's current report on Form 8-Kdated January 11,2017).4.4 The Unit Agreement Without Holders’ Obligations,dated as of August 29， 2008， between MorganStanley and The Bank of New York Mellon, as UnitAgent, as Trustee and Paying Agent under theSenior Indenture referred to therein and as WarrantAgent under the Warrant Agreement referred totherein (Exhibit 4.1 to Morgan Stanley's current report on Form 8-K dated August 29, 2008).4.5 Subordinated Indenture dated as of October 1, 2004between Morgan Stanley and The Bank ofNew York, as trustee (Exhibit 4-g to MorganStanley's Registration Statement on Form S-3/A(No. 333-117752)).4.6 JuniorSubordinated Indenture dated asofOctober 12, 2006 between Morgan Stanley and TheBank of New York,as trustee (Exhibit 4.1 toMorgan Stanley's current report on Form 8-K datedOctober 12, 2006).4.7 Deposit Agreement dated as of July 6. 2006 amongMorgan Stanley, JPMorgan Chase Bank, N.A. andthe holders from time to time of the depositaryreceipts described therein (Exhibit 4.3 to MorganStanley's quarterly report on Form 10-Q for thequarter ended May 31, 2006).","SupplementalSeniorIndenture datedasofDecember 1, 2008 (Exhibit 4.1 to Morgan Stanley'scurrent report on Form 8-K dated December1,2008), Fifth Supplemental Senior Indenture dated asof April 1, 2009 (Exhibit 4 to Morgan Stanley'squarterly report on Form 10-Q for the quarter endedMarch 31,2009)，Sixth Supplemental SeniorIndenture dated as of September 16,2011 (Exhibit4.1 to Morgan Stanley's quarterly report on Form10-Q for the quarter ended September 30,2011),Seventh Supplemental Senior Indenture dated as ofNovember 21,2011(Exhibit4.4to MorganStanley's annual report on Form 10-K for the yearended December 31,2011),Eighth SupplementalSeniorIndenture dated asof May 4,2012(Exhibit 4.1 to Morgan Stanley's quarterly report onForm 10-Q for the quarter ended June 30, 2012),Ninth Supplemental Senior Indenture dated as ofMarch 10, 2014 (Exhibit 4.1 to Morgan Stanley'squarterly report on Form 1O-Q for the quarter endedMarch 31, 2014) and Tenth Supplemental SeniorIndenture dated as of January 11, 2017 (Exhibit 4.1to Morgan Stanley's current report on Form 8-Kdated January 11,2017).4.4 The Unit Agreement Without Holders’ Obligations,dated as of August 29， 2008， between MorganStanley and The Bank of New York Mellon, as UnitAgent, as Trustee and Paying Agent under theSenior Indenture referred to therein and as WarrantAgent under the Warrant Agreement referred totherein (Exhibit 4.1 to Morgan Stanley's current report on Form 8-K dated August 29, 2008).4.5 Subordinated Indenture dated as of October 1, 2004between Morgan Stanley and The Bank ofNew York, as trustee (Exhibit 4-g to MorganStanley's Registration Statement on Form S-3/A(No. 333-117752)).4.6 JuniorSubordinated Indenture dated asofOctober 12, 2006 between Morgan Stanley and TheBank of New York,as trustee (Exhibit 4.1 toMorgan Stanley's current report on Form 8-K datedOctober 12, 2006).4.7 Deposit Agreement dated as of July 6. 2006 amongMorgan Stanley, JPMorgan Chase Bank, N.A. andthe holders from time to time of the depositaryreceipts described therein (Exhibit 4.3 to MorganStanley's quarterly report on Form 10-Q for thequarter ended May 31, 2006).","SupplementalSeniorIndenture datedasofDecember 1, 2008 (Exhibit 4.1 to Morgan Stanley'scurrent report on Form 8-K dated December1,2008), Fifth Supplemental Senior Indenture dated asof April 1, 2009 (Exhibit 4 to Morgan Stanley'squarterly report on Form 10-Q for the quarter endedMarch 31,2009)，Sixth Supplemental SeniorIndenture dated as of September 16,2011 (Exhibit4.1 to Morgan Stanley's quarterly report on Form10-Q for the quarter ended September 30,2011),Seventh Supplemental Senior Indenture dated as ofNovember 21,2011(Exhibit4.4to MorganStanley's annual report on Form 10-K for the yearended December 31,2011),Eighth SupplementalSeniorIndenture dated asof May 4,2012(Exhibit 4.1 to Morgan Stanley's quarterly report onForm 10-Q for the quarter ended June 30, 2012),Ninth Supplemental Senior Indenture dated as ofMarch 10, 2014 (Exhibit 4.1 to Morgan Stanley'squarterly report on Form 1O-Q for the quarter endedMarch 31, 2014) and Tenth Supplemental SeniorIndenture dated as of January 11, 2017 (Exhibit 4.1to Morgan Stanley's current report on Form 8-Kdated January 11,2017).4.4 The Unit Agreement Without Holders’ Obligations,dated as of August 29， 2008， between MorganStanley and The Bank of New York Mellon, as UnitAgent, as Trustee and Paying Agent under theSenior Indenture referred to therein and as WarrantAgent under the Warrant Agreement referred totherein (Exhibit 4.1 to Morgan Stanley's current report on Form 8-K dated August 29, 2008).4.5 Subordinated Indenture dated as of October 1, 2004between Morgan Stanley and The Bank ofNew York, as trustee (Exhibit 4-g to MorganStanley's Registration Statement on Form S-3/A(No. 333-117752)).4.6 JuniorSubordinated Indenture dated asofOctober 12, 2006 between Morgan Stanley and TheBank of New York,as trustee (Exhibit 4.1 toMorgan Stanley's current report on Form 8-K datedOctober 12, 2006).4.7 Deposit Agreement dated as of July 6. 2006 amongMorgan Stanley, JPMorgan Chase Bank, N.A. andthe holders from time to time of the depositaryreceipts described therein (Exhibit 4.3 to MorganStanley's quarterly report on Form 10-Q for thequarter ended May 31, 2006).",(Exhibit4.1toMorganSi,(Exhibit 4.1 to Morgan Stanley's quarterly report on,(Exhibit 4.1 to Morgan Stanley's quarterly report on,,,,,,,,,,,"December 9, 2013).DepositaryReceiptforDepositaryShares,",,,
"SupplementalSeniorIndenture datedasofDecember 1, 2008 (Exhibit 4.1 to Morgan Stanley'scurrent report on Form 8-K dated December1,2008), Fifth Supplemental Senior Indenture dated asof April 1, 2009 (Exhibit 4 to Morgan Stanley'squarterly report on Form 10-Q for the quarter endedMarch 31,2009)，Sixth Supplemental SeniorIndenture dated as of September 16,2011 (Exhibit4.1 to Morgan Stanley's quarterly report on Form10-Q for the quarter ended September 30,2011),Seventh Supplemental Senior Indenture dated as ofNovember 21,2011(Exhibit4.4to MorganStanley's annual report on Form 10-K for the yearended December 31,2011),Eighth SupplementalSeniorIndenture dated asof May 4,2012(Exhibit 4.1 to Morgan Stanley's quarterly report onForm 10-Q for the quarter ended June 30, 2012),Ninth Supplemental Senior Indenture dated as ofMarch 10, 2014 (Exhibit 4.1 to Morgan Stanley'squarterly report on Form 1O-Q for the quarter endedMarch 31, 2014) and Tenth Supplemental SeniorIndenture dated as of January 11, 2017 (Exhibit 4.1to Morgan Stanley's current report on Form 8-Kdated January 11,2017).4.4 The Unit Agreement Without Holders’ Obligations,dated as of August 29， 2008， between MorganStanley and The Bank of New York Mellon, as UnitAgent, as Trustee and Paying Agent under theSenior Indenture referred to therein and as WarrantAgent under the Warrant Agreement referred totherein (Exhibit 4.1 to Morgan Stanley's current report on Form 8-K dated August 29, 2008).4.5 Subordinated Indenture dated as of October 1, 2004between Morgan Stanley and The Bank ofNew York, as trustee (Exhibit 4-g to MorganStanley's Registration Statement on Form S-3/A(No. 333-117752)).4.6 JuniorSubordinated Indenture dated asofOctober 12, 2006 between Morgan Stanley and TheBank of New York,as trustee (Exhibit 4.1 toMorgan Stanley's current report on Form 8-K datedOctober 12, 2006).4.7 Deposit Agreement dated as of July 6. 2006 amongMorgan Stanley, JPMorgan Chase Bank, N.A. andthe holders from time to time of the depositaryreceipts described therein (Exhibit 4.3 to MorganStanley's quarterly report on Form 10-Q for thequarter ended May 31, 2006).","SupplementalSeniorIndenture datedasofDecember 1, 2008 (Exhibit 4.1 to Morgan Stanley'scurrent report on Form 8-K dated December1,2008), Fifth Supplemental Senior Indenture dated asof April 1, 2009 (Exhibit 4 to Morgan Stanley'squarterly report on Form 10-Q for the quarter endedMarch 31,2009)，Sixth Supplemental SeniorIndenture dated as of September 16,2011 (Exhibit4.1 to Morgan Stanley's quarterly report on Form10-Q for the quarter ended September 30,2011),Seventh Supplemental Senior Indenture dated as ofNovember 21,2011(Exhibit4.4to MorganStanley's annual report on Form 10-K for the yearended December 31,2011),Eighth SupplementalSeniorIndenture dated asof May 4,2012(Exhibit 4.1 to Morgan Stanley's quarterly report onForm 10-Q for the quarter ended June 30, 2012),Ninth Supplemental Senior Indenture dated as ofMarch 10, 2014 (Exhibit 4.1 to Morgan Stanley'squarterly report on Form 1O-Q for the quarter endedMarch 31, 2014) and Tenth Supplemental SeniorIndenture dated as of January 11, 2017 (Exhibit 4.1to Morgan Stanley's current report on Form 8-Kdated January 11,2017).4.4 The Unit Agreement Without Holders’ Obligations,dated as of August 29， 2008， between MorganStanley and The Bank of New York Mellon, as UnitAgent, as Trustee and Paying Agent under theSenior Indenture referred to therein and as WarrantAgent under the Warrant Agreement referred totherein (Exhibit 4.1 to Morgan Stanley's current report on Form 8-K dated August 29, 2008).4.5 Subordinated Indenture dated as of October 1, 2004between Morgan Stanley and The Bank ofNew York, as trustee (Exhibit 4-g to MorganStanley's Registration Statement on Form S-3/A(No. 333-117752)).4.6 JuniorSubordinated Indenture dated asofOctober 12, 2006 between Morgan Stanley and TheBank of New York,as trustee (Exhibit 4.1 toMorgan Stanley's current report on Form 8-K datedOctober 12, 2006).4.7 Deposit Agreement dated as of July 6. 2006 amongMorgan Stanley, JPMorgan Chase Bank, N.A. andthe holders from time to time of the depositaryreceipts described therein (Exhibit 4.3 to MorganStanley's quarterly report on Form 10-Q for thequarter ended May 31, 2006).","SupplementalSeniorIndenture datedasofDecember 1, 2008 (Exhibit 4.1 to Morgan Stanley'scurrent report on Form 8-K dated December1,2008), Fifth Supplemental Senior Indenture dated asof April 1, 2009 (Exhibit 4 to Morgan Stanley'squarterly report on Form 10-Q for the quarter endedMarch 31,2009)，Sixth Supplemental SeniorIndenture dated as of September 16,2011 (Exhibit4.1 to Morgan Stanley's quarterly report on Form10-Q for the quarter ended September 30,2011),Seventh Supplemental Senior Indenture dated as ofNovember 21,2011(Exhibit4.4to MorganStanley's annual report on Form 10-K for the yearended December 31,2011),Eighth SupplementalSeniorIndenture dated asof May 4,2012(Exhibit 4.1 to Morgan Stanley's quarterly report onForm 10-Q for the quarter ended June 30, 2012),Ninth Supplemental Senior Indenture dated as ofMarch 10, 2014 (Exhibit 4.1 to Morgan Stanley'squarterly report on Form 1O-Q for the quarter endedMarch 31, 2014) and Tenth Supplemental SeniorIndenture dated as of January 11, 2017 (Exhibit 4.1to Morgan Stanley's current report on Form 8-Kdated January 11,2017).4.4 The Unit Agreement Without Holders’ Obligations,dated as of August 29， 2008， between MorganStanley and The Bank of New York Mellon, as UnitAgent, as Trustee and Paying Agent under theSenior Indenture referred to therein and as WarrantAgent under the Warrant Agreement referred totherein (Exhibit 4.1 to Morgan Stanley's current report on Form 8-K dated August 29, 2008).4.5 Subordinated Indenture dated as of October 1, 2004between Morgan Stanley and The Bank ofNew York, as trustee (Exhibit 4-g to MorganStanley's Registration Statement on Form S-3/A(No. 333-117752)).4.6 JuniorSubordinated Indenture dated asofOctober 12, 2006 between Morgan Stanley and TheBank of New York,as trustee (Exhibit 4.1 toMorgan Stanley's current report on Form 8-K datedOctober 12, 2006).4.7 Deposit Agreement dated as of July 6. 2006 amongMorgan Stanley, JPMorgan Chase Bank, N.A. andthe holders from time to time of the depositaryreceipts described therein (Exhibit 4.3 to MorganStanley's quarterly report on Form 10-Q for thequarter ended May 31, 2006).","SupplementalSeniorIndenture datedasofDecember 1, 2008 (Exhibit 4.1 to Morgan Stanley'scurrent report on Form 8-K dated December1,2008), Fifth Supplemental Senior Indenture dated asof April 1, 2009 (Exhibit 4 to Morgan Stanley'squarterly report on Form 10-Q for the quarter endedMarch 31,2009)，Sixth Supplemental SeniorIndenture dated as of September 16,2011 (Exhibit4.1 to Morgan Stanley's quarterly report on Form10-Q for the quarter ended September 30,2011),Seventh Supplemental Senior Indenture dated as ofNovember 21,2011(Exhibit4.4to MorganStanley's annual report on Form 10-K for the yearended December 31,2011),Eighth SupplementalSeniorIndenture dated asof May 4,2012(Exhibit 4.1 to Morgan Stanley's quarterly report onForm 10-Q for the quarter ended June 30, 2012),Ninth Supplemental Senior Indenture dated as ofMarch 10, 2014 (Exhibit 4.1 to Morgan Stanley'squarterly report on Form 1O-Q for the quarter endedMarch 31, 2014) and Tenth Supplemental SeniorIndenture dated as of January 11, 2017 (Exhibit 4.1to Morgan Stanley's current report on Form 8-Kdated January 11,2017).4.4 The Unit Agreement Without Holders’ Obligations,dated as of August 29， 2008， between MorganStanley and The Bank of New York Mellon, as UnitAgent, as Trustee and Paying Agent under theSenior Indenture referred to therein and as WarrantAgent under the Warrant Agreement referred totherein (Exhibit 4.1 to Morgan Stanley's current report on Form 8-K dated August 29, 2008).4.5 Subordinated Indenture dated as of October 1, 2004between Morgan Stanley and The Bank ofNew York, as trustee (Exhibit 4-g to MorganStanley's Registration Statement on Form S-3/A(No. 333-117752)).4.6 JuniorSubordinated Indenture dated asofOctober 12, 2006 between Morgan Stanley and TheBank of New York,as trustee (Exhibit 4.1 toMorgan Stanley's current report on Form 8-K datedOctober 12, 2006).4.7 Deposit Agreement dated as of July 6. 2006 amongMorgan Stanley, JPMorgan Chase Bank, N.A. andthe holders from time to time of the depositaryreceipts described therein (Exhibit 4.3 to MorganStanley's quarterly report on Form 10-Q for thequarter ended May 31, 2006).","Form 10-Q for the quarter ended June 30, 2012),","Form 10-Q for the quarter ended June 30, 2012),","Form 10-Q for the quarter ended June 30, 2012),",,,,,,,,,,,,,,
"SupplementalSeniorIndenture datedasofDecember 1, 2008 (Exhibit 4.1 to Morgan Stanley'scurrent report on Form 8-K dated December1,2008), Fifth Supplemental Senior Indenture dated asof April 1, 2009 (Exhibit 4 to Morgan Stanley'squarterly report on Form 10-Q for the quarter endedMarch 31,2009)，Sixth Supplemental SeniorIndenture dated as of September 16,2011 (Exhibit4.1 to Morgan Stanley's quarterly report on Form10-Q for the quarter ended September 30,2011),Seventh Supplemental Senior Indenture dated as ofNovember 21,2011(Exhibit4.4to MorganStanley's annual report on Form 10-K for the yearended December 31,2011),Eighth SupplementalSeniorIndenture dated asof May 4,2012(Exhibit 4.1 to Morgan Stanley's quarterly report onForm 10-Q for the quarter ended June 30, 2012),Ninth Supplemental Senior Indenture dated as ofMarch 10, 2014 (Exhibit 4.1 to Morgan Stanley'squarterly report on Form 1O-Q for the quarter endedMarch 31, 2014) and Tenth Supplemental SeniorIndenture dated as of January 11, 2017 (Exhibit 4.1to Morgan Stanley's current report on Form 8-Kdated January 11,2017).4.4 The Unit Agreement Without Holders’ Obligations,dated as of August 29， 2008， between MorganStanley and The Bank of New York Mellon, as UnitAgent, as Trustee and Paying Agent under theSenior Indenture referred to therein and as WarrantAgent under the Warrant Agreement referred totherein (Exhibit 4.1 to Morgan Stanley's current report on Form 8-K dated August 29, 2008).4.5 Subordinated Indenture dated as of October 1, 2004between Morgan Stanley and The Bank ofNew York, as trustee (Exhibit 4-g to MorganStanley's Registration Statement on Form S-3/A(No. 333-117752)).4.6 JuniorSubordinated Indenture dated asofOctober 12, 2006 between Morgan Stanley and TheBank of New York,as trustee (Exhibit 4.1 toMorgan Stanley's current report on Form 8-K datedOctober 12, 2006).4.7 Deposit Agreement dated as of July 6. 2006 amongMorgan Stanley, JPMorgan Chase Bank, N.A. andthe holders from time to time of the depositaryreceipts described therein (Exhibit 4.3 to MorganStanley's quarterly report on Form 10-Q for thequarter ended May 31, 2006).","SupplementalSeniorIndenture datedasofDecember 1, 2008 (Exhibit 4.1 to Morgan Stanley'scurrent report on Form 8-K dated December1,2008), Fifth Supplemental Senior Indenture dated asof April 1, 2009 (Exhibit 4 to Morgan Stanley'squarterly report on Form 10-Q for the quarter endedMarch 31,2009)，Sixth Supplemental SeniorIndenture dated as of September 16,2011 (Exhibit4.1 to Morgan Stanley's quarterly report on Form10-Q for the quarter ended September 30,2011),Seventh Supplemental Senior Indenture dated as ofNovember 21,2011(Exhibit4.4to MorganStanley's annual report on Form 10-K for the yearended December 31,2011),Eighth SupplementalSeniorIndenture dated asof May 4,2012(Exhibit 4.1 to Morgan Stanley's quarterly report onForm 10-Q for the quarter ended June 30, 2012),Ninth Supplemental Senior Indenture dated as ofMarch 10, 2014 (Exhibit 4.1 to Morgan Stanley'squarterly report on Form 1O-Q for the quarter endedMarch 31, 2014) and Tenth Supplemental SeniorIndenture dated as of January 11, 2017 (Exhibit 4.1to Morgan Stanley's current report on Form 8-Kdated January 11,2017).4.4 The Unit Agreement Without Holders’ Obligations,dated as of August 29， 2008， between MorganStanley and The Bank of New York Mellon, as UnitAgent, as Trustee and Paying Agent under theSenior Indenture referred to therein and as WarrantAgent under the Warrant Agreement referred totherein (Exhibit 4.1 to Morgan Stanley's current report on Form 8-K dated August 29, 2008).4.5 Subordinated Indenture dated as of October 1, 2004between Morgan Stanley and The Bank ofNew York, as trustee (Exhibit 4-g to MorganStanley's Registration Statement on Form S-3/A(No. 333-117752)).4.6 JuniorSubordinated Indenture dated asofOctober 12, 2006 between Morgan Stanley and TheBank of New York,as trustee (Exhibit 4.1 toMorgan Stanley's current report on Form 8-K datedOctober 12, 2006).4.7 Deposit Agreement dated as of July 6. 2006 amongMorgan Stanley, JPMorgan Chase Bank, N.A. andthe holders from time to time of the depositaryreceipts described therein (Exhibit 4.3 to MorganStanley's quarterly report on Form 10-Q for thequarter ended May 31, 2006).","SupplementalSeniorIndenture datedasofDecember 1, 2008 (Exhibit 4.1 to Morgan Stanley'scurrent report on Form 8-K dated December1,2008), Fifth Supplemental Senior Indenture dated asof April 1, 2009 (Exhibit 4 to Morgan Stanley'squarterly report on Form 10-Q for the quarter endedMarch 31,2009)，Sixth Supplemental SeniorIndenture dated as of September 16,2011 (Exhibit4.1 to Morgan Stanley's quarterly report on Form10-Q for the quarter ended September 30,2011),Seventh Supplemental Senior Indenture dated as ofNovember 21,2011(Exhibit4.4to MorganStanley's annual report on Form 10-K for the yearended December 31,2011),Eighth SupplementalSeniorIndenture dated asof May 4,2012(Exhibit 4.1 to Morgan Stanley's quarterly report onForm 10-Q for the quarter ended June 30, 2012),Ninth Supplemental Senior Indenture dated as ofMarch 10, 2014 (Exhibit 4.1 to Morgan Stanley'squarterly report on Form 1O-Q for the quarter endedMarch 31, 2014) and Tenth Supplemental SeniorIndenture dated as of January 11, 2017 (Exhibit 4.1to Morgan Stanley's current report on Form 8-Kdated January 11,2017).4.4 The Unit Agreement Without Holders’ Obligations,dated as of August 29， 2008， between MorganStanley and The Bank of New York Mellon, as UnitAgent, as Trustee and Paying Agent under theSenior Indenture referred to therein and as WarrantAgent under the Warrant Agreement referred totherein (Exhibit 4.1 to Morgan Stanley's current report on Form 8-K dated August 29, 2008).4.5 Subordinated Indenture dated as of October 1, 2004between Morgan Stanley and The Bank ofNew York, as trustee (Exhibit 4-g to MorganStanley's Registration Statement on Form S-3/A(No. 333-117752)).4.6 JuniorSubordinated Indenture dated asofOctober 12, 2006 between Morgan Stanley and TheBank of New York,as trustee (Exhibit 4.1 toMorgan Stanley's current report on Form 8-K datedOctober 12, 2006).4.7 Deposit Agreement dated as of July 6. 2006 amongMorgan Stanley, JPMorgan Chase Bank, N.A. andthe holders from time to time of the depositaryreceipts described therein (Exhibit 4.3 to MorganStanley's quarterly report on Form 10-Q for thequarter ended May 31, 2006).","SupplementalSeniorIndenture datedasofDecember 1, 2008 (Exhibit 4.1 to Morgan Stanley'scurrent report on Form 8-K dated December1,2008), Fifth Supplemental Senior Indenture dated asof April 1, 2009 (Exhibit 4 to Morgan Stanley'squarterly report on Form 10-Q for the quarter endedMarch 31,2009)，Sixth Supplemental SeniorIndenture dated as of September 16,2011 (Exhibit4.1 to Morgan Stanley's quarterly report on Form10-Q for the quarter ended September 30,2011),Seventh Supplemental Senior Indenture dated as ofNovember 21,2011(Exhibit4.4to MorganStanley's annual report on Form 10-K for the yearended December 31,2011),Eighth SupplementalSeniorIndenture dated asof May 4,2012(Exhibit 4.1 to Morgan Stanley's quarterly report onForm 10-Q for the quarter ended June 30, 2012),Ninth Supplemental Senior Indenture dated as ofMarch 10, 2014 (Exhibit 4.1 to Morgan Stanley'squarterly report on Form 1O-Q for the quarter endedMarch 31, 2014) and Tenth Supplemental SeniorIndenture dated as of January 11, 2017 (Exhibit 4.1to Morgan Stanley's current report on Form 8-Kdated January 11,2017).4.4 The Unit Agreement Without Holders’ Obligations,dated as of August 29， 2008， between MorganStanley and The Bank of New York Mellon, as UnitAgent, as Trustee and Paying Agent under theSenior Indenture referred to therein and as WarrantAgent under the Warrant Agreement referred totherein (Exhibit 4.1 to Morgan Stanley's current report on Form 8-K dated August 29, 2008).4.5 Subordinated Indenture dated as of October 1, 2004between Morgan Stanley and The Bank ofNew York, as trustee (Exhibit 4-g to MorganStanley's Registration Statement on Form S-3/A(No. 333-117752)).4.6 JuniorSubordinated Indenture dated asofOctober 12, 2006 between Morgan Stanley and TheBank of New York,as trustee (Exhibit 4.1 toMorgan Stanley's current report on Form 8-K datedOctober 12, 2006).4.7 Deposit Agreement dated as of July 6. 2006 amongMorgan Stanley, JPMorgan Chase Bank, N.A. andthe holders from time to time of the depositaryreceipts described therein (Exhibit 4.3 to MorganStanley's quarterly report on Form 10-Q for thequarter ended May 31, 2006).","Form 10-Q for the quarter ended June 30, 2012),","Form 10-Q for the quarter ended June 30, 2012),","Form 10-Q for the quarter ended June 30, 2012),",,,,4.1,4.1,4.1,4.1,,,,,,,
"SupplementalSeniorIndenture datedasofDecember 1, 2008 (Exhibit 4.1 to Morgan Stanley'scurrent report on Form 8-K dated December1,2008), Fifth Supplemental Senior Indenture dated asof April 1, 2009 (Exhibit 4 to Morgan Stanley'squarterly report on Form 10-Q for the quarter endedMarch 31,2009)，Sixth Supplemental SeniorIndenture dated as of September 16,2011 (Exhibit4.1 to Morgan Stanley's quarterly report on Form10-Q for the quarter ended September 30,2011),Seventh Supplemental Senior Indenture dated as ofNovember 21,2011(Exhibit4.4to MorganStanley's annual report on Form 10-K for the yearended December 31,2011),Eighth SupplementalSeniorIndenture dated asof May 4,2012(Exhibit 4.1 to Morgan Stanley's quarterly report onForm 10-Q for the quarter ended June 30, 2012),Ninth Supplemental Senior Indenture dated as ofMarch 10, 2014 (Exhibit 4.1 to Morgan Stanley'squarterly report on Form 1O-Q for the quarter endedMarch 31, 2014) and Tenth Supplemental SeniorIndenture dated as of January 11, 2017 (Exhibit 4.1to Morgan Stanley's current report on Form 8-Kdated January 11,2017).4.4 The Unit Agreement Without Holders’ Obligations,dated as of August 29， 2008， between MorganStanley and The Bank of New York Mellon, as UnitAgent, as Trustee and Paying Agent under theSenior Indenture referred to therein and as WarrantAgent under the Warrant Agreement referred totherein (Exhibit 4.1 to Morgan Stanley's current report on Form 8-K dated August 29, 2008).4.5 Subordinated Indenture dated as of October 1, 2004between Morgan Stanley and The Bank ofNew York, as trustee (Exhibit 4-g to MorganStanley's Registration Statement on Form S-3/A(No. 333-117752)).4.6 JuniorSubordinated Indenture dated asofOctober 12, 2006 between Morgan Stanley and TheBank of New York,as trustee (Exhibit 4.1 toMorgan Stanley's current report on Form 8-K datedOctober 12, 2006).4.7 Deposit Agreement dated as of July 6. 2006 amongMorgan Stanley, JPMorgan Chase Bank, N.A. andthe holders from time to time of the depositaryreceipts described therein (Exhibit 4.3 to MorganStanley's quarterly report on Form 10-Q for thequarter ended May 31, 2006).","SupplementalSeniorIndenture datedasofDecember 1, 2008 (Exhibit 4.1 to Morgan Stanley'scurrent report on Form 8-K dated December1,2008), Fifth Supplemental Senior Indenture dated asof April 1, 2009 (Exhibit 4 to Morgan Stanley'squarterly report on Form 10-Q for the quarter endedMarch 31,2009)，Sixth Supplemental SeniorIndenture dated as of September 16,2011 (Exhibit4.1 to Morgan Stanley's quarterly report on Form10-Q for the quarter ended September 30,2011),Seventh Supplemental Senior Indenture dated as ofNovember 21,2011(Exhibit4.4to MorganStanley's annual report on Form 10-K for the yearended December 31,2011),Eighth SupplementalSeniorIndenture dated asof May 4,2012(Exhibit 4.1 to Morgan Stanley's quarterly report onForm 10-Q for the quarter ended June 30, 2012),Ninth Supplemental Senior Indenture dated as ofMarch 10, 2014 (Exhibit 4.1 to Morgan Stanley'squarterly report on Form 1O-Q for the quarter endedMarch 31, 2014) and Tenth Supplemental SeniorIndenture dated as of January 11, 2017 (Exhibit 4.1to Morgan Stanley's current report on Form 8-Kdated January 11,2017).4.4 The Unit Agreement Without Holders’ Obligations,dated as of August 29， 2008， between MorganStanley and The Bank of New York Mellon, as UnitAgent, as Trustee and Paying Agent under theSenior Indenture referred to therein and as WarrantAgent under the Warrant Agreement referred totherein (Exhibit 4.1 to Morgan Stanley's current report on Form 8-K dated August 29, 2008).4.5 Subordinated Indenture dated as of October 1, 2004between Morgan Stanley and The Bank ofNew York, as trustee (Exhibit 4-g to MorganStanley's Registration Statement on Form S-3/A(No. 333-117752)).4.6 JuniorSubordinated Indenture dated asofOctober 12, 2006 between Morgan Stanley and TheBank of New York,as trustee (Exhibit 4.1 toMorgan Stanley's current report on Form 8-K datedOctober 12, 2006).4.7 Deposit Agreement dated as of July 6. 2006 amongMorgan Stanley, JPMorgan Chase Bank, N.A. andthe holders from time to time of the depositaryreceipts described therein (Exhibit 4.3 to MorganStanley's quarterly report on Form 10-Q for thequarter ended May 31, 2006).","SupplementalSeniorIndenture datedasofDecember 1, 2008 (Exhibit 4.1 to Morgan Stanley'scurrent report on Form 8-K dated December1,2008), Fifth Supplemental Senior Indenture dated asof April 1, 2009 (Exhibit 4 to Morgan Stanley'squarterly report on Form 10-Q for the quarter endedMarch 31,2009)，Sixth Supplemental SeniorIndenture dated as of September 16,2011 (Exhibit4.1 to Morgan Stanley's quarterly report on Form10-Q for the quarter ended September 30,2011),Seventh Supplemental Senior Indenture dated as ofNovember 21,2011(Exhibit4.4to MorganStanley's annual report on Form 10-K for the yearended December 31,2011),Eighth SupplementalSeniorIndenture dated asof May 4,2012(Exhibit 4.1 to Morgan Stanley's quarterly report onForm 10-Q for the quarter ended June 30, 2012),Ninth Supplemental Senior Indenture dated as ofMarch 10, 2014 (Exhibit 4.1 to Morgan Stanley'squarterly report on Form 1O-Q for the quarter endedMarch 31, 2014) and Tenth Supplemental SeniorIndenture dated as of January 11, 2017 (Exhibit 4.1to Morgan Stanley's current report on Form 8-Kdated January 11,2017).4.4 The Unit Agreement Without Holders’ Obligations,dated as of August 29， 2008， between MorganStanley and The Bank of New York Mellon, as UnitAgent, as Trustee and Paying Agent under theSenior Indenture referred to therein and as WarrantAgent under the Warrant Agreement referred totherein (Exhibit 4.1 to Morgan Stanley's current report on Form 8-K dated August 29, 2008).4.5 Subordinated Indenture dated as of October 1, 2004between Morgan Stanley and The Bank ofNew York, as trustee (Exhibit 4-g to MorganStanley's Registration Statement on Form S-3/A(No. 333-117752)).4.6 JuniorSubordinated Indenture dated asofOctober 12, 2006 between Morgan Stanley and TheBank of New York,as trustee (Exhibit 4.1 toMorgan Stanley's current report on Form 8-K datedOctober 12, 2006).4.7 Deposit Agreement dated as of July 6. 2006 amongMorgan Stanley, JPMorgan Chase Bank, N.A. andthe holders from time to time of the depositaryreceipts described therein (Exhibit 4.3 to MorganStanley's quarterly report on Form 10-Q for thequarter ended May 31, 2006).","SupplementalSeniorIndenture datedasofDecember 1, 2008 (Exhibit 4.1 to Morgan Stanley'scurrent report on Form 8-K dated December1,2008), Fifth Supplemental Senior Indenture dated asof April 1, 2009 (Exhibit 4 to Morgan Stanley'squarterly report on Form 10-Q for the quarter endedMarch 31,2009)，Sixth Supplemental SeniorIndenture dated as of September 16,2011 (Exhibit4.1 to Morgan Stanley's quarterly report on Form10-Q for the quarter ended September 30,2011),Seventh Supplemental Senior Indenture dated as ofNovember 21,2011(Exhibit4.4to MorganStanley's annual report on Form 10-K for the yearended December 31,2011),Eighth SupplementalSeniorIndenture dated asof May 4,2012(Exhibit 4.1 to Morgan Stanley's quarterly report onForm 10-Q for the quarter ended June 30, 2012),Ninth Supplemental Senior Indenture dated as ofMarch 10, 2014 (Exhibit 4.1 to Morgan Stanley'squarterly report on Form 1O-Q for the quarter endedMarch 31, 2014) and Tenth Supplemental SeniorIndenture dated as of January 11, 2017 (Exhibit 4.1to Morgan Stanley's current report on Form 8-Kdated January 11,2017).4.4 The Unit Agreement Without Holders’ Obligations,dated as of August 29， 2008， between MorganStanley and The Bank of New York Mellon, as UnitAgent, as Trustee and Paying Agent under theSenior Indenture referred to therein and as WarrantAgent under the Warrant Agreement referred totherein (Exhibit 4.1 to Morgan Stanley's current report on Form 8-K dated August 29, 2008).4.5 Subordinated Indenture dated as of October 1, 2004between Morgan Stanley and The Bank ofNew York, as trustee (Exhibit 4-g to MorganStanley's Registration Statement on Form S-3/A(No. 333-117752)).4.6 JuniorSubordinated Indenture dated asofOctober 12, 2006 between Morgan Stanley and TheBank of New York,as trustee (Exhibit 4.1 toMorgan Stanley's current report on Form 8-K datedOctober 12, 2006).4.7 Deposit Agreement dated as of July 6. 2006 amongMorgan Stanley, JPMorgan Chase Bank, N.A. andthe holders from time to time of the depositaryreceipts described therein (Exhibit 4.3 to MorganStanley's quarterly report on Form 10-Q for thequarter ended May 31, 2006).","Form 10-Q for the quarter ended June 30, 2012),","Form 10-Q for the quarter ended June 30, 2012),","Form 10-Q for the quarter ended June 30, 2012),",,,,4.1,4.1,4.1,4.1,4.13,4.13,4.13,"December 9, 2013).DepositaryReceiptforDepositaryShares,",,,
"SupplementalSeniorIndenture datedasofDecember 1, 2008 (Exhibit 4.1 to Morgan Stanley'scurrent report on Form 8-K dated December1,2008), Fifth Supplemental Senior Indenture dated asof April 1, 2009 (Exhibit 4 to Morgan Stanley'squarterly report on Form 10-Q for the quarter endedMarch 31,2009)，Sixth Supplemental SeniorIndenture dated as of September 16,2011 (Exhibit4.1 to Morgan Stanley's quarterly report on Form10-Q for the quarter ended September 30,2011),Seventh Supplemental Senior Indenture dated as ofNovember 21,2011(Exhibit4.4to MorganStanley's annual report on Form 10-K for the yearended December 31,2011),Eighth SupplementalSeniorIndenture dated asof May 4,2012(Exhibit 4.1 to Morgan Stanley's quarterly report onForm 10-Q for the quarter ended June 30, 2012),Ninth Supplemental Senior Indenture dated as ofMarch 10, 2014 (Exhibit 4.1 to Morgan Stanley'squarterly report on Form 1O-Q for the quarter endedMarch 31, 2014) and Tenth Supplemental SeniorIndenture dated as of January 11, 2017 (Exhibit 4.1to Morgan Stanley's current report on Form 8-Kdated January 11,2017).4.4 The Unit Agreement Without Holders’ Obligations,dated as of August 29， 2008， between MorganStanley and The Bank of New York Mellon, as UnitAgent, as Trustee and Paying Agent under theSenior Indenture referred to therein and as WarrantAgent under the Warrant Agreement referred totherein (Exhibit 4.1 to Morgan Stanley's current report on Form 8-K dated August 29, 2008).4.5 Subordinated Indenture dated as of October 1, 2004between Morgan Stanley and The Bank ofNew York, as trustee (Exhibit 4-g to MorganStanley's Registration Statement on Form S-3/A(No. 333-117752)).4.6 JuniorSubordinated Indenture dated asofOctober 12, 2006 between Morgan Stanley and TheBank of New York,as trustee (Exhibit 4.1 toMorgan Stanley's current report on Form 8-K datedOctober 12, 2006).4.7 Deposit Agreement dated as of July 6. 2006 amongMorgan Stanley, JPMorgan Chase Bank, N.A. andthe holders from time to time of the depositaryreceipts described therein (Exhibit 4.3 to MorganStanley's quarterly report on Form 10-Q for thequarter ended May 31, 2006).","SupplementalSeniorIndenture datedasofDecember 1, 2008 (Exhibit 4.1 to Morgan Stanley'scurrent report on Form 8-K dated December1,2008), Fifth Supplemental Senior Indenture dated asof April 1, 2009 (Exhibit 4 to Morgan Stanley'squarterly report on Form 10-Q for the quarter endedMarch 31,2009)，Sixth Supplemental SeniorIndenture dated as of September 16,2011 (Exhibit4.1 to Morgan Stanley's quarterly report on Form10-Q for the quarter ended September 30,2011),Seventh Supplemental Senior Indenture dated as ofNovember 21,2011(Exhibit4.4to MorganStanley's annual report on Form 10-K for the yearended December 31,2011),Eighth SupplementalSeniorIndenture dated asof May 4,2012(Exhibit 4.1 to Morgan Stanley's quarterly report onForm 10-Q for the quarter ended June 30, 2012),Ninth Supplemental Senior Indenture dated as ofMarch 10, 2014 (Exhibit 4.1 to Morgan Stanley'squarterly report on Form 1O-Q for the quarter endedMarch 31, 2014) and Tenth Supplemental SeniorIndenture dated as of January 11, 2017 (Exhibit 4.1to Morgan Stanley's current report on Form 8-Kdated January 11,2017).4.4 The Unit Agreement Without Holders’ Obligations,dated as of August 29， 2008， between MorganStanley and The Bank of New York Mellon, as UnitAgent, as Trustee and Paying Agent under theSenior Indenture referred to therein and as WarrantAgent under the Warrant Agreement referred totherein (Exhibit 4.1 to Morgan Stanley's current report on Form 8-K dated August 29, 2008).4.5 Subordinated Indenture dated as of October 1, 2004between Morgan Stanley and The Bank ofNew York, as trustee (Exhibit 4-g to MorganStanley's Registration Statement on Form S-3/A(No. 333-117752)).4.6 JuniorSubordinated Indenture dated asofOctober 12, 2006 between Morgan Stanley and TheBank of New York,as trustee (Exhibit 4.1 toMorgan Stanley's current report on Form 8-K datedOctober 12, 2006).4.7 Deposit Agreement dated as of July 6. 2006 amongMorgan Stanley, JPMorgan Chase Bank, N.A. andthe holders from time to time of the depositaryreceipts described therein (Exhibit 4.3 to MorganStanley's quarterly report on Form 10-Q for thequarter ended May 31, 2006).","SupplementalSeniorIndenture datedasofDecember 1, 2008 (Exhibit 4.1 to Morgan Stanley'scurrent report on Form 8-K dated December1,2008), Fifth Supplemental Senior Indenture dated asof April 1, 2009 (Exhibit 4 to Morgan Stanley'squarterly report on Form 10-Q for the quarter endedMarch 31,2009)，Sixth Supplemental SeniorIndenture dated as of September 16,2011 (Exhibit4.1 to Morgan Stanley's quarterly report on Form10-Q for the quarter ended September 30,2011),Seventh Supplemental Senior Indenture dated as ofNovember 21,2011(Exhibit4.4to MorganStanley's annual report on Form 10-K for the yearended December 31,2011),Eighth SupplementalSeniorIndenture dated asof May 4,2012(Exhibit 4.1 to Morgan Stanley's quarterly report onForm 10-Q for the quarter ended June 30, 2012),Ninth Supplemental Senior Indenture dated as ofMarch 10, 2014 (Exhibit 4.1 to Morgan Stanley'squarterly report on Form 1O-Q for the quarter endedMarch 31, 2014) and Tenth Supplemental SeniorIndenture dated as of January 11, 2017 (Exhibit 4.1to Morgan Stanley's current report on Form 8-Kdated January 11,2017).4.4 The Unit Agreement Without Holders’ Obligations,dated as of August 29， 2008， between MorganStanley and The Bank of New York Mellon, as UnitAgent, as Trustee and Paying Agent under theSenior Indenture referred to therein and as WarrantAgent under the Warrant Agreement referred totherein (Exhibit 4.1 to Morgan Stanley's current report on Form 8-K dated August 29, 2008).4.5 Subordinated Indenture dated as of October 1, 2004between Morgan Stanley and The Bank ofNew York, as trustee (Exhibit 4-g to MorganStanley's Registration Statement on Form S-3/A(No. 333-117752)).4.6 JuniorSubordinated Indenture dated asofOctober 12, 2006 between Morgan Stanley and TheBank of New York,as trustee (Exhibit 4.1 toMorgan Stanley's current report on Form 8-K datedOctober 12, 2006).4.7 Deposit Agreement dated as of July 6. 2006 amongMorgan Stanley, JPMorgan Chase Bank, N.A. andthe holders from time to time of the depositaryreceipts described therein (Exhibit 4.3 to MorganStanley's quarterly report on Form 10-Q for thequarter ended May 31, 2006).","SupplementalSeniorIndenture datedasofDecember 1, 2008 (Exhibit 4.1 to Morgan Stanley'scurrent report on Form 8-K dated December1,2008), Fifth Supplemental Senior Indenture dated asof April 1, 2009 (Exhibit 4 to Morgan Stanley'squarterly report on Form 10-Q for the quarter endedMarch 31,2009)，Sixth Supplemental SeniorIndenture dated as of September 16,2011 (Exhibit4.1 to Morgan Stanley's quarterly report on Form10-Q for the quarter ended September 30,2011),Seventh Supplemental Senior Indenture dated as ofNovember 21,2011(Exhibit4.4to MorganStanley's annual report on Form 10-K for the yearended December 31,2011),Eighth SupplementalSeniorIndenture dated asof May 4,2012(Exhibit 4.1 to Morgan Stanley's quarterly report onForm 10-Q for the quarter ended June 30, 2012),Ninth Supplemental Senior Indenture dated as ofMarch 10, 2014 (Exhibit 4.1 to Morgan Stanley'squarterly report on Form 1O-Q for the quarter endedMarch 31, 2014) and Tenth Supplemental SeniorIndenture dated as of January 11, 2017 (Exhibit 4.1to Morgan Stanley's current report on Form 8-Kdated January 11,2017).4.4 The Unit Agreement Without Holders’ Obligations,dated as of August 29， 2008， between MorganStanley and The Bank of New York Mellon, as UnitAgent, as Trustee and Paying Agent under theSenior Indenture referred to therein and as WarrantAgent under the Warrant Agreement referred totherein (Exhibit 4.1 to Morgan Stanley's current report on Form 8-K dated August 29, 2008).4.5 Subordinated Indenture dated as of October 1, 2004between Morgan Stanley and The Bank ofNew York, as trustee (Exhibit 4-g to MorganStanley's Registration Statement on Form S-3/A(No. 333-117752)).4.6 JuniorSubordinated Indenture dated asofOctober 12, 2006 between Morgan Stanley and TheBank of New York,as trustee (Exhibit 4.1 toMorgan Stanley's current report on Form 8-K datedOctober 12, 2006).4.7 Deposit Agreement dated as of July 6. 2006 amongMorgan Stanley, JPMorgan Chase Bank, N.A. andthe holders from time to time of the depositaryreceipts described therein (Exhibit 4.3 to MorganStanley's quarterly report on Form 10-Q for thequarter ended May 31, 2006).",Ninth Supplemental Senior Indenture dated as of,Ninth Supplemental Senior Indenture dated as of,Ninth Supplemental Senior Indenture dated as of,,,,,,,representingFixed-to-FloatingRateNon-,,,,,,,
"SupplementalSeniorIndenture datedasofDecember 1, 2008 (Exhibit 4.1 to Morgan Stanley'scurrent report on Form 8-K dated December1,2008), Fifth Supplemental Senior Indenture dated asof April 1, 2009 (Exhibit 4 to Morgan Stanley'squarterly report on Form 10-Q for the quarter endedMarch 31,2009)，Sixth Supplemental SeniorIndenture dated as of September 16,2011 (Exhibit4.1 to Morgan Stanley's quarterly report on Form10-Q for the quarter ended September 30,2011),Seventh Supplemental Senior Indenture dated as ofNovember 21,2011(Exhibit4.4to MorganStanley's annual report on Form 10-K for the yearended December 31,2011),Eighth SupplementalSeniorIndenture dated asof May 4,2012(Exhibit 4.1 to Morgan Stanley's quarterly report onForm 10-Q for the quarter ended June 30, 2012),Ninth Supplemental Senior Indenture dated as ofMarch 10, 2014 (Exhibit 4.1 to Morgan Stanley'squarterly report on Form 1O-Q for the quarter endedMarch 31, 2014) and Tenth Supplemental SeniorIndenture dated as of January 11, 2017 (Exhibit 4.1to Morgan Stanley's current report on Form 8-Kdated January 11,2017).4.4 The Unit Agreement Without Holders’ Obligations,dated as of August 29， 2008， between MorganStanley and The Bank of New York Mellon, as UnitAgent, as Trustee and Paying Agent under theSenior Indenture referred to therein and as WarrantAgent under the Warrant Agreement referred totherein (Exhibit 4.1 to Morgan Stanley's current report on Form 8-K dated August 29, 2008).4.5 Subordinated Indenture dated as of October 1, 2004between Morgan Stanley and The Bank ofNew York, as trustee (Exhibit 4-g to MorganStanley's Registration Statement on Form S-3/A(No. 333-117752)).4.6 JuniorSubordinated Indenture dated asofOctober 12, 2006 between Morgan Stanley and TheBank of New York,as trustee (Exhibit 4.1 toMorgan Stanley's current report on Form 8-K datedOctober 12, 2006).4.7 Deposit Agreement dated as of July 6. 2006 amongMorgan Stanley, JPMorgan Chase Bank, N.A. andthe holders from time to time of the depositaryreceipts described therein (Exhibit 4.3 to MorganStanley's quarterly report on Form 10-Q for thequarter ended May 31, 2006).","SupplementalSeniorIndenture datedasofDecember 1, 2008 (Exhibit 4.1 to Morgan Stanley'scurrent report on Form 8-K dated December1,2008), Fifth Supplemental Senior Indenture dated asof April 1, 2009 (Exhibit 4 to Morgan Stanley'squarterly report on Form 10-Q for the quarter endedMarch 31,2009)，Sixth Supplemental SeniorIndenture dated as of September 16,2011 (Exhibit4.1 to Morgan Stanley's quarterly report on Form10-Q for the quarter ended September 30,2011),Seventh Supplemental Senior Indenture dated as ofNovember 21,2011(Exhibit4.4to MorganStanley's annual report on Form 10-K for the yearended December 31,2011),Eighth SupplementalSeniorIndenture dated asof May 4,2012(Exhibit 4.1 to Morgan Stanley's quarterly report onForm 10-Q for the quarter ended June 30, 2012),Ninth Supplemental Senior Indenture dated as ofMarch 10, 2014 (Exhibit 4.1 to Morgan Stanley'squarterly report on Form 1O-Q for the quarter endedMarch 31, 2014) and Tenth Supplemental SeniorIndenture dated as of January 11, 2017 (Exhibit 4.1to Morgan Stanley's current report on Form 8-Kdated January 11,2017).4.4 The Unit Agreement Without Holders’ Obligations,dated as of August 29， 2008， between MorganStanley and The Bank of New York Mellon, as UnitAgent, as Trustee and Paying Agent under theSenior Indenture referred to therein and as WarrantAgent under the Warrant Agreement referred totherein (Exhibit 4.1 to Morgan Stanley's current report on Form 8-K dated August 29, 2008).4.5 Subordinated Indenture dated as of October 1, 2004between Morgan Stanley and The Bank ofNew York, as trustee (Exhibit 4-g to MorganStanley's Registration Statement on Form S-3/A(No. 333-117752)).4.6 JuniorSubordinated Indenture dated asofOctober 12, 2006 between Morgan Stanley and TheBank of New York,as trustee (Exhibit 4.1 toMorgan Stanley's current report on Form 8-K datedOctober 12, 2006).4.7 Deposit Agreement dated as of July 6. 2006 amongMorgan Stanley, JPMorgan Chase Bank, N.A. andthe holders from time to time of the depositaryreceipts described therein (Exhibit 4.3 to MorganStanley's quarterly report on Form 10-Q for thequarter ended May 31, 2006).","SupplementalSeniorIndenture datedasofDecember 1, 2008 (Exhibit 4.1 to Morgan Stanley'scurrent report on Form 8-K dated December1,2008), Fifth Supplemental Senior Indenture dated asof April 1, 2009 (Exhibit 4 to Morgan Stanley'squarterly report on Form 10-Q for the quarter endedMarch 31,2009)，Sixth Supplemental SeniorIndenture dated as of September 16,2011 (Exhibit4.1 to Morgan Stanley's quarterly report on Form10-Q for the quarter ended September 30,2011),Seventh Supplemental Senior Indenture dated as ofNovember 21,2011(Exhibit4.4to MorganStanley's annual report on Form 10-K for the yearended December 31,2011),Eighth SupplementalSeniorIndenture dated asof May 4,2012(Exhibit 4.1 to Morgan Stanley's quarterly report onForm 10-Q for the quarter ended June 30, 2012),Ninth Supplemental Senior Indenture dated as ofMarch 10, 2014 (Exhibit 4.1 to Morgan Stanley'squarterly report on Form 1O-Q for the quarter endedMarch 31, 2014) and Tenth Supplemental SeniorIndenture dated as of January 11, 2017 (Exhibit 4.1to Morgan Stanley's current report on Form 8-Kdated January 11,2017).4.4 The Unit Agreement Without Holders’ Obligations,dated as of August 29， 2008， between MorganStanley and The Bank of New York Mellon, as UnitAgent, as Trustee and Paying Agent under theSenior Indenture referred to therein and as WarrantAgent under the Warrant Agreement referred totherein (Exhibit 4.1 to Morgan Stanley's current report on Form 8-K dated August 29, 2008).4.5 Subordinated Indenture dated as of October 1, 2004between Morgan Stanley and The Bank ofNew York, as trustee (Exhibit 4-g to MorganStanley's Registration Statement on Form S-3/A(No. 333-117752)).4.6 JuniorSubordinated Indenture dated asofOctober 12, 2006 between Morgan Stanley and TheBank of New York,as trustee (Exhibit 4.1 toMorgan Stanley's current report on Form 8-K datedOctober 12, 2006).4.7 Deposit Agreement dated as of July 6. 2006 amongMorgan Stanley, JPMorgan Chase Bank, N.A. andthe holders from time to time of the depositaryreceipts described therein (Exhibit 4.3 to MorganStanley's quarterly report on Form 10-Q for thequarter ended May 31, 2006).","SupplementalSeniorIndenture datedasofDecember 1, 2008 (Exhibit 4.1 to Morgan Stanley'scurrent report on Form 8-K dated December1,2008), Fifth Supplemental Senior Indenture dated asof April 1, 2009 (Exhibit 4 to Morgan Stanley'squarterly report on Form 10-Q for the quarter endedMarch 31,2009)，Sixth Supplemental SeniorIndenture dated as of September 16,2011 (Exhibit4.1 to Morgan Stanley's quarterly report on Form10-Q for the quarter ended September 30,2011),Seventh Supplemental Senior Indenture dated as ofNovember 21,2011(Exhibit4.4to MorganStanley's annual report on Form 10-K for the yearended December 31,2011),Eighth SupplementalSeniorIndenture dated asof May 4,2012(Exhibit 4.1 to Morgan Stanley's quarterly report onForm 10-Q for the quarter ended June 30, 2012),Ninth Supplemental Senior Indenture dated as ofMarch 10, 2014 (Exhibit 4.1 to Morgan Stanley'squarterly report on Form 1O-Q for the quarter endedMarch 31, 2014) and Tenth Supplemental SeniorIndenture dated as of January 11, 2017 (Exhibit 4.1to Morgan Stanley's current report on Form 8-Kdated January 11,2017).4.4 The Unit Agreement Without Holders’ Obligations,dated as of August 29， 2008， between MorganStanley and The Bank of New York Mellon, as UnitAgent, as Trustee and Paying Agent under theSenior Indenture referred to therein and as WarrantAgent under the Warrant Agreement referred totherein (Exhibit 4.1 to Morgan Stanley's current report on Form 8-K dated August 29, 2008).4.5 Subordinated Indenture dated as of October 1, 2004between Morgan Stanley and The Bank ofNew York, as trustee (Exhibit 4-g to MorganStanley's Registration Statement on Form S-3/A(No. 333-117752)).4.6 JuniorSubordinated Indenture dated asofOctober 12, 2006 between Morgan Stanley and TheBank of New York,as trustee (Exhibit 4.1 toMorgan Stanley's current report on Form 8-K datedOctober 12, 2006).4.7 Deposit Agreement dated as of July 6. 2006 amongMorgan Stanley, JPMorgan Chase Bank, N.A. andthe holders from time to time of the depositaryreceipts described therein (Exhibit 4.3 to MorganStanley's quarterly report on Form 10-Q for thequarter ended May 31, 2006).","March 10, 2014 (Exhibit 4.1 to Morgan Stanley's","March 10, 2014 (Exhibit 4.1 to Morgan Stanley's","March 10, 2014 (Exhibit 4.1 to Morgan Stanley's",,,,,,,"Cumulative Preferred Stock, Series F (included in",,,,,,,
"SupplementalSeniorIndenture datedasofDecember 1, 2008 (Exhibit 4.1 to Morgan Stanley'scurrent report on Form 8-K dated December1,2008), Fifth Supplemental Senior Indenture dated asof April 1, 2009 (Exhibit 4 to Morgan Stanley'squarterly report on Form 10-Q for the quarter endedMarch 31,2009)，Sixth Supplemental SeniorIndenture dated as of September 16,2011 (Exhibit4.1 to Morgan Stanley's quarterly report on Form10-Q for the quarter ended September 30,2011),Seventh Supplemental Senior Indenture dated as ofNovember 21,2011(Exhibit4.4to MorganStanley's annual report on Form 10-K for the yearended December 31,2011),Eighth SupplementalSeniorIndenture dated asof May 4,2012(Exhibit 4.1 to Morgan Stanley's quarterly report onForm 10-Q for the quarter ended June 30, 2012),Ninth Supplemental Senior Indenture dated as ofMarch 10, 2014 (Exhibit 4.1 to Morgan Stanley'squarterly report on Form 1O-Q for the quarter endedMarch 31, 2014) and Tenth Supplemental SeniorIndenture dated as of January 11, 2017 (Exhibit 4.1to Morgan Stanley's current report on Form 8-Kdated January 11,2017).4.4 The Unit Agreement Without Holders’ Obligations,dated as of August 29， 2008， between MorganStanley and The Bank of New York Mellon, as UnitAgent, as Trustee and Paying Agent under theSenior Indenture referred to therein and as WarrantAgent under the Warrant Agreement referred totherein (Exhibit 4.1 to Morgan Stanley's current report on Form 8-K dated August 29, 2008).4.5 Subordinated Indenture dated as of October 1, 2004between Morgan Stanley and The Bank ofNew York, as trustee (Exhibit 4-g to MorganStanley's Registration Statement on Form S-3/A(No. 333-117752)).4.6 JuniorSubordinated Indenture dated asofOctober 12, 2006 between Morgan Stanley and TheBank of New York,as trustee (Exhibit 4.1 toMorgan Stanley's current report on Form 8-K datedOctober 12, 2006).4.7 Deposit Agreement dated as of July 6. 2006 amongMorgan Stanley, JPMorgan Chase Bank, N.A. andthe holders from time to time of the depositaryreceipts described therein (Exhibit 4.3 to MorganStanley's quarterly report on Form 10-Q for thequarter ended May 31, 2006).","SupplementalSeniorIndenture datedasofDecember 1, 2008 (Exhibit 4.1 to Morgan Stanley'scurrent report on Form 8-K dated December1,2008), Fifth Supplemental Senior Indenture dated asof April 1, 2009 (Exhibit 4 to Morgan Stanley'squarterly report on Form 10-Q for the quarter endedMarch 31,2009)，Sixth Supplemental SeniorIndenture dated as of September 16,2011 (Exhibit4.1 to Morgan Stanley's quarterly report on Form10-Q for the quarter ended September 30,2011),Seventh Supplemental Senior Indenture dated as ofNovember 21,2011(Exhibit4.4to MorganStanley's annual report on Form 10-K for the yearended December 31,2011),Eighth SupplementalSeniorIndenture dated asof May 4,2012(Exhibit 4.1 to Morgan Stanley's quarterly report onForm 10-Q for the quarter ended June 30, 2012),Ninth Supplemental Senior Indenture dated as ofMarch 10, 2014 (Exhibit 4.1 to Morgan Stanley'squarterly report on Form 1O-Q for the quarter endedMarch 31, 2014) and Tenth Supplemental SeniorIndenture dated as of January 11, 2017 (Exhibit 4.1to Morgan Stanley's current report on Form 8-Kdated January 11,2017).4.4 The Unit Agreement Without Holders’ Obligations,dated as of August 29， 2008， between MorganStanley and The Bank of New York Mellon, as UnitAgent, as Trustee and Paying Agent under theSenior Indenture referred to therein and as WarrantAgent under the Warrant Agreement referred totherein (Exhibit 4.1 to Morgan Stanley's current report on Form 8-K dated August 29, 2008).4.5 Subordinated Indenture dated as of October 1, 2004between Morgan Stanley and The Bank ofNew York, as trustee (Exhibit 4-g to MorganStanley's Registration Statement on Form S-3/A(No. 333-117752)).4.6 JuniorSubordinated Indenture dated asofOctober 12, 2006 between Morgan Stanley and TheBank of New York,as trustee (Exhibit 4.1 toMorgan Stanley's current report on Form 8-K datedOctober 12, 2006).4.7 Deposit Agreement dated as of July 6. 2006 amongMorgan Stanley, JPMorgan Chase Bank, N.A. andthe holders from time to time of the depositaryreceipts described therein (Exhibit 4.3 to MorganStanley's quarterly report on Form 10-Q for thequarter ended May 31, 2006).","SupplementalSeniorIndenture datedasofDecember 1, 2008 (Exhibit 4.1 to Morgan Stanley'scurrent report on Form 8-K dated December1,2008), Fifth Supplemental Senior Indenture dated asof April 1, 2009 (Exhibit 4 to Morgan Stanley'squarterly report on Form 10-Q for the quarter endedMarch 31,2009)，Sixth Supplemental SeniorIndenture dated as of September 16,2011 (Exhibit4.1 to Morgan Stanley's quarterly report on Form10-Q for the quarter ended September 30,2011),Seventh Supplemental Senior Indenture dated as ofNovember 21,2011(Exhibit4.4to MorganStanley's annual report on Form 10-K for the yearended December 31,2011),Eighth SupplementalSeniorIndenture dated asof May 4,2012(Exhibit 4.1 to Morgan Stanley's quarterly report onForm 10-Q for the quarter ended June 30, 2012),Ninth Supplemental Senior Indenture dated as ofMarch 10, 2014 (Exhibit 4.1 to Morgan Stanley'squarterly report on Form 1O-Q for the quarter endedMarch 31, 2014) and Tenth Supplemental SeniorIndenture dated as of January 11, 2017 (Exhibit 4.1to Morgan Stanley's current report on Form 8-Kdated January 11,2017).4.4 The Unit Agreement Without Holders’ Obligations,dated as of August 29， 2008， between MorganStanley and The Bank of New York Mellon, as UnitAgent, as Trustee and Paying Agent under theSenior Indenture referred to therein and as WarrantAgent under the Warrant Agreement referred totherein (Exhibit 4.1 to Morgan Stanley's current report on Form 8-K dated August 29, 2008).4.5 Subordinated Indenture dated as of October 1, 2004between Morgan Stanley and The Bank ofNew York, as trustee (Exhibit 4-g to MorganStanley's Registration Statement on Form S-3/A(No. 333-117752)).4.6 JuniorSubordinated Indenture dated asofOctober 12, 2006 between Morgan Stanley and TheBank of New York,as trustee (Exhibit 4.1 toMorgan Stanley's current report on Form 8-K datedOctober 12, 2006).4.7 Deposit Agreement dated as of July 6. 2006 amongMorgan Stanley, JPMorgan Chase Bank, N.A. andthe holders from time to time of the depositaryreceipts described therein (Exhibit 4.3 to MorganStanley's quarterly report on Form 10-Q for thequarter ended May 31, 2006).","SupplementalSeniorIndenture datedasofDecember 1, 2008 (Exhibit 4.1 to Morgan Stanley'scurrent report on Form 8-K dated December1,2008), Fifth Supplemental Senior Indenture dated asof April 1, 2009 (Exhibit 4 to Morgan Stanley'squarterly report on Form 10-Q for the quarter endedMarch 31,2009)，Sixth Supplemental SeniorIndenture dated as of September 16,2011 (Exhibit4.1 to Morgan Stanley's quarterly report on Form10-Q for the quarter ended September 30,2011),Seventh Supplemental Senior Indenture dated as ofNovember 21,2011(Exhibit4.4to MorganStanley's annual report on Form 10-K for the yearended December 31,2011),Eighth SupplementalSeniorIndenture dated asof May 4,2012(Exhibit 4.1 to Morgan Stanley's quarterly report onForm 10-Q for the quarter ended June 30, 2012),Ninth Supplemental Senior Indenture dated as ofMarch 10, 2014 (Exhibit 4.1 to Morgan Stanley'squarterly report on Form 1O-Q for the quarter endedMarch 31, 2014) and Tenth Supplemental SeniorIndenture dated as of January 11, 2017 (Exhibit 4.1to Morgan Stanley's current report on Form 8-Kdated January 11,2017).4.4 The Unit Agreement Without Holders’ Obligations,dated as of August 29， 2008， between MorganStanley and The Bank of New York Mellon, as UnitAgent, as Trustee and Paying Agent under theSenior Indenture referred to therein and as WarrantAgent under the Warrant Agreement referred totherein (Exhibit 4.1 to Morgan Stanley's current report on Form 8-K dated August 29, 2008).4.5 Subordinated Indenture dated as of October 1, 2004between Morgan Stanley and The Bank ofNew York, as trustee (Exhibit 4-g to MorganStanley's Registration Statement on Form S-3/A(No. 333-117752)).4.6 JuniorSubordinated Indenture dated asofOctober 12, 2006 between Morgan Stanley and TheBank of New York,as trustee (Exhibit 4.1 toMorgan Stanley's current report on Form 8-K datedOctober 12, 2006).4.7 Deposit Agreement dated as of July 6. 2006 amongMorgan Stanley, JPMorgan Chase Bank, N.A. andthe holders from time to time of the depositaryreceipts described therein (Exhibit 4.3 to MorganStanley's quarterly report on Form 10-Q for thequarter ended May 31, 2006).",quarterly report on Form 1O-Q for the quarter ended,quarterly report on Form 1O-Q for the quarter ended,quarterly report on Form 1O-Q for the quarter ended,4.14,4.14,4.14,4.14,4.14,4.14,Exhibit 4.12 hereto).Form of Deposit Agreement among Morgan,,,,,,,
"SupplementalSeniorIndenture datedasofDecember 1, 2008 (Exhibit 4.1 to Morgan Stanley'scurrent report on Form 8-K dated December1,2008), Fifth Supplemental Senior Indenture dated asof April 1, 2009 (Exhibit 4 to Morgan Stanley'squarterly report on Form 10-Q for the quarter endedMarch 31,2009)，Sixth Supplemental SeniorIndenture dated as of September 16,2011 (Exhibit4.1 to Morgan Stanley's quarterly report on Form10-Q for the quarter ended September 30,2011),Seventh Supplemental Senior Indenture dated as ofNovember 21,2011(Exhibit4.4to MorganStanley's annual report on Form 10-K for the yearended December 31,2011),Eighth SupplementalSeniorIndenture dated asof May 4,2012(Exhibit 4.1 to Morgan Stanley's quarterly report onForm 10-Q for the quarter ended June 30, 2012),Ninth Supplemental Senior Indenture dated as ofMarch 10, 2014 (Exhibit 4.1 to Morgan Stanley'squarterly report on Form 1O-Q for the quarter endedMarch 31, 2014) and Tenth Supplemental SeniorIndenture dated as of January 11, 2017 (Exhibit 4.1to Morgan Stanley's current report on Form 8-Kdated January 11,2017).4.4 The Unit Agreement Without Holders’ Obligations,dated as of August 29， 2008， between MorganStanley and The Bank of New York Mellon, as UnitAgent, as Trustee and Paying Agent under theSenior Indenture referred to therein and as WarrantAgent under the Warrant Agreement referred totherein (Exhibit 4.1 to Morgan Stanley's current report on Form 8-K dated August 29, 2008).4.5 Subordinated Indenture dated as of October 1, 2004between Morgan Stanley and The Bank ofNew York, as trustee (Exhibit 4-g to MorganStanley's Registration Statement on Form S-3/A(No. 333-117752)).4.6 JuniorSubordinated Indenture dated asofOctober 12, 2006 between Morgan Stanley and TheBank of New York,as trustee (Exhibit 4.1 toMorgan Stanley's current report on Form 8-K datedOctober 12, 2006).4.7 Deposit Agreement dated as of July 6. 2006 amongMorgan Stanley, JPMorgan Chase Bank, N.A. andthe holders from time to time of the depositaryreceipts described therein (Exhibit 4.3 to MorganStanley's quarterly report on Form 10-Q for thequarter ended May 31, 2006).","SupplementalSeniorIndenture datedasofDecember 1, 2008 (Exhibit 4.1 to Morgan Stanley'scurrent report on Form 8-K dated December1,2008), Fifth Supplemental Senior Indenture dated asof April 1, 2009 (Exhibit 4 to Morgan Stanley'squarterly report on Form 10-Q for the quarter endedMarch 31,2009)，Sixth Supplemental SeniorIndenture dated as of September 16,2011 (Exhibit4.1 to Morgan Stanley's quarterly report on Form10-Q for the quarter ended September 30,2011),Seventh Supplemental Senior Indenture dated as ofNovember 21,2011(Exhibit4.4to MorganStanley's annual report on Form 10-K for the yearended December 31,2011),Eighth SupplementalSeniorIndenture dated asof May 4,2012(Exhibit 4.1 to Morgan Stanley's quarterly report onForm 10-Q for the quarter ended June 30, 2012),Ninth Supplemental Senior Indenture dated as ofMarch 10, 2014 (Exhibit 4.1 to Morgan Stanley'squarterly report on Form 1O-Q for the quarter endedMarch 31, 2014) and Tenth Supplemental SeniorIndenture dated as of January 11, 2017 (Exhibit 4.1to Morgan Stanley's current report on Form 8-Kdated January 11,2017).4.4 The Unit Agreement Without Holders’ Obligations,dated as of August 29， 2008， between MorganStanley and The Bank of New York Mellon, as UnitAgent, as Trustee and Paying Agent under theSenior Indenture referred to therein and as WarrantAgent under the Warrant Agreement referred totherein (Exhibit 4.1 to Morgan Stanley's current report on Form 8-K dated August 29, 2008).4.5 Subordinated Indenture dated as of October 1, 2004between Morgan Stanley and The Bank ofNew York, as trustee (Exhibit 4-g to MorganStanley's Registration Statement on Form S-3/A(No. 333-117752)).4.6 JuniorSubordinated Indenture dated asofOctober 12, 2006 between Morgan Stanley and TheBank of New York,as trustee (Exhibit 4.1 toMorgan Stanley's current report on Form 8-K datedOctober 12, 2006).4.7 Deposit Agreement dated as of July 6. 2006 amongMorgan Stanley, JPMorgan Chase Bank, N.A. andthe holders from time to time of the depositaryreceipts described therein (Exhibit 4.3 to MorganStanley's quarterly report on Form 10-Q for thequarter ended May 31, 2006).","SupplementalSeniorIndenture datedasofDecember 1, 2008 (Exhibit 4.1 to Morgan Stanley'scurrent report on Form 8-K dated December1,2008), Fifth Supplemental Senior Indenture dated asof April 1, 2009 (Exhibit 4 to Morgan Stanley'squarterly report on Form 10-Q for the quarter endedMarch 31,2009)，Sixth Supplemental SeniorIndenture dated as of September 16,2011 (Exhibit4.1 to Morgan Stanley's quarterly report on Form10-Q for the quarter ended September 30,2011),Seventh Supplemental Senior Indenture dated as ofNovember 21,2011(Exhibit4.4to MorganStanley's annual report on Form 10-K for the yearended December 31,2011),Eighth SupplementalSeniorIndenture dated asof May 4,2012(Exhibit 4.1 to Morgan Stanley's quarterly report onForm 10-Q for the quarter ended June 30, 2012),Ninth Supplemental Senior Indenture dated as ofMarch 10, 2014 (Exhibit 4.1 to Morgan Stanley'squarterly report on Form 1O-Q for the quarter endedMarch 31, 2014) and Tenth Supplemental SeniorIndenture dated as of January 11, 2017 (Exhibit 4.1to Morgan Stanley's current report on Form 8-Kdated January 11,2017).4.4 The Unit Agreement Without Holders’ Obligations,dated as of August 29， 2008， between MorganStanley and The Bank of New York Mellon, as UnitAgent, as Trustee and Paying Agent under theSenior Indenture referred to therein and as WarrantAgent under the Warrant Agreement referred totherein (Exhibit 4.1 to Morgan Stanley's current report on Form 8-K dated August 29, 2008).4.5 Subordinated Indenture dated as of October 1, 2004between Morgan Stanley and The Bank ofNew York, as trustee (Exhibit 4-g to MorganStanley's Registration Statement on Form S-3/A(No. 333-117752)).4.6 JuniorSubordinated Indenture dated asofOctober 12, 2006 between Morgan Stanley and TheBank of New York,as trustee (Exhibit 4.1 toMorgan Stanley's current report on Form 8-K datedOctober 12, 2006).4.7 Deposit Agreement dated as of July 6. 2006 amongMorgan Stanley, JPMorgan Chase Bank, N.A. andthe holders from time to time of the depositaryreceipts described therein (Exhibit 4.3 to MorganStanley's quarterly report on Form 10-Q for thequarter ended May 31, 2006).","SupplementalSeniorIndenture datedasofDecember 1, 2008 (Exhibit 4.1 to Morgan Stanley'scurrent report on Form 8-K dated December1,2008), Fifth Supplemental Senior Indenture dated asof April 1, 2009 (Exhibit 4 to Morgan Stanley'squarterly report on Form 10-Q for the quarter endedMarch 31,2009)，Sixth Supplemental SeniorIndenture dated as of September 16,2011 (Exhibit4.1 to Morgan Stanley's quarterly report on Form10-Q for the quarter ended September 30,2011),Seventh Supplemental Senior Indenture dated as ofNovember 21,2011(Exhibit4.4to MorganStanley's annual report on Form 10-K for the yearended December 31,2011),Eighth SupplementalSeniorIndenture dated asof May 4,2012(Exhibit 4.1 to Morgan Stanley's quarterly report onForm 10-Q for the quarter ended June 30, 2012),Ninth Supplemental Senior Indenture dated as ofMarch 10, 2014 (Exhibit 4.1 to Morgan Stanley'squarterly report on Form 1O-Q for the quarter endedMarch 31, 2014) and Tenth Supplemental SeniorIndenture dated as of January 11, 2017 (Exhibit 4.1to Morgan Stanley's current report on Form 8-Kdated January 11,2017).4.4 The Unit Agreement Without Holders’ Obligations,dated as of August 29， 2008， between MorganStanley and The Bank of New York Mellon, as UnitAgent, as Trustee and Paying Agent under theSenior Indenture referred to therein and as WarrantAgent under the Warrant Agreement referred totherein (Exhibit 4.1 to Morgan Stanley's current report on Form 8-K dated August 29, 2008).4.5 Subordinated Indenture dated as of October 1, 2004between Morgan Stanley and The Bank ofNew York, as trustee (Exhibit 4-g to MorganStanley's Registration Statement on Form S-3/A(No. 333-117752)).4.6 JuniorSubordinated Indenture dated asofOctober 12, 2006 between Morgan Stanley and TheBank of New York,as trustee (Exhibit 4.1 toMorgan Stanley's current report on Form 8-K datedOctober 12, 2006).4.7 Deposit Agreement dated as of July 6. 2006 amongMorgan Stanley, JPMorgan Chase Bank, N.A. andthe holders from time to time of the depositaryreceipts described therein (Exhibit 4.3 to MorganStanley's quarterly report on Form 10-Q for thequarter ended May 31, 2006).","March 31, 2014) and Tenth Supplemental Senior","March 31, 2014) and Tenth Supplemental Senior","March 31, 2014) and Tenth Supplemental Senior",4.14,4.14,4.14,4.14,4.14,4.14,Exhibit 4.12 hereto).Form of Deposit Agreement among Morgan,,,,,,,
"SupplementalSeniorIndenture datedasofDecember 1, 2008 (Exhibit 4.1 to Morgan Stanley'scurrent report on Form 8-K dated December1,2008), Fifth Supplemental Senior Indenture dated asof April 1, 2009 (Exhibit 4 to Morgan Stanley'squarterly report on Form 10-Q for the quarter endedMarch 31,2009)，Sixth Supplemental SeniorIndenture dated as of September 16,2011 (Exhibit4.1 to Morgan Stanley's quarterly report on Form10-Q for the quarter ended September 30,2011),Seventh Supplemental Senior Indenture dated as ofNovember 21,2011(Exhibit4.4to MorganStanley's annual report on Form 10-K for the yearended December 31,2011),Eighth SupplementalSeniorIndenture dated asof May 4,2012(Exhibit 4.1 to Morgan Stanley's quarterly report onForm 10-Q for the quarter ended June 30, 2012),Ninth Supplemental Senior Indenture dated as ofMarch 10, 2014 (Exhibit 4.1 to Morgan Stanley'squarterly report on Form 1O-Q for the quarter endedMarch 31, 2014) and Tenth Supplemental SeniorIndenture dated as of January 11, 2017 (Exhibit 4.1to Morgan Stanley's current report on Form 8-Kdated January 11,2017).4.4 The Unit Agreement Without Holders’ Obligations,dated as of August 29， 2008， between MorganStanley and The Bank of New York Mellon, as UnitAgent, as Trustee and Paying Agent under theSenior Indenture referred to therein and as WarrantAgent under the Warrant Agreement referred totherein (Exhibit 4.1 to Morgan Stanley's current report on Form 8-K dated August 29, 2008).4.5 Subordinated Indenture dated as of October 1, 2004between Morgan Stanley and The Bank ofNew York, as trustee (Exhibit 4-g to MorganStanley's Registration Statement on Form S-3/A(No. 333-117752)).4.6 JuniorSubordinated Indenture dated asofOctober 12, 2006 between Morgan Stanley and TheBank of New York,as trustee (Exhibit 4.1 toMorgan Stanley's current report on Form 8-K datedOctober 12, 2006).4.7 Deposit Agreement dated as of July 6. 2006 amongMorgan Stanley, JPMorgan Chase Bank, N.A. andthe holders from time to time of the depositaryreceipts described therein (Exhibit 4.3 to MorganStanley's quarterly report on Form 10-Q for thequarter ended May 31, 2006).","SupplementalSeniorIndenture datedasofDecember 1, 2008 (Exhibit 4.1 to Morgan Stanley'scurrent report on Form 8-K dated December1,2008), Fifth Supplemental Senior Indenture dated asof April 1, 2009 (Exhibit 4 to Morgan Stanley'squarterly report on Form 10-Q for the quarter endedMarch 31,2009)，Sixth Supplemental SeniorIndenture dated as of September 16,2011 (Exhibit4.1 to Morgan Stanley's quarterly report on Form10-Q for the quarter ended September 30,2011),Seventh Supplemental Senior Indenture dated as ofNovember 21,2011(Exhibit4.4to MorganStanley's annual report on Form 10-K for the yearended December 31,2011),Eighth SupplementalSeniorIndenture dated asof May 4,2012(Exhibit 4.1 to Morgan Stanley's quarterly report onForm 10-Q for the quarter ended June 30, 2012),Ninth Supplemental Senior Indenture dated as ofMarch 10, 2014 (Exhibit 4.1 to Morgan Stanley'squarterly report on Form 1O-Q for the quarter endedMarch 31, 2014) and Tenth Supplemental SeniorIndenture dated as of January 11, 2017 (Exhibit 4.1to Morgan Stanley's current report on Form 8-Kdated January 11,2017).4.4 The Unit Agreement Without Holders’ Obligations,dated as of August 29， 2008， between MorganStanley and The Bank of New York Mellon, as UnitAgent, as Trustee and Paying Agent under theSenior Indenture referred to therein and as WarrantAgent under the Warrant Agreement referred totherein (Exhibit 4.1 to Morgan Stanley's current report on Form 8-K dated August 29, 2008).4.5 Subordinated Indenture dated as of October 1, 2004between Morgan Stanley and The Bank ofNew York, as trustee (Exhibit 4-g to MorganStanley's Registration Statement on Form S-3/A(No. 333-117752)).4.6 JuniorSubordinated Indenture dated asofOctober 12, 2006 between Morgan Stanley and TheBank of New York,as trustee (Exhibit 4.1 toMorgan Stanley's current report on Form 8-K datedOctober 12, 2006).4.7 Deposit Agreement dated as of July 6. 2006 amongMorgan Stanley, JPMorgan Chase Bank, N.A. andthe holders from time to time of the depositaryreceipts described therein (Exhibit 4.3 to MorganStanley's quarterly report on Form 10-Q for thequarter ended May 31, 2006).","SupplementalSeniorIndenture datedasofDecember 1, 2008 (Exhibit 4.1 to Morgan Stanley'scurrent report on Form 8-K dated December1,2008), Fifth Supplemental Senior Indenture dated asof April 1, 2009 (Exhibit 4 to Morgan Stanley'squarterly report on Form 10-Q for the quarter endedMarch 31,2009)，Sixth Supplemental SeniorIndenture dated as of September 16,2011 (Exhibit4.1 to Morgan Stanley's quarterly report on Form10-Q for the quarter ended September 30,2011),Seventh Supplemental Senior Indenture dated as ofNovember 21,2011(Exhibit4.4to MorganStanley's annual report on Form 10-K for the yearended December 31,2011),Eighth SupplementalSeniorIndenture dated asof May 4,2012(Exhibit 4.1 to Morgan Stanley's quarterly report onForm 10-Q for the quarter ended June 30, 2012),Ninth Supplemental Senior Indenture dated as ofMarch 10, 2014 (Exhibit 4.1 to Morgan Stanley'squarterly report on Form 1O-Q for the quarter endedMarch 31, 2014) and Tenth Supplemental SeniorIndenture dated as of January 11, 2017 (Exhibit 4.1to Morgan Stanley's current report on Form 8-Kdated January 11,2017).4.4 The Unit Agreement Without Holders’ Obligations,dated as of August 29， 2008， between MorganStanley and The Bank of New York Mellon, as UnitAgent, as Trustee and Paying Agent under theSenior Indenture referred to therein and as WarrantAgent under the Warrant Agreement referred totherein (Exhibit 4.1 to Morgan Stanley's current report on Form 8-K dated August 29, 2008).4.5 Subordinated Indenture dated as of October 1, 2004between Morgan Stanley and The Bank ofNew York, as trustee (Exhibit 4-g to MorganStanley's Registration Statement on Form S-3/A(No. 333-117752)).4.6 JuniorSubordinated Indenture dated asofOctober 12, 2006 between Morgan Stanley and TheBank of New York,as trustee (Exhibit 4.1 toMorgan Stanley's current report on Form 8-K datedOctober 12, 2006).4.7 Deposit Agreement dated as of July 6. 2006 amongMorgan Stanley, JPMorgan Chase Bank, N.A. andthe holders from time to time of the depositaryreceipts described therein (Exhibit 4.3 to MorganStanley's quarterly report on Form 10-Q for thequarter ended May 31, 2006).","SupplementalSeniorIndenture datedasofDecember 1, 2008 (Exhibit 4.1 to Morgan Stanley'scurrent report on Form 8-K dated December1,2008), Fifth Supplemental Senior Indenture dated asof April 1, 2009 (Exhibit 4 to Morgan Stanley'squarterly report on Form 10-Q for the quarter endedMarch 31,2009)，Sixth Supplemental SeniorIndenture dated as of September 16,2011 (Exhibit4.1 to Morgan Stanley's quarterly report on Form10-Q for the quarter ended September 30,2011),Seventh Supplemental Senior Indenture dated as ofNovember 21,2011(Exhibit4.4to MorganStanley's annual report on Form 10-K for the yearended December 31,2011),Eighth SupplementalSeniorIndenture dated asof May 4,2012(Exhibit 4.1 to Morgan Stanley's quarterly report onForm 10-Q for the quarter ended June 30, 2012),Ninth Supplemental Senior Indenture dated as ofMarch 10, 2014 (Exhibit 4.1 to Morgan Stanley'squarterly report on Form 1O-Q for the quarter endedMarch 31, 2014) and Tenth Supplemental SeniorIndenture dated as of January 11, 2017 (Exhibit 4.1to Morgan Stanley's current report on Form 8-Kdated January 11,2017).4.4 The Unit Agreement Without Holders’ Obligations,dated as of August 29， 2008， between MorganStanley and The Bank of New York Mellon, as UnitAgent, as Trustee and Paying Agent under theSenior Indenture referred to therein and as WarrantAgent under the Warrant Agreement referred totherein (Exhibit 4.1 to Morgan Stanley's current report on Form 8-K dated August 29, 2008).4.5 Subordinated Indenture dated as of October 1, 2004between Morgan Stanley and The Bank ofNew York, as trustee (Exhibit 4-g to MorganStanley's Registration Statement on Form S-3/A(No. 333-117752)).4.6 JuniorSubordinated Indenture dated asofOctober 12, 2006 between Morgan Stanley and TheBank of New York,as trustee (Exhibit 4.1 toMorgan Stanley's current report on Form 8-K datedOctober 12, 2006).4.7 Deposit Agreement dated as of July 6. 2006 amongMorgan Stanley, JPMorgan Chase Bank, N.A. andthe holders from time to time of the depositaryreceipts described therein (Exhibit 4.3 to MorganStanley's quarterly report on Form 10-Q for thequarter ended May 31, 2006).","Indenture dated as of January 11, 2017 (Exhibit 4.1","Indenture dated as of January 11, 2017 (Exhibit 4.1","Indenture dated as of January 11, 2017 (Exhibit 4.1",4.14,4.14,4.14,4.14,4.14,4.14,Exhibit 4.12 hereto).Form of Deposit Agreement among Morgan,,,,,,,
"SupplementalSeniorIndenture datedasofDecember 1, 2008 (Exhibit 4.1 to Morgan Stanley'scurrent report on Form 8-K dated December1,2008), Fifth Supplemental Senior Indenture dated asof April 1, 2009 (Exhibit 4 to Morgan Stanley'squarterly report on Form 10-Q for the quarter endedMarch 31,2009)，Sixth Supplemental SeniorIndenture dated as of September 16,2011 (Exhibit4.1 to Morgan Stanley's quarterly report on Form10-Q for the quarter ended September 30,2011),Seventh Supplemental Senior Indenture dated as ofNovember 21,2011(Exhibit4.4to MorganStanley's annual report on Form 10-K for the yearended December 31,2011),Eighth SupplementalSeniorIndenture dated asof May 4,2012(Exhibit 4.1 to Morgan Stanley's quarterly report onForm 10-Q for the quarter ended June 30, 2012),Ninth Supplemental Senior Indenture dated as ofMarch 10, 2014 (Exhibit 4.1 to Morgan Stanley'squarterly report on Form 1O-Q for the quarter endedMarch 31, 2014) and Tenth Supplemental SeniorIndenture dated as of January 11, 2017 (Exhibit 4.1to Morgan Stanley's current report on Form 8-Kdated January 11,2017).4.4 The Unit Agreement Without Holders’ Obligations,dated as of August 29， 2008， between MorganStanley and The Bank of New York Mellon, as UnitAgent, as Trustee and Paying Agent under theSenior Indenture referred to therein and as WarrantAgent under the Warrant Agreement referred totherein (Exhibit 4.1 to Morgan Stanley's current report on Form 8-K dated August 29, 2008).4.5 Subordinated Indenture dated as of October 1, 2004between Morgan Stanley and The Bank ofNew York, as trustee (Exhibit 4-g to MorganStanley's Registration Statement on Form S-3/A(No. 333-117752)).4.6 JuniorSubordinated Indenture dated asofOctober 12, 2006 between Morgan Stanley and TheBank of New York,as trustee (Exhibit 4.1 toMorgan Stanley's current report on Form 8-K datedOctober 12, 2006).4.7 Deposit Agreement dated as of July 6. 2006 amongMorgan Stanley, JPMorgan Chase Bank, N.A. andthe holders from time to time of the depositaryreceipts described therein (Exhibit 4.3 to MorganStanley's quarterly report on Form 10-Q for thequarter ended May 31, 2006).","SupplementalSeniorIndenture datedasofDecember 1, 2008 (Exhibit 4.1 to Morgan Stanley'scurrent report on Form 8-K dated December1,2008), Fifth Supplemental Senior Indenture dated asof April 1, 2009 (Exhibit 4 to Morgan Stanley'squarterly report on Form 10-Q for the quarter endedMarch 31,2009)，Sixth Supplemental SeniorIndenture dated as of September 16,2011 (Exhibit4.1 to Morgan Stanley's quarterly report on Form10-Q for the quarter ended September 30,2011),Seventh Supplemental Senior Indenture dated as ofNovember 21,2011(Exhibit4.4to MorganStanley's annual report on Form 10-K for the yearended December 31,2011),Eighth SupplementalSeniorIndenture dated asof May 4,2012(Exhibit 4.1 to Morgan Stanley's quarterly report onForm 10-Q for the quarter ended June 30, 2012),Ninth Supplemental Senior Indenture dated as ofMarch 10, 2014 (Exhibit 4.1 to Morgan Stanley'squarterly report on Form 1O-Q for the quarter endedMarch 31, 2014) and Tenth Supplemental SeniorIndenture dated as of January 11, 2017 (Exhibit 4.1to Morgan Stanley's current report on Form 8-Kdated January 11,2017).4.4 The Unit Agreement Without Holders’ Obligations,dated as of August 29， 2008， between MorganStanley and The Bank of New York Mellon, as UnitAgent, as Trustee and Paying Agent under theSenior Indenture referred to therein and as WarrantAgent under the Warrant Agreement referred totherein (Exhibit 4.1 to Morgan Stanley's current report on Form 8-K dated August 29, 2008).4.5 Subordinated Indenture dated as of October 1, 2004between Morgan Stanley and The Bank ofNew York, as trustee (Exhibit 4-g to MorganStanley's Registration Statement on Form S-3/A(No. 333-117752)).4.6 JuniorSubordinated Indenture dated asofOctober 12, 2006 between Morgan Stanley and TheBank of New York,as trustee (Exhibit 4.1 toMorgan Stanley's current report on Form 8-K datedOctober 12, 2006).4.7 Deposit Agreement dated as of July 6. 2006 amongMorgan Stanley, JPMorgan Chase Bank, N.A. andthe holders from time to time of the depositaryreceipts described therein (Exhibit 4.3 to MorganStanley's quarterly report on Form 10-Q for thequarter ended May 31, 2006).","SupplementalSeniorIndenture datedasofDecember 1, 2008 (Exhibit 4.1 to Morgan Stanley'scurrent report on Form 8-K dated December1,2008), Fifth Supplemental Senior Indenture dated asof April 1, 2009 (Exhibit 4 to Morgan Stanley'squarterly report on Form 10-Q for the quarter endedMarch 31,2009)，Sixth Supplemental SeniorIndenture dated as of September 16,2011 (Exhibit4.1 to Morgan Stanley's quarterly report on Form10-Q for the quarter ended September 30,2011),Seventh Supplemental Senior Indenture dated as ofNovember 21,2011(Exhibit4.4to MorganStanley's annual report on Form 10-K for the yearended December 31,2011),Eighth SupplementalSeniorIndenture dated asof May 4,2012(Exhibit 4.1 to Morgan Stanley's quarterly report onForm 10-Q for the quarter ended June 30, 2012),Ninth Supplemental Senior Indenture dated as ofMarch 10, 2014 (Exhibit 4.1 to Morgan Stanley'squarterly report on Form 1O-Q for the quarter endedMarch 31, 2014) and Tenth Supplemental SeniorIndenture dated as of January 11, 2017 (Exhibit 4.1to Morgan Stanley's current report on Form 8-Kdated January 11,2017).4.4 The Unit Agreement Without Holders’ Obligations,dated as of August 29， 2008， between MorganStanley and The Bank of New York Mellon, as UnitAgent, as Trustee and Paying Agent under theSenior Indenture referred to therein and as WarrantAgent under the Warrant Agreement referred totherein (Exhibit 4.1 to Morgan Stanley's current report on Form 8-K dated August 29, 2008).4.5 Subordinated Indenture dated as of October 1, 2004between Morgan Stanley and The Bank ofNew York, as trustee (Exhibit 4-g to MorganStanley's Registration Statement on Form S-3/A(No. 333-117752)).4.6 JuniorSubordinated Indenture dated asofOctober 12, 2006 between Morgan Stanley and TheBank of New York,as trustee (Exhibit 4.1 toMorgan Stanley's current report on Form 8-K datedOctober 12, 2006).4.7 Deposit Agreement dated as of July 6. 2006 amongMorgan Stanley, JPMorgan Chase Bank, N.A. andthe holders from time to time of the depositaryreceipts described therein (Exhibit 4.3 to MorganStanley's quarterly report on Form 10-Q for thequarter ended May 31, 2006).","SupplementalSeniorIndenture datedasofDecember 1, 2008 (Exhibit 4.1 to Morgan Stanley'scurrent report on Form 8-K dated December1,2008), Fifth Supplemental Senior Indenture dated asof April 1, 2009 (Exhibit 4 to Morgan Stanley'squarterly report on Form 10-Q for the quarter endedMarch 31,2009)，Sixth Supplemental SeniorIndenture dated as of September 16,2011 (Exhibit4.1 to Morgan Stanley's quarterly report on Form10-Q for the quarter ended September 30,2011),Seventh Supplemental Senior Indenture dated as ofNovember 21,2011(Exhibit4.4to MorganStanley's annual report on Form 10-K for the yearended December 31,2011),Eighth SupplementalSeniorIndenture dated asof May 4,2012(Exhibit 4.1 to Morgan Stanley's quarterly report onForm 10-Q for the quarter ended June 30, 2012),Ninth Supplemental Senior Indenture dated as ofMarch 10, 2014 (Exhibit 4.1 to Morgan Stanley'squarterly report on Form 1O-Q for the quarter endedMarch 31, 2014) and Tenth Supplemental SeniorIndenture dated as of January 11, 2017 (Exhibit 4.1to Morgan Stanley's current report on Form 8-Kdated January 11,2017).4.4 The Unit Agreement Without Holders’ Obligations,dated as of August 29， 2008， between MorganStanley and The Bank of New York Mellon, as UnitAgent, as Trustee and Paying Agent under theSenior Indenture referred to therein and as WarrantAgent under the Warrant Agreement referred totherein (Exhibit 4.1 to Morgan Stanley's current report on Form 8-K dated August 29, 2008).4.5 Subordinated Indenture dated as of October 1, 2004between Morgan Stanley and The Bank ofNew York, as trustee (Exhibit 4-g to MorganStanley's Registration Statement on Form S-3/A(No. 333-117752)).4.6 JuniorSubordinated Indenture dated asofOctober 12, 2006 between Morgan Stanley and TheBank of New York,as trustee (Exhibit 4.1 toMorgan Stanley's current report on Form 8-K datedOctober 12, 2006).4.7 Deposit Agreement dated as of July 6. 2006 amongMorgan Stanley, JPMorgan Chase Bank, N.A. andthe holders from time to time of the depositaryreceipts described therein (Exhibit 4.3 to MorganStanley's quarterly report on Form 10-Q for thequarter ended May 31, 2006).","to Morgan Stanley's current report on Form 8-Kdated January 11,2017).","to Morgan Stanley's current report on Form 8-Kdated January 11,2017).","to Morgan Stanley's current report on Form 8-Kdated January 11,2017).",4.14,4.14,4.14,4.14,4.14,4.14,18-K,18-K,18-K,Stanley， The Bank of New York Mellon and the,"December 9, 2013).DepositaryReceiptforDepositaryShares,",,,
"SupplementalSeniorIndenture datedasofDecember 1, 2008 (Exhibit 4.1 to Morgan Stanley'scurrent report on Form 8-K dated December1,2008), Fifth Supplemental Senior Indenture dated asof April 1, 2009 (Exhibit 4 to Morgan Stanley'squarterly report on Form 10-Q for the quarter endedMarch 31,2009)，Sixth Supplemental SeniorIndenture dated as of September 16,2011 (Exhibit4.1 to Morgan Stanley's quarterly report on Form10-Q for the quarter ended September 30,2011),Seventh Supplemental Senior Indenture dated as ofNovember 21,2011(Exhibit4.4to MorganStanley's annual report on Form 10-K for the yearended December 31,2011),Eighth SupplementalSeniorIndenture dated asof May 4,2012(Exhibit 4.1 to Morgan Stanley's quarterly report onForm 10-Q for the quarter ended June 30, 2012),Ninth Supplemental Senior Indenture dated as ofMarch 10, 2014 (Exhibit 4.1 to Morgan Stanley'squarterly report on Form 1O-Q for the quarter endedMarch 31, 2014) and Tenth Supplemental SeniorIndenture dated as of January 11, 2017 (Exhibit 4.1to Morgan Stanley's current report on Form 8-Kdated January 11,2017).4.4 The Unit Agreement Without Holders’ Obligations,dated as of August 29， 2008， between MorganStanley and The Bank of New York Mellon, as UnitAgent, as Trustee and Paying Agent under theSenior Indenture referred to therein and as WarrantAgent under the Warrant Agreement referred totherein (Exhibit 4.1 to Morgan Stanley's current report on Form 8-K dated August 29, 2008).4.5 Subordinated Indenture dated as of October 1, 2004between Morgan Stanley and The Bank ofNew York, as trustee (Exhibit 4-g to MorganStanley's Registration Statement on Form S-3/A(No. 333-117752)).4.6 JuniorSubordinated Indenture dated asofOctober 12, 2006 between Morgan Stanley and TheBank of New York,as trustee (Exhibit 4.1 toMorgan Stanley's current report on Form 8-K datedOctober 12, 2006).4.7 Deposit Agreement dated as of July 6. 2006 amongMorgan Stanley, JPMorgan Chase Bank, N.A. andthe holders from time to time of the depositaryreceipts described therein (Exhibit 4.3 to MorganStanley's quarterly report on Form 10-Q for thequarter ended May 31, 2006).","SupplementalSeniorIndenture datedasofDecember 1, 2008 (Exhibit 4.1 to Morgan Stanley'scurrent report on Form 8-K dated December1,2008), Fifth Supplemental Senior Indenture dated asof April 1, 2009 (Exhibit 4 to Morgan Stanley'squarterly report on Form 10-Q for the quarter endedMarch 31,2009)，Sixth Supplemental SeniorIndenture dated as of September 16,2011 (Exhibit4.1 to Morgan Stanley's quarterly report on Form10-Q for the quarter ended September 30,2011),Seventh Supplemental Senior Indenture dated as ofNovember 21,2011(Exhibit4.4to MorganStanley's annual report on Form 10-K for the yearended December 31,2011),Eighth SupplementalSeniorIndenture dated asof May 4,2012(Exhibit 4.1 to Morgan Stanley's quarterly report onForm 10-Q for the quarter ended June 30, 2012),Ninth Supplemental Senior Indenture dated as ofMarch 10, 2014 (Exhibit 4.1 to Morgan Stanley'squarterly report on Form 1O-Q for the quarter endedMarch 31, 2014) and Tenth Supplemental SeniorIndenture dated as of January 11, 2017 (Exhibit 4.1to Morgan Stanley's current report on Form 8-Kdated January 11,2017).4.4 The Unit Agreement Without Holders’ Obligations,dated as of August 29， 2008， between MorganStanley and The Bank of New York Mellon, as UnitAgent, as Trustee and Paying Agent under theSenior Indenture referred to therein and as WarrantAgent under the Warrant Agreement referred totherein (Exhibit 4.1 to Morgan Stanley's current report on Form 8-K dated August 29, 2008).4.5 Subordinated Indenture dated as of October 1, 2004between Morgan Stanley and The Bank ofNew York, as trustee (Exhibit 4-g to MorganStanley's Registration Statement on Form S-3/A(No. 333-117752)).4.6 JuniorSubordinated Indenture dated asofOctober 12, 2006 between Morgan Stanley and TheBank of New York,as trustee (Exhibit 4.1 toMorgan Stanley's current report on Form 8-K datedOctober 12, 2006).4.7 Deposit Agreement dated as of July 6. 2006 amongMorgan Stanley, JPMorgan Chase Bank, N.A. andthe holders from time to time of the depositaryreceipts described therein (Exhibit 4.3 to MorganStanley's quarterly report on Form 10-Q for thequarter ended May 31, 2006).","SupplementalSeniorIndenture datedasofDecember 1, 2008 (Exhibit 4.1 to Morgan Stanley'scurrent report on Form 8-K dated December1,2008), Fifth Supplemental Senior Indenture dated asof April 1, 2009 (Exhibit 4 to Morgan Stanley'squarterly report on Form 10-Q for the quarter endedMarch 31,2009)，Sixth Supplemental SeniorIndenture dated as of September 16,2011 (Exhibit4.1 to Morgan Stanley's quarterly report on Form10-Q for the quarter ended September 30,2011),Seventh Supplemental Senior Indenture dated as ofNovember 21,2011(Exhibit4.4to MorganStanley's annual report on Form 10-K for the yearended December 31,2011),Eighth SupplementalSeniorIndenture dated asof May 4,2012(Exhibit 4.1 to Morgan Stanley's quarterly report onForm 10-Q for the quarter ended June 30, 2012),Ninth Supplemental Senior Indenture dated as ofMarch 10, 2014 (Exhibit 4.1 to Morgan Stanley'squarterly report on Form 1O-Q for the quarter endedMarch 31, 2014) and Tenth Supplemental SeniorIndenture dated as of January 11, 2017 (Exhibit 4.1to Morgan Stanley's current report on Form 8-Kdated January 11,2017).4.4 The Unit Agreement Without Holders’ Obligations,dated as of August 29， 2008， between MorganStanley and The Bank of New York Mellon, as UnitAgent, as Trustee and Paying Agent under theSenior Indenture referred to therein and as WarrantAgent under the Warrant Agreement referred totherein (Exhibit 4.1 to Morgan Stanley's current report on Form 8-K dated August 29, 2008).4.5 Subordinated Indenture dated as of October 1, 2004between Morgan Stanley and The Bank ofNew York, as trustee (Exhibit 4-g to MorganStanley's Registration Statement on Form S-3/A(No. 333-117752)).4.6 JuniorSubordinated Indenture dated asofOctober 12, 2006 between Morgan Stanley and TheBank of New York,as trustee (Exhibit 4.1 toMorgan Stanley's current report on Form 8-K datedOctober 12, 2006).4.7 Deposit Agreement dated as of July 6. 2006 amongMorgan Stanley, JPMorgan Chase Bank, N.A. andthe holders from time to time of the depositaryreceipts described therein (Exhibit 4.3 to MorganStanley's quarterly report on Form 10-Q for thequarter ended May 31, 2006).","SupplementalSeniorIndenture datedasofDecember 1, 2008 (Exhibit 4.1 to Morgan Stanley'scurrent report on Form 8-K dated December1,2008), Fifth Supplemental Senior Indenture dated asof April 1, 2009 (Exhibit 4 to Morgan Stanley'squarterly report on Form 10-Q for the quarter endedMarch 31,2009)，Sixth Supplemental SeniorIndenture dated as of September 16,2011 (Exhibit4.1 to Morgan Stanley's quarterly report on Form10-Q for the quarter ended September 30,2011),Seventh Supplemental Senior Indenture dated as ofNovember 21,2011(Exhibit4.4to MorganStanley's annual report on Form 10-K for the yearended December 31,2011),Eighth SupplementalSeniorIndenture dated asof May 4,2012(Exhibit 4.1 to Morgan Stanley's quarterly report onForm 10-Q for the quarter ended June 30, 2012),Ninth Supplemental Senior Indenture dated as ofMarch 10, 2014 (Exhibit 4.1 to Morgan Stanley'squarterly report on Form 1O-Q for the quarter endedMarch 31, 2014) and Tenth Supplemental SeniorIndenture dated as of January 11, 2017 (Exhibit 4.1to Morgan Stanley's current report on Form 8-Kdated January 11,2017).4.4 The Unit Agreement Without Holders’ Obligations,dated as of August 29， 2008， between MorganStanley and The Bank of New York Mellon, as UnitAgent, as Trustee and Paying Agent under theSenior Indenture referred to therein and as WarrantAgent under the Warrant Agreement referred totherein (Exhibit 4.1 to Morgan Stanley's current report on Form 8-K dated August 29, 2008).4.5 Subordinated Indenture dated as of October 1, 2004between Morgan Stanley and The Bank ofNew York, as trustee (Exhibit 4-g to MorganStanley's Registration Statement on Form S-3/A(No. 333-117752)).4.6 JuniorSubordinated Indenture dated asofOctober 12, 2006 between Morgan Stanley and TheBank of New York,as trustee (Exhibit 4.1 toMorgan Stanley's current report on Form 8-K datedOctober 12, 2006).4.7 Deposit Agreement dated as of July 6. 2006 amongMorgan Stanley, JPMorgan Chase Bank, N.A. andthe holders from time to time of the depositaryreceipts described therein (Exhibit 4.3 to MorganStanley's quarterly report on Form 10-Q for thequarter ended May 31, 2006).","to Morgan Stanley's current report on Form 8-Kdated January 11,2017).","to Morgan Stanley's current report on Form 8-Kdated January 11,2017).","to Morgan Stanley's current report on Form 8-Kdated January 11,2017).",4.14,4.14,4.14,4.14,4.14,4.14,18-K,18-K,18-K,holders from time to time of the depositary receipts,"December 9, 2013).DepositaryReceiptforDepositaryShares,",,,
"SupplementalSeniorIndenture datedasofDecember 1, 2008 (Exhibit 4.1 to Morgan Stanley'scurrent report on Form 8-K dated December1,2008), Fifth Supplemental Senior Indenture dated asof April 1, 2009 (Exhibit 4 to Morgan Stanley'squarterly report on Form 10-Q for the quarter endedMarch 31,2009)，Sixth Supplemental SeniorIndenture dated as of September 16,2011 (Exhibit4.1 to Morgan Stanley's quarterly report on Form10-Q for the quarter ended September 30,2011),Seventh Supplemental Senior Indenture dated as ofNovember 21,2011(Exhibit4.4to MorganStanley's annual report on Form 10-K for the yearended December 31,2011),Eighth SupplementalSeniorIndenture dated asof May 4,2012(Exhibit 4.1 to Morgan Stanley's quarterly report onForm 10-Q for the quarter ended June 30, 2012),Ninth Supplemental Senior Indenture dated as ofMarch 10, 2014 (Exhibit 4.1 to Morgan Stanley'squarterly report on Form 1O-Q for the quarter endedMarch 31, 2014) and Tenth Supplemental SeniorIndenture dated as of January 11, 2017 (Exhibit 4.1to Morgan Stanley's current report on Form 8-Kdated January 11,2017).4.4 The Unit Agreement Without Holders’ Obligations,dated as of August 29， 2008， between MorganStanley and The Bank of New York Mellon, as UnitAgent, as Trustee and Paying Agent under theSenior Indenture referred to therein and as WarrantAgent under the Warrant Agreement referred totherein (Exhibit 4.1 to Morgan Stanley's current report on Form 8-K dated August 29, 2008).4.5 Subordinated Indenture dated as of October 1, 2004between Morgan Stanley and The Bank ofNew York, as trustee (Exhibit 4-g to MorganStanley's Registration Statement on Form S-3/A(No. 333-117752)).4.6 JuniorSubordinated Indenture dated asofOctober 12, 2006 between Morgan Stanley and TheBank of New York,as trustee (Exhibit 4.1 toMorgan Stanley's current report on Form 8-K datedOctober 12, 2006).4.7 Deposit Agreement dated as of July 6. 2006 amongMorgan Stanley, JPMorgan Chase Bank, N.A. andthe holders from time to time of the depositaryreceipts described therein (Exhibit 4.3 to MorganStanley's quarterly report on Form 10-Q for thequarter ended May 31, 2006).","SupplementalSeniorIndenture datedasofDecember 1, 2008 (Exhibit 4.1 to Morgan Stanley'scurrent report on Form 8-K dated December1,2008), Fifth Supplemental Senior Indenture dated asof April 1, 2009 (Exhibit 4 to Morgan Stanley'squarterly report on Form 10-Q for the quarter endedMarch 31,2009)，Sixth Supplemental SeniorIndenture dated as of September 16,2011 (Exhibit4.1 to Morgan Stanley's quarterly report on Form10-Q for the quarter ended September 30,2011),Seventh Supplemental Senior Indenture dated as ofNovember 21,2011(Exhibit4.4to MorganStanley's annual report on Form 10-K for the yearended December 31,2011),Eighth SupplementalSeniorIndenture dated asof May 4,2012(Exhibit 4.1 to Morgan Stanley's quarterly report onForm 10-Q for the quarter ended June 30, 2012),Ninth Supplemental Senior Indenture dated as ofMarch 10, 2014 (Exhibit 4.1 to Morgan Stanley'squarterly report on Form 1O-Q for the quarter endedMarch 31, 2014) and Tenth Supplemental SeniorIndenture dated as of January 11, 2017 (Exhibit 4.1to Morgan Stanley's current report on Form 8-Kdated January 11,2017).4.4 The Unit Agreement Without Holders’ Obligations,dated as of August 29， 2008， between MorganStanley and The Bank of New York Mellon, as UnitAgent, as Trustee and Paying Agent under theSenior Indenture referred to therein and as WarrantAgent under the Warrant Agreement referred totherein (Exhibit 4.1 to Morgan Stanley's current report on Form 8-K dated August 29, 2008).4.5 Subordinated Indenture dated as of October 1, 2004between Morgan Stanley and The Bank ofNew York, as trustee (Exhibit 4-g to MorganStanley's Registration Statement on Form S-3/A(No. 333-117752)).4.6 JuniorSubordinated Indenture dated asofOctober 12, 2006 between Morgan Stanley and TheBank of New York,as trustee (Exhibit 4.1 toMorgan Stanley's current report on Form 8-K datedOctober 12, 2006).4.7 Deposit Agreement dated as of July 6. 2006 amongMorgan Stanley, JPMorgan Chase Bank, N.A. andthe holders from time to time of the depositaryreceipts described therein (Exhibit 4.3 to MorganStanley's quarterly report on Form 10-Q for thequarter ended May 31, 2006).","SupplementalSeniorIndenture datedasofDecember 1, 2008 (Exhibit 4.1 to Morgan Stanley'scurrent report on Form 8-K dated December1,2008), Fifth Supplemental Senior Indenture dated asof April 1, 2009 (Exhibit 4 to Morgan Stanley'squarterly report on Form 10-Q for the quarter endedMarch 31,2009)，Sixth Supplemental SeniorIndenture dated as of September 16,2011 (Exhibit4.1 to Morgan Stanley's quarterly report on Form10-Q for the quarter ended September 30,2011),Seventh Supplemental Senior Indenture dated as ofNovember 21,2011(Exhibit4.4to MorganStanley's annual report on Form 10-K for the yearended December 31,2011),Eighth SupplementalSeniorIndenture dated asof May 4,2012(Exhibit 4.1 to Morgan Stanley's quarterly report onForm 10-Q for the quarter ended June 30, 2012),Ninth Supplemental Senior Indenture dated as ofMarch 10, 2014 (Exhibit 4.1 to Morgan Stanley'squarterly report on Form 1O-Q for the quarter endedMarch 31, 2014) and Tenth Supplemental SeniorIndenture dated as of January 11, 2017 (Exhibit 4.1to Morgan Stanley's current report on Form 8-Kdated January 11,2017).4.4 The Unit Agreement Without Holders’ Obligations,dated as of August 29， 2008， between MorganStanley and The Bank of New York Mellon, as UnitAgent, as Trustee and Paying Agent under theSenior Indenture referred to therein and as WarrantAgent under the Warrant Agreement referred totherein (Exhibit 4.1 to Morgan Stanley's current report on Form 8-K dated August 29, 2008).4.5 Subordinated Indenture dated as of October 1, 2004between Morgan Stanley and The Bank ofNew York, as trustee (Exhibit 4-g to MorganStanley's Registration Statement on Form S-3/A(No. 333-117752)).4.6 JuniorSubordinated Indenture dated asofOctober 12, 2006 between Morgan Stanley and TheBank of New York,as trustee (Exhibit 4.1 toMorgan Stanley's current report on Form 8-K datedOctober 12, 2006).4.7 Deposit Agreement dated as of July 6. 2006 amongMorgan Stanley, JPMorgan Chase Bank, N.A. andthe holders from time to time of the depositaryreceipts described therein (Exhibit 4.3 to MorganStanley's quarterly report on Form 10-Q for thequarter ended May 31, 2006).","SupplementalSeniorIndenture datedasofDecember 1, 2008 (Exhibit 4.1 to Morgan Stanley'scurrent report on Form 8-K dated December1,2008), Fifth Supplemental Senior Indenture dated asof April 1, 2009 (Exhibit 4 to Morgan Stanley'squarterly report on Form 10-Q for the quarter endedMarch 31,2009)，Sixth Supplemental SeniorIndenture dated as of September 16,2011 (Exhibit4.1 to Morgan Stanley's quarterly report on Form10-Q for the quarter ended September 30,2011),Seventh Supplemental Senior Indenture dated as ofNovember 21,2011(Exhibit4.4to MorganStanley's annual report on Form 10-K for the yearended December 31,2011),Eighth SupplementalSeniorIndenture dated asof May 4,2012(Exhibit 4.1 to Morgan Stanley's quarterly report onForm 10-Q for the quarter ended June 30, 2012),Ninth Supplemental Senior Indenture dated as ofMarch 10, 2014 (Exhibit 4.1 to Morgan Stanley'squarterly report on Form 1O-Q for the quarter endedMarch 31, 2014) and Tenth Supplemental SeniorIndenture dated as of January 11, 2017 (Exhibit 4.1to Morgan Stanley's current report on Form 8-Kdated January 11,2017).4.4 The Unit Agreement Without Holders’ Obligations,dated as of August 29， 2008， between MorganStanley and The Bank of New York Mellon, as UnitAgent, as Trustee and Paying Agent under theSenior Indenture referred to therein and as WarrantAgent under the Warrant Agreement referred totherein (Exhibit 4.1 to Morgan Stanley's current report on Form 8-K dated August 29, 2008).4.5 Subordinated Indenture dated as of October 1, 2004between Morgan Stanley and The Bank ofNew York, as trustee (Exhibit 4-g to MorganStanley's Registration Statement on Form S-3/A(No. 333-117752)).4.6 JuniorSubordinated Indenture dated asofOctober 12, 2006 between Morgan Stanley and TheBank of New York,as trustee (Exhibit 4.1 toMorgan Stanley's current report on Form 8-K datedOctober 12, 2006).4.7 Deposit Agreement dated as of July 6. 2006 amongMorgan Stanley, JPMorgan Chase Bank, N.A. andthe holders from time to time of the depositaryreceipts described therein (Exhibit 4.3 to MorganStanley's quarterly report on Form 10-Q for thequarter ended May 31, 2006).","The Unit Agreement Without Holders’ Obligations,","The Unit Agreement Without Holders’ Obligations,","The Unit Agreement Without Holders’ Obligations,",tions.,4.15,4.15,4.15,4.15,4.15,4.15,representing interests in the Series H Preferred,,,,,,
"SupplementalSeniorIndenture datedasofDecember 1, 2008 (Exhibit 4.1 to Morgan Stanley'scurrent report on Form 8-K dated December1,2008), Fifth Supplemental Senior Indenture dated asof April 1, 2009 (Exhibit 4 to Morgan Stanley'squarterly report on Form 10-Q for the quarter endedMarch 31,2009)，Sixth Supplemental SeniorIndenture dated as of September 16,2011 (Exhibit4.1 to Morgan Stanley's quarterly report on Form10-Q for the quarter ended September 30,2011),Seventh Supplemental Senior Indenture dated as ofNovember 21,2011(Exhibit4.4to MorganStanley's annual report on Form 10-K for the yearended December 31,2011),Eighth SupplementalSeniorIndenture dated asof May 4,2012(Exhibit 4.1 to Morgan Stanley's quarterly report onForm 10-Q for the quarter ended June 30, 2012),Ninth Supplemental Senior Indenture dated as ofMarch 10, 2014 (Exhibit 4.1 to Morgan Stanley'squarterly report on Form 1O-Q for the quarter endedMarch 31, 2014) and Tenth Supplemental SeniorIndenture dated as of January 11, 2017 (Exhibit 4.1to Morgan Stanley's current report on Form 8-Kdated January 11,2017).4.4 The Unit Agreement Without Holders’ Obligations,dated as of August 29， 2008， between MorganStanley and The Bank of New York Mellon, as UnitAgent, as Trustee and Paying Agent under theSenior Indenture referred to therein and as WarrantAgent under the Warrant Agreement referred totherein (Exhibit 4.1 to Morgan Stanley's current report on Form 8-K dated August 29, 2008).4.5 Subordinated Indenture dated as of October 1, 2004between Morgan Stanley and The Bank ofNew York, as trustee (Exhibit 4-g to MorganStanley's Registration Statement on Form S-3/A(No. 333-117752)).4.6 JuniorSubordinated Indenture dated asofOctober 12, 2006 between Morgan Stanley and TheBank of New York,as trustee (Exhibit 4.1 toMorgan Stanley's current report on Form 8-K datedOctober 12, 2006).4.7 Deposit Agreement dated as of July 6. 2006 amongMorgan Stanley, JPMorgan Chase Bank, N.A. andthe holders from time to time of the depositaryreceipts described therein (Exhibit 4.3 to MorganStanley's quarterly report on Form 10-Q for thequarter ended May 31, 2006).","SupplementalSeniorIndenture datedasofDecember 1, 2008 (Exhibit 4.1 to Morgan Stanley'scurrent report on Form 8-K dated December1,2008), Fifth Supplemental Senior Indenture dated asof April 1, 2009 (Exhibit 4 to Morgan Stanley'squarterly report on Form 10-Q for the quarter endedMarch 31,2009)，Sixth Supplemental SeniorIndenture dated as of September 16,2011 (Exhibit4.1 to Morgan Stanley's quarterly report on Form10-Q for the quarter ended September 30,2011),Seventh Supplemental Senior Indenture dated as ofNovember 21,2011(Exhibit4.4to MorganStanley's annual report on Form 10-K for the yearended December 31,2011),Eighth SupplementalSeniorIndenture dated asof May 4,2012(Exhibit 4.1 to Morgan Stanley's quarterly report onForm 10-Q for the quarter ended June 30, 2012),Ninth Supplemental Senior Indenture dated as ofMarch 10, 2014 (Exhibit 4.1 to Morgan Stanley'squarterly report on Form 1O-Q for the quarter endedMarch 31, 2014) and Tenth Supplemental SeniorIndenture dated as of January 11, 2017 (Exhibit 4.1to Morgan Stanley's current report on Form 8-Kdated January 11,2017).4.4 The Unit Agreement Without Holders’ Obligations,dated as of August 29， 2008， between MorganStanley and The Bank of New York Mellon, as UnitAgent, as Trustee and Paying Agent under theSenior Indenture referred to therein and as WarrantAgent under the Warrant Agreement referred totherein (Exhibit 4.1 to Morgan Stanley's current report on Form 8-K dated August 29, 2008).4.5 Subordinated Indenture dated as of October 1, 2004between Morgan Stanley and The Bank ofNew York, as trustee (Exhibit 4-g to MorganStanley's Registration Statement on Form S-3/A(No. 333-117752)).4.6 JuniorSubordinated Indenture dated asofOctober 12, 2006 between Morgan Stanley and TheBank of New York,as trustee (Exhibit 4.1 toMorgan Stanley's current report on Form 8-K datedOctober 12, 2006).4.7 Deposit Agreement dated as of July 6. 2006 amongMorgan Stanley, JPMorgan Chase Bank, N.A. andthe holders from time to time of the depositaryreceipts described therein (Exhibit 4.3 to MorganStanley's quarterly report on Form 10-Q for thequarter ended May 31, 2006).","SupplementalSeniorIndenture datedasofDecember 1, 2008 (Exhibit 4.1 to Morgan Stanley'scurrent report on Form 8-K dated December1,2008), Fifth Supplemental Senior Indenture dated asof April 1, 2009 (Exhibit 4 to Morgan Stanley'squarterly report on Form 10-Q for the quarter endedMarch 31,2009)，Sixth Supplemental SeniorIndenture dated as of September 16,2011 (Exhibit4.1 to Morgan Stanley's quarterly report on Form10-Q for the quarter ended September 30,2011),Seventh Supplemental Senior Indenture dated as ofNovember 21,2011(Exhibit4.4to MorganStanley's annual report on Form 10-K for the yearended December 31,2011),Eighth SupplementalSeniorIndenture dated asof May 4,2012(Exhibit 4.1 to Morgan Stanley's quarterly report onForm 10-Q for the quarter ended June 30, 2012),Ninth Supplemental Senior Indenture dated as ofMarch 10, 2014 (Exhibit 4.1 to Morgan Stanley'squarterly report on Form 1O-Q for the quarter endedMarch 31, 2014) and Tenth Supplemental SeniorIndenture dated as of January 11, 2017 (Exhibit 4.1to Morgan Stanley's current report on Form 8-Kdated January 11,2017).4.4 The Unit Agreement Without Holders’ Obligations,dated as of August 29， 2008， between MorganStanley and The Bank of New York Mellon, as UnitAgent, as Trustee and Paying Agent under theSenior Indenture referred to therein and as WarrantAgent under the Warrant Agreement referred totherein (Exhibit 4.1 to Morgan Stanley's current report on Form 8-K dated August 29, 2008).4.5 Subordinated Indenture dated as of October 1, 2004between Morgan Stanley and The Bank ofNew York, as trustee (Exhibit 4-g to MorganStanley's Registration Statement on Form S-3/A(No. 333-117752)).4.6 JuniorSubordinated Indenture dated asofOctober 12, 2006 between Morgan Stanley and TheBank of New York,as trustee (Exhibit 4.1 toMorgan Stanley's current report on Form 8-K datedOctober 12, 2006).4.7 Deposit Agreement dated as of July 6. 2006 amongMorgan Stanley, JPMorgan Chase Bank, N.A. andthe holders from time to time of the depositaryreceipts described therein (Exhibit 4.3 to MorganStanley's quarterly report on Form 10-Q for thequarter ended May 31, 2006).","SupplementalSeniorIndenture datedasofDecember 1, 2008 (Exhibit 4.1 to Morgan Stanley'scurrent report on Form 8-K dated December1,2008), Fifth Supplemental Senior Indenture dated asof April 1, 2009 (Exhibit 4 to Morgan Stanley'squarterly report on Form 10-Q for the quarter endedMarch 31,2009)，Sixth Supplemental SeniorIndenture dated as of September 16,2011 (Exhibit4.1 to Morgan Stanley's quarterly report on Form10-Q for the quarter ended September 30,2011),Seventh Supplemental Senior Indenture dated as ofNovember 21,2011(Exhibit4.4to MorganStanley's annual report on Form 10-K for the yearended December 31,2011),Eighth SupplementalSeniorIndenture dated asof May 4,2012(Exhibit 4.1 to Morgan Stanley's quarterly report onForm 10-Q for the quarter ended June 30, 2012),Ninth Supplemental Senior Indenture dated as ofMarch 10, 2014 (Exhibit 4.1 to Morgan Stanley'squarterly report on Form 1O-Q for the quarter endedMarch 31, 2014) and Tenth Supplemental SeniorIndenture dated as of January 11, 2017 (Exhibit 4.1to Morgan Stanley's current report on Form 8-Kdated January 11,2017).4.4 The Unit Agreement Without Holders’ Obligations,dated as of August 29， 2008， between MorganStanley and The Bank of New York Mellon, as UnitAgent, as Trustee and Paying Agent under theSenior Indenture referred to therein and as WarrantAgent under the Warrant Agreement referred totherein (Exhibit 4.1 to Morgan Stanley's current report on Form 8-K dated August 29, 2008).4.5 Subordinated Indenture dated as of October 1, 2004between Morgan Stanley and The Bank ofNew York, as trustee (Exhibit 4-g to MorganStanley's Registration Statement on Form S-3/A(No. 333-117752)).4.6 JuniorSubordinated Indenture dated asofOctober 12, 2006 between Morgan Stanley and TheBank of New York,as trustee (Exhibit 4.1 toMorgan Stanley's current report on Form 8-K datedOctober 12, 2006).4.7 Deposit Agreement dated as of July 6. 2006 amongMorgan Stanley, JPMorgan Chase Bank, N.A. andthe holders from time to time of the depositaryreceipts described therein (Exhibit 4.3 to MorganStanley's quarterly report on Form 10-Q for thequarter ended May 31, 2006).","The Unit Agreement Without Holders’ Obligations,","The Unit Agreement Without Holders’ Obligations,","The Unit Agreement Without Holders’ Obligations,",tions.,4.15,4.15,4.15,4.15,4.15,4.15,stock described therein (Exhibit 4.6 to Morgan,,,,,,
"SupplementalSeniorIndenture datedasofDecember 1, 2008 (Exhibit 4.1 to Morgan Stanley'scurrent report on Form 8-K dated December1,2008), Fifth Supplemental Senior Indenture dated asof April 1, 2009 (Exhibit 4 to Morgan Stanley'squarterly report on Form 10-Q for the quarter endedMarch 31,2009)，Sixth Supplemental SeniorIndenture dated as of September 16,2011 (Exhibit4.1 to Morgan Stanley's quarterly report on Form10-Q for the quarter ended September 30,2011),Seventh Supplemental Senior Indenture dated as ofNovember 21,2011(Exhibit4.4to MorganStanley's annual report on Form 10-K for the yearended December 31,2011),Eighth SupplementalSeniorIndenture dated asof May 4,2012(Exhibit 4.1 to Morgan Stanley's quarterly report onForm 10-Q for the quarter ended June 30, 2012),Ninth Supplemental Senior Indenture dated as ofMarch 10, 2014 (Exhibit 4.1 to Morgan Stanley'squarterly report on Form 1O-Q for the quarter endedMarch 31, 2014) and Tenth Supplemental SeniorIndenture dated as of January 11, 2017 (Exhibit 4.1to Morgan Stanley's current report on Form 8-Kdated January 11,2017).4.4 The Unit Agreement Without Holders’ Obligations,dated as of August 29， 2008， between MorganStanley and The Bank of New York Mellon, as UnitAgent, as Trustee and Paying Agent under theSenior Indenture referred to therein and as WarrantAgent under the Warrant Agreement referred totherein (Exhibit 4.1 to Morgan Stanley's current report on Form 8-K dated August 29, 2008).4.5 Subordinated Indenture dated as of October 1, 2004between Morgan Stanley and The Bank ofNew York, as trustee (Exhibit 4-g to MorganStanley's Registration Statement on Form S-3/A(No. 333-117752)).4.6 JuniorSubordinated Indenture dated asofOctober 12, 2006 between Morgan Stanley and TheBank of New York,as trustee (Exhibit 4.1 toMorgan Stanley's current report on Form 8-K datedOctober 12, 2006).4.7 Deposit Agreement dated as of July 6. 2006 amongMorgan Stanley, JPMorgan Chase Bank, N.A. andthe holders from time to time of the depositaryreceipts described therein (Exhibit 4.3 to MorganStanley's quarterly report on Form 10-Q for thequarter ended May 31, 2006).","SupplementalSeniorIndenture datedasofDecember 1, 2008 (Exhibit 4.1 to Morgan Stanley'scurrent report on Form 8-K dated December1,2008), Fifth Supplemental Senior Indenture dated asof April 1, 2009 (Exhibit 4 to Morgan Stanley'squarterly report on Form 10-Q for the quarter endedMarch 31,2009)，Sixth Supplemental SeniorIndenture dated as of September 16,2011 (Exhibit4.1 to Morgan Stanley's quarterly report on Form10-Q for the quarter ended September 30,2011),Seventh Supplemental Senior Indenture dated as ofNovember 21,2011(Exhibit4.4to MorganStanley's annual report on Form 10-K for the yearended December 31,2011),Eighth SupplementalSeniorIndenture dated asof May 4,2012(Exhibit 4.1 to Morgan Stanley's quarterly report onForm 10-Q for the quarter ended June 30, 2012),Ninth Supplemental Senior Indenture dated as ofMarch 10, 2014 (Exhibit 4.1 to Morgan Stanley'squarterly report on Form 1O-Q for the quarter endedMarch 31, 2014) and Tenth Supplemental SeniorIndenture dated as of January 11, 2017 (Exhibit 4.1to Morgan Stanley's current report on Form 8-Kdated January 11,2017).4.4 The Unit Agreement Without Holders’ Obligations,dated as of August 29， 2008， between MorganStanley and The Bank of New York Mellon, as UnitAgent, as Trustee and Paying Agent under theSenior Indenture referred to therein and as WarrantAgent under the Warrant Agreement referred totherein (Exhibit 4.1 to Morgan Stanley's current report on Form 8-K dated August 29, 2008).4.5 Subordinated Indenture dated as of October 1, 2004between Morgan Stanley and The Bank ofNew York, as trustee (Exhibit 4-g to MorganStanley's Registration Statement on Form S-3/A(No. 333-117752)).4.6 JuniorSubordinated Indenture dated asofOctober 12, 2006 between Morgan Stanley and TheBank of New York,as trustee (Exhibit 4.1 toMorgan Stanley's current report on Form 8-K datedOctober 12, 2006).4.7 Deposit Agreement dated as of July 6. 2006 amongMorgan Stanley, JPMorgan Chase Bank, N.A. andthe holders from time to time of the depositaryreceipts described therein (Exhibit 4.3 to MorganStanley's quarterly report on Form 10-Q for thequarter ended May 31, 2006).","SupplementalSeniorIndenture datedasofDecember 1, 2008 (Exhibit 4.1 to Morgan Stanley'scurrent report on Form 8-K dated December1,2008), Fifth Supplemental Senior Indenture dated asof April 1, 2009 (Exhibit 4 to Morgan Stanley'squarterly report on Form 10-Q for the quarter endedMarch 31,2009)，Sixth Supplemental SeniorIndenture dated as of September 16,2011 (Exhibit4.1 to Morgan Stanley's quarterly report on Form10-Q for the quarter ended September 30,2011),Seventh Supplemental Senior Indenture dated as ofNovember 21,2011(Exhibit4.4to MorganStanley's annual report on Form 10-K for the yearended December 31,2011),Eighth SupplementalSeniorIndenture dated asof May 4,2012(Exhibit 4.1 to Morgan Stanley's quarterly report onForm 10-Q for the quarter ended June 30, 2012),Ninth Supplemental Senior Indenture dated as ofMarch 10, 2014 (Exhibit 4.1 to Morgan Stanley'squarterly report on Form 1O-Q for the quarter endedMarch 31, 2014) and Tenth Supplemental SeniorIndenture dated as of January 11, 2017 (Exhibit 4.1to Morgan Stanley's current report on Form 8-Kdated January 11,2017).4.4 The Unit Agreement Without Holders’ Obligations,dated as of August 29， 2008， between MorganStanley and The Bank of New York Mellon, as UnitAgent, as Trustee and Paying Agent under theSenior Indenture referred to therein and as WarrantAgent under the Warrant Agreement referred totherein (Exhibit 4.1 to Morgan Stanley's current report on Form 8-K dated August 29, 2008).4.5 Subordinated Indenture dated as of October 1, 2004between Morgan Stanley and The Bank ofNew York, as trustee (Exhibit 4-g to MorganStanley's Registration Statement on Form S-3/A(No. 333-117752)).4.6 JuniorSubordinated Indenture dated asofOctober 12, 2006 between Morgan Stanley and TheBank of New York,as trustee (Exhibit 4.1 toMorgan Stanley's current report on Form 8-K datedOctober 12, 2006).4.7 Deposit Agreement dated as of July 6. 2006 amongMorgan Stanley, JPMorgan Chase Bank, N.A. andthe holders from time to time of the depositaryreceipts described therein (Exhibit 4.3 to MorganStanley's quarterly report on Form 10-Q for thequarter ended May 31, 2006).","SupplementalSeniorIndenture datedasofDecember 1, 2008 (Exhibit 4.1 to Morgan Stanley'scurrent report on Form 8-K dated December1,2008), Fifth Supplemental Senior Indenture dated asof April 1, 2009 (Exhibit 4 to Morgan Stanley'squarterly report on Form 10-Q for the quarter endedMarch 31,2009)，Sixth Supplemental SeniorIndenture dated as of September 16,2011 (Exhibit4.1 to Morgan Stanley's quarterly report on Form10-Q for the quarter ended September 30,2011),Seventh Supplemental Senior Indenture dated as ofNovember 21,2011(Exhibit4.4to MorganStanley's annual report on Form 10-K for the yearended December 31,2011),Eighth SupplementalSeniorIndenture dated asof May 4,2012(Exhibit 4.1 to Morgan Stanley's quarterly report onForm 10-Q for the quarter ended June 30, 2012),Ninth Supplemental Senior Indenture dated as ofMarch 10, 2014 (Exhibit 4.1 to Morgan Stanley'squarterly report on Form 1O-Q for the quarter endedMarch 31, 2014) and Tenth Supplemental SeniorIndenture dated as of January 11, 2017 (Exhibit 4.1to Morgan Stanley's current report on Form 8-Kdated January 11,2017).4.4 The Unit Agreement Without Holders’ Obligations,dated as of August 29， 2008， between MorganStanley and The Bank of New York Mellon, as UnitAgent, as Trustee and Paying Agent under theSenior Indenture referred to therein and as WarrantAgent under the Warrant Agreement referred totherein (Exhibit 4.1 to Morgan Stanley's current report on Form 8-K dated August 29, 2008).4.5 Subordinated Indenture dated as of October 1, 2004between Morgan Stanley and The Bank ofNew York, as trustee (Exhibit 4-g to MorganStanley's Registration Statement on Form S-3/A(No. 333-117752)).4.6 JuniorSubordinated Indenture dated asofOctober 12, 2006 between Morgan Stanley and TheBank of New York,as trustee (Exhibit 4.1 toMorgan Stanley's current report on Form 8-K datedOctober 12, 2006).4.7 Deposit Agreement dated as of July 6. 2006 amongMorgan Stanley, JPMorgan Chase Bank, N.A. andthe holders from time to time of the depositaryreceipts described therein (Exhibit 4.3 to MorganStanley's quarterly report on Form 10-Q for thequarter ended May 31, 2006).",dated as of August 29， 2008， between Morgan,dated as of August 29， 2008， between Morgan,dated as of August 29， 2008， between Morgan,Stanley's current report on Form 8-K dated,4.15,4.15,4.15,4.15,4.15,4.15,,,,,,,
"SupplementalSeniorIndenture datedasofDecember 1, 2008 (Exhibit 4.1 to Morgan Stanley'scurrent report on Form 8-K dated December1,2008), Fifth Supplemental Senior Indenture dated asof April 1, 2009 (Exhibit 4 to Morgan Stanley'squarterly report on Form 10-Q for the quarter endedMarch 31,2009)，Sixth Supplemental SeniorIndenture dated as of September 16,2011 (Exhibit4.1 to Morgan Stanley's quarterly report on Form10-Q for the quarter ended September 30,2011),Seventh Supplemental Senior Indenture dated as ofNovember 21,2011(Exhibit4.4to MorganStanley's annual report on Form 10-K for the yearended December 31,2011),Eighth SupplementalSeniorIndenture dated asof May 4,2012(Exhibit 4.1 to Morgan Stanley's quarterly report onForm 10-Q for the quarter ended June 30, 2012),Ninth Supplemental Senior Indenture dated as ofMarch 10, 2014 (Exhibit 4.1 to Morgan Stanley'squarterly report on Form 1O-Q for the quarter endedMarch 31, 2014) and Tenth Supplemental SeniorIndenture dated as of January 11, 2017 (Exhibit 4.1to Morgan Stanley's current report on Form 8-Kdated January 11,2017).4.4 The Unit Agreement Without Holders’ Obligations,dated as of August 29， 2008， between MorganStanley and The Bank of New York Mellon, as UnitAgent, as Trustee and Paying Agent under theSenior Indenture referred to therein and as WarrantAgent under the Warrant Agreement referred totherein (Exhibit 4.1 to Morgan Stanley's current report on Form 8-K dated August 29, 2008).4.5 Subordinated Indenture dated as of October 1, 2004between Morgan Stanley and The Bank ofNew York, as trustee (Exhibit 4-g to MorganStanley's Registration Statement on Form S-3/A(No. 333-117752)).4.6 JuniorSubordinated Indenture dated asofOctober 12, 2006 between Morgan Stanley and TheBank of New York,as trustee (Exhibit 4.1 toMorgan Stanley's current report on Form 8-K datedOctober 12, 2006).4.7 Deposit Agreement dated as of July 6. 2006 amongMorgan Stanley, JPMorgan Chase Bank, N.A. andthe holders from time to time of the depositaryreceipts described therein (Exhibit 4.3 to MorganStanley's quarterly report on Form 10-Q for thequarter ended May 31, 2006).","SupplementalSeniorIndenture datedasofDecember 1, 2008 (Exhibit 4.1 to Morgan Stanley'scurrent report on Form 8-K dated December1,2008), Fifth Supplemental Senior Indenture dated asof April 1, 2009 (Exhibit 4 to Morgan Stanley'squarterly report on Form 10-Q for the quarter endedMarch 31,2009)，Sixth Supplemental SeniorIndenture dated as of September 16,2011 (Exhibit4.1 to Morgan Stanley's quarterly report on Form10-Q for the quarter ended September 30,2011),Seventh Supplemental Senior Indenture dated as ofNovember 21,2011(Exhibit4.4to MorganStanley's annual report on Form 10-K for the yearended December 31,2011),Eighth SupplementalSeniorIndenture dated asof May 4,2012(Exhibit 4.1 to Morgan Stanley's quarterly report onForm 10-Q for the quarter ended June 30, 2012),Ninth Supplemental Senior Indenture dated as ofMarch 10, 2014 (Exhibit 4.1 to Morgan Stanley'squarterly report on Form 1O-Q for the quarter endedMarch 31, 2014) and Tenth Supplemental SeniorIndenture dated as of January 11, 2017 (Exhibit 4.1to Morgan Stanley's current report on Form 8-Kdated January 11,2017).4.4 The Unit Agreement Without Holders’ Obligations,dated as of August 29， 2008， between MorganStanley and The Bank of New York Mellon, as UnitAgent, as Trustee and Paying Agent under theSenior Indenture referred to therein and as WarrantAgent under the Warrant Agreement referred totherein (Exhibit 4.1 to Morgan Stanley's current report on Form 8-K dated August 29, 2008).4.5 Subordinated Indenture dated as of October 1, 2004between Morgan Stanley and The Bank ofNew York, as trustee (Exhibit 4-g to MorganStanley's Registration Statement on Form S-3/A(No. 333-117752)).4.6 JuniorSubordinated Indenture dated asofOctober 12, 2006 between Morgan Stanley and TheBank of New York,as trustee (Exhibit 4.1 toMorgan Stanley's current report on Form 8-K datedOctober 12, 2006).4.7 Deposit Agreement dated as of July 6. 2006 amongMorgan Stanley, JPMorgan Chase Bank, N.A. andthe holders from time to time of the depositaryreceipts described therein (Exhibit 4.3 to MorganStanley's quarterly report on Form 10-Q for thequarter ended May 31, 2006).","SupplementalSeniorIndenture datedasofDecember 1, 2008 (Exhibit 4.1 to Morgan Stanley'scurrent report on Form 8-K dated December1,2008), Fifth Supplemental Senior Indenture dated asof April 1, 2009 (Exhibit 4 to Morgan Stanley'squarterly report on Form 10-Q for the quarter endedMarch 31,2009)，Sixth Supplemental SeniorIndenture dated as of September 16,2011 (Exhibit4.1 to Morgan Stanley's quarterly report on Form10-Q for the quarter ended September 30,2011),Seventh Supplemental Senior Indenture dated as ofNovember 21,2011(Exhibit4.4to MorganStanley's annual report on Form 10-K for the yearended December 31,2011),Eighth SupplementalSeniorIndenture dated asof May 4,2012(Exhibit 4.1 to Morgan Stanley's quarterly report onForm 10-Q for the quarter ended June 30, 2012),Ninth Supplemental Senior Indenture dated as ofMarch 10, 2014 (Exhibit 4.1 to Morgan Stanley'squarterly report on Form 1O-Q for the quarter endedMarch 31, 2014) and Tenth Supplemental SeniorIndenture dated as of January 11, 2017 (Exhibit 4.1to Morgan Stanley's current report on Form 8-Kdated January 11,2017).4.4 The Unit Agreement Without Holders’ Obligations,dated as of August 29， 2008， between MorganStanley and The Bank of New York Mellon, as UnitAgent, as Trustee and Paying Agent under theSenior Indenture referred to therein and as WarrantAgent under the Warrant Agreement referred totherein (Exhibit 4.1 to Morgan Stanley's current report on Form 8-K dated August 29, 2008).4.5 Subordinated Indenture dated as of October 1, 2004between Morgan Stanley and The Bank ofNew York, as trustee (Exhibit 4-g to MorganStanley's Registration Statement on Form S-3/A(No. 333-117752)).4.6 JuniorSubordinated Indenture dated asofOctober 12, 2006 between Morgan Stanley and TheBank of New York,as trustee (Exhibit 4.1 toMorgan Stanley's current report on Form 8-K datedOctober 12, 2006).4.7 Deposit Agreement dated as of July 6. 2006 amongMorgan Stanley, JPMorgan Chase Bank, N.A. andthe holders from time to time of the depositaryreceipts described therein (Exhibit 4.3 to MorganStanley's quarterly report on Form 10-Q for thequarter ended May 31, 2006).","SupplementalSeniorIndenture datedasofDecember 1, 2008 (Exhibit 4.1 to Morgan Stanley'scurrent report on Form 8-K dated December1,2008), Fifth Supplemental Senior Indenture dated asof April 1, 2009 (Exhibit 4 to Morgan Stanley'squarterly report on Form 10-Q for the quarter endedMarch 31,2009)，Sixth Supplemental SeniorIndenture dated as of September 16,2011 (Exhibit4.1 to Morgan Stanley's quarterly report on Form10-Q for the quarter ended September 30,2011),Seventh Supplemental Senior Indenture dated as ofNovember 21,2011(Exhibit4.4to MorganStanley's annual report on Form 10-K for the yearended December 31,2011),Eighth SupplementalSeniorIndenture dated asof May 4,2012(Exhibit 4.1 to Morgan Stanley's quarterly report onForm 10-Q for the quarter ended June 30, 2012),Ninth Supplemental Senior Indenture dated as ofMarch 10, 2014 (Exhibit 4.1 to Morgan Stanley'squarterly report on Form 1O-Q for the quarter endedMarch 31, 2014) and Tenth Supplemental SeniorIndenture dated as of January 11, 2017 (Exhibit 4.1to Morgan Stanley's current report on Form 8-Kdated January 11,2017).4.4 The Unit Agreement Without Holders’ Obligations,dated as of August 29， 2008， between MorganStanley and The Bank of New York Mellon, as UnitAgent, as Trustee and Paying Agent under theSenior Indenture referred to therein and as WarrantAgent under the Warrant Agreement referred totherein (Exhibit 4.1 to Morgan Stanley's current report on Form 8-K dated August 29, 2008).4.5 Subordinated Indenture dated as of October 1, 2004between Morgan Stanley and The Bank ofNew York, as trustee (Exhibit 4-g to MorganStanley's Registration Statement on Form S-3/A(No. 333-117752)).4.6 JuniorSubordinated Indenture dated asofOctober 12, 2006 between Morgan Stanley and TheBank of New York,as trustee (Exhibit 4.1 toMorgan Stanley's current report on Form 8-K datedOctober 12, 2006).4.7 Deposit Agreement dated as of July 6. 2006 amongMorgan Stanley, JPMorgan Chase Bank, N.A. andthe holders from time to time of the depositaryreceipts described therein (Exhibit 4.3 to MorganStanley's quarterly report on Form 10-Q for thequarter ended May 31, 2006).","Stanley and The Bank of New York Mellon, as Unit","Stanley and The Bank of New York Mellon, as Unit","Stanley and The Bank of New York Mellon, as Unit","April 29, 2014).DepositaryReceiptforDepositaryShares,",4.15,4.15,4.15,4.15,4.15,4.15,,,,,,,
"SupplementalSeniorIndenture datedasofDecember 1, 2008 (Exhibit 4.1 to Morgan Stanley'scurrent report on Form 8-K dated December1,2008), Fifth Supplemental Senior Indenture dated asof April 1, 2009 (Exhibit 4 to Morgan Stanley'squarterly report on Form 10-Q for the quarter endedMarch 31,2009)，Sixth Supplemental SeniorIndenture dated as of September 16,2011 (Exhibit4.1 to Morgan Stanley's quarterly report on Form10-Q for the quarter ended September 30,2011),Seventh Supplemental Senior Indenture dated as ofNovember 21,2011(Exhibit4.4to MorganStanley's annual report on Form 10-K for the yearended December 31,2011),Eighth SupplementalSeniorIndenture dated asof May 4,2012(Exhibit 4.1 to Morgan Stanley's quarterly report onForm 10-Q for the quarter ended June 30, 2012),Ninth Supplemental Senior Indenture dated as ofMarch 10, 2014 (Exhibit 4.1 to Morgan Stanley'squarterly report on Form 1O-Q for the quarter endedMarch 31, 2014) and Tenth Supplemental SeniorIndenture dated as of January 11, 2017 (Exhibit 4.1to Morgan Stanley's current report on Form 8-Kdated January 11,2017).4.4 The Unit Agreement Without Holders’ Obligations,dated as of August 29， 2008， between MorganStanley and The Bank of New York Mellon, as UnitAgent, as Trustee and Paying Agent under theSenior Indenture referred to therein and as WarrantAgent under the Warrant Agreement referred totherein (Exhibit 4.1 to Morgan Stanley's current report on Form 8-K dated August 29, 2008).4.5 Subordinated Indenture dated as of October 1, 2004between Morgan Stanley and The Bank ofNew York, as trustee (Exhibit 4-g to MorganStanley's Registration Statement on Form S-3/A(No. 333-117752)).4.6 JuniorSubordinated Indenture dated asofOctober 12, 2006 between Morgan Stanley and TheBank of New York,as trustee (Exhibit 4.1 toMorgan Stanley's current report on Form 8-K datedOctober 12, 2006).4.7 Deposit Agreement dated as of July 6. 2006 amongMorgan Stanley, JPMorgan Chase Bank, N.A. andthe holders from time to time of the depositaryreceipts described therein (Exhibit 4.3 to MorganStanley's quarterly report on Form 10-Q for thequarter ended May 31, 2006).","SupplementalSeniorIndenture datedasofDecember 1, 2008 (Exhibit 4.1 to Morgan Stanley'scurrent report on Form 8-K dated December1,2008), Fifth Supplemental Senior Indenture dated asof April 1, 2009 (Exhibit 4 to Morgan Stanley'squarterly report on Form 10-Q for the quarter endedMarch 31,2009)，Sixth Supplemental SeniorIndenture dated as of September 16,2011 (Exhibit4.1 to Morgan Stanley's quarterly report on Form10-Q for the quarter ended September 30,2011),Seventh Supplemental Senior Indenture dated as ofNovember 21,2011(Exhibit4.4to MorganStanley's annual report on Form 10-K for the yearended December 31,2011),Eighth SupplementalSeniorIndenture dated asof May 4,2012(Exhibit 4.1 to Morgan Stanley's quarterly report onForm 10-Q for the quarter ended June 30, 2012),Ninth Supplemental Senior Indenture dated as ofMarch 10, 2014 (Exhibit 4.1 to Morgan Stanley'squarterly report on Form 1O-Q for the quarter endedMarch 31, 2014) and Tenth Supplemental SeniorIndenture dated as of January 11, 2017 (Exhibit 4.1to Morgan Stanley's current report on Form 8-Kdated January 11,2017).4.4 The Unit Agreement Without Holders’ Obligations,dated as of August 29， 2008， between MorganStanley and The Bank of New York Mellon, as UnitAgent, as Trustee and Paying Agent under theSenior Indenture referred to therein and as WarrantAgent under the Warrant Agreement referred totherein (Exhibit 4.1 to Morgan Stanley's current report on Form 8-K dated August 29, 2008).4.5 Subordinated Indenture dated as of October 1, 2004between Morgan Stanley and The Bank ofNew York, as trustee (Exhibit 4-g to MorganStanley's Registration Statement on Form S-3/A(No. 333-117752)).4.6 JuniorSubordinated Indenture dated asofOctober 12, 2006 between Morgan Stanley and TheBank of New York,as trustee (Exhibit 4.1 toMorgan Stanley's current report on Form 8-K datedOctober 12, 2006).4.7 Deposit Agreement dated as of July 6. 2006 amongMorgan Stanley, JPMorgan Chase Bank, N.A. andthe holders from time to time of the depositaryreceipts described therein (Exhibit 4.3 to MorganStanley's quarterly report on Form 10-Q for thequarter ended May 31, 2006).","SupplementalSeniorIndenture datedasofDecember 1, 2008 (Exhibit 4.1 to Morgan Stanley'scurrent report on Form 8-K dated December1,2008), Fifth Supplemental Senior Indenture dated asof April 1, 2009 (Exhibit 4 to Morgan Stanley'squarterly report on Form 10-Q for the quarter endedMarch 31,2009)，Sixth Supplemental SeniorIndenture dated as of September 16,2011 (Exhibit4.1 to Morgan Stanley's quarterly report on Form10-Q for the quarter ended September 30,2011),Seventh Supplemental Senior Indenture dated as ofNovember 21,2011(Exhibit4.4to MorganStanley's annual report on Form 10-K for the yearended December 31,2011),Eighth SupplementalSeniorIndenture dated asof May 4,2012(Exhibit 4.1 to Morgan Stanley's quarterly report onForm 10-Q for the quarter ended June 30, 2012),Ninth Supplemental Senior Indenture dated as ofMarch 10, 2014 (Exhibit 4.1 to Morgan Stanley'squarterly report on Form 1O-Q for the quarter endedMarch 31, 2014) and Tenth Supplemental SeniorIndenture dated as of January 11, 2017 (Exhibit 4.1to Morgan Stanley's current report on Form 8-Kdated January 11,2017).4.4 The Unit Agreement Without Holders’ Obligations,dated as of August 29， 2008， between MorganStanley and The Bank of New York Mellon, as UnitAgent, as Trustee and Paying Agent under theSenior Indenture referred to therein and as WarrantAgent under the Warrant Agreement referred totherein (Exhibit 4.1 to Morgan Stanley's current report on Form 8-K dated August 29, 2008).4.5 Subordinated Indenture dated as of October 1, 2004between Morgan Stanley and The Bank ofNew York, as trustee (Exhibit 4-g to MorganStanley's Registration Statement on Form S-3/A(No. 333-117752)).4.6 JuniorSubordinated Indenture dated asofOctober 12, 2006 between Morgan Stanley and TheBank of New York,as trustee (Exhibit 4.1 toMorgan Stanley's current report on Form 8-K datedOctober 12, 2006).4.7 Deposit Agreement dated as of July 6. 2006 amongMorgan Stanley, JPMorgan Chase Bank, N.A. andthe holders from time to time of the depositaryreceipts described therein (Exhibit 4.3 to MorganStanley's quarterly report on Form 10-Q for thequarter ended May 31, 2006).","SupplementalSeniorIndenture datedasofDecember 1, 2008 (Exhibit 4.1 to Morgan Stanley'scurrent report on Form 8-K dated December1,2008), Fifth Supplemental Senior Indenture dated asof April 1, 2009 (Exhibit 4 to Morgan Stanley'squarterly report on Form 10-Q for the quarter endedMarch 31,2009)，Sixth Supplemental SeniorIndenture dated as of September 16,2011 (Exhibit4.1 to Morgan Stanley's quarterly report on Form10-Q for the quarter ended September 30,2011),Seventh Supplemental Senior Indenture dated as ofNovember 21,2011(Exhibit4.4to MorganStanley's annual report on Form 10-K for the yearended December 31,2011),Eighth SupplementalSeniorIndenture dated asof May 4,2012(Exhibit 4.1 to Morgan Stanley's quarterly report onForm 10-Q for the quarter ended June 30, 2012),Ninth Supplemental Senior Indenture dated as ofMarch 10, 2014 (Exhibit 4.1 to Morgan Stanley'squarterly report on Form 1O-Q for the quarter endedMarch 31, 2014) and Tenth Supplemental SeniorIndenture dated as of January 11, 2017 (Exhibit 4.1to Morgan Stanley's current report on Form 8-Kdated January 11,2017).4.4 The Unit Agreement Without Holders’ Obligations,dated as of August 29， 2008， between MorganStanley and The Bank of New York Mellon, as UnitAgent, as Trustee and Paying Agent under theSenior Indenture referred to therein and as WarrantAgent under the Warrant Agreement referred totherein (Exhibit 4.1 to Morgan Stanley's current report on Form 8-K dated August 29, 2008).4.5 Subordinated Indenture dated as of October 1, 2004between Morgan Stanley and The Bank ofNew York, as trustee (Exhibit 4-g to MorganStanley's Registration Statement on Form S-3/A(No. 333-117752)).4.6 JuniorSubordinated Indenture dated asofOctober 12, 2006 between Morgan Stanley and TheBank of New York,as trustee (Exhibit 4.1 toMorgan Stanley's current report on Form 8-K datedOctober 12, 2006).4.7 Deposit Agreement dated as of July 6. 2006 amongMorgan Stanley, JPMorgan Chase Bank, N.A. andthe holders from time to time of the depositaryreceipts described therein (Exhibit 4.3 to MorganStanley's quarterly report on Form 10-Q for thequarter ended May 31, 2006).","Agent, as Trustee and Paying Agent under the","Agent, as Trustee and Paying Agent under the","Agent, as Trustee and Paying Agent under the","April 29, 2014).DepositaryReceiptforDepositaryShares,",4.15,4.15,4.15,4.15,4.15,4.15,,,,,,,
"SupplementalSeniorIndenture datedasofDecember 1, 2008 (Exhibit 4.1 to Morgan Stanley'scurrent report on Form 8-K dated December1,2008), Fifth Supplemental Senior Indenture dated asof April 1, 2009 (Exhibit 4 to Morgan Stanley'squarterly report on Form 10-Q for the quarter endedMarch 31,2009)，Sixth Supplemental SeniorIndenture dated as of September 16,2011 (Exhibit4.1 to Morgan Stanley's quarterly report on Form10-Q for the quarter ended September 30,2011),Seventh Supplemental Senior Indenture dated as ofNovember 21,2011(Exhibit4.4to MorganStanley's annual report on Form 10-K for the yearended December 31,2011),Eighth SupplementalSeniorIndenture dated asof May 4,2012(Exhibit 4.1 to Morgan Stanley's quarterly report onForm 10-Q for the quarter ended June 30, 2012),Ninth Supplemental Senior Indenture dated as ofMarch 10, 2014 (Exhibit 4.1 to Morgan Stanley'squarterly report on Form 1O-Q for the quarter endedMarch 31, 2014) and Tenth Supplemental SeniorIndenture dated as of January 11, 2017 (Exhibit 4.1to Morgan Stanley's current report on Form 8-Kdated January 11,2017).4.4 The Unit Agreement Without Holders’ Obligations,dated as of August 29， 2008， between MorganStanley and The Bank of New York Mellon, as UnitAgent, as Trustee and Paying Agent under theSenior Indenture referred to therein and as WarrantAgent under the Warrant Agreement referred totherein (Exhibit 4.1 to Morgan Stanley's current report on Form 8-K dated August 29, 2008).4.5 Subordinated Indenture dated as of October 1, 2004between Morgan Stanley and The Bank ofNew York, as trustee (Exhibit 4-g to MorganStanley's Registration Statement on Form S-3/A(No. 333-117752)).4.6 JuniorSubordinated Indenture dated asofOctober 12, 2006 between Morgan Stanley and TheBank of New York,as trustee (Exhibit 4.1 toMorgan Stanley's current report on Form 8-K datedOctober 12, 2006).4.7 Deposit Agreement dated as of July 6. 2006 amongMorgan Stanley, JPMorgan Chase Bank, N.A. andthe holders from time to time of the depositaryreceipts described therein (Exhibit 4.3 to MorganStanley's quarterly report on Form 10-Q for thequarter ended May 31, 2006).","SupplementalSeniorIndenture datedasofDecember 1, 2008 (Exhibit 4.1 to Morgan Stanley'scurrent report on Form 8-K dated December1,2008), Fifth Supplemental Senior Indenture dated asof April 1, 2009 (Exhibit 4 to Morgan Stanley'squarterly report on Form 10-Q for the quarter endedMarch 31,2009)，Sixth Supplemental SeniorIndenture dated as of September 16,2011 (Exhibit4.1 to Morgan Stanley's quarterly report on Form10-Q for the quarter ended September 30,2011),Seventh Supplemental Senior Indenture dated as ofNovember 21,2011(Exhibit4.4to MorganStanley's annual report on Form 10-K for the yearended December 31,2011),Eighth SupplementalSeniorIndenture dated asof May 4,2012(Exhibit 4.1 to Morgan Stanley's quarterly report onForm 10-Q for the quarter ended June 30, 2012),Ninth Supplemental Senior Indenture dated as ofMarch 10, 2014 (Exhibit 4.1 to Morgan Stanley'squarterly report on Form 1O-Q for the quarter endedMarch 31, 2014) and Tenth Supplemental SeniorIndenture dated as of January 11, 2017 (Exhibit 4.1to Morgan Stanley's current report on Form 8-Kdated January 11,2017).4.4 The Unit Agreement Without Holders’ Obligations,dated as of August 29， 2008， between MorganStanley and The Bank of New York Mellon, as UnitAgent, as Trustee and Paying Agent under theSenior Indenture referred to therein and as WarrantAgent under the Warrant Agreement referred totherein (Exhibit 4.1 to Morgan Stanley's current report on Form 8-K dated August 29, 2008).4.5 Subordinated Indenture dated as of October 1, 2004between Morgan Stanley and The Bank ofNew York, as trustee (Exhibit 4-g to MorganStanley's Registration Statement on Form S-3/A(No. 333-117752)).4.6 JuniorSubordinated Indenture dated asofOctober 12, 2006 between Morgan Stanley and TheBank of New York,as trustee (Exhibit 4.1 toMorgan Stanley's current report on Form 8-K datedOctober 12, 2006).4.7 Deposit Agreement dated as of July 6. 2006 amongMorgan Stanley, JPMorgan Chase Bank, N.A. andthe holders from time to time of the depositaryreceipts described therein (Exhibit 4.3 to MorganStanley's quarterly report on Form 10-Q for thequarter ended May 31, 2006).","SupplementalSeniorIndenture datedasofDecember 1, 2008 (Exhibit 4.1 to Morgan Stanley'scurrent report on Form 8-K dated December1,2008), Fifth Supplemental Senior Indenture dated asof April 1, 2009 (Exhibit 4 to Morgan Stanley'squarterly report on Form 10-Q for the quarter endedMarch 31,2009)，Sixth Supplemental SeniorIndenture dated as of September 16,2011 (Exhibit4.1 to Morgan Stanley's quarterly report on Form10-Q for the quarter ended September 30,2011),Seventh Supplemental Senior Indenture dated as ofNovember 21,2011(Exhibit4.4to MorganStanley's annual report on Form 10-K for the yearended December 31,2011),Eighth SupplementalSeniorIndenture dated asof May 4,2012(Exhibit 4.1 to Morgan Stanley's quarterly report onForm 10-Q for the quarter ended June 30, 2012),Ninth Supplemental Senior Indenture dated as ofMarch 10, 2014 (Exhibit 4.1 to Morgan Stanley'squarterly report on Form 1O-Q for the quarter endedMarch 31, 2014) and Tenth Supplemental SeniorIndenture dated as of January 11, 2017 (Exhibit 4.1to Morgan Stanley's current report on Form 8-Kdated January 11,2017).4.4 The Unit Agreement Without Holders’ Obligations,dated as of August 29， 2008， between MorganStanley and The Bank of New York Mellon, as UnitAgent, as Trustee and Paying Agent under theSenior Indenture referred to therein and as WarrantAgent under the Warrant Agreement referred totherein (Exhibit 4.1 to Morgan Stanley's current report on Form 8-K dated August 29, 2008).4.5 Subordinated Indenture dated as of October 1, 2004between Morgan Stanley and The Bank ofNew York, as trustee (Exhibit 4-g to MorganStanley's Registration Statement on Form S-3/A(No. 333-117752)).4.6 JuniorSubordinated Indenture dated asofOctober 12, 2006 between Morgan Stanley and TheBank of New York,as trustee (Exhibit 4.1 toMorgan Stanley's current report on Form 8-K datedOctober 12, 2006).4.7 Deposit Agreement dated as of July 6. 2006 amongMorgan Stanley, JPMorgan Chase Bank, N.A. andthe holders from time to time of the depositaryreceipts described therein (Exhibit 4.3 to MorganStanley's quarterly report on Form 10-Q for thequarter ended May 31, 2006).","SupplementalSeniorIndenture datedasofDecember 1, 2008 (Exhibit 4.1 to Morgan Stanley'scurrent report on Form 8-K dated December1,2008), Fifth Supplemental Senior Indenture dated asof April 1, 2009 (Exhibit 4 to Morgan Stanley'squarterly report on Form 10-Q for the quarter endedMarch 31,2009)，Sixth Supplemental SeniorIndenture dated as of September 16,2011 (Exhibit4.1 to Morgan Stanley's quarterly report on Form10-Q for the quarter ended September 30,2011),Seventh Supplemental Senior Indenture dated as ofNovember 21,2011(Exhibit4.4to MorganStanley's annual report on Form 10-K for the yearended December 31,2011),Eighth SupplementalSeniorIndenture dated asof May 4,2012(Exhibit 4.1 to Morgan Stanley's quarterly report onForm 10-Q for the quarter ended June 30, 2012),Ninth Supplemental Senior Indenture dated as ofMarch 10, 2014 (Exhibit 4.1 to Morgan Stanley'squarterly report on Form 1O-Q for the quarter endedMarch 31, 2014) and Tenth Supplemental SeniorIndenture dated as of January 11, 2017 (Exhibit 4.1to Morgan Stanley's current report on Form 8-Kdated January 11,2017).4.4 The Unit Agreement Without Holders’ Obligations,dated as of August 29， 2008， between MorganStanley and The Bank of New York Mellon, as UnitAgent, as Trustee and Paying Agent under theSenior Indenture referred to therein and as WarrantAgent under the Warrant Agreement referred totherein (Exhibit 4.1 to Morgan Stanley's current report on Form 8-K dated August 29, 2008).4.5 Subordinated Indenture dated as of October 1, 2004between Morgan Stanley and The Bank ofNew York, as trustee (Exhibit 4-g to MorganStanley's Registration Statement on Form S-3/A(No. 333-117752)).4.6 JuniorSubordinated Indenture dated asofOctober 12, 2006 between Morgan Stanley and TheBank of New York,as trustee (Exhibit 4.1 toMorgan Stanley's current report on Form 8-K datedOctober 12, 2006).4.7 Deposit Agreement dated as of July 6. 2006 amongMorgan Stanley, JPMorgan Chase Bank, N.A. andthe holders from time to time of the depositaryreceipts described therein (Exhibit 4.3 to MorganStanley's quarterly report on Form 10-Q for thequarter ended May 31, 2006).",Senior Indenture referred to therein and as Warrant,Senior Indenture referred to therein and as Warrant,Senior Indenture referred to therein and as Warrant,"April 29, 2014).DepositaryReceiptforDepositaryShares,",4.15,4.15,4.15,4.15,4.15,4.15,,,,,,,
"SupplementalSeniorIndenture datedasofDecember 1, 2008 (Exhibit 4.1 to Morgan Stanley'scurrent report on Form 8-K dated December1,2008), Fifth Supplemental Senior Indenture dated asof April 1, 2009 (Exhibit 4 to Morgan Stanley'squarterly report on Form 10-Q for the quarter endedMarch 31,2009)，Sixth Supplemental SeniorIndenture dated as of September 16,2011 (Exhibit4.1 to Morgan Stanley's quarterly report on Form10-Q for the quarter ended September 30,2011),Seventh Supplemental Senior Indenture dated as ofNovember 21,2011(Exhibit4.4to MorganStanley's annual report on Form 10-K for the yearended December 31,2011),Eighth SupplementalSeniorIndenture dated asof May 4,2012(Exhibit 4.1 to Morgan Stanley's quarterly report onForm 10-Q for the quarter ended June 30, 2012),Ninth Supplemental Senior Indenture dated as ofMarch 10, 2014 (Exhibit 4.1 to Morgan Stanley'squarterly report on Form 1O-Q for the quarter endedMarch 31, 2014) and Tenth Supplemental SeniorIndenture dated as of January 11, 2017 (Exhibit 4.1to Morgan Stanley's current report on Form 8-Kdated January 11,2017).4.4 The Unit Agreement Without Holders’ Obligations,dated as of August 29， 2008， between MorganStanley and The Bank of New York Mellon, as UnitAgent, as Trustee and Paying Agent under theSenior Indenture referred to therein and as WarrantAgent under the Warrant Agreement referred totherein (Exhibit 4.1 to Morgan Stanley's current report on Form 8-K dated August 29, 2008).4.5 Subordinated Indenture dated as of October 1, 2004between Morgan Stanley and The Bank ofNew York, as trustee (Exhibit 4-g to MorganStanley's Registration Statement on Form S-3/A(No. 333-117752)).4.6 JuniorSubordinated Indenture dated asofOctober 12, 2006 between Morgan Stanley and TheBank of New York,as trustee (Exhibit 4.1 toMorgan Stanley's current report on Form 8-K datedOctober 12, 2006).4.7 Deposit Agreement dated as of July 6. 2006 amongMorgan Stanley, JPMorgan Chase Bank, N.A. andthe holders from time to time of the depositaryreceipts described therein (Exhibit 4.3 to MorganStanley's quarterly report on Form 10-Q for thequarter ended May 31, 2006).","SupplementalSeniorIndenture datedasofDecember 1, 2008 (Exhibit 4.1 to Morgan Stanley'scurrent report on Form 8-K dated December1,2008), Fifth Supplemental Senior Indenture dated asof April 1, 2009 (Exhibit 4 to Morgan Stanley'squarterly report on Form 10-Q for the quarter endedMarch 31,2009)，Sixth Supplemental SeniorIndenture dated as of September 16,2011 (Exhibit4.1 to Morgan Stanley's quarterly report on Form10-Q for the quarter ended September 30,2011),Seventh Supplemental Senior Indenture dated as ofNovember 21,2011(Exhibit4.4to MorganStanley's annual report on Form 10-K for the yearended December 31,2011),Eighth SupplementalSeniorIndenture dated asof May 4,2012(Exhibit 4.1 to Morgan Stanley's quarterly report onForm 10-Q for the quarter ended June 30, 2012),Ninth Supplemental Senior Indenture dated as ofMarch 10, 2014 (Exhibit 4.1 to Morgan Stanley'squarterly report on Form 1O-Q for the quarter endedMarch 31, 2014) and Tenth Supplemental SeniorIndenture dated as of January 11, 2017 (Exhibit 4.1to Morgan Stanley's current report on Form 8-Kdated January 11,2017).4.4 The Unit Agreement Without Holders’ Obligations,dated as of August 29， 2008， between MorganStanley and The Bank of New York Mellon, as UnitAgent, as Trustee and Paying Agent under theSenior Indenture referred to therein and as WarrantAgent under the Warrant Agreement referred totherein (Exhibit 4.1 to Morgan Stanley's current report on Form 8-K dated August 29, 2008).4.5 Subordinated Indenture dated as of October 1, 2004between Morgan Stanley and The Bank ofNew York, as trustee (Exhibit 4-g to MorganStanley's Registration Statement on Form S-3/A(No. 333-117752)).4.6 JuniorSubordinated Indenture dated asofOctober 12, 2006 between Morgan Stanley and TheBank of New York,as trustee (Exhibit 4.1 toMorgan Stanley's current report on Form 8-K datedOctober 12, 2006).4.7 Deposit Agreement dated as of July 6. 2006 amongMorgan Stanley, JPMorgan Chase Bank, N.A. andthe holders from time to time of the depositaryreceipts described therein (Exhibit 4.3 to MorganStanley's quarterly report on Form 10-Q for thequarter ended May 31, 2006).","SupplementalSeniorIndenture datedasofDecember 1, 2008 (Exhibit 4.1 to Morgan Stanley'scurrent report on Form 8-K dated December1,2008), Fifth Supplemental Senior Indenture dated asof April 1, 2009 (Exhibit 4 to Morgan Stanley'squarterly report on Form 10-Q for the quarter endedMarch 31,2009)，Sixth Supplemental SeniorIndenture dated as of September 16,2011 (Exhibit4.1 to Morgan Stanley's quarterly report on Form10-Q for the quarter ended September 30,2011),Seventh Supplemental Senior Indenture dated as ofNovember 21,2011(Exhibit4.4to MorganStanley's annual report on Form 10-K for the yearended December 31,2011),Eighth SupplementalSeniorIndenture dated asof May 4,2012(Exhibit 4.1 to Morgan Stanley's quarterly report onForm 10-Q for the quarter ended June 30, 2012),Ninth Supplemental Senior Indenture dated as ofMarch 10, 2014 (Exhibit 4.1 to Morgan Stanley'squarterly report on Form 1O-Q for the quarter endedMarch 31, 2014) and Tenth Supplemental SeniorIndenture dated as of January 11, 2017 (Exhibit 4.1to Morgan Stanley's current report on Form 8-Kdated January 11,2017).4.4 The Unit Agreement Without Holders’ Obligations,dated as of August 29， 2008， between MorganStanley and The Bank of New York Mellon, as UnitAgent, as Trustee and Paying Agent under theSenior Indenture referred to therein and as WarrantAgent under the Warrant Agreement referred totherein (Exhibit 4.1 to Morgan Stanley's current report on Form 8-K dated August 29, 2008).4.5 Subordinated Indenture dated as of October 1, 2004between Morgan Stanley and The Bank ofNew York, as trustee (Exhibit 4-g to MorganStanley's Registration Statement on Form S-3/A(No. 333-117752)).4.6 JuniorSubordinated Indenture dated asofOctober 12, 2006 between Morgan Stanley and TheBank of New York,as trustee (Exhibit 4.1 toMorgan Stanley's current report on Form 8-K datedOctober 12, 2006).4.7 Deposit Agreement dated as of July 6. 2006 amongMorgan Stanley, JPMorgan Chase Bank, N.A. andthe holders from time to time of the depositaryreceipts described therein (Exhibit 4.3 to MorganStanley's quarterly report on Form 10-Q for thequarter ended May 31, 2006).","SupplementalSeniorIndenture datedasofDecember 1, 2008 (Exhibit 4.1 to Morgan Stanley'scurrent report on Form 8-K dated December1,2008), Fifth Supplemental Senior Indenture dated asof April 1, 2009 (Exhibit 4 to Morgan Stanley'squarterly report on Form 10-Q for the quarter endedMarch 31,2009)，Sixth Supplemental SeniorIndenture dated as of September 16,2011 (Exhibit4.1 to Morgan Stanley's quarterly report on Form10-Q for the quarter ended September 30,2011),Seventh Supplemental Senior Indenture dated as ofNovember 21,2011(Exhibit4.4to MorganStanley's annual report on Form 10-K for the yearended December 31,2011),Eighth SupplementalSeniorIndenture dated asof May 4,2012(Exhibit 4.1 to Morgan Stanley's quarterly report onForm 10-Q for the quarter ended June 30, 2012),Ninth Supplemental Senior Indenture dated as ofMarch 10, 2014 (Exhibit 4.1 to Morgan Stanley'squarterly report on Form 1O-Q for the quarter endedMarch 31, 2014) and Tenth Supplemental SeniorIndenture dated as of January 11, 2017 (Exhibit 4.1to Morgan Stanley's current report on Form 8-Kdated January 11,2017).4.4 The Unit Agreement Without Holders’ Obligations,dated as of August 29， 2008， between MorganStanley and The Bank of New York Mellon, as UnitAgent, as Trustee and Paying Agent under theSenior Indenture referred to therein and as WarrantAgent under the Warrant Agreement referred totherein (Exhibit 4.1 to Morgan Stanley's current report on Form 8-K dated August 29, 2008).4.5 Subordinated Indenture dated as of October 1, 2004between Morgan Stanley and The Bank ofNew York, as trustee (Exhibit 4-g to MorganStanley's Registration Statement on Form S-3/A(No. 333-117752)).4.6 JuniorSubordinated Indenture dated asofOctober 12, 2006 between Morgan Stanley and TheBank of New York,as trustee (Exhibit 4.1 toMorgan Stanley's current report on Form 8-K datedOctober 12, 2006).4.7 Deposit Agreement dated as of July 6. 2006 amongMorgan Stanley, JPMorgan Chase Bank, N.A. andthe holders from time to time of the depositaryreceipts described therein (Exhibit 4.3 to MorganStanley's quarterly report on Form 10-Q for thequarter ended May 31, 2006).",,,,,,,representing Fixed-to-Floating RateNon-,,,,,,,,,,
"SupplementalSeniorIndenture datedasofDecember 1, 2008 (Exhibit 4.1 to Morgan Stanley'scurrent report on Form 8-K dated December1,2008), Fifth Supplemental Senior Indenture dated asof April 1, 2009 (Exhibit 4 to Morgan Stanley'squarterly report on Form 10-Q for the quarter endedMarch 31,2009)，Sixth Supplemental SeniorIndenture dated as of September 16,2011 (Exhibit4.1 to Morgan Stanley's quarterly report on Form10-Q for the quarter ended September 30,2011),Seventh Supplemental Senior Indenture dated as ofNovember 21,2011(Exhibit4.4to MorganStanley's annual report on Form 10-K for the yearended December 31,2011),Eighth SupplementalSeniorIndenture dated asof May 4,2012(Exhibit 4.1 to Morgan Stanley's quarterly report onForm 10-Q for the quarter ended June 30, 2012),Ninth Supplemental Senior Indenture dated as ofMarch 10, 2014 (Exhibit 4.1 to Morgan Stanley'squarterly report on Form 1O-Q for the quarter endedMarch 31, 2014) and Tenth Supplemental SeniorIndenture dated as of January 11, 2017 (Exhibit 4.1to Morgan Stanley's current report on Form 8-Kdated January 11,2017).4.4 The Unit Agreement Without Holders’ Obligations,dated as of August 29， 2008， between MorganStanley and The Bank of New York Mellon, as UnitAgent, as Trustee and Paying Agent under theSenior Indenture referred to therein and as WarrantAgent under the Warrant Agreement referred totherein (Exhibit 4.1 to Morgan Stanley's current report on Form 8-K dated August 29, 2008).4.5 Subordinated Indenture dated as of October 1, 2004between Morgan Stanley and The Bank ofNew York, as trustee (Exhibit 4-g to MorganStanley's Registration Statement on Form S-3/A(No. 333-117752)).4.6 JuniorSubordinated Indenture dated asofOctober 12, 2006 between Morgan Stanley and TheBank of New York,as trustee (Exhibit 4.1 toMorgan Stanley's current report on Form 8-K datedOctober 12, 2006).4.7 Deposit Agreement dated as of July 6. 2006 amongMorgan Stanley, JPMorgan Chase Bank, N.A. andthe holders from time to time of the depositaryreceipts described therein (Exhibit 4.3 to MorganStanley's quarterly report on Form 10-Q for thequarter ended May 31, 2006).","SupplementalSeniorIndenture datedasofDecember 1, 2008 (Exhibit 4.1 to Morgan Stanley'scurrent report on Form 8-K dated December1,2008), Fifth Supplemental Senior Indenture dated asof April 1, 2009 (Exhibit 4 to Morgan Stanley'squarterly report on Form 10-Q for the quarter endedMarch 31,2009)，Sixth Supplemental SeniorIndenture dated as of September 16,2011 (Exhibit4.1 to Morgan Stanley's quarterly report on Form10-Q for the quarter ended September 30,2011),Seventh Supplemental Senior Indenture dated as ofNovember 21,2011(Exhibit4.4to MorganStanley's annual report on Form 10-K for the yearended December 31,2011),Eighth SupplementalSeniorIndenture dated asof May 4,2012(Exhibit 4.1 to Morgan Stanley's quarterly report onForm 10-Q for the quarter ended June 30, 2012),Ninth Supplemental Senior Indenture dated as ofMarch 10, 2014 (Exhibit 4.1 to Morgan Stanley'squarterly report on Form 1O-Q for the quarter endedMarch 31, 2014) and Tenth Supplemental SeniorIndenture dated as of January 11, 2017 (Exhibit 4.1to Morgan Stanley's current report on Form 8-Kdated January 11,2017).4.4 The Unit Agreement Without Holders’ Obligations,dated as of August 29， 2008， between MorganStanley and The Bank of New York Mellon, as UnitAgent, as Trustee and Paying Agent under theSenior Indenture referred to therein and as WarrantAgent under the Warrant Agreement referred totherein (Exhibit 4.1 to Morgan Stanley's current report on Form 8-K dated August 29, 2008).4.5 Subordinated Indenture dated as of October 1, 2004between Morgan Stanley and The Bank ofNew York, as trustee (Exhibit 4-g to MorganStanley's Registration Statement on Form S-3/A(No. 333-117752)).4.6 JuniorSubordinated Indenture dated asofOctober 12, 2006 between Morgan Stanley and TheBank of New York,as trustee (Exhibit 4.1 toMorgan Stanley's current report on Form 8-K datedOctober 12, 2006).4.7 Deposit Agreement dated as of July 6. 2006 amongMorgan Stanley, JPMorgan Chase Bank, N.A. andthe holders from time to time of the depositaryreceipts described therein (Exhibit 4.3 to MorganStanley's quarterly report on Form 10-Q for thequarter ended May 31, 2006).","SupplementalSeniorIndenture datedasofDecember 1, 2008 (Exhibit 4.1 to Morgan Stanley'scurrent report on Form 8-K dated December1,2008), Fifth Supplemental Senior Indenture dated asof April 1, 2009 (Exhibit 4 to Morgan Stanley'squarterly report on Form 10-Q for the quarter endedMarch 31,2009)，Sixth Supplemental SeniorIndenture dated as of September 16,2011 (Exhibit4.1 to Morgan Stanley's quarterly report on Form10-Q for the quarter ended September 30,2011),Seventh Supplemental Senior Indenture dated as ofNovember 21,2011(Exhibit4.4to MorganStanley's annual report on Form 10-K for the yearended December 31,2011),Eighth SupplementalSeniorIndenture dated asof May 4,2012(Exhibit 4.1 to Morgan Stanley's quarterly report onForm 10-Q for the quarter ended June 30, 2012),Ninth Supplemental Senior Indenture dated as ofMarch 10, 2014 (Exhibit 4.1 to Morgan Stanley'squarterly report on Form 1O-Q for the quarter endedMarch 31, 2014) and Tenth Supplemental SeniorIndenture dated as of January 11, 2017 (Exhibit 4.1to Morgan Stanley's current report on Form 8-Kdated January 11,2017).4.4 The Unit Agreement Without Holders’ Obligations,dated as of August 29， 2008， between MorganStanley and The Bank of New York Mellon, as UnitAgent, as Trustee and Paying Agent under theSenior Indenture referred to therein and as WarrantAgent under the Warrant Agreement referred totherein (Exhibit 4.1 to Morgan Stanley's current report on Form 8-K dated August 29, 2008).4.5 Subordinated Indenture dated as of October 1, 2004between Morgan Stanley and The Bank ofNew York, as trustee (Exhibit 4-g to MorganStanley's Registration Statement on Form S-3/A(No. 333-117752)).4.6 JuniorSubordinated Indenture dated asofOctober 12, 2006 between Morgan Stanley and TheBank of New York,as trustee (Exhibit 4.1 toMorgan Stanley's current report on Form 8-K datedOctober 12, 2006).4.7 Deposit Agreement dated as of July 6. 2006 amongMorgan Stanley, JPMorgan Chase Bank, N.A. andthe holders from time to time of the depositaryreceipts described therein (Exhibit 4.3 to MorganStanley's quarterly report on Form 10-Q for thequarter ended May 31, 2006).","SupplementalSeniorIndenture datedasofDecember 1, 2008 (Exhibit 4.1 to Morgan Stanley'scurrent report on Form 8-K dated December1,2008), Fifth Supplemental Senior Indenture dated asof April 1, 2009 (Exhibit 4 to Morgan Stanley'squarterly report on Form 10-Q for the quarter endedMarch 31,2009)，Sixth Supplemental SeniorIndenture dated as of September 16,2011 (Exhibit4.1 to Morgan Stanley's quarterly report on Form10-Q for the quarter ended September 30,2011),Seventh Supplemental Senior Indenture dated as ofNovember 21,2011(Exhibit4.4to MorganStanley's annual report on Form 10-K for the yearended December 31,2011),Eighth SupplementalSeniorIndenture dated asof May 4,2012(Exhibit 4.1 to Morgan Stanley's quarterly report onForm 10-Q for the quarter ended June 30, 2012),Ninth Supplemental Senior Indenture dated as ofMarch 10, 2014 (Exhibit 4.1 to Morgan Stanley'squarterly report on Form 1O-Q for the quarter endedMarch 31, 2014) and Tenth Supplemental SeniorIndenture dated as of January 11, 2017 (Exhibit 4.1to Morgan Stanley's current report on Form 8-Kdated January 11,2017).4.4 The Unit Agreement Without Holders’ Obligations,dated as of August 29， 2008， between MorganStanley and The Bank of New York Mellon, as UnitAgent, as Trustee and Paying Agent under theSenior Indenture referred to therein and as WarrantAgent under the Warrant Agreement referred totherein (Exhibit 4.1 to Morgan Stanley's current report on Form 8-K dated August 29, 2008).4.5 Subordinated Indenture dated as of October 1, 2004between Morgan Stanley and The Bank ofNew York, as trustee (Exhibit 4-g to MorganStanley's Registration Statement on Form S-3/A(No. 333-117752)).4.6 JuniorSubordinated Indenture dated asofOctober 12, 2006 between Morgan Stanley and TheBank of New York,as trustee (Exhibit 4.1 toMorgan Stanley's current report on Form 8-K datedOctober 12, 2006).4.7 Deposit Agreement dated as of July 6. 2006 amongMorgan Stanley, JPMorgan Chase Bank, N.A. andthe holders from time to time of the depositaryreceipts described therein (Exhibit 4.3 to MorganStanley's quarterly report on Form 10-Q for thequarter ended May 31, 2006).",,,,,,,representing Fixed-to-Floating RateNon-,Agent under the Warrant Agreement referred to,Agent under the Warrant Agreement referred to,Agent under the Warrant Agreement referred to,,,,,,,
"SupplementalSeniorIndenture datedasofDecember 1, 2008 (Exhibit 4.1 to Morgan Stanley'scurrent report on Form 8-K dated December1,2008), Fifth Supplemental Senior Indenture dated asof April 1, 2009 (Exhibit 4 to Morgan Stanley'squarterly report on Form 10-Q for the quarter endedMarch 31,2009)，Sixth Supplemental SeniorIndenture dated as of September 16,2011 (Exhibit4.1 to Morgan Stanley's quarterly report on Form10-Q for the quarter ended September 30,2011),Seventh Supplemental Senior Indenture dated as ofNovember 21,2011(Exhibit4.4to MorganStanley's annual report on Form 10-K for the yearended December 31,2011),Eighth SupplementalSeniorIndenture dated asof May 4,2012(Exhibit 4.1 to Morgan Stanley's quarterly report onForm 10-Q for the quarter ended June 30, 2012),Ninth Supplemental Senior Indenture dated as ofMarch 10, 2014 (Exhibit 4.1 to Morgan Stanley'squarterly report on Form 1O-Q for the quarter endedMarch 31, 2014) and Tenth Supplemental SeniorIndenture dated as of January 11, 2017 (Exhibit 4.1to Morgan Stanley's current report on Form 8-Kdated January 11,2017).4.4 The Unit Agreement Without Holders’ Obligations,dated as of August 29， 2008， between MorganStanley and The Bank of New York Mellon, as UnitAgent, as Trustee and Paying Agent under theSenior Indenture referred to therein and as WarrantAgent under the Warrant Agreement referred totherein (Exhibit 4.1 to Morgan Stanley's current report on Form 8-K dated August 29, 2008).4.5 Subordinated Indenture dated as of October 1, 2004between Morgan Stanley and The Bank ofNew York, as trustee (Exhibit 4-g to MorganStanley's Registration Statement on Form S-3/A(No. 333-117752)).4.6 JuniorSubordinated Indenture dated asofOctober 12, 2006 between Morgan Stanley and TheBank of New York,as trustee (Exhibit 4.1 toMorgan Stanley's current report on Form 8-K datedOctober 12, 2006).4.7 Deposit Agreement dated as of July 6. 2006 amongMorgan Stanley, JPMorgan Chase Bank, N.A. andthe holders from time to time of the depositaryreceipts described therein (Exhibit 4.3 to MorganStanley's quarterly report on Form 10-Q for thequarter ended May 31, 2006).","SupplementalSeniorIndenture datedasofDecember 1, 2008 (Exhibit 4.1 to Morgan Stanley'scurrent report on Form 8-K dated December1,2008), Fifth Supplemental Senior Indenture dated asof April 1, 2009 (Exhibit 4 to Morgan Stanley'squarterly report on Form 10-Q for the quarter endedMarch 31,2009)，Sixth Supplemental SeniorIndenture dated as of September 16,2011 (Exhibit4.1 to Morgan Stanley's quarterly report on Form10-Q for the quarter ended September 30,2011),Seventh Supplemental Senior Indenture dated as ofNovember 21,2011(Exhibit4.4to MorganStanley's annual report on Form 10-K for the yearended December 31,2011),Eighth SupplementalSeniorIndenture dated asof May 4,2012(Exhibit 4.1 to Morgan Stanley's quarterly report onForm 10-Q for the quarter ended June 30, 2012),Ninth Supplemental Senior Indenture dated as ofMarch 10, 2014 (Exhibit 4.1 to Morgan Stanley'squarterly report on Form 1O-Q for the quarter endedMarch 31, 2014) and Tenth Supplemental SeniorIndenture dated as of January 11, 2017 (Exhibit 4.1to Morgan Stanley's current report on Form 8-Kdated January 11,2017).4.4 The Unit Agreement Without Holders’ Obligations,dated as of August 29， 2008， between MorganStanley and The Bank of New York Mellon, as UnitAgent, as Trustee and Paying Agent under theSenior Indenture referred to therein and as WarrantAgent under the Warrant Agreement referred totherein (Exhibit 4.1 to Morgan Stanley's current report on Form 8-K dated August 29, 2008).4.5 Subordinated Indenture dated as of October 1, 2004between Morgan Stanley and The Bank ofNew York, as trustee (Exhibit 4-g to MorganStanley's Registration Statement on Form S-3/A(No. 333-117752)).4.6 JuniorSubordinated Indenture dated asofOctober 12, 2006 between Morgan Stanley and TheBank of New York,as trustee (Exhibit 4.1 toMorgan Stanley's current report on Form 8-K datedOctober 12, 2006).4.7 Deposit Agreement dated as of July 6. 2006 amongMorgan Stanley, JPMorgan Chase Bank, N.A. andthe holders from time to time of the depositaryreceipts described therein (Exhibit 4.3 to MorganStanley's quarterly report on Form 10-Q for thequarter ended May 31, 2006).","SupplementalSeniorIndenture datedasofDecember 1, 2008 (Exhibit 4.1 to Morgan Stanley'scurrent report on Form 8-K dated December1,2008), Fifth Supplemental Senior Indenture dated asof April 1, 2009 (Exhibit 4 to Morgan Stanley'squarterly report on Form 10-Q for the quarter endedMarch 31,2009)，Sixth Supplemental SeniorIndenture dated as of September 16,2011 (Exhibit4.1 to Morgan Stanley's quarterly report on Form10-Q for the quarter ended September 30,2011),Seventh Supplemental Senior Indenture dated as ofNovember 21,2011(Exhibit4.4to MorganStanley's annual report on Form 10-K for the yearended December 31,2011),Eighth SupplementalSeniorIndenture dated asof May 4,2012(Exhibit 4.1 to Morgan Stanley's quarterly report onForm 10-Q for the quarter ended June 30, 2012),Ninth Supplemental Senior Indenture dated as ofMarch 10, 2014 (Exhibit 4.1 to Morgan Stanley'squarterly report on Form 1O-Q for the quarter endedMarch 31, 2014) and Tenth Supplemental SeniorIndenture dated as of January 11, 2017 (Exhibit 4.1to Morgan Stanley's current report on Form 8-Kdated January 11,2017).4.4 The Unit Agreement Without Holders’ Obligations,dated as of August 29， 2008， between MorganStanley and The Bank of New York Mellon, as UnitAgent, as Trustee and Paying Agent under theSenior Indenture referred to therein and as WarrantAgent under the Warrant Agreement referred totherein (Exhibit 4.1 to Morgan Stanley's current report on Form 8-K dated August 29, 2008).4.5 Subordinated Indenture dated as of October 1, 2004between Morgan Stanley and The Bank ofNew York, as trustee (Exhibit 4-g to MorganStanley's Registration Statement on Form S-3/A(No. 333-117752)).4.6 JuniorSubordinated Indenture dated asofOctober 12, 2006 between Morgan Stanley and TheBank of New York,as trustee (Exhibit 4.1 toMorgan Stanley's current report on Form 8-K datedOctober 12, 2006).4.7 Deposit Agreement dated as of July 6. 2006 amongMorgan Stanley, JPMorgan Chase Bank, N.A. andthe holders from time to time of the depositaryreceipts described therein (Exhibit 4.3 to MorganStanley's quarterly report on Form 10-Q for thequarter ended May 31, 2006).","SupplementalSeniorIndenture datedasofDecember 1, 2008 (Exhibit 4.1 to Morgan Stanley'scurrent report on Form 8-K dated December1,2008), Fifth Supplemental Senior Indenture dated asof April 1, 2009 (Exhibit 4 to Morgan Stanley'squarterly report on Form 10-Q for the quarter endedMarch 31,2009)，Sixth Supplemental SeniorIndenture dated as of September 16,2011 (Exhibit4.1 to Morgan Stanley's quarterly report on Form10-Q for the quarter ended September 30,2011),Seventh Supplemental Senior Indenture dated as ofNovember 21,2011(Exhibit4.4to MorganStanley's annual report on Form 10-K for the yearended December 31,2011),Eighth SupplementalSeniorIndenture dated asof May 4,2012(Exhibit 4.1 to Morgan Stanley's quarterly report onForm 10-Q for the quarter ended June 30, 2012),Ninth Supplemental Senior Indenture dated as ofMarch 10, 2014 (Exhibit 4.1 to Morgan Stanley'squarterly report on Form 1O-Q for the quarter endedMarch 31, 2014) and Tenth Supplemental SeniorIndenture dated as of January 11, 2017 (Exhibit 4.1to Morgan Stanley's current report on Form 8-Kdated January 11,2017).4.4 The Unit Agreement Without Holders’ Obligations,dated as of August 29， 2008， between MorganStanley and The Bank of New York Mellon, as UnitAgent, as Trustee and Paying Agent under theSenior Indenture referred to therein and as WarrantAgent under the Warrant Agreement referred totherein (Exhibit 4.1 to Morgan Stanley's current report on Form 8-K dated August 29, 2008).4.5 Subordinated Indenture dated as of October 1, 2004between Morgan Stanley and The Bank ofNew York, as trustee (Exhibit 4-g to MorganStanley's Registration Statement on Form S-3/A(No. 333-117752)).4.6 JuniorSubordinated Indenture dated asofOctober 12, 2006 between Morgan Stanley and TheBank of New York,as trustee (Exhibit 4.1 toMorgan Stanley's current report on Form 8-K datedOctober 12, 2006).4.7 Deposit Agreement dated as of July 6. 2006 amongMorgan Stanley, JPMorgan Chase Bank, N.A. andthe holders from time to time of the depositaryreceipts described therein (Exhibit 4.3 to MorganStanley's quarterly report on Form 10-Q for thequarter ended May 31, 2006).",,,,,,,therein (Exhibit 4.1 to Morgan Stanley's current,therein (Exhibit 4.1 to Morgan Stanley's current,therein (Exhibit 4.1 to Morgan Stanley's current,,,,"Cumulative Preferred Stock, Series H (included in",,,,
"SupplementalSeniorIndenture datedasofDecember 1, 2008 (Exhibit 4.1 to Morgan Stanley'scurrent report on Form 8-K dated December1,2008), Fifth Supplemental Senior Indenture dated asof April 1, 2009 (Exhibit 4 to Morgan Stanley'squarterly report on Form 10-Q for the quarter endedMarch 31,2009)，Sixth Supplemental SeniorIndenture dated as of September 16,2011 (Exhibit4.1 to Morgan Stanley's quarterly report on Form10-Q for the quarter ended September 30,2011),Seventh Supplemental Senior Indenture dated as ofNovember 21,2011(Exhibit4.4to MorganStanley's annual report on Form 10-K for the yearended December 31,2011),Eighth SupplementalSeniorIndenture dated asof May 4,2012(Exhibit 4.1 to Morgan Stanley's quarterly report onForm 10-Q for the quarter ended June 30, 2012),Ninth Supplemental Senior Indenture dated as ofMarch 10, 2014 (Exhibit 4.1 to Morgan Stanley'squarterly report on Form 1O-Q for the quarter endedMarch 31, 2014) and Tenth Supplemental SeniorIndenture dated as of January 11, 2017 (Exhibit 4.1to Morgan Stanley's current report on Form 8-Kdated January 11,2017).4.4 The Unit Agreement Without Holders’ Obligations,dated as of August 29， 2008， between MorganStanley and The Bank of New York Mellon, as UnitAgent, as Trustee and Paying Agent under theSenior Indenture referred to therein and as WarrantAgent under the Warrant Agreement referred totherein (Exhibit 4.1 to Morgan Stanley's current report on Form 8-K dated August 29, 2008).4.5 Subordinated Indenture dated as of October 1, 2004between Morgan Stanley and The Bank ofNew York, as trustee (Exhibit 4-g to MorganStanley's Registration Statement on Form S-3/A(No. 333-117752)).4.6 JuniorSubordinated Indenture dated asofOctober 12, 2006 between Morgan Stanley and TheBank of New York,as trustee (Exhibit 4.1 toMorgan Stanley's current report on Form 8-K datedOctober 12, 2006).4.7 Deposit Agreement dated as of July 6. 2006 amongMorgan Stanley, JPMorgan Chase Bank, N.A. andthe holders from time to time of the depositaryreceipts described therein (Exhibit 4.3 to MorganStanley's quarterly report on Form 10-Q for thequarter ended May 31, 2006).","SupplementalSeniorIndenture datedasofDecember 1, 2008 (Exhibit 4.1 to Morgan Stanley'scurrent report on Form 8-K dated December1,2008), Fifth Supplemental Senior Indenture dated asof April 1, 2009 (Exhibit 4 to Morgan Stanley'squarterly report on Form 10-Q for the quarter endedMarch 31,2009)，Sixth Supplemental SeniorIndenture dated as of September 16,2011 (Exhibit4.1 to Morgan Stanley's quarterly report on Form10-Q for the quarter ended September 30,2011),Seventh Supplemental Senior Indenture dated as ofNovember 21,2011(Exhibit4.4to MorganStanley's annual report on Form 10-K for the yearended December 31,2011),Eighth SupplementalSeniorIndenture dated asof May 4,2012(Exhibit 4.1 to Morgan Stanley's quarterly report onForm 10-Q for the quarter ended June 30, 2012),Ninth Supplemental Senior Indenture dated as ofMarch 10, 2014 (Exhibit 4.1 to Morgan Stanley'squarterly report on Form 1O-Q for the quarter endedMarch 31, 2014) and Tenth Supplemental SeniorIndenture dated as of January 11, 2017 (Exhibit 4.1to Morgan Stanley's current report on Form 8-Kdated January 11,2017).4.4 The Unit Agreement Without Holders’ Obligations,dated as of August 29， 2008， between MorganStanley and The Bank of New York Mellon, as UnitAgent, as Trustee and Paying Agent under theSenior Indenture referred to therein and as WarrantAgent under the Warrant Agreement referred totherein (Exhibit 4.1 to Morgan Stanley's current report on Form 8-K dated August 29, 2008).4.5 Subordinated Indenture dated as of October 1, 2004between Morgan Stanley and The Bank ofNew York, as trustee (Exhibit 4-g to MorganStanley's Registration Statement on Form S-3/A(No. 333-117752)).4.6 JuniorSubordinated Indenture dated asofOctober 12, 2006 between Morgan Stanley and TheBank of New York,as trustee (Exhibit 4.1 toMorgan Stanley's current report on Form 8-K datedOctober 12, 2006).4.7 Deposit Agreement dated as of July 6. 2006 amongMorgan Stanley, JPMorgan Chase Bank, N.A. andthe holders from time to time of the depositaryreceipts described therein (Exhibit 4.3 to MorganStanley's quarterly report on Form 10-Q for thequarter ended May 31, 2006).","SupplementalSeniorIndenture datedasofDecember 1, 2008 (Exhibit 4.1 to Morgan Stanley'scurrent report on Form 8-K dated December1,2008), Fifth Supplemental Senior Indenture dated asof April 1, 2009 (Exhibit 4 to Morgan Stanley'squarterly report on Form 10-Q for the quarter endedMarch 31,2009)，Sixth Supplemental SeniorIndenture dated as of September 16,2011 (Exhibit4.1 to Morgan Stanley's quarterly report on Form10-Q for the quarter ended September 30,2011),Seventh Supplemental Senior Indenture dated as ofNovember 21,2011(Exhibit4.4to MorganStanley's annual report on Form 10-K for the yearended December 31,2011),Eighth SupplementalSeniorIndenture dated asof May 4,2012(Exhibit 4.1 to Morgan Stanley's quarterly report onForm 10-Q for the quarter ended June 30, 2012),Ninth Supplemental Senior Indenture dated as ofMarch 10, 2014 (Exhibit 4.1 to Morgan Stanley'squarterly report on Form 1O-Q for the quarter endedMarch 31, 2014) and Tenth Supplemental SeniorIndenture dated as of January 11, 2017 (Exhibit 4.1to Morgan Stanley's current report on Form 8-Kdated January 11,2017).4.4 The Unit Agreement Without Holders’ Obligations,dated as of August 29， 2008， between MorganStanley and The Bank of New York Mellon, as UnitAgent, as Trustee and Paying Agent under theSenior Indenture referred to therein and as WarrantAgent under the Warrant Agreement referred totherein (Exhibit 4.1 to Morgan Stanley's current report on Form 8-K dated August 29, 2008).4.5 Subordinated Indenture dated as of October 1, 2004between Morgan Stanley and The Bank ofNew York, as trustee (Exhibit 4-g to MorganStanley's Registration Statement on Form S-3/A(No. 333-117752)).4.6 JuniorSubordinated Indenture dated asofOctober 12, 2006 between Morgan Stanley and TheBank of New York,as trustee (Exhibit 4.1 toMorgan Stanley's current report on Form 8-K datedOctober 12, 2006).4.7 Deposit Agreement dated as of July 6. 2006 amongMorgan Stanley, JPMorgan Chase Bank, N.A. andthe holders from time to time of the depositaryreceipts described therein (Exhibit 4.3 to MorganStanley's quarterly report on Form 10-Q for thequarter ended May 31, 2006).","SupplementalSeniorIndenture datedasofDecember 1, 2008 (Exhibit 4.1 to Morgan Stanley'scurrent report on Form 8-K dated December1,2008), Fifth Supplemental Senior Indenture dated asof April 1, 2009 (Exhibit 4 to Morgan Stanley'squarterly report on Form 10-Q for the quarter endedMarch 31,2009)，Sixth Supplemental SeniorIndenture dated as of September 16,2011 (Exhibit4.1 to Morgan Stanley's quarterly report on Form10-Q for the quarter ended September 30,2011),Seventh Supplemental Senior Indenture dated as ofNovember 21,2011(Exhibit4.4to MorganStanley's annual report on Form 10-K for the yearended December 31,2011),Eighth SupplementalSeniorIndenture dated asof May 4,2012(Exhibit 4.1 to Morgan Stanley's quarterly report onForm 10-Q for the quarter ended June 30, 2012),Ninth Supplemental Senior Indenture dated as ofMarch 10, 2014 (Exhibit 4.1 to Morgan Stanley'squarterly report on Form 1O-Q for the quarter endedMarch 31, 2014) and Tenth Supplemental SeniorIndenture dated as of January 11, 2017 (Exhibit 4.1to Morgan Stanley's current report on Form 8-Kdated January 11,2017).4.4 The Unit Agreement Without Holders’ Obligations,dated as of August 29， 2008， between MorganStanley and The Bank of New York Mellon, as UnitAgent, as Trustee and Paying Agent under theSenior Indenture referred to therein and as WarrantAgent under the Warrant Agreement referred totherein (Exhibit 4.1 to Morgan Stanley's current report on Form 8-K dated August 29, 2008).4.5 Subordinated Indenture dated as of October 1, 2004between Morgan Stanley and The Bank ofNew York, as trustee (Exhibit 4-g to MorganStanley's Registration Statement on Form S-3/A(No. 333-117752)).4.6 JuniorSubordinated Indenture dated asofOctober 12, 2006 between Morgan Stanley and TheBank of New York,as trustee (Exhibit 4.1 toMorgan Stanley's current report on Form 8-K datedOctober 12, 2006).4.7 Deposit Agreement dated as of July 6. 2006 amongMorgan Stanley, JPMorgan Chase Bank, N.A. andthe holders from time to time of the depositaryreceipts described therein (Exhibit 4.3 to MorganStanley's quarterly report on Form 10-Q for thequarter ended May 31, 2006).",,,,,,,"report on Form 8-K dated August 29, 2008).","report on Form 8-K dated August 29, 2008).","report on Form 8-K dated August 29, 2008).",,,,,,,,
"SupplementalSeniorIndenture datedasofDecember 1, 2008 (Exhibit 4.1 to Morgan Stanley'scurrent report on Form 8-K dated December1,2008), Fifth Supplemental Senior Indenture dated asof April 1, 2009 (Exhibit 4 to Morgan Stanley'squarterly report on Form 10-Q for the quarter endedMarch 31,2009)，Sixth Supplemental SeniorIndenture dated as of September 16,2011 (Exhibit4.1 to Morgan Stanley's quarterly report on Form10-Q for the quarter ended September 30,2011),Seventh Supplemental Senior Indenture dated as ofNovember 21,2011(Exhibit4.4to MorganStanley's annual report on Form 10-K for the yearended December 31,2011),Eighth SupplementalSeniorIndenture dated asof May 4,2012(Exhibit 4.1 to Morgan Stanley's quarterly report onForm 10-Q for the quarter ended June 30, 2012),Ninth Supplemental Senior Indenture dated as ofMarch 10, 2014 (Exhibit 4.1 to Morgan Stanley'squarterly report on Form 1O-Q for the quarter endedMarch 31, 2014) and Tenth Supplemental SeniorIndenture dated as of January 11, 2017 (Exhibit 4.1to Morgan Stanley's current report on Form 8-Kdated January 11,2017).4.4 The Unit Agreement Without Holders’ Obligations,dated as of August 29， 2008， between MorganStanley and The Bank of New York Mellon, as UnitAgent, as Trustee and Paying Agent under theSenior Indenture referred to therein and as WarrantAgent under the Warrant Agreement referred totherein (Exhibit 4.1 to Morgan Stanley's current report on Form 8-K dated August 29, 2008).4.5 Subordinated Indenture dated as of October 1, 2004between Morgan Stanley and The Bank ofNew York, as trustee (Exhibit 4-g to MorganStanley's Registration Statement on Form S-3/A(No. 333-117752)).4.6 JuniorSubordinated Indenture dated asofOctober 12, 2006 between Morgan Stanley and TheBank of New York,as trustee (Exhibit 4.1 toMorgan Stanley's current report on Form 8-K datedOctober 12, 2006).4.7 Deposit Agreement dated as of July 6. 2006 amongMorgan Stanley, JPMorgan Chase Bank, N.A. andthe holders from time to time of the depositaryreceipts described therein (Exhibit 4.3 to MorganStanley's quarterly report on Form 10-Q for thequarter ended May 31, 2006).","SupplementalSeniorIndenture datedasofDecember 1, 2008 (Exhibit 4.1 to Morgan Stanley'scurrent report on Form 8-K dated December1,2008), Fifth Supplemental Senior Indenture dated asof April 1, 2009 (Exhibit 4 to Morgan Stanley'squarterly report on Form 10-Q for the quarter endedMarch 31,2009)，Sixth Supplemental SeniorIndenture dated as of September 16,2011 (Exhibit4.1 to Morgan Stanley's quarterly report on Form10-Q for the quarter ended September 30,2011),Seventh Supplemental Senior Indenture dated as ofNovember 21,2011(Exhibit4.4to MorganStanley's annual report on Form 10-K for the yearended December 31,2011),Eighth SupplementalSeniorIndenture dated asof May 4,2012(Exhibit 4.1 to Morgan Stanley's quarterly report onForm 10-Q for the quarter ended June 30, 2012),Ninth Supplemental Senior Indenture dated as ofMarch 10, 2014 (Exhibit 4.1 to Morgan Stanley'squarterly report on Form 1O-Q for the quarter endedMarch 31, 2014) and Tenth Supplemental SeniorIndenture dated as of January 11, 2017 (Exhibit 4.1to Morgan Stanley's current report on Form 8-Kdated January 11,2017).4.4 The Unit Agreement Without Holders’ Obligations,dated as of August 29， 2008， between MorganStanley and The Bank of New York Mellon, as UnitAgent, as Trustee and Paying Agent under theSenior Indenture referred to therein and as WarrantAgent under the Warrant Agreement referred totherein (Exhibit 4.1 to Morgan Stanley's current report on Form 8-K dated August 29, 2008).4.5 Subordinated Indenture dated as of October 1, 2004between Morgan Stanley and The Bank ofNew York, as trustee (Exhibit 4-g to MorganStanley's Registration Statement on Form S-3/A(No. 333-117752)).4.6 JuniorSubordinated Indenture dated asofOctober 12, 2006 between Morgan Stanley and TheBank of New York,as trustee (Exhibit 4.1 toMorgan Stanley's current report on Form 8-K datedOctober 12, 2006).4.7 Deposit Agreement dated as of July 6. 2006 amongMorgan Stanley, JPMorgan Chase Bank, N.A. andthe holders from time to time of the depositaryreceipts described therein (Exhibit 4.3 to MorganStanley's quarterly report on Form 10-Q for thequarter ended May 31, 2006).","SupplementalSeniorIndenture datedasofDecember 1, 2008 (Exhibit 4.1 to Morgan Stanley'scurrent report on Form 8-K dated December1,2008), Fifth Supplemental Senior Indenture dated asof April 1, 2009 (Exhibit 4 to Morgan Stanley'squarterly report on Form 10-Q for the quarter endedMarch 31,2009)，Sixth Supplemental SeniorIndenture dated as of September 16,2011 (Exhibit4.1 to Morgan Stanley's quarterly report on Form10-Q for the quarter ended September 30,2011),Seventh Supplemental Senior Indenture dated as ofNovember 21,2011(Exhibit4.4to MorganStanley's annual report on Form 10-K for the yearended December 31,2011),Eighth SupplementalSeniorIndenture dated asof May 4,2012(Exhibit 4.1 to Morgan Stanley's quarterly report onForm 10-Q for the quarter ended June 30, 2012),Ninth Supplemental Senior Indenture dated as ofMarch 10, 2014 (Exhibit 4.1 to Morgan Stanley'squarterly report on Form 1O-Q for the quarter endedMarch 31, 2014) and Tenth Supplemental SeniorIndenture dated as of January 11, 2017 (Exhibit 4.1to Morgan Stanley's current report on Form 8-Kdated January 11,2017).4.4 The Unit Agreement Without Holders’ Obligations,dated as of August 29， 2008， between MorganStanley and The Bank of New York Mellon, as UnitAgent, as Trustee and Paying Agent under theSenior Indenture referred to therein and as WarrantAgent under the Warrant Agreement referred totherein (Exhibit 4.1 to Morgan Stanley's current report on Form 8-K dated August 29, 2008).4.5 Subordinated Indenture dated as of October 1, 2004between Morgan Stanley and The Bank ofNew York, as trustee (Exhibit 4-g to MorganStanley's Registration Statement on Form S-3/A(No. 333-117752)).4.6 JuniorSubordinated Indenture dated asofOctober 12, 2006 between Morgan Stanley and TheBank of New York,as trustee (Exhibit 4.1 toMorgan Stanley's current report on Form 8-K datedOctober 12, 2006).4.7 Deposit Agreement dated as of July 6. 2006 amongMorgan Stanley, JPMorgan Chase Bank, N.A. andthe holders from time to time of the depositaryreceipts described therein (Exhibit 4.3 to MorganStanley's quarterly report on Form 10-Q for thequarter ended May 31, 2006).","SupplementalSeniorIndenture datedasofDecember 1, 2008 (Exhibit 4.1 to Morgan Stanley'scurrent report on Form 8-K dated December1,2008), Fifth Supplemental Senior Indenture dated asof April 1, 2009 (Exhibit 4 to Morgan Stanley'squarterly report on Form 10-Q for the quarter endedMarch 31,2009)，Sixth Supplemental SeniorIndenture dated as of September 16,2011 (Exhibit4.1 to Morgan Stanley's quarterly report on Form10-Q for the quarter ended September 30,2011),Seventh Supplemental Senior Indenture dated as ofNovember 21,2011(Exhibit4.4to MorganStanley's annual report on Form 10-K for the yearended December 31,2011),Eighth SupplementalSeniorIndenture dated asof May 4,2012(Exhibit 4.1 to Morgan Stanley's quarterly report onForm 10-Q for the quarter ended June 30, 2012),Ninth Supplemental Senior Indenture dated as ofMarch 10, 2014 (Exhibit 4.1 to Morgan Stanley'squarterly report on Form 1O-Q for the quarter endedMarch 31, 2014) and Tenth Supplemental SeniorIndenture dated as of January 11, 2017 (Exhibit 4.1to Morgan Stanley's current report on Form 8-Kdated January 11,2017).4.4 The Unit Agreement Without Holders’ Obligations,dated as of August 29， 2008， between MorganStanley and The Bank of New York Mellon, as UnitAgent, as Trustee and Paying Agent under theSenior Indenture referred to therein and as WarrantAgent under the Warrant Agreement referred totherein (Exhibit 4.1 to Morgan Stanley's current report on Form 8-K dated August 29, 2008).4.5 Subordinated Indenture dated as of October 1, 2004between Morgan Stanley and The Bank ofNew York, as trustee (Exhibit 4-g to MorganStanley's Registration Statement on Form S-3/A(No. 333-117752)).4.6 JuniorSubordinated Indenture dated asofOctober 12, 2006 between Morgan Stanley and TheBank of New York,as trustee (Exhibit 4.1 toMorgan Stanley's current report on Form 8-K datedOctober 12, 2006).4.7 Deposit Agreement dated as of July 6. 2006 amongMorgan Stanley, JPMorgan Chase Bank, N.A. andthe holders from time to time of the depositaryreceipts described therein (Exhibit 4.3 to MorganStanley's quarterly report on Form 10-Q for thequarter ended May 31, 2006).",,,,,,,"report on Form 8-K dated August 29, 2008).","report on Form 8-K dated August 29, 2008).","report on Form 8-K dated August 29, 2008).",,,,Exhibit 4.14 hereto).Form of Deposit Agreement among Morgan,,,,
"SupplementalSeniorIndenture datedasofDecember 1, 2008 (Exhibit 4.1 to Morgan Stanley'scurrent report on Form 8-K dated December1,2008), Fifth Supplemental Senior Indenture dated asof April 1, 2009 (Exhibit 4 to Morgan Stanley'squarterly report on Form 10-Q for the quarter endedMarch 31,2009)，Sixth Supplemental SeniorIndenture dated as of September 16,2011 (Exhibit4.1 to Morgan Stanley's quarterly report on Form10-Q for the quarter ended September 30,2011),Seventh Supplemental Senior Indenture dated as ofNovember 21,2011(Exhibit4.4to MorganStanley's annual report on Form 10-K for the yearended December 31,2011),Eighth SupplementalSeniorIndenture dated asof May 4,2012(Exhibit 4.1 to Morgan Stanley's quarterly report onForm 10-Q for the quarter ended June 30, 2012),Ninth Supplemental Senior Indenture dated as ofMarch 10, 2014 (Exhibit 4.1 to Morgan Stanley'squarterly report on Form 1O-Q for the quarter endedMarch 31, 2014) and Tenth Supplemental SeniorIndenture dated as of January 11, 2017 (Exhibit 4.1to Morgan Stanley's current report on Form 8-Kdated January 11,2017).4.4 The Unit Agreement Without Holders’ Obligations,dated as of August 29， 2008， between MorganStanley and The Bank of New York Mellon, as UnitAgent, as Trustee and Paying Agent under theSenior Indenture referred to therein and as WarrantAgent under the Warrant Agreement referred totherein (Exhibit 4.1 to Morgan Stanley's current report on Form 8-K dated August 29, 2008).4.5 Subordinated Indenture dated as of October 1, 2004between Morgan Stanley and The Bank ofNew York, as trustee (Exhibit 4-g to MorganStanley's Registration Statement on Form S-3/A(No. 333-117752)).4.6 JuniorSubordinated Indenture dated asofOctober 12, 2006 between Morgan Stanley and TheBank of New York,as trustee (Exhibit 4.1 toMorgan Stanley's current report on Form 8-K datedOctober 12, 2006).4.7 Deposit Agreement dated as of July 6. 2006 amongMorgan Stanley, JPMorgan Chase Bank, N.A. andthe holders from time to time of the depositaryreceipts described therein (Exhibit 4.3 to MorganStanley's quarterly report on Form 10-Q for thequarter ended May 31, 2006).","SupplementalSeniorIndenture datedasofDecember 1, 2008 (Exhibit 4.1 to Morgan Stanley'scurrent report on Form 8-K dated December1,2008), Fifth Supplemental Senior Indenture dated asof April 1, 2009 (Exhibit 4 to Morgan Stanley'squarterly report on Form 10-Q for the quarter endedMarch 31,2009)，Sixth Supplemental SeniorIndenture dated as of September 16,2011 (Exhibit4.1 to Morgan Stanley's quarterly report on Form10-Q for the quarter ended September 30,2011),Seventh Supplemental Senior Indenture dated as ofNovember 21,2011(Exhibit4.4to MorganStanley's annual report on Form 10-K for the yearended December 31,2011),Eighth SupplementalSeniorIndenture dated asof May 4,2012(Exhibit 4.1 to Morgan Stanley's quarterly report onForm 10-Q for the quarter ended June 30, 2012),Ninth Supplemental Senior Indenture dated as ofMarch 10, 2014 (Exhibit 4.1 to Morgan Stanley'squarterly report on Form 1O-Q for the quarter endedMarch 31, 2014) and Tenth Supplemental SeniorIndenture dated as of January 11, 2017 (Exhibit 4.1to Morgan Stanley's current report on Form 8-Kdated January 11,2017).4.4 The Unit Agreement Without Holders’ Obligations,dated as of August 29， 2008， between MorganStanley and The Bank of New York Mellon, as UnitAgent, as Trustee and Paying Agent under theSenior Indenture referred to therein and as WarrantAgent under the Warrant Agreement referred totherein (Exhibit 4.1 to Morgan Stanley's current report on Form 8-K dated August 29, 2008).4.5 Subordinated Indenture dated as of October 1, 2004between Morgan Stanley and The Bank ofNew York, as trustee (Exhibit 4-g to MorganStanley's Registration Statement on Form S-3/A(No. 333-117752)).4.6 JuniorSubordinated Indenture dated asofOctober 12, 2006 between Morgan Stanley and TheBank of New York,as trustee (Exhibit 4.1 toMorgan Stanley's current report on Form 8-K datedOctober 12, 2006).4.7 Deposit Agreement dated as of July 6. 2006 amongMorgan Stanley, JPMorgan Chase Bank, N.A. andthe holders from time to time of the depositaryreceipts described therein (Exhibit 4.3 to MorganStanley's quarterly report on Form 10-Q for thequarter ended May 31, 2006).","SupplementalSeniorIndenture datedasofDecember 1, 2008 (Exhibit 4.1 to Morgan Stanley'scurrent report on Form 8-K dated December1,2008), Fifth Supplemental Senior Indenture dated asof April 1, 2009 (Exhibit 4 to Morgan Stanley'squarterly report on Form 10-Q for the quarter endedMarch 31,2009)，Sixth Supplemental SeniorIndenture dated as of September 16,2011 (Exhibit4.1 to Morgan Stanley's quarterly report on Form10-Q for the quarter ended September 30,2011),Seventh Supplemental Senior Indenture dated as ofNovember 21,2011(Exhibit4.4to MorganStanley's annual report on Form 10-K for the yearended December 31,2011),Eighth SupplementalSeniorIndenture dated asof May 4,2012(Exhibit 4.1 to Morgan Stanley's quarterly report onForm 10-Q for the quarter ended June 30, 2012),Ninth Supplemental Senior Indenture dated as ofMarch 10, 2014 (Exhibit 4.1 to Morgan Stanley'squarterly report on Form 1O-Q for the quarter endedMarch 31, 2014) and Tenth Supplemental SeniorIndenture dated as of January 11, 2017 (Exhibit 4.1to Morgan Stanley's current report on Form 8-Kdated January 11,2017).4.4 The Unit Agreement Without Holders’ Obligations,dated as of August 29， 2008， between MorganStanley and The Bank of New York Mellon, as UnitAgent, as Trustee and Paying Agent under theSenior Indenture referred to therein and as WarrantAgent under the Warrant Agreement referred totherein (Exhibit 4.1 to Morgan Stanley's current report on Form 8-K dated August 29, 2008).4.5 Subordinated Indenture dated as of October 1, 2004between Morgan Stanley and The Bank ofNew York, as trustee (Exhibit 4-g to MorganStanley's Registration Statement on Form S-3/A(No. 333-117752)).4.6 JuniorSubordinated Indenture dated asofOctober 12, 2006 between Morgan Stanley and TheBank of New York,as trustee (Exhibit 4.1 toMorgan Stanley's current report on Form 8-K datedOctober 12, 2006).4.7 Deposit Agreement dated as of July 6. 2006 amongMorgan Stanley, JPMorgan Chase Bank, N.A. andthe holders from time to time of the depositaryreceipts described therein (Exhibit 4.3 to MorganStanley's quarterly report on Form 10-Q for thequarter ended May 31, 2006).","SupplementalSeniorIndenture datedasofDecember 1, 2008 (Exhibit 4.1 to Morgan Stanley'scurrent report on Form 8-K dated December1,2008), Fifth Supplemental Senior Indenture dated asof April 1, 2009 (Exhibit 4 to Morgan Stanley'squarterly report on Form 10-Q for the quarter endedMarch 31,2009)，Sixth Supplemental SeniorIndenture dated as of September 16,2011 (Exhibit4.1 to Morgan Stanley's quarterly report on Form10-Q for the quarter ended September 30,2011),Seventh Supplemental Senior Indenture dated as ofNovember 21,2011(Exhibit4.4to MorganStanley's annual report on Form 10-K for the yearended December 31,2011),Eighth SupplementalSeniorIndenture dated asof May 4,2012(Exhibit 4.1 to Morgan Stanley's quarterly report onForm 10-Q for the quarter ended June 30, 2012),Ninth Supplemental Senior Indenture dated as ofMarch 10, 2014 (Exhibit 4.1 to Morgan Stanley'squarterly report on Form 1O-Q for the quarter endedMarch 31, 2014) and Tenth Supplemental SeniorIndenture dated as of January 11, 2017 (Exhibit 4.1to Morgan Stanley's current report on Form 8-Kdated January 11,2017).4.4 The Unit Agreement Without Holders’ Obligations,dated as of August 29， 2008， between MorganStanley and The Bank of New York Mellon, as UnitAgent, as Trustee and Paying Agent under theSenior Indenture referred to therein and as WarrantAgent under the Warrant Agreement referred totherein (Exhibit 4.1 to Morgan Stanley's current report on Form 8-K dated August 29, 2008).4.5 Subordinated Indenture dated as of October 1, 2004between Morgan Stanley and The Bank ofNew York, as trustee (Exhibit 4-g to MorganStanley's Registration Statement on Form S-3/A(No. 333-117752)).4.6 JuniorSubordinated Indenture dated asofOctober 12, 2006 between Morgan Stanley and TheBank of New York,as trustee (Exhibit 4.1 toMorgan Stanley's current report on Form 8-K datedOctober 12, 2006).4.7 Deposit Agreement dated as of July 6. 2006 amongMorgan Stanley, JPMorgan Chase Bank, N.A. andthe holders from time to time of the depositaryreceipts described therein (Exhibit 4.3 to MorganStanley's quarterly report on Form 10-Q for thequarter ended May 31, 2006).","Subordinated Indenture dated as of October 1, 2004","Subordinated Indenture dated as of October 1, 2004","Subordinated Indenture dated as of October 1, 2004",,,,4.16,4.16,4.16,,,,,,,,
"SupplementalSeniorIndenture datedasofDecember 1, 2008 (Exhibit 4.1 to Morgan Stanley'scurrent report on Form 8-K dated December1,2008), Fifth Supplemental Senior Indenture dated asof April 1, 2009 (Exhibit 4 to Morgan Stanley'squarterly report on Form 10-Q for the quarter endedMarch 31,2009)，Sixth Supplemental SeniorIndenture dated as of September 16,2011 (Exhibit4.1 to Morgan Stanley's quarterly report on Form10-Q for the quarter ended September 30,2011),Seventh Supplemental Senior Indenture dated as ofNovember 21,2011(Exhibit4.4to MorganStanley's annual report on Form 10-K for the yearended December 31,2011),Eighth SupplementalSeniorIndenture dated asof May 4,2012(Exhibit 4.1 to Morgan Stanley's quarterly report onForm 10-Q for the quarter ended June 30, 2012),Ninth Supplemental Senior Indenture dated as ofMarch 10, 2014 (Exhibit 4.1 to Morgan Stanley'squarterly report on Form 1O-Q for the quarter endedMarch 31, 2014) and Tenth Supplemental SeniorIndenture dated as of January 11, 2017 (Exhibit 4.1to Morgan Stanley's current report on Form 8-Kdated January 11,2017).4.4 The Unit Agreement Without Holders’ Obligations,dated as of August 29， 2008， between MorganStanley and The Bank of New York Mellon, as UnitAgent, as Trustee and Paying Agent under theSenior Indenture referred to therein and as WarrantAgent under the Warrant Agreement referred totherein (Exhibit 4.1 to Morgan Stanley's current report on Form 8-K dated August 29, 2008).4.5 Subordinated Indenture dated as of October 1, 2004between Morgan Stanley and The Bank ofNew York, as trustee (Exhibit 4-g to MorganStanley's Registration Statement on Form S-3/A(No. 333-117752)).4.6 JuniorSubordinated Indenture dated asofOctober 12, 2006 between Morgan Stanley and TheBank of New York,as trustee (Exhibit 4.1 toMorgan Stanley's current report on Form 8-K datedOctober 12, 2006).4.7 Deposit Agreement dated as of July 6. 2006 amongMorgan Stanley, JPMorgan Chase Bank, N.A. andthe holders from time to time of the depositaryreceipts described therein (Exhibit 4.3 to MorganStanley's quarterly report on Form 10-Q for thequarter ended May 31, 2006).","SupplementalSeniorIndenture datedasofDecember 1, 2008 (Exhibit 4.1 to Morgan Stanley'scurrent report on Form 8-K dated December1,2008), Fifth Supplemental Senior Indenture dated asof April 1, 2009 (Exhibit 4 to Morgan Stanley'squarterly report on Form 10-Q for the quarter endedMarch 31,2009)，Sixth Supplemental SeniorIndenture dated as of September 16,2011 (Exhibit4.1 to Morgan Stanley's quarterly report on Form10-Q for the quarter ended September 30,2011),Seventh Supplemental Senior Indenture dated as ofNovember 21,2011(Exhibit4.4to MorganStanley's annual report on Form 10-K for the yearended December 31,2011),Eighth SupplementalSeniorIndenture dated asof May 4,2012(Exhibit 4.1 to Morgan Stanley's quarterly report onForm 10-Q for the quarter ended June 30, 2012),Ninth Supplemental Senior Indenture dated as ofMarch 10, 2014 (Exhibit 4.1 to Morgan Stanley'squarterly report on Form 1O-Q for the quarter endedMarch 31, 2014) and Tenth Supplemental SeniorIndenture dated as of January 11, 2017 (Exhibit 4.1to Morgan Stanley's current report on Form 8-Kdated January 11,2017).4.4 The Unit Agreement Without Holders’ Obligations,dated as of August 29， 2008， between MorganStanley and The Bank of New York Mellon, as UnitAgent, as Trustee and Paying Agent under theSenior Indenture referred to therein and as WarrantAgent under the Warrant Agreement referred totherein (Exhibit 4.1 to Morgan Stanley's current report on Form 8-K dated August 29, 2008).4.5 Subordinated Indenture dated as of October 1, 2004between Morgan Stanley and The Bank ofNew York, as trustee (Exhibit 4-g to MorganStanley's Registration Statement on Form S-3/A(No. 333-117752)).4.6 JuniorSubordinated Indenture dated asofOctober 12, 2006 between Morgan Stanley and TheBank of New York,as trustee (Exhibit 4.1 toMorgan Stanley's current report on Form 8-K datedOctober 12, 2006).4.7 Deposit Agreement dated as of July 6. 2006 amongMorgan Stanley, JPMorgan Chase Bank, N.A. andthe holders from time to time of the depositaryreceipts described therein (Exhibit 4.3 to MorganStanley's quarterly report on Form 10-Q for thequarter ended May 31, 2006).","SupplementalSeniorIndenture datedasofDecember 1, 2008 (Exhibit 4.1 to Morgan Stanley'scurrent report on Form 8-K dated December1,2008), Fifth Supplemental Senior Indenture dated asof April 1, 2009 (Exhibit 4 to Morgan Stanley'squarterly report on Form 10-Q for the quarter endedMarch 31,2009)，Sixth Supplemental SeniorIndenture dated as of September 16,2011 (Exhibit4.1 to Morgan Stanley's quarterly report on Form10-Q for the quarter ended September 30,2011),Seventh Supplemental Senior Indenture dated as ofNovember 21,2011(Exhibit4.4to MorganStanley's annual report on Form 10-K for the yearended December 31,2011),Eighth SupplementalSeniorIndenture dated asof May 4,2012(Exhibit 4.1 to Morgan Stanley's quarterly report onForm 10-Q for the quarter ended June 30, 2012),Ninth Supplemental Senior Indenture dated as ofMarch 10, 2014 (Exhibit 4.1 to Morgan Stanley'squarterly report on Form 1O-Q for the quarter endedMarch 31, 2014) and Tenth Supplemental SeniorIndenture dated as of January 11, 2017 (Exhibit 4.1to Morgan Stanley's current report on Form 8-Kdated January 11,2017).4.4 The Unit Agreement Without Holders’ Obligations,dated as of August 29， 2008， between MorganStanley and The Bank of New York Mellon, as UnitAgent, as Trustee and Paying Agent under theSenior Indenture referred to therein and as WarrantAgent under the Warrant Agreement referred totherein (Exhibit 4.1 to Morgan Stanley's current report on Form 8-K dated August 29, 2008).4.5 Subordinated Indenture dated as of October 1, 2004between Morgan Stanley and The Bank ofNew York, as trustee (Exhibit 4-g to MorganStanley's Registration Statement on Form S-3/A(No. 333-117752)).4.6 JuniorSubordinated Indenture dated asofOctober 12, 2006 between Morgan Stanley and TheBank of New York,as trustee (Exhibit 4.1 toMorgan Stanley's current report on Form 8-K datedOctober 12, 2006).4.7 Deposit Agreement dated as of July 6. 2006 amongMorgan Stanley, JPMorgan Chase Bank, N.A. andthe holders from time to time of the depositaryreceipts described therein (Exhibit 4.3 to MorganStanley's quarterly report on Form 10-Q for thequarter ended May 31, 2006).","SupplementalSeniorIndenture datedasofDecember 1, 2008 (Exhibit 4.1 to Morgan Stanley'scurrent report on Form 8-K dated December1,2008), Fifth Supplemental Senior Indenture dated asof April 1, 2009 (Exhibit 4 to Morgan Stanley'squarterly report on Form 10-Q for the quarter endedMarch 31,2009)，Sixth Supplemental SeniorIndenture dated as of September 16,2011 (Exhibit4.1 to Morgan Stanley's quarterly report on Form10-Q for the quarter ended September 30,2011),Seventh Supplemental Senior Indenture dated as ofNovember 21,2011(Exhibit4.4to MorganStanley's annual report on Form 10-K for the yearended December 31,2011),Eighth SupplementalSeniorIndenture dated asof May 4,2012(Exhibit 4.1 to Morgan Stanley's quarterly report onForm 10-Q for the quarter ended June 30, 2012),Ninth Supplemental Senior Indenture dated as ofMarch 10, 2014 (Exhibit 4.1 to Morgan Stanley'squarterly report on Form 1O-Q for the quarter endedMarch 31, 2014) and Tenth Supplemental SeniorIndenture dated as of January 11, 2017 (Exhibit 4.1to Morgan Stanley's current report on Form 8-Kdated January 11,2017).4.4 The Unit Agreement Without Holders’ Obligations,dated as of August 29， 2008， between MorganStanley and The Bank of New York Mellon, as UnitAgent, as Trustee and Paying Agent under theSenior Indenture referred to therein and as WarrantAgent under the Warrant Agreement referred totherein (Exhibit 4.1 to Morgan Stanley's current report on Form 8-K dated August 29, 2008).4.5 Subordinated Indenture dated as of October 1, 2004between Morgan Stanley and The Bank ofNew York, as trustee (Exhibit 4-g to MorganStanley's Registration Statement on Form S-3/A(No. 333-117752)).4.6 JuniorSubordinated Indenture dated asofOctober 12, 2006 between Morgan Stanley and TheBank of New York,as trustee (Exhibit 4.1 toMorgan Stanley's current report on Form 8-K datedOctober 12, 2006).4.7 Deposit Agreement dated as of July 6. 2006 amongMorgan Stanley, JPMorgan Chase Bank, N.A. andthe holders from time to time of the depositaryreceipts described therein (Exhibit 4.3 to MorganStanley's quarterly report on Form 10-Q for thequarter ended May 31, 2006).","Subordinated Indenture dated as of October 1, 2004","Subordinated Indenture dated as of October 1, 2004","Subordinated Indenture dated as of October 1, 2004",,,,,4.16,4.16,,,,,,,,
"SupplementalSeniorIndenture datedasofDecember 1, 2008 (Exhibit 4.1 to Morgan Stanley'scurrent report on Form 8-K dated December1,2008), Fifth Supplemental Senior Indenture dated asof April 1, 2009 (Exhibit 4 to Morgan Stanley'squarterly report on Form 10-Q for the quarter endedMarch 31,2009)，Sixth Supplemental SeniorIndenture dated as of September 16,2011 (Exhibit4.1 to Morgan Stanley's quarterly report on Form10-Q for the quarter ended September 30,2011),Seventh Supplemental Senior Indenture dated as ofNovember 21,2011(Exhibit4.4to MorganStanley's annual report on Form 10-K for the yearended December 31,2011),Eighth SupplementalSeniorIndenture dated asof May 4,2012(Exhibit 4.1 to Morgan Stanley's quarterly report onForm 10-Q for the quarter ended June 30, 2012),Ninth Supplemental Senior Indenture dated as ofMarch 10, 2014 (Exhibit 4.1 to Morgan Stanley'squarterly report on Form 1O-Q for the quarter endedMarch 31, 2014) and Tenth Supplemental SeniorIndenture dated as of January 11, 2017 (Exhibit 4.1to Morgan Stanley's current report on Form 8-Kdated January 11,2017).4.4 The Unit Agreement Without Holders’ Obligations,dated as of August 29， 2008， between MorganStanley and The Bank of New York Mellon, as UnitAgent, as Trustee and Paying Agent under theSenior Indenture referred to therein and as WarrantAgent under the Warrant Agreement referred totherein (Exhibit 4.1 to Morgan Stanley's current report on Form 8-K dated August 29, 2008).4.5 Subordinated Indenture dated as of October 1, 2004between Morgan Stanley and The Bank ofNew York, as trustee (Exhibit 4-g to MorganStanley's Registration Statement on Form S-3/A(No. 333-117752)).4.6 JuniorSubordinated Indenture dated asofOctober 12, 2006 between Morgan Stanley and TheBank of New York,as trustee (Exhibit 4.1 toMorgan Stanley's current report on Form 8-K datedOctober 12, 2006).4.7 Deposit Agreement dated as of July 6. 2006 amongMorgan Stanley, JPMorgan Chase Bank, N.A. andthe holders from time to time of the depositaryreceipts described therein (Exhibit 4.3 to MorganStanley's quarterly report on Form 10-Q for thequarter ended May 31, 2006).","SupplementalSeniorIndenture datedasofDecember 1, 2008 (Exhibit 4.1 to Morgan Stanley'scurrent report on Form 8-K dated December1,2008), Fifth Supplemental Senior Indenture dated asof April 1, 2009 (Exhibit 4 to Morgan Stanley'squarterly report on Form 10-Q for the quarter endedMarch 31,2009)，Sixth Supplemental SeniorIndenture dated as of September 16,2011 (Exhibit4.1 to Morgan Stanley's quarterly report on Form10-Q for the quarter ended September 30,2011),Seventh Supplemental Senior Indenture dated as ofNovember 21,2011(Exhibit4.4to MorganStanley's annual report on Form 10-K for the yearended December 31,2011),Eighth SupplementalSeniorIndenture dated asof May 4,2012(Exhibit 4.1 to Morgan Stanley's quarterly report onForm 10-Q for the quarter ended June 30, 2012),Ninth Supplemental Senior Indenture dated as ofMarch 10, 2014 (Exhibit 4.1 to Morgan Stanley'squarterly report on Form 1O-Q for the quarter endedMarch 31, 2014) and Tenth Supplemental SeniorIndenture dated as of January 11, 2017 (Exhibit 4.1to Morgan Stanley's current report on Form 8-Kdated January 11,2017).4.4 The Unit Agreement Without Holders’ Obligations,dated as of August 29， 2008， between MorganStanley and The Bank of New York Mellon, as UnitAgent, as Trustee and Paying Agent under theSenior Indenture referred to therein and as WarrantAgent under the Warrant Agreement referred totherein (Exhibit 4.1 to Morgan Stanley's current report on Form 8-K dated August 29, 2008).4.5 Subordinated Indenture dated as of October 1, 2004between Morgan Stanley and The Bank ofNew York, as trustee (Exhibit 4-g to MorganStanley's Registration Statement on Form S-3/A(No. 333-117752)).4.6 JuniorSubordinated Indenture dated asofOctober 12, 2006 between Morgan Stanley and TheBank of New York,as trustee (Exhibit 4.1 toMorgan Stanley's current report on Form 8-K datedOctober 12, 2006).4.7 Deposit Agreement dated as of July 6. 2006 amongMorgan Stanley, JPMorgan Chase Bank, N.A. andthe holders from time to time of the depositaryreceipts described therein (Exhibit 4.3 to MorganStanley's quarterly report on Form 10-Q for thequarter ended May 31, 2006).","SupplementalSeniorIndenture datedasofDecember 1, 2008 (Exhibit 4.1 to Morgan Stanley'scurrent report on Form 8-K dated December1,2008), Fifth Supplemental Senior Indenture dated asof April 1, 2009 (Exhibit 4 to Morgan Stanley'squarterly report on Form 10-Q for the quarter endedMarch 31,2009)，Sixth Supplemental SeniorIndenture dated as of September 16,2011 (Exhibit4.1 to Morgan Stanley's quarterly report on Form10-Q for the quarter ended September 30,2011),Seventh Supplemental Senior Indenture dated as ofNovember 21,2011(Exhibit4.4to MorganStanley's annual report on Form 10-K for the yearended December 31,2011),Eighth SupplementalSeniorIndenture dated asof May 4,2012(Exhibit 4.1 to Morgan Stanley's quarterly report onForm 10-Q for the quarter ended June 30, 2012),Ninth Supplemental Senior Indenture dated as ofMarch 10, 2014 (Exhibit 4.1 to Morgan Stanley'squarterly report on Form 1O-Q for the quarter endedMarch 31, 2014) and Tenth Supplemental SeniorIndenture dated as of January 11, 2017 (Exhibit 4.1to Morgan Stanley's current report on Form 8-Kdated January 11,2017).4.4 The Unit Agreement Without Holders’ Obligations,dated as of August 29， 2008， between MorganStanley and The Bank of New York Mellon, as UnitAgent, as Trustee and Paying Agent under theSenior Indenture referred to therein and as WarrantAgent under the Warrant Agreement referred totherein (Exhibit 4.1 to Morgan Stanley's current report on Form 8-K dated August 29, 2008).4.5 Subordinated Indenture dated as of October 1, 2004between Morgan Stanley and The Bank ofNew York, as trustee (Exhibit 4-g to MorganStanley's Registration Statement on Form S-3/A(No. 333-117752)).4.6 JuniorSubordinated Indenture dated asofOctober 12, 2006 between Morgan Stanley and TheBank of New York,as trustee (Exhibit 4.1 toMorgan Stanley's current report on Form 8-K datedOctober 12, 2006).4.7 Deposit Agreement dated as of July 6. 2006 amongMorgan Stanley, JPMorgan Chase Bank, N.A. andthe holders from time to time of the depositaryreceipts described therein (Exhibit 4.3 to MorganStanley's quarterly report on Form 10-Q for thequarter ended May 31, 2006).","SupplementalSeniorIndenture datedasofDecember 1, 2008 (Exhibit 4.1 to Morgan Stanley'scurrent report on Form 8-K dated December1,2008), Fifth Supplemental Senior Indenture dated asof April 1, 2009 (Exhibit 4 to Morgan Stanley'squarterly report on Form 10-Q for the quarter endedMarch 31,2009)，Sixth Supplemental SeniorIndenture dated as of September 16,2011 (Exhibit4.1 to Morgan Stanley's quarterly report on Form10-Q for the quarter ended September 30,2011),Seventh Supplemental Senior Indenture dated as ofNovember 21,2011(Exhibit4.4to MorganStanley's annual report on Form 10-K for the yearended December 31,2011),Eighth SupplementalSeniorIndenture dated asof May 4,2012(Exhibit 4.1 to Morgan Stanley's quarterly report onForm 10-Q for the quarter ended June 30, 2012),Ninth Supplemental Senior Indenture dated as ofMarch 10, 2014 (Exhibit 4.1 to Morgan Stanley'squarterly report on Form 1O-Q for the quarter endedMarch 31, 2014) and Tenth Supplemental SeniorIndenture dated as of January 11, 2017 (Exhibit 4.1to Morgan Stanley's current report on Form 8-Kdated January 11,2017).4.4 The Unit Agreement Without Holders’ Obligations,dated as of August 29， 2008， between MorganStanley and The Bank of New York Mellon, as UnitAgent, as Trustee and Paying Agent under theSenior Indenture referred to therein and as WarrantAgent under the Warrant Agreement referred totherein (Exhibit 4.1 to Morgan Stanley's current report on Form 8-K dated August 29, 2008).4.5 Subordinated Indenture dated as of October 1, 2004between Morgan Stanley and The Bank ofNew York, as trustee (Exhibit 4-g to MorganStanley's Registration Statement on Form S-3/A(No. 333-117752)).4.6 JuniorSubordinated Indenture dated asofOctober 12, 2006 between Morgan Stanley and TheBank of New York,as trustee (Exhibit 4.1 toMorgan Stanley's current report on Form 8-K datedOctober 12, 2006).4.7 Deposit Agreement dated as of July 6. 2006 amongMorgan Stanley, JPMorgan Chase Bank, N.A. andthe holders from time to time of the depositaryreceipts described therein (Exhibit 4.3 to MorganStanley's quarterly report on Form 10-Q for thequarter ended May 31, 2006).",between Morgan Stanley and The Bank of,between Morgan Stanley and The Bank of,between Morgan Stanley and The Bank of,,,,4.16,,,,,Stanley， The Bank of New York Mellon and the,Exhibit 4.14 hereto).Form of Deposit Agreement among Morgan,,,,
"SupplementalSeniorIndenture datedasofDecember 1, 2008 (Exhibit 4.1 to Morgan Stanley'scurrent report on Form 8-K dated December1,2008), Fifth Supplemental Senior Indenture dated asof April 1, 2009 (Exhibit 4 to Morgan Stanley'squarterly report on Form 10-Q for the quarter endedMarch 31,2009)，Sixth Supplemental SeniorIndenture dated as of September 16,2011 (Exhibit4.1 to Morgan Stanley's quarterly report on Form10-Q for the quarter ended September 30,2011),Seventh Supplemental Senior Indenture dated as ofNovember 21,2011(Exhibit4.4to MorganStanley's annual report on Form 10-K for the yearended December 31,2011),Eighth SupplementalSeniorIndenture dated asof May 4,2012(Exhibit 4.1 to Morgan Stanley's quarterly report onForm 10-Q for the quarter ended June 30, 2012),Ninth Supplemental Senior Indenture dated as ofMarch 10, 2014 (Exhibit 4.1 to Morgan Stanley'squarterly report on Form 1O-Q for the quarter endedMarch 31, 2014) and Tenth Supplemental SeniorIndenture dated as of January 11, 2017 (Exhibit 4.1to Morgan Stanley's current report on Form 8-Kdated January 11,2017).4.4 The Unit Agreement Without Holders’ Obligations,dated as of August 29， 2008， between MorganStanley and The Bank of New York Mellon, as UnitAgent, as Trustee and Paying Agent under theSenior Indenture referred to therein and as WarrantAgent under the Warrant Agreement referred totherein (Exhibit 4.1 to Morgan Stanley's current report on Form 8-K dated August 29, 2008).4.5 Subordinated Indenture dated as of October 1, 2004between Morgan Stanley and The Bank ofNew York, as trustee (Exhibit 4-g to MorganStanley's Registration Statement on Form S-3/A(No. 333-117752)).4.6 JuniorSubordinated Indenture dated asofOctober 12, 2006 between Morgan Stanley and TheBank of New York,as trustee (Exhibit 4.1 toMorgan Stanley's current report on Form 8-K datedOctober 12, 2006).4.7 Deposit Agreement dated as of July 6. 2006 amongMorgan Stanley, JPMorgan Chase Bank, N.A. andthe holders from time to time of the depositaryreceipts described therein (Exhibit 4.3 to MorganStanley's quarterly report on Form 10-Q for thequarter ended May 31, 2006).","SupplementalSeniorIndenture datedasofDecember 1, 2008 (Exhibit 4.1 to Morgan Stanley'scurrent report on Form 8-K dated December1,2008), Fifth Supplemental Senior Indenture dated asof April 1, 2009 (Exhibit 4 to Morgan Stanley'squarterly report on Form 10-Q for the quarter endedMarch 31,2009)，Sixth Supplemental SeniorIndenture dated as of September 16,2011 (Exhibit4.1 to Morgan Stanley's quarterly report on Form10-Q for the quarter ended September 30,2011),Seventh Supplemental Senior Indenture dated as ofNovember 21,2011(Exhibit4.4to MorganStanley's annual report on Form 10-K for the yearended December 31,2011),Eighth SupplementalSeniorIndenture dated asof May 4,2012(Exhibit 4.1 to Morgan Stanley's quarterly report onForm 10-Q for the quarter ended June 30, 2012),Ninth Supplemental Senior Indenture dated as ofMarch 10, 2014 (Exhibit 4.1 to Morgan Stanley'squarterly report on Form 1O-Q for the quarter endedMarch 31, 2014) and Tenth Supplemental SeniorIndenture dated as of January 11, 2017 (Exhibit 4.1to Morgan Stanley's current report on Form 8-Kdated January 11,2017).4.4 The Unit Agreement Without Holders’ Obligations,dated as of August 29， 2008， between MorganStanley and The Bank of New York Mellon, as UnitAgent, as Trustee and Paying Agent under theSenior Indenture referred to therein and as WarrantAgent under the Warrant Agreement referred totherein (Exhibit 4.1 to Morgan Stanley's current report on Form 8-K dated August 29, 2008).4.5 Subordinated Indenture dated as of October 1, 2004between Morgan Stanley and The Bank ofNew York, as trustee (Exhibit 4-g to MorganStanley's Registration Statement on Form S-3/A(No. 333-117752)).4.6 JuniorSubordinated Indenture dated asofOctober 12, 2006 between Morgan Stanley and TheBank of New York,as trustee (Exhibit 4.1 toMorgan Stanley's current report on Form 8-K datedOctober 12, 2006).4.7 Deposit Agreement dated as of July 6. 2006 amongMorgan Stanley, JPMorgan Chase Bank, N.A. andthe holders from time to time of the depositaryreceipts described therein (Exhibit 4.3 to MorganStanley's quarterly report on Form 10-Q for thequarter ended May 31, 2006).","SupplementalSeniorIndenture datedasofDecember 1, 2008 (Exhibit 4.1 to Morgan Stanley'scurrent report on Form 8-K dated December1,2008), Fifth Supplemental Senior Indenture dated asof April 1, 2009 (Exhibit 4 to Morgan Stanley'squarterly report on Form 10-Q for the quarter endedMarch 31,2009)，Sixth Supplemental SeniorIndenture dated as of September 16,2011 (Exhibit4.1 to Morgan Stanley's quarterly report on Form10-Q for the quarter ended September 30,2011),Seventh Supplemental Senior Indenture dated as ofNovember 21,2011(Exhibit4.4to MorganStanley's annual report on Form 10-K for the yearended December 31,2011),Eighth SupplementalSeniorIndenture dated asof May 4,2012(Exhibit 4.1 to Morgan Stanley's quarterly report onForm 10-Q for the quarter ended June 30, 2012),Ninth Supplemental Senior Indenture dated as ofMarch 10, 2014 (Exhibit 4.1 to Morgan Stanley'squarterly report on Form 1O-Q for the quarter endedMarch 31, 2014) and Tenth Supplemental SeniorIndenture dated as of January 11, 2017 (Exhibit 4.1to Morgan Stanley's current report on Form 8-Kdated January 11,2017).4.4 The Unit Agreement Without Holders’ Obligations,dated as of August 29， 2008， between MorganStanley and The Bank of New York Mellon, as UnitAgent, as Trustee and Paying Agent under theSenior Indenture referred to therein and as WarrantAgent under the Warrant Agreement referred totherein (Exhibit 4.1 to Morgan Stanley's current report on Form 8-K dated August 29, 2008).4.5 Subordinated Indenture dated as of October 1, 2004between Morgan Stanley and The Bank ofNew York, as trustee (Exhibit 4-g to MorganStanley's Registration Statement on Form S-3/A(No. 333-117752)).4.6 JuniorSubordinated Indenture dated asofOctober 12, 2006 between Morgan Stanley and TheBank of New York,as trustee (Exhibit 4.1 toMorgan Stanley's current report on Form 8-K datedOctober 12, 2006).4.7 Deposit Agreement dated as of July 6. 2006 amongMorgan Stanley, JPMorgan Chase Bank, N.A. andthe holders from time to time of the depositaryreceipts described therein (Exhibit 4.3 to MorganStanley's quarterly report on Form 10-Q for thequarter ended May 31, 2006).","SupplementalSeniorIndenture datedasofDecember 1, 2008 (Exhibit 4.1 to Morgan Stanley'scurrent report on Form 8-K dated December1,2008), Fifth Supplemental Senior Indenture dated asof April 1, 2009 (Exhibit 4 to Morgan Stanley'squarterly report on Form 10-Q for the quarter endedMarch 31,2009)，Sixth Supplemental SeniorIndenture dated as of September 16,2011 (Exhibit4.1 to Morgan Stanley's quarterly report on Form10-Q for the quarter ended September 30,2011),Seventh Supplemental Senior Indenture dated as ofNovember 21,2011(Exhibit4.4to MorganStanley's annual report on Form 10-K for the yearended December 31,2011),Eighth SupplementalSeniorIndenture dated asof May 4,2012(Exhibit 4.1 to Morgan Stanley's quarterly report onForm 10-Q for the quarter ended June 30, 2012),Ninth Supplemental Senior Indenture dated as ofMarch 10, 2014 (Exhibit 4.1 to Morgan Stanley'squarterly report on Form 1O-Q for the quarter endedMarch 31, 2014) and Tenth Supplemental SeniorIndenture dated as of January 11, 2017 (Exhibit 4.1to Morgan Stanley's current report on Form 8-Kdated January 11,2017).4.4 The Unit Agreement Without Holders’ Obligations,dated as of August 29， 2008， between MorganStanley and The Bank of New York Mellon, as UnitAgent, as Trustee and Paying Agent under theSenior Indenture referred to therein and as WarrantAgent under the Warrant Agreement referred totherein (Exhibit 4.1 to Morgan Stanley's current report on Form 8-K dated August 29, 2008).4.5 Subordinated Indenture dated as of October 1, 2004between Morgan Stanley and The Bank ofNew York, as trustee (Exhibit 4-g to MorganStanley's Registration Statement on Form S-3/A(No. 333-117752)).4.6 JuniorSubordinated Indenture dated asofOctober 12, 2006 between Morgan Stanley and TheBank of New York,as trustee (Exhibit 4.1 toMorgan Stanley's current report on Form 8-K datedOctober 12, 2006).4.7 Deposit Agreement dated as of July 6. 2006 amongMorgan Stanley, JPMorgan Chase Bank, N.A. andthe holders from time to time of the depositaryreceipts described therein (Exhibit 4.3 to MorganStanley's quarterly report on Form 10-Q for thequarter ended May 31, 2006).","New York, as trustee (Exhibit 4-g to Morgan","New York, as trustee (Exhibit 4-g to Morgan","New York, as trustee (Exhibit 4-g to Morgan",,,,,,,,,,,,,,
"SupplementalSeniorIndenture datedasofDecember 1, 2008 (Exhibit 4.1 to Morgan Stanley'scurrent report on Form 8-K dated December1,2008), Fifth Supplemental Senior Indenture dated asof April 1, 2009 (Exhibit 4 to Morgan Stanley'squarterly report on Form 10-Q for the quarter endedMarch 31,2009)，Sixth Supplemental SeniorIndenture dated as of September 16,2011 (Exhibit4.1 to Morgan Stanley's quarterly report on Form10-Q for the quarter ended September 30,2011),Seventh Supplemental Senior Indenture dated as ofNovember 21,2011(Exhibit4.4to MorganStanley's annual report on Form 10-K for the yearended December 31,2011),Eighth SupplementalSeniorIndenture dated asof May 4,2012(Exhibit 4.1 to Morgan Stanley's quarterly report onForm 10-Q for the quarter ended June 30, 2012),Ninth Supplemental Senior Indenture dated as ofMarch 10, 2014 (Exhibit 4.1 to Morgan Stanley'squarterly report on Form 1O-Q for the quarter endedMarch 31, 2014) and Tenth Supplemental SeniorIndenture dated as of January 11, 2017 (Exhibit 4.1to Morgan Stanley's current report on Form 8-Kdated January 11,2017).4.4 The Unit Agreement Without Holders’ Obligations,dated as of August 29， 2008， between MorganStanley and The Bank of New York Mellon, as UnitAgent, as Trustee and Paying Agent under theSenior Indenture referred to therein and as WarrantAgent under the Warrant Agreement referred totherein (Exhibit 4.1 to Morgan Stanley's current report on Form 8-K dated August 29, 2008).4.5 Subordinated Indenture dated as of October 1, 2004between Morgan Stanley and The Bank ofNew York, as trustee (Exhibit 4-g to MorganStanley's Registration Statement on Form S-3/A(No. 333-117752)).4.6 JuniorSubordinated Indenture dated asofOctober 12, 2006 between Morgan Stanley and TheBank of New York,as trustee (Exhibit 4.1 toMorgan Stanley's current report on Form 8-K datedOctober 12, 2006).4.7 Deposit Agreement dated as of July 6. 2006 amongMorgan Stanley, JPMorgan Chase Bank, N.A. andthe holders from time to time of the depositaryreceipts described therein (Exhibit 4.3 to MorganStanley's quarterly report on Form 10-Q for thequarter ended May 31, 2006).","SupplementalSeniorIndenture datedasofDecember 1, 2008 (Exhibit 4.1 to Morgan Stanley'scurrent report on Form 8-K dated December1,2008), Fifth Supplemental Senior Indenture dated asof April 1, 2009 (Exhibit 4 to Morgan Stanley'squarterly report on Form 10-Q for the quarter endedMarch 31,2009)，Sixth Supplemental SeniorIndenture dated as of September 16,2011 (Exhibit4.1 to Morgan Stanley's quarterly report on Form10-Q for the quarter ended September 30,2011),Seventh Supplemental Senior Indenture dated as ofNovember 21,2011(Exhibit4.4to MorganStanley's annual report on Form 10-K for the yearended December 31,2011),Eighth SupplementalSeniorIndenture dated asof May 4,2012(Exhibit 4.1 to Morgan Stanley's quarterly report onForm 10-Q for the quarter ended June 30, 2012),Ninth Supplemental Senior Indenture dated as ofMarch 10, 2014 (Exhibit 4.1 to Morgan Stanley'squarterly report on Form 1O-Q for the quarter endedMarch 31, 2014) and Tenth Supplemental SeniorIndenture dated as of January 11, 2017 (Exhibit 4.1to Morgan Stanley's current report on Form 8-Kdated January 11,2017).4.4 The Unit Agreement Without Holders’ Obligations,dated as of August 29， 2008， between MorganStanley and The Bank of New York Mellon, as UnitAgent, as Trustee and Paying Agent under theSenior Indenture referred to therein and as WarrantAgent under the Warrant Agreement referred totherein (Exhibit 4.1 to Morgan Stanley's current report on Form 8-K dated August 29, 2008).4.5 Subordinated Indenture dated as of October 1, 2004between Morgan Stanley and The Bank ofNew York, as trustee (Exhibit 4-g to MorganStanley's Registration Statement on Form S-3/A(No. 333-117752)).4.6 JuniorSubordinated Indenture dated asofOctober 12, 2006 between Morgan Stanley and TheBank of New York,as trustee (Exhibit 4.1 toMorgan Stanley's current report on Form 8-K datedOctober 12, 2006).4.7 Deposit Agreement dated as of July 6. 2006 amongMorgan Stanley, JPMorgan Chase Bank, N.A. andthe holders from time to time of the depositaryreceipts described therein (Exhibit 4.3 to MorganStanley's quarterly report on Form 10-Q for thequarter ended May 31, 2006).","SupplementalSeniorIndenture datedasofDecember 1, 2008 (Exhibit 4.1 to Morgan Stanley'scurrent report on Form 8-K dated December1,2008), Fifth Supplemental Senior Indenture dated asof April 1, 2009 (Exhibit 4 to Morgan Stanley'squarterly report on Form 10-Q for the quarter endedMarch 31,2009)，Sixth Supplemental SeniorIndenture dated as of September 16,2011 (Exhibit4.1 to Morgan Stanley's quarterly report on Form10-Q for the quarter ended September 30,2011),Seventh Supplemental Senior Indenture dated as ofNovember 21,2011(Exhibit4.4to MorganStanley's annual report on Form 10-K for the yearended December 31,2011),Eighth SupplementalSeniorIndenture dated asof May 4,2012(Exhibit 4.1 to Morgan Stanley's quarterly report onForm 10-Q for the quarter ended June 30, 2012),Ninth Supplemental Senior Indenture dated as ofMarch 10, 2014 (Exhibit 4.1 to Morgan Stanley'squarterly report on Form 1O-Q for the quarter endedMarch 31, 2014) and Tenth Supplemental SeniorIndenture dated as of January 11, 2017 (Exhibit 4.1to Morgan Stanley's current report on Form 8-Kdated January 11,2017).4.4 The Unit Agreement Without Holders’ Obligations,dated as of August 29， 2008， between MorganStanley and The Bank of New York Mellon, as UnitAgent, as Trustee and Paying Agent under theSenior Indenture referred to therein and as WarrantAgent under the Warrant Agreement referred totherein (Exhibit 4.1 to Morgan Stanley's current report on Form 8-K dated August 29, 2008).4.5 Subordinated Indenture dated as of October 1, 2004between Morgan Stanley and The Bank ofNew York, as trustee (Exhibit 4-g to MorganStanley's Registration Statement on Form S-3/A(No. 333-117752)).4.6 JuniorSubordinated Indenture dated asofOctober 12, 2006 between Morgan Stanley and TheBank of New York,as trustee (Exhibit 4.1 toMorgan Stanley's current report on Form 8-K datedOctober 12, 2006).4.7 Deposit Agreement dated as of July 6. 2006 amongMorgan Stanley, JPMorgan Chase Bank, N.A. andthe holders from time to time of the depositaryreceipts described therein (Exhibit 4.3 to MorganStanley's quarterly report on Form 10-Q for thequarter ended May 31, 2006).","SupplementalSeniorIndenture datedasofDecember 1, 2008 (Exhibit 4.1 to Morgan Stanley'scurrent report on Form 8-K dated December1,2008), Fifth Supplemental Senior Indenture dated asof April 1, 2009 (Exhibit 4 to Morgan Stanley'squarterly report on Form 10-Q for the quarter endedMarch 31,2009)，Sixth Supplemental SeniorIndenture dated as of September 16,2011 (Exhibit4.1 to Morgan Stanley's quarterly report on Form10-Q for the quarter ended September 30,2011),Seventh Supplemental Senior Indenture dated as ofNovember 21,2011(Exhibit4.4to MorganStanley's annual report on Form 10-K for the yearended December 31,2011),Eighth SupplementalSeniorIndenture dated asof May 4,2012(Exhibit 4.1 to Morgan Stanley's quarterly report onForm 10-Q for the quarter ended June 30, 2012),Ninth Supplemental Senior Indenture dated as ofMarch 10, 2014 (Exhibit 4.1 to Morgan Stanley'squarterly report on Form 1O-Q for the quarter endedMarch 31, 2014) and Tenth Supplemental SeniorIndenture dated as of January 11, 2017 (Exhibit 4.1to Morgan Stanley's current report on Form 8-Kdated January 11,2017).4.4 The Unit Agreement Without Holders’ Obligations,dated as of August 29， 2008， between MorganStanley and The Bank of New York Mellon, as UnitAgent, as Trustee and Paying Agent under theSenior Indenture referred to therein and as WarrantAgent under the Warrant Agreement referred totherein (Exhibit 4.1 to Morgan Stanley's current report on Form 8-K dated August 29, 2008).4.5 Subordinated Indenture dated as of October 1, 2004between Morgan Stanley and The Bank ofNew York, as trustee (Exhibit 4-g to MorganStanley's Registration Statement on Form S-3/A(No. 333-117752)).4.6 JuniorSubordinated Indenture dated asofOctober 12, 2006 between Morgan Stanley and TheBank of New York,as trustee (Exhibit 4.1 toMorgan Stanley's current report on Form 8-K datedOctober 12, 2006).4.7 Deposit Agreement dated as of July 6. 2006 amongMorgan Stanley, JPMorgan Chase Bank, N.A. andthe holders from time to time of the depositaryreceipts described therein (Exhibit 4.3 to MorganStanley's quarterly report on Form 10-Q for thequarter ended May 31, 2006).","New York, as trustee (Exhibit 4-g to Morgan","New York, as trustee (Exhibit 4-g to Morgan","New York, as trustee (Exhibit 4-g to Morgan",,,holders from time to time of the depositary receipts,,,,,,,,,,,
"SupplementalSeniorIndenture datedasofDecember 1, 2008 (Exhibit 4.1 to Morgan Stanley'scurrent report on Form 8-K dated December1,2008), Fifth Supplemental Senior Indenture dated asof April 1, 2009 (Exhibit 4 to Morgan Stanley'squarterly report on Form 10-Q for the quarter endedMarch 31,2009)，Sixth Supplemental SeniorIndenture dated as of September 16,2011 (Exhibit4.1 to Morgan Stanley's quarterly report on Form10-Q for the quarter ended September 30,2011),Seventh Supplemental Senior Indenture dated as ofNovember 21,2011(Exhibit4.4to MorganStanley's annual report on Form 10-K for the yearended December 31,2011),Eighth SupplementalSeniorIndenture dated asof May 4,2012(Exhibit 4.1 to Morgan Stanley's quarterly report onForm 10-Q for the quarter ended June 30, 2012),Ninth Supplemental Senior Indenture dated as ofMarch 10, 2014 (Exhibit 4.1 to Morgan Stanley'squarterly report on Form 1O-Q for the quarter endedMarch 31, 2014) and Tenth Supplemental SeniorIndenture dated as of January 11, 2017 (Exhibit 4.1to Morgan Stanley's current report on Form 8-Kdated January 11,2017).4.4 The Unit Agreement Without Holders’ Obligations,dated as of August 29， 2008， between MorganStanley and The Bank of New York Mellon, as UnitAgent, as Trustee and Paying Agent under theSenior Indenture referred to therein and as WarrantAgent under the Warrant Agreement referred totherein (Exhibit 4.1 to Morgan Stanley's current report on Form 8-K dated August 29, 2008).4.5 Subordinated Indenture dated as of October 1, 2004between Morgan Stanley and The Bank ofNew York, as trustee (Exhibit 4-g to MorganStanley's Registration Statement on Form S-3/A(No. 333-117752)).4.6 JuniorSubordinated Indenture dated asofOctober 12, 2006 between Morgan Stanley and TheBank of New York,as trustee (Exhibit 4.1 toMorgan Stanley's current report on Form 8-K datedOctober 12, 2006).4.7 Deposit Agreement dated as of July 6. 2006 amongMorgan Stanley, JPMorgan Chase Bank, N.A. andthe holders from time to time of the depositaryreceipts described therein (Exhibit 4.3 to MorganStanley's quarterly report on Form 10-Q for thequarter ended May 31, 2006).","SupplementalSeniorIndenture datedasofDecember 1, 2008 (Exhibit 4.1 to Morgan Stanley'scurrent report on Form 8-K dated December1,2008), Fifth Supplemental Senior Indenture dated asof April 1, 2009 (Exhibit 4 to Morgan Stanley'squarterly report on Form 10-Q for the quarter endedMarch 31,2009)，Sixth Supplemental SeniorIndenture dated as of September 16,2011 (Exhibit4.1 to Morgan Stanley's quarterly report on Form10-Q for the quarter ended September 30,2011),Seventh Supplemental Senior Indenture dated as ofNovember 21,2011(Exhibit4.4to MorganStanley's annual report on Form 10-K for the yearended December 31,2011),Eighth SupplementalSeniorIndenture dated asof May 4,2012(Exhibit 4.1 to Morgan Stanley's quarterly report onForm 10-Q for the quarter ended June 30, 2012),Ninth Supplemental Senior Indenture dated as ofMarch 10, 2014 (Exhibit 4.1 to Morgan Stanley'squarterly report on Form 1O-Q for the quarter endedMarch 31, 2014) and Tenth Supplemental SeniorIndenture dated as of January 11, 2017 (Exhibit 4.1to Morgan Stanley's current report on Form 8-Kdated January 11,2017).4.4 The Unit Agreement Without Holders’ Obligations,dated as of August 29， 2008， between MorganStanley and The Bank of New York Mellon, as UnitAgent, as Trustee and Paying Agent under theSenior Indenture referred to therein and as WarrantAgent under the Warrant Agreement referred totherein (Exhibit 4.1 to Morgan Stanley's current report on Form 8-K dated August 29, 2008).4.5 Subordinated Indenture dated as of October 1, 2004between Morgan Stanley and The Bank ofNew York, as trustee (Exhibit 4-g to MorganStanley's Registration Statement on Form S-3/A(No. 333-117752)).4.6 JuniorSubordinated Indenture dated asofOctober 12, 2006 between Morgan Stanley and TheBank of New York,as trustee (Exhibit 4.1 toMorgan Stanley's current report on Form 8-K datedOctober 12, 2006).4.7 Deposit Agreement dated as of July 6. 2006 amongMorgan Stanley, JPMorgan Chase Bank, N.A. andthe holders from time to time of the depositaryreceipts described therein (Exhibit 4.3 to MorganStanley's quarterly report on Form 10-Q for thequarter ended May 31, 2006).","SupplementalSeniorIndenture datedasofDecember 1, 2008 (Exhibit 4.1 to Morgan Stanley'scurrent report on Form 8-K dated December1,2008), Fifth Supplemental Senior Indenture dated asof April 1, 2009 (Exhibit 4 to Morgan Stanley'squarterly report on Form 10-Q for the quarter endedMarch 31,2009)，Sixth Supplemental SeniorIndenture dated as of September 16,2011 (Exhibit4.1 to Morgan Stanley's quarterly report on Form10-Q for the quarter ended September 30,2011),Seventh Supplemental Senior Indenture dated as ofNovember 21,2011(Exhibit4.4to MorganStanley's annual report on Form 10-K for the yearended December 31,2011),Eighth SupplementalSeniorIndenture dated asof May 4,2012(Exhibit 4.1 to Morgan Stanley's quarterly report onForm 10-Q for the quarter ended June 30, 2012),Ninth Supplemental Senior Indenture dated as ofMarch 10, 2014 (Exhibit 4.1 to Morgan Stanley'squarterly report on Form 1O-Q for the quarter endedMarch 31, 2014) and Tenth Supplemental SeniorIndenture dated as of January 11, 2017 (Exhibit 4.1to Morgan Stanley's current report on Form 8-Kdated January 11,2017).4.4 The Unit Agreement Without Holders’ Obligations,dated as of August 29， 2008， between MorganStanley and The Bank of New York Mellon, as UnitAgent, as Trustee and Paying Agent under theSenior Indenture referred to therein and as WarrantAgent under the Warrant Agreement referred totherein (Exhibit 4.1 to Morgan Stanley's current report on Form 8-K dated August 29, 2008).4.5 Subordinated Indenture dated as of October 1, 2004between Morgan Stanley and The Bank ofNew York, as trustee (Exhibit 4-g to MorganStanley's Registration Statement on Form S-3/A(No. 333-117752)).4.6 JuniorSubordinated Indenture dated asofOctober 12, 2006 between Morgan Stanley and TheBank of New York,as trustee (Exhibit 4.1 toMorgan Stanley's current report on Form 8-K datedOctober 12, 2006).4.7 Deposit Agreement dated as of July 6. 2006 amongMorgan Stanley, JPMorgan Chase Bank, N.A. andthe holders from time to time of the depositaryreceipts described therein (Exhibit 4.3 to MorganStanley's quarterly report on Form 10-Q for thequarter ended May 31, 2006).","SupplementalSeniorIndenture datedasofDecember 1, 2008 (Exhibit 4.1 to Morgan Stanley'scurrent report on Form 8-K dated December1,2008), Fifth Supplemental Senior Indenture dated asof April 1, 2009 (Exhibit 4 to Morgan Stanley'squarterly report on Form 10-Q for the quarter endedMarch 31,2009)，Sixth Supplemental SeniorIndenture dated as of September 16,2011 (Exhibit4.1 to Morgan Stanley's quarterly report on Form10-Q for the quarter ended September 30,2011),Seventh Supplemental Senior Indenture dated as ofNovember 21,2011(Exhibit4.4to MorganStanley's annual report on Form 10-K for the yearended December 31,2011),Eighth SupplementalSeniorIndenture dated asof May 4,2012(Exhibit 4.1 to Morgan Stanley's quarterly report onForm 10-Q for the quarter ended June 30, 2012),Ninth Supplemental Senior Indenture dated as ofMarch 10, 2014 (Exhibit 4.1 to Morgan Stanley'squarterly report on Form 1O-Q for the quarter endedMarch 31, 2014) and Tenth Supplemental SeniorIndenture dated as of January 11, 2017 (Exhibit 4.1to Morgan Stanley's current report on Form 8-Kdated January 11,2017).4.4 The Unit Agreement Without Holders’ Obligations,dated as of August 29， 2008， between MorganStanley and The Bank of New York Mellon, as UnitAgent, as Trustee and Paying Agent under theSenior Indenture referred to therein and as WarrantAgent under the Warrant Agreement referred totherein (Exhibit 4.1 to Morgan Stanley's current report on Form 8-K dated August 29, 2008).4.5 Subordinated Indenture dated as of October 1, 2004between Morgan Stanley and The Bank ofNew York, as trustee (Exhibit 4-g to MorganStanley's Registration Statement on Form S-3/A(No. 333-117752)).4.6 JuniorSubordinated Indenture dated asofOctober 12, 2006 between Morgan Stanley and TheBank of New York,as trustee (Exhibit 4.1 toMorgan Stanley's current report on Form 8-K datedOctober 12, 2006).4.7 Deposit Agreement dated as of July 6. 2006 amongMorgan Stanley, JPMorgan Chase Bank, N.A. andthe holders from time to time of the depositaryreceipts described therein (Exhibit 4.3 to MorganStanley's quarterly report on Form 10-Q for thequarter ended May 31, 2006).",Stanley's Registration Statement on Form S-3/A,Stanley's Registration Statement on Form S-3/A,Stanley's Registration Statement on Form S-3/A,,,representing interests in the Series I Preferred stock,,,,,,,,,,,
"SupplementalSeniorIndenture datedasofDecember 1, 2008 (Exhibit 4.1 to Morgan Stanley'scurrent report on Form 8-K dated December1,2008), Fifth Supplemental Senior Indenture dated asof April 1, 2009 (Exhibit 4 to Morgan Stanley'squarterly report on Form 10-Q for the quarter endedMarch 31,2009)，Sixth Supplemental SeniorIndenture dated as of September 16,2011 (Exhibit4.1 to Morgan Stanley's quarterly report on Form10-Q for the quarter ended September 30,2011),Seventh Supplemental Senior Indenture dated as ofNovember 21,2011(Exhibit4.4to MorganStanley's annual report on Form 10-K for the yearended December 31,2011),Eighth SupplementalSeniorIndenture dated asof May 4,2012(Exhibit 4.1 to Morgan Stanley's quarterly report onForm 10-Q for the quarter ended June 30, 2012),Ninth Supplemental Senior Indenture dated as ofMarch 10, 2014 (Exhibit 4.1 to Morgan Stanley'squarterly report on Form 1O-Q for the quarter endedMarch 31, 2014) and Tenth Supplemental SeniorIndenture dated as of January 11, 2017 (Exhibit 4.1to Morgan Stanley's current report on Form 8-Kdated January 11,2017).4.4 The Unit Agreement Without Holders’ Obligations,dated as of August 29， 2008， between MorganStanley and The Bank of New York Mellon, as UnitAgent, as Trustee and Paying Agent under theSenior Indenture referred to therein and as WarrantAgent under the Warrant Agreement referred totherein (Exhibit 4.1 to Morgan Stanley's current report on Form 8-K dated August 29, 2008).4.5 Subordinated Indenture dated as of October 1, 2004between Morgan Stanley and The Bank ofNew York, as trustee (Exhibit 4-g to MorganStanley's Registration Statement on Form S-3/A(No. 333-117752)).4.6 JuniorSubordinated Indenture dated asofOctober 12, 2006 between Morgan Stanley and TheBank of New York,as trustee (Exhibit 4.1 toMorgan Stanley's current report on Form 8-K datedOctober 12, 2006).4.7 Deposit Agreement dated as of July 6. 2006 amongMorgan Stanley, JPMorgan Chase Bank, N.A. andthe holders from time to time of the depositaryreceipts described therein (Exhibit 4.3 to MorganStanley's quarterly report on Form 10-Q for thequarter ended May 31, 2006).","SupplementalSeniorIndenture datedasofDecember 1, 2008 (Exhibit 4.1 to Morgan Stanley'scurrent report on Form 8-K dated December1,2008), Fifth Supplemental Senior Indenture dated asof April 1, 2009 (Exhibit 4 to Morgan Stanley'squarterly report on Form 10-Q for the quarter endedMarch 31,2009)，Sixth Supplemental SeniorIndenture dated as of September 16,2011 (Exhibit4.1 to Morgan Stanley's quarterly report on Form10-Q for the quarter ended September 30,2011),Seventh Supplemental Senior Indenture dated as ofNovember 21,2011(Exhibit4.4to MorganStanley's annual report on Form 10-K for the yearended December 31,2011),Eighth SupplementalSeniorIndenture dated asof May 4,2012(Exhibit 4.1 to Morgan Stanley's quarterly report onForm 10-Q for the quarter ended June 30, 2012),Ninth Supplemental Senior Indenture dated as ofMarch 10, 2014 (Exhibit 4.1 to Morgan Stanley'squarterly report on Form 1O-Q for the quarter endedMarch 31, 2014) and Tenth Supplemental SeniorIndenture dated as of January 11, 2017 (Exhibit 4.1to Morgan Stanley's current report on Form 8-Kdated January 11,2017).4.4 The Unit Agreement Without Holders’ Obligations,dated as of August 29， 2008， between MorganStanley and The Bank of New York Mellon, as UnitAgent, as Trustee and Paying Agent under theSenior Indenture referred to therein and as WarrantAgent under the Warrant Agreement referred totherein (Exhibit 4.1 to Morgan Stanley's current report on Form 8-K dated August 29, 2008).4.5 Subordinated Indenture dated as of October 1, 2004between Morgan Stanley and The Bank ofNew York, as trustee (Exhibit 4-g to MorganStanley's Registration Statement on Form S-3/A(No. 333-117752)).4.6 JuniorSubordinated Indenture dated asofOctober 12, 2006 between Morgan Stanley and TheBank of New York,as trustee (Exhibit 4.1 toMorgan Stanley's current report on Form 8-K datedOctober 12, 2006).4.7 Deposit Agreement dated as of July 6. 2006 amongMorgan Stanley, JPMorgan Chase Bank, N.A. andthe holders from time to time of the depositaryreceipts described therein (Exhibit 4.3 to MorganStanley's quarterly report on Form 10-Q for thequarter ended May 31, 2006).","SupplementalSeniorIndenture datedasofDecember 1, 2008 (Exhibit 4.1 to Morgan Stanley'scurrent report on Form 8-K dated December1,2008), Fifth Supplemental Senior Indenture dated asof April 1, 2009 (Exhibit 4 to Morgan Stanley'squarterly report on Form 10-Q for the quarter endedMarch 31,2009)，Sixth Supplemental SeniorIndenture dated as of September 16,2011 (Exhibit4.1 to Morgan Stanley's quarterly report on Form10-Q for the quarter ended September 30,2011),Seventh Supplemental Senior Indenture dated as ofNovember 21,2011(Exhibit4.4to MorganStanley's annual report on Form 10-K for the yearended December 31,2011),Eighth SupplementalSeniorIndenture dated asof May 4,2012(Exhibit 4.1 to Morgan Stanley's quarterly report onForm 10-Q for the quarter ended June 30, 2012),Ninth Supplemental Senior Indenture dated as ofMarch 10, 2014 (Exhibit 4.1 to Morgan Stanley'squarterly report on Form 1O-Q for the quarter endedMarch 31, 2014) and Tenth Supplemental SeniorIndenture dated as of January 11, 2017 (Exhibit 4.1to Morgan Stanley's current report on Form 8-Kdated January 11,2017).4.4 The Unit Agreement Without Holders’ Obligations,dated as of August 29， 2008， between MorganStanley and The Bank of New York Mellon, as UnitAgent, as Trustee and Paying Agent under theSenior Indenture referred to therein and as WarrantAgent under the Warrant Agreement referred totherein (Exhibit 4.1 to Morgan Stanley's current report on Form 8-K dated August 29, 2008).4.5 Subordinated Indenture dated as of October 1, 2004between Morgan Stanley and The Bank ofNew York, as trustee (Exhibit 4-g to MorganStanley's Registration Statement on Form S-3/A(No. 333-117752)).4.6 JuniorSubordinated Indenture dated asofOctober 12, 2006 between Morgan Stanley and TheBank of New York,as trustee (Exhibit 4.1 toMorgan Stanley's current report on Form 8-K datedOctober 12, 2006).4.7 Deposit Agreement dated as of July 6. 2006 amongMorgan Stanley, JPMorgan Chase Bank, N.A. andthe holders from time to time of the depositaryreceipts described therein (Exhibit 4.3 to MorganStanley's quarterly report on Form 10-Q for thequarter ended May 31, 2006).","SupplementalSeniorIndenture datedasofDecember 1, 2008 (Exhibit 4.1 to Morgan Stanley'scurrent report on Form 8-K dated December1,2008), Fifth Supplemental Senior Indenture dated asof April 1, 2009 (Exhibit 4 to Morgan Stanley'squarterly report on Form 10-Q for the quarter endedMarch 31,2009)，Sixth Supplemental SeniorIndenture dated as of September 16,2011 (Exhibit4.1 to Morgan Stanley's quarterly report on Form10-Q for the quarter ended September 30,2011),Seventh Supplemental Senior Indenture dated as ofNovember 21,2011(Exhibit4.4to MorganStanley's annual report on Form 10-K for the yearended December 31,2011),Eighth SupplementalSeniorIndenture dated asof May 4,2012(Exhibit 4.1 to Morgan Stanley's quarterly report onForm 10-Q for the quarter ended June 30, 2012),Ninth Supplemental Senior Indenture dated as ofMarch 10, 2014 (Exhibit 4.1 to Morgan Stanley'squarterly report on Form 1O-Q for the quarter endedMarch 31, 2014) and Tenth Supplemental SeniorIndenture dated as of January 11, 2017 (Exhibit 4.1to Morgan Stanley's current report on Form 8-Kdated January 11,2017).4.4 The Unit Agreement Without Holders’ Obligations,dated as of August 29， 2008， between MorganStanley and The Bank of New York Mellon, as UnitAgent, as Trustee and Paying Agent under theSenior Indenture referred to therein and as WarrantAgent under the Warrant Agreement referred totherein (Exhibit 4.1 to Morgan Stanley's current report on Form 8-K dated August 29, 2008).4.5 Subordinated Indenture dated as of October 1, 2004between Morgan Stanley and The Bank ofNew York, as trustee (Exhibit 4-g to MorganStanley's Registration Statement on Form S-3/A(No. 333-117752)).4.6 JuniorSubordinated Indenture dated asofOctober 12, 2006 between Morgan Stanley and TheBank of New York,as trustee (Exhibit 4.1 toMorgan Stanley's current report on Form 8-K datedOctober 12, 2006).4.7 Deposit Agreement dated as of July 6. 2006 amongMorgan Stanley, JPMorgan Chase Bank, N.A. andthe holders from time to time of the depositaryreceipts described therein (Exhibit 4.3 to MorganStanley's quarterly report on Form 10-Q for thequarter ended May 31, 2006).",(No. 333-117752)).,(No. 333-117752)).,(No. 333-117752)).,,,described therein (Exhibit 2.4 to Morgan Stanley's,,,,,,,,,,,
"SupplementalSeniorIndenture datedasofDecember 1, 2008 (Exhibit 4.1 to Morgan Stanley'scurrent report on Form 8-K dated December1,2008), Fifth Supplemental Senior Indenture dated asof April 1, 2009 (Exhibit 4 to Morgan Stanley'squarterly report on Form 10-Q for the quarter endedMarch 31,2009)，Sixth Supplemental SeniorIndenture dated as of September 16,2011 (Exhibit4.1 to Morgan Stanley's quarterly report on Form10-Q for the quarter ended September 30,2011),Seventh Supplemental Senior Indenture dated as ofNovember 21,2011(Exhibit4.4to MorganStanley's annual report on Form 10-K for the yearended December 31,2011),Eighth SupplementalSeniorIndenture dated asof May 4,2012(Exhibit 4.1 to Morgan Stanley's quarterly report onForm 10-Q for the quarter ended June 30, 2012),Ninth Supplemental Senior Indenture dated as ofMarch 10, 2014 (Exhibit 4.1 to Morgan Stanley'squarterly report on Form 1O-Q for the quarter endedMarch 31, 2014) and Tenth Supplemental SeniorIndenture dated as of January 11, 2017 (Exhibit 4.1to Morgan Stanley's current report on Form 8-Kdated January 11,2017).4.4 The Unit Agreement Without Holders’ Obligations,dated as of August 29， 2008， between MorganStanley and The Bank of New York Mellon, as UnitAgent, as Trustee and Paying Agent under theSenior Indenture referred to therein and as WarrantAgent under the Warrant Agreement referred totherein (Exhibit 4.1 to Morgan Stanley's current report on Form 8-K dated August 29, 2008).4.5 Subordinated Indenture dated as of October 1, 2004between Morgan Stanley and The Bank ofNew York, as trustee (Exhibit 4-g to MorganStanley's Registration Statement on Form S-3/A(No. 333-117752)).4.6 JuniorSubordinated Indenture dated asofOctober 12, 2006 between Morgan Stanley and TheBank of New York,as trustee (Exhibit 4.1 toMorgan Stanley's current report on Form 8-K datedOctober 12, 2006).4.7 Deposit Agreement dated as of July 6. 2006 amongMorgan Stanley, JPMorgan Chase Bank, N.A. andthe holders from time to time of the depositaryreceipts described therein (Exhibit 4.3 to MorganStanley's quarterly report on Form 10-Q for thequarter ended May 31, 2006).","SupplementalSeniorIndenture datedasofDecember 1, 2008 (Exhibit 4.1 to Morgan Stanley'scurrent report on Form 8-K dated December1,2008), Fifth Supplemental Senior Indenture dated asof April 1, 2009 (Exhibit 4 to Morgan Stanley'squarterly report on Form 10-Q for the quarter endedMarch 31,2009)，Sixth Supplemental SeniorIndenture dated as of September 16,2011 (Exhibit4.1 to Morgan Stanley's quarterly report on Form10-Q for the quarter ended September 30,2011),Seventh Supplemental Senior Indenture dated as ofNovember 21,2011(Exhibit4.4to MorganStanley's annual report on Form 10-K for the yearended December 31,2011),Eighth SupplementalSeniorIndenture dated asof May 4,2012(Exhibit 4.1 to Morgan Stanley's quarterly report onForm 10-Q for the quarter ended June 30, 2012),Ninth Supplemental Senior Indenture dated as ofMarch 10, 2014 (Exhibit 4.1 to Morgan Stanley'squarterly report on Form 1O-Q for the quarter endedMarch 31, 2014) and Tenth Supplemental SeniorIndenture dated as of January 11, 2017 (Exhibit 4.1to Morgan Stanley's current report on Form 8-Kdated January 11,2017).4.4 The Unit Agreement Without Holders’ Obligations,dated as of August 29， 2008， between MorganStanley and The Bank of New York Mellon, as UnitAgent, as Trustee and Paying Agent under theSenior Indenture referred to therein and as WarrantAgent under the Warrant Agreement referred totherein (Exhibit 4.1 to Morgan Stanley's current report on Form 8-K dated August 29, 2008).4.5 Subordinated Indenture dated as of October 1, 2004between Morgan Stanley and The Bank ofNew York, as trustee (Exhibit 4-g to MorganStanley's Registration Statement on Form S-3/A(No. 333-117752)).4.6 JuniorSubordinated Indenture dated asofOctober 12, 2006 between Morgan Stanley and TheBank of New York,as trustee (Exhibit 4.1 toMorgan Stanley's current report on Form 8-K datedOctober 12, 2006).4.7 Deposit Agreement dated as of July 6. 2006 amongMorgan Stanley, JPMorgan Chase Bank, N.A. andthe holders from time to time of the depositaryreceipts described therein (Exhibit 4.3 to MorganStanley's quarterly report on Form 10-Q for thequarter ended May 31, 2006).","SupplementalSeniorIndenture datedasofDecember 1, 2008 (Exhibit 4.1 to Morgan Stanley'scurrent report on Form 8-K dated December1,2008), Fifth Supplemental Senior Indenture dated asof April 1, 2009 (Exhibit 4 to Morgan Stanley'squarterly report on Form 10-Q for the quarter endedMarch 31,2009)，Sixth Supplemental SeniorIndenture dated as of September 16,2011 (Exhibit4.1 to Morgan Stanley's quarterly report on Form10-Q for the quarter ended September 30,2011),Seventh Supplemental Senior Indenture dated as ofNovember 21,2011(Exhibit4.4to MorganStanley's annual report on Form 10-K for the yearended December 31,2011),Eighth SupplementalSeniorIndenture dated asof May 4,2012(Exhibit 4.1 to Morgan Stanley's quarterly report onForm 10-Q for the quarter ended June 30, 2012),Ninth Supplemental Senior Indenture dated as ofMarch 10, 2014 (Exhibit 4.1 to Morgan Stanley'squarterly report on Form 1O-Q for the quarter endedMarch 31, 2014) and Tenth Supplemental SeniorIndenture dated as of January 11, 2017 (Exhibit 4.1to Morgan Stanley's current report on Form 8-Kdated January 11,2017).4.4 The Unit Agreement Without Holders’ Obligations,dated as of August 29， 2008， between MorganStanley and The Bank of New York Mellon, as UnitAgent, as Trustee and Paying Agent under theSenior Indenture referred to therein and as WarrantAgent under the Warrant Agreement referred totherein (Exhibit 4.1 to Morgan Stanley's current report on Form 8-K dated August 29, 2008).4.5 Subordinated Indenture dated as of October 1, 2004between Morgan Stanley and The Bank ofNew York, as trustee (Exhibit 4-g to MorganStanley's Registration Statement on Form S-3/A(No. 333-117752)).4.6 JuniorSubordinated Indenture dated asofOctober 12, 2006 between Morgan Stanley and TheBank of New York,as trustee (Exhibit 4.1 toMorgan Stanley's current report on Form 8-K datedOctober 12, 2006).4.7 Deposit Agreement dated as of July 6. 2006 amongMorgan Stanley, JPMorgan Chase Bank, N.A. andthe holders from time to time of the depositaryreceipts described therein (Exhibit 4.3 to MorganStanley's quarterly report on Form 10-Q for thequarter ended May 31, 2006).","SupplementalSeniorIndenture datedasofDecember 1, 2008 (Exhibit 4.1 to Morgan Stanley'scurrent report on Form 8-K dated December1,2008), Fifth Supplemental Senior Indenture dated asof April 1, 2009 (Exhibit 4 to Morgan Stanley'squarterly report on Form 10-Q for the quarter endedMarch 31,2009)，Sixth Supplemental SeniorIndenture dated as of September 16,2011 (Exhibit4.1 to Morgan Stanley's quarterly report on Form10-Q for the quarter ended September 30,2011),Seventh Supplemental Senior Indenture dated as ofNovember 21,2011(Exhibit4.4to MorganStanley's annual report on Form 10-K for the yearended December 31,2011),Eighth SupplementalSeniorIndenture dated asof May 4,2012(Exhibit 4.1 to Morgan Stanley's quarterly report onForm 10-Q for the quarter ended June 30, 2012),Ninth Supplemental Senior Indenture dated as ofMarch 10, 2014 (Exhibit 4.1 to Morgan Stanley'squarterly report on Form 1O-Q for the quarter endedMarch 31, 2014) and Tenth Supplemental SeniorIndenture dated as of January 11, 2017 (Exhibit 4.1to Morgan Stanley's current report on Form 8-Kdated January 11,2017).4.4 The Unit Agreement Without Holders’ Obligations,dated as of August 29， 2008， between MorganStanley and The Bank of New York Mellon, as UnitAgent, as Trustee and Paying Agent under theSenior Indenture referred to therein and as WarrantAgent under the Warrant Agreement referred totherein (Exhibit 4.1 to Morgan Stanley's current report on Form 8-K dated August 29, 2008).4.5 Subordinated Indenture dated as of October 1, 2004between Morgan Stanley and The Bank ofNew York, as trustee (Exhibit 4-g to MorganStanley's Registration Statement on Form S-3/A(No. 333-117752)).4.6 JuniorSubordinated Indenture dated asofOctober 12, 2006 between Morgan Stanley and TheBank of New York,as trustee (Exhibit 4.1 toMorgan Stanley's current report on Form 8-K datedOctober 12, 2006).4.7 Deposit Agreement dated as of July 6. 2006 amongMorgan Stanley, JPMorgan Chase Bank, N.A. andthe holders from time to time of the depositaryreceipts described therein (Exhibit 4.3 to MorganStanley's quarterly report on Form 10-Q for thequarter ended May 31, 2006).",JuniorSubordinated Indenture dated asof,JuniorSubordinated Indenture dated asof,JuniorSubordinated Indenture dated asof,4.17,4.17,4.17,4.17,4.17,4.17,,,Registration Statement on Form 8-A dated,Exhibit 4.14 hereto).Form of Deposit Agreement among Morgan,,,,
"SupplementalSeniorIndenture datedasofDecember 1, 2008 (Exhibit 4.1 to Morgan Stanley'scurrent report on Form 8-K dated December1,2008), Fifth Supplemental Senior Indenture dated asof April 1, 2009 (Exhibit 4 to Morgan Stanley'squarterly report on Form 10-Q for the quarter endedMarch 31,2009)，Sixth Supplemental SeniorIndenture dated as of September 16,2011 (Exhibit4.1 to Morgan Stanley's quarterly report on Form10-Q for the quarter ended September 30,2011),Seventh Supplemental Senior Indenture dated as ofNovember 21,2011(Exhibit4.4to MorganStanley's annual report on Form 10-K for the yearended December 31,2011),Eighth SupplementalSeniorIndenture dated asof May 4,2012(Exhibit 4.1 to Morgan Stanley's quarterly report onForm 10-Q for the quarter ended June 30, 2012),Ninth Supplemental Senior Indenture dated as ofMarch 10, 2014 (Exhibit 4.1 to Morgan Stanley'squarterly report on Form 1O-Q for the quarter endedMarch 31, 2014) and Tenth Supplemental SeniorIndenture dated as of January 11, 2017 (Exhibit 4.1to Morgan Stanley's current report on Form 8-Kdated January 11,2017).4.4 The Unit Agreement Without Holders’ Obligations,dated as of August 29， 2008， between MorganStanley and The Bank of New York Mellon, as UnitAgent, as Trustee and Paying Agent under theSenior Indenture referred to therein and as WarrantAgent under the Warrant Agreement referred totherein (Exhibit 4.1 to Morgan Stanley's current report on Form 8-K dated August 29, 2008).4.5 Subordinated Indenture dated as of October 1, 2004between Morgan Stanley and The Bank ofNew York, as trustee (Exhibit 4-g to MorganStanley's Registration Statement on Form S-3/A(No. 333-117752)).4.6 JuniorSubordinated Indenture dated asofOctober 12, 2006 between Morgan Stanley and TheBank of New York,as trustee (Exhibit 4.1 toMorgan Stanley's current report on Form 8-K datedOctober 12, 2006).4.7 Deposit Agreement dated as of July 6. 2006 amongMorgan Stanley, JPMorgan Chase Bank, N.A. andthe holders from time to time of the depositaryreceipts described therein (Exhibit 4.3 to MorganStanley's quarterly report on Form 10-Q for thequarter ended May 31, 2006).","SupplementalSeniorIndenture datedasofDecember 1, 2008 (Exhibit 4.1 to Morgan Stanley'scurrent report on Form 8-K dated December1,2008), Fifth Supplemental Senior Indenture dated asof April 1, 2009 (Exhibit 4 to Morgan Stanley'squarterly report on Form 10-Q for the quarter endedMarch 31,2009)，Sixth Supplemental SeniorIndenture dated as of September 16,2011 (Exhibit4.1 to Morgan Stanley's quarterly report on Form10-Q for the quarter ended September 30,2011),Seventh Supplemental Senior Indenture dated as ofNovember 21,2011(Exhibit4.4to MorganStanley's annual report on Form 10-K for the yearended December 31,2011),Eighth SupplementalSeniorIndenture dated asof May 4,2012(Exhibit 4.1 to Morgan Stanley's quarterly report onForm 10-Q for the quarter ended June 30, 2012),Ninth Supplemental Senior Indenture dated as ofMarch 10, 2014 (Exhibit 4.1 to Morgan Stanley'squarterly report on Form 1O-Q for the quarter endedMarch 31, 2014) and Tenth Supplemental SeniorIndenture dated as of January 11, 2017 (Exhibit 4.1to Morgan Stanley's current report on Form 8-Kdated January 11,2017).4.4 The Unit Agreement Without Holders’ Obligations,dated as of August 29， 2008， between MorganStanley and The Bank of New York Mellon, as UnitAgent, as Trustee and Paying Agent under theSenior Indenture referred to therein and as WarrantAgent under the Warrant Agreement referred totherein (Exhibit 4.1 to Morgan Stanley's current report on Form 8-K dated August 29, 2008).4.5 Subordinated Indenture dated as of October 1, 2004between Morgan Stanley and The Bank ofNew York, as trustee (Exhibit 4-g to MorganStanley's Registration Statement on Form S-3/A(No. 333-117752)).4.6 JuniorSubordinated Indenture dated asofOctober 12, 2006 between Morgan Stanley and TheBank of New York,as trustee (Exhibit 4.1 toMorgan Stanley's current report on Form 8-K datedOctober 12, 2006).4.7 Deposit Agreement dated as of July 6. 2006 amongMorgan Stanley, JPMorgan Chase Bank, N.A. andthe holders from time to time of the depositaryreceipts described therein (Exhibit 4.3 to MorganStanley's quarterly report on Form 10-Q for thequarter ended May 31, 2006).","SupplementalSeniorIndenture datedasofDecember 1, 2008 (Exhibit 4.1 to Morgan Stanley'scurrent report on Form 8-K dated December1,2008), Fifth Supplemental Senior Indenture dated asof April 1, 2009 (Exhibit 4 to Morgan Stanley'squarterly report on Form 10-Q for the quarter endedMarch 31,2009)，Sixth Supplemental SeniorIndenture dated as of September 16,2011 (Exhibit4.1 to Morgan Stanley's quarterly report on Form10-Q for the quarter ended September 30,2011),Seventh Supplemental Senior Indenture dated as ofNovember 21,2011(Exhibit4.4to MorganStanley's annual report on Form 10-K for the yearended December 31,2011),Eighth SupplementalSeniorIndenture dated asof May 4,2012(Exhibit 4.1 to Morgan Stanley's quarterly report onForm 10-Q for the quarter ended June 30, 2012),Ninth Supplemental Senior Indenture dated as ofMarch 10, 2014 (Exhibit 4.1 to Morgan Stanley'squarterly report on Form 1O-Q for the quarter endedMarch 31, 2014) and Tenth Supplemental SeniorIndenture dated as of January 11, 2017 (Exhibit 4.1to Morgan Stanley's current report on Form 8-Kdated January 11,2017).4.4 The Unit Agreement Without Holders’ Obligations,dated as of August 29， 2008， between MorganStanley and The Bank of New York Mellon, as UnitAgent, as Trustee and Paying Agent under theSenior Indenture referred to therein and as WarrantAgent under the Warrant Agreement referred totherein (Exhibit 4.1 to Morgan Stanley's current report on Form 8-K dated August 29, 2008).4.5 Subordinated Indenture dated as of October 1, 2004between Morgan Stanley and The Bank ofNew York, as trustee (Exhibit 4-g to MorganStanley's Registration Statement on Form S-3/A(No. 333-117752)).4.6 JuniorSubordinated Indenture dated asofOctober 12, 2006 between Morgan Stanley and TheBank of New York,as trustee (Exhibit 4.1 toMorgan Stanley's current report on Form 8-K datedOctober 12, 2006).4.7 Deposit Agreement dated as of July 6. 2006 amongMorgan Stanley, JPMorgan Chase Bank, N.A. andthe holders from time to time of the depositaryreceipts described therein (Exhibit 4.3 to MorganStanley's quarterly report on Form 10-Q for thequarter ended May 31, 2006).","SupplementalSeniorIndenture datedasofDecember 1, 2008 (Exhibit 4.1 to Morgan Stanley'scurrent report on Form 8-K dated December1,2008), Fifth Supplemental Senior Indenture dated asof April 1, 2009 (Exhibit 4 to Morgan Stanley'squarterly report on Form 10-Q for the quarter endedMarch 31,2009)，Sixth Supplemental SeniorIndenture dated as of September 16,2011 (Exhibit4.1 to Morgan Stanley's quarterly report on Form10-Q for the quarter ended September 30,2011),Seventh Supplemental Senior Indenture dated as ofNovember 21,2011(Exhibit4.4to MorganStanley's annual report on Form 10-K for the yearended December 31,2011),Eighth SupplementalSeniorIndenture dated asof May 4,2012(Exhibit 4.1 to Morgan Stanley's quarterly report onForm 10-Q for the quarter ended June 30, 2012),Ninth Supplemental Senior Indenture dated as ofMarch 10, 2014 (Exhibit 4.1 to Morgan Stanley'squarterly report on Form 1O-Q for the quarter endedMarch 31, 2014) and Tenth Supplemental SeniorIndenture dated as of January 11, 2017 (Exhibit 4.1to Morgan Stanley's current report on Form 8-Kdated January 11,2017).4.4 The Unit Agreement Without Holders’ Obligations,dated as of August 29， 2008， between MorganStanley and The Bank of New York Mellon, as UnitAgent, as Trustee and Paying Agent under theSenior Indenture referred to therein and as WarrantAgent under the Warrant Agreement referred totherein (Exhibit 4.1 to Morgan Stanley's current report on Form 8-K dated August 29, 2008).4.5 Subordinated Indenture dated as of October 1, 2004between Morgan Stanley and The Bank ofNew York, as trustee (Exhibit 4-g to MorganStanley's Registration Statement on Form S-3/A(No. 333-117752)).4.6 JuniorSubordinated Indenture dated asofOctober 12, 2006 between Morgan Stanley and TheBank of New York,as trustee (Exhibit 4.1 toMorgan Stanley's current report on Form 8-K datedOctober 12, 2006).4.7 Deposit Agreement dated as of July 6. 2006 amongMorgan Stanley, JPMorgan Chase Bank, N.A. andthe holders from time to time of the depositaryreceipts described therein (Exhibit 4.3 to MorganStanley's quarterly report on Form 10-Q for thequarter ended May 31, 2006).","October 12, 2006 between Morgan Stanley and The","October 12, 2006 between Morgan Stanley and The","October 12, 2006 between Morgan Stanley and The",4.17,4.17,4.17,4.17,4.17,4.17,,,,,,,,
"SupplementalSeniorIndenture datedasofDecember 1, 2008 (Exhibit 4.1 to Morgan Stanley'scurrent report on Form 8-K dated December1,2008), Fifth Supplemental Senior Indenture dated asof April 1, 2009 (Exhibit 4 to Morgan Stanley'squarterly report on Form 10-Q for the quarter endedMarch 31,2009)，Sixth Supplemental SeniorIndenture dated as of September 16,2011 (Exhibit4.1 to Morgan Stanley's quarterly report on Form10-Q for the quarter ended September 30,2011),Seventh Supplemental Senior Indenture dated as ofNovember 21,2011(Exhibit4.4to MorganStanley's annual report on Form 10-K for the yearended December 31,2011),Eighth SupplementalSeniorIndenture dated asof May 4,2012(Exhibit 4.1 to Morgan Stanley's quarterly report onForm 10-Q for the quarter ended June 30, 2012),Ninth Supplemental Senior Indenture dated as ofMarch 10, 2014 (Exhibit 4.1 to Morgan Stanley'squarterly report on Form 1O-Q for the quarter endedMarch 31, 2014) and Tenth Supplemental SeniorIndenture dated as of January 11, 2017 (Exhibit 4.1to Morgan Stanley's current report on Form 8-Kdated January 11,2017).4.4 The Unit Agreement Without Holders’ Obligations,dated as of August 29， 2008， between MorganStanley and The Bank of New York Mellon, as UnitAgent, as Trustee and Paying Agent under theSenior Indenture referred to therein and as WarrantAgent under the Warrant Agreement referred totherein (Exhibit 4.1 to Morgan Stanley's current report on Form 8-K dated August 29, 2008).4.5 Subordinated Indenture dated as of October 1, 2004between Morgan Stanley and The Bank ofNew York, as trustee (Exhibit 4-g to MorganStanley's Registration Statement on Form S-3/A(No. 333-117752)).4.6 JuniorSubordinated Indenture dated asofOctober 12, 2006 between Morgan Stanley and TheBank of New York,as trustee (Exhibit 4.1 toMorgan Stanley's current report on Form 8-K datedOctober 12, 2006).4.7 Deposit Agreement dated as of July 6. 2006 amongMorgan Stanley, JPMorgan Chase Bank, N.A. andthe holders from time to time of the depositaryreceipts described therein (Exhibit 4.3 to MorganStanley's quarterly report on Form 10-Q for thequarter ended May 31, 2006).","SupplementalSeniorIndenture datedasofDecember 1, 2008 (Exhibit 4.1 to Morgan Stanley'scurrent report on Form 8-K dated December1,2008), Fifth Supplemental Senior Indenture dated asof April 1, 2009 (Exhibit 4 to Morgan Stanley'squarterly report on Form 10-Q for the quarter endedMarch 31,2009)，Sixth Supplemental SeniorIndenture dated as of September 16,2011 (Exhibit4.1 to Morgan Stanley's quarterly report on Form10-Q for the quarter ended September 30,2011),Seventh Supplemental Senior Indenture dated as ofNovember 21,2011(Exhibit4.4to MorganStanley's annual report on Form 10-K for the yearended December 31,2011),Eighth SupplementalSeniorIndenture dated asof May 4,2012(Exhibit 4.1 to Morgan Stanley's quarterly report onForm 10-Q for the quarter ended June 30, 2012),Ninth Supplemental Senior Indenture dated as ofMarch 10, 2014 (Exhibit 4.1 to Morgan Stanley'squarterly report on Form 1O-Q for the quarter endedMarch 31, 2014) and Tenth Supplemental SeniorIndenture dated as of January 11, 2017 (Exhibit 4.1to Morgan Stanley's current report on Form 8-Kdated January 11,2017).4.4 The Unit Agreement Without Holders’ Obligations,dated as of August 29， 2008， between MorganStanley and The Bank of New York Mellon, as UnitAgent, as Trustee and Paying Agent under theSenior Indenture referred to therein and as WarrantAgent under the Warrant Agreement referred totherein (Exhibit 4.1 to Morgan Stanley's current report on Form 8-K dated August 29, 2008).4.5 Subordinated Indenture dated as of October 1, 2004between Morgan Stanley and The Bank ofNew York, as trustee (Exhibit 4-g to MorganStanley's Registration Statement on Form S-3/A(No. 333-117752)).4.6 JuniorSubordinated Indenture dated asofOctober 12, 2006 between Morgan Stanley and TheBank of New York,as trustee (Exhibit 4.1 toMorgan Stanley's current report on Form 8-K datedOctober 12, 2006).4.7 Deposit Agreement dated as of July 6. 2006 amongMorgan Stanley, JPMorgan Chase Bank, N.A. andthe holders from time to time of the depositaryreceipts described therein (Exhibit 4.3 to MorganStanley's quarterly report on Form 10-Q for thequarter ended May 31, 2006).","SupplementalSeniorIndenture datedasofDecember 1, 2008 (Exhibit 4.1 to Morgan Stanley'scurrent report on Form 8-K dated December1,2008), Fifth Supplemental Senior Indenture dated asof April 1, 2009 (Exhibit 4 to Morgan Stanley'squarterly report on Form 10-Q for the quarter endedMarch 31,2009)，Sixth Supplemental SeniorIndenture dated as of September 16,2011 (Exhibit4.1 to Morgan Stanley's quarterly report on Form10-Q for the quarter ended September 30,2011),Seventh Supplemental Senior Indenture dated as ofNovember 21,2011(Exhibit4.4to MorganStanley's annual report on Form 10-K for the yearended December 31,2011),Eighth SupplementalSeniorIndenture dated asof May 4,2012(Exhibit 4.1 to Morgan Stanley's quarterly report onForm 10-Q for the quarter ended June 30, 2012),Ninth Supplemental Senior Indenture dated as ofMarch 10, 2014 (Exhibit 4.1 to Morgan Stanley'squarterly report on Form 1O-Q for the quarter endedMarch 31, 2014) and Tenth Supplemental SeniorIndenture dated as of January 11, 2017 (Exhibit 4.1to Morgan Stanley's current report on Form 8-Kdated January 11,2017).4.4 The Unit Agreement Without Holders’ Obligations,dated as of August 29， 2008， between MorganStanley and The Bank of New York Mellon, as UnitAgent, as Trustee and Paying Agent under theSenior Indenture referred to therein and as WarrantAgent under the Warrant Agreement referred totherein (Exhibit 4.1 to Morgan Stanley's current report on Form 8-K dated August 29, 2008).4.5 Subordinated Indenture dated as of October 1, 2004between Morgan Stanley and The Bank ofNew York, as trustee (Exhibit 4-g to MorganStanley's Registration Statement on Form S-3/A(No. 333-117752)).4.6 JuniorSubordinated Indenture dated asofOctober 12, 2006 between Morgan Stanley and TheBank of New York,as trustee (Exhibit 4.1 toMorgan Stanley's current report on Form 8-K datedOctober 12, 2006).4.7 Deposit Agreement dated as of July 6. 2006 amongMorgan Stanley, JPMorgan Chase Bank, N.A. andthe holders from time to time of the depositaryreceipts described therein (Exhibit 4.3 to MorganStanley's quarterly report on Form 10-Q for thequarter ended May 31, 2006).","SupplementalSeniorIndenture datedasofDecember 1, 2008 (Exhibit 4.1 to Morgan Stanley'scurrent report on Form 8-K dated December1,2008), Fifth Supplemental Senior Indenture dated asof April 1, 2009 (Exhibit 4 to Morgan Stanley'squarterly report on Form 10-Q for the quarter endedMarch 31,2009)，Sixth Supplemental SeniorIndenture dated as of September 16,2011 (Exhibit4.1 to Morgan Stanley's quarterly report on Form10-Q for the quarter ended September 30,2011),Seventh Supplemental Senior Indenture dated as ofNovember 21,2011(Exhibit4.4to MorganStanley's annual report on Form 10-K for the yearended December 31,2011),Eighth SupplementalSeniorIndenture dated asof May 4,2012(Exhibit 4.1 to Morgan Stanley's quarterly report onForm 10-Q for the quarter ended June 30, 2012),Ninth Supplemental Senior Indenture dated as ofMarch 10, 2014 (Exhibit 4.1 to Morgan Stanley'squarterly report on Form 1O-Q for the quarter endedMarch 31, 2014) and Tenth Supplemental SeniorIndenture dated as of January 11, 2017 (Exhibit 4.1to Morgan Stanley's current report on Form 8-Kdated January 11,2017).4.4 The Unit Agreement Without Holders’ Obligations,dated as of August 29， 2008， between MorganStanley and The Bank of New York Mellon, as UnitAgent, as Trustee and Paying Agent under theSenior Indenture referred to therein and as WarrantAgent under the Warrant Agreement referred totherein (Exhibit 4.1 to Morgan Stanley's current report on Form 8-K dated August 29, 2008).4.5 Subordinated Indenture dated as of October 1, 2004between Morgan Stanley and The Bank ofNew York, as trustee (Exhibit 4-g to MorganStanley's Registration Statement on Form S-3/A(No. 333-117752)).4.6 JuniorSubordinated Indenture dated asofOctober 12, 2006 between Morgan Stanley and TheBank of New York,as trustee (Exhibit 4.1 toMorgan Stanley's current report on Form 8-K datedOctober 12, 2006).4.7 Deposit Agreement dated as of July 6. 2006 amongMorgan Stanley, JPMorgan Chase Bank, N.A. andthe holders from time to time of the depositaryreceipts described therein (Exhibit 4.3 to MorganStanley's quarterly report on Form 10-Q for thequarter ended May 31, 2006).","October 12, 2006 between Morgan Stanley and The","October 12, 2006 between Morgan Stanley and The","October 12, 2006 between Morgan Stanley and The",4.17,4.17,4.17,4.17,4.17,4.17,,,,,,"September 17, 2014).DepositaryReceiptforDepositaryShares,",,
"SupplementalSeniorIndenture datedasofDecember 1, 2008 (Exhibit 4.1 to Morgan Stanley'scurrent report on Form 8-K dated December1,2008), Fifth Supplemental Senior Indenture dated asof April 1, 2009 (Exhibit 4 to Morgan Stanley'squarterly report on Form 10-Q for the quarter endedMarch 31,2009)，Sixth Supplemental SeniorIndenture dated as of September 16,2011 (Exhibit4.1 to Morgan Stanley's quarterly report on Form10-Q for the quarter ended September 30,2011),Seventh Supplemental Senior Indenture dated as ofNovember 21,2011(Exhibit4.4to MorganStanley's annual report on Form 10-K for the yearended December 31,2011),Eighth SupplementalSeniorIndenture dated asof May 4,2012(Exhibit 4.1 to Morgan Stanley's quarterly report onForm 10-Q for the quarter ended June 30, 2012),Ninth Supplemental Senior Indenture dated as ofMarch 10, 2014 (Exhibit 4.1 to Morgan Stanley'squarterly report on Form 1O-Q for the quarter endedMarch 31, 2014) and Tenth Supplemental SeniorIndenture dated as of January 11, 2017 (Exhibit 4.1to Morgan Stanley's current report on Form 8-Kdated January 11,2017).4.4 The Unit Agreement Without Holders’ Obligations,dated as of August 29， 2008， between MorganStanley and The Bank of New York Mellon, as UnitAgent, as Trustee and Paying Agent under theSenior Indenture referred to therein and as WarrantAgent under the Warrant Agreement referred totherein (Exhibit 4.1 to Morgan Stanley's current report on Form 8-K dated August 29, 2008).4.5 Subordinated Indenture dated as of October 1, 2004between Morgan Stanley and The Bank ofNew York, as trustee (Exhibit 4-g to MorganStanley's Registration Statement on Form S-3/A(No. 333-117752)).4.6 JuniorSubordinated Indenture dated asofOctober 12, 2006 between Morgan Stanley and TheBank of New York,as trustee (Exhibit 4.1 toMorgan Stanley's current report on Form 8-K datedOctober 12, 2006).4.7 Deposit Agreement dated as of July 6. 2006 amongMorgan Stanley, JPMorgan Chase Bank, N.A. andthe holders from time to time of the depositaryreceipts described therein (Exhibit 4.3 to MorganStanley's quarterly report on Form 10-Q for thequarter ended May 31, 2006).","SupplementalSeniorIndenture datedasofDecember 1, 2008 (Exhibit 4.1 to Morgan Stanley'scurrent report on Form 8-K dated December1,2008), Fifth Supplemental Senior Indenture dated asof April 1, 2009 (Exhibit 4 to Morgan Stanley'squarterly report on Form 10-Q for the quarter endedMarch 31,2009)，Sixth Supplemental SeniorIndenture dated as of September 16,2011 (Exhibit4.1 to Morgan Stanley's quarterly report on Form10-Q for the quarter ended September 30,2011),Seventh Supplemental Senior Indenture dated as ofNovember 21,2011(Exhibit4.4to MorganStanley's annual report on Form 10-K for the yearended December 31,2011),Eighth SupplementalSeniorIndenture dated asof May 4,2012(Exhibit 4.1 to Morgan Stanley's quarterly report onForm 10-Q for the quarter ended June 30, 2012),Ninth Supplemental Senior Indenture dated as ofMarch 10, 2014 (Exhibit 4.1 to Morgan Stanley'squarterly report on Form 1O-Q for the quarter endedMarch 31, 2014) and Tenth Supplemental SeniorIndenture dated as of January 11, 2017 (Exhibit 4.1to Morgan Stanley's current report on Form 8-Kdated January 11,2017).4.4 The Unit Agreement Without Holders’ Obligations,dated as of August 29， 2008， between MorganStanley and The Bank of New York Mellon, as UnitAgent, as Trustee and Paying Agent under theSenior Indenture referred to therein and as WarrantAgent under the Warrant Agreement referred totherein (Exhibit 4.1 to Morgan Stanley's current report on Form 8-K dated August 29, 2008).4.5 Subordinated Indenture dated as of October 1, 2004between Morgan Stanley and The Bank ofNew York, as trustee (Exhibit 4-g to MorganStanley's Registration Statement on Form S-3/A(No. 333-117752)).4.6 JuniorSubordinated Indenture dated asofOctober 12, 2006 between Morgan Stanley and TheBank of New York,as trustee (Exhibit 4.1 toMorgan Stanley's current report on Form 8-K datedOctober 12, 2006).4.7 Deposit Agreement dated as of July 6. 2006 amongMorgan Stanley, JPMorgan Chase Bank, N.A. andthe holders from time to time of the depositaryreceipts described therein (Exhibit 4.3 to MorganStanley's quarterly report on Form 10-Q for thequarter ended May 31, 2006).","SupplementalSeniorIndenture datedasofDecember 1, 2008 (Exhibit 4.1 to Morgan Stanley'scurrent report on Form 8-K dated December1,2008), Fifth Supplemental Senior Indenture dated asof April 1, 2009 (Exhibit 4 to Morgan Stanley'squarterly report on Form 10-Q for the quarter endedMarch 31,2009)，Sixth Supplemental SeniorIndenture dated as of September 16,2011 (Exhibit4.1 to Morgan Stanley's quarterly report on Form10-Q for the quarter ended September 30,2011),Seventh Supplemental Senior Indenture dated as ofNovember 21,2011(Exhibit4.4to MorganStanley's annual report on Form 10-K for the yearended December 31,2011),Eighth SupplementalSeniorIndenture dated asof May 4,2012(Exhibit 4.1 to Morgan Stanley's quarterly report onForm 10-Q for the quarter ended June 30, 2012),Ninth Supplemental Senior Indenture dated as ofMarch 10, 2014 (Exhibit 4.1 to Morgan Stanley'squarterly report on Form 1O-Q for the quarter endedMarch 31, 2014) and Tenth Supplemental SeniorIndenture dated as of January 11, 2017 (Exhibit 4.1to Morgan Stanley's current report on Form 8-Kdated January 11,2017).4.4 The Unit Agreement Without Holders’ Obligations,dated as of August 29， 2008， between MorganStanley and The Bank of New York Mellon, as UnitAgent, as Trustee and Paying Agent under theSenior Indenture referred to therein and as WarrantAgent under the Warrant Agreement referred totherein (Exhibit 4.1 to Morgan Stanley's current report on Form 8-K dated August 29, 2008).4.5 Subordinated Indenture dated as of October 1, 2004between Morgan Stanley and The Bank ofNew York, as trustee (Exhibit 4-g to MorganStanley's Registration Statement on Form S-3/A(No. 333-117752)).4.6 JuniorSubordinated Indenture dated asofOctober 12, 2006 between Morgan Stanley and TheBank of New York,as trustee (Exhibit 4.1 toMorgan Stanley's current report on Form 8-K datedOctober 12, 2006).4.7 Deposit Agreement dated as of July 6. 2006 amongMorgan Stanley, JPMorgan Chase Bank, N.A. andthe holders from time to time of the depositaryreceipts described therein (Exhibit 4.3 to MorganStanley's quarterly report on Form 10-Q for thequarter ended May 31, 2006).","SupplementalSeniorIndenture datedasofDecember 1, 2008 (Exhibit 4.1 to Morgan Stanley'scurrent report on Form 8-K dated December1,2008), Fifth Supplemental Senior Indenture dated asof April 1, 2009 (Exhibit 4 to Morgan Stanley'squarterly report on Form 10-Q for the quarter endedMarch 31,2009)，Sixth Supplemental SeniorIndenture dated as of September 16,2011 (Exhibit4.1 to Morgan Stanley's quarterly report on Form10-Q for the quarter ended September 30,2011),Seventh Supplemental Senior Indenture dated as ofNovember 21,2011(Exhibit4.4to MorganStanley's annual report on Form 10-K for the yearended December 31,2011),Eighth SupplementalSeniorIndenture dated asof May 4,2012(Exhibit 4.1 to Morgan Stanley's quarterly report onForm 10-Q for the quarter ended June 30, 2012),Ninth Supplemental Senior Indenture dated as ofMarch 10, 2014 (Exhibit 4.1 to Morgan Stanley'squarterly report on Form 1O-Q for the quarter endedMarch 31, 2014) and Tenth Supplemental SeniorIndenture dated as of January 11, 2017 (Exhibit 4.1to Morgan Stanley's current report on Form 8-Kdated January 11,2017).4.4 The Unit Agreement Without Holders’ Obligations,dated as of August 29， 2008， between MorganStanley and The Bank of New York Mellon, as UnitAgent, as Trustee and Paying Agent under theSenior Indenture referred to therein and as WarrantAgent under the Warrant Agreement referred totherein (Exhibit 4.1 to Morgan Stanley's current report on Form 8-K dated August 29, 2008).4.5 Subordinated Indenture dated as of October 1, 2004between Morgan Stanley and The Bank ofNew York, as trustee (Exhibit 4-g to MorganStanley's Registration Statement on Form S-3/A(No. 333-117752)).4.6 JuniorSubordinated Indenture dated asofOctober 12, 2006 between Morgan Stanley and TheBank of New York,as trustee (Exhibit 4.1 toMorgan Stanley's current report on Form 8-K datedOctober 12, 2006).4.7 Deposit Agreement dated as of July 6. 2006 amongMorgan Stanley, JPMorgan Chase Bank, N.A. andthe holders from time to time of the depositaryreceipts described therein (Exhibit 4.3 to MorganStanley's quarterly report on Form 10-Q for thequarter ended May 31, 2006).","Bank of New York,as trustee (Exhibit 4.1 to","Bank of New York,as trustee (Exhibit 4.1 to","Bank of New York,as trustee (Exhibit 4.1 to",4.17,4.17,4.17,4.17,4.17,4.17,,,,,,"September 17, 2014).DepositaryReceiptforDepositaryShares,",,
"SupplementalSeniorIndenture datedasofDecember 1, 2008 (Exhibit 4.1 to Morgan Stanley'scurrent report on Form 8-K dated December1,2008), Fifth Supplemental Senior Indenture dated asof April 1, 2009 (Exhibit 4 to Morgan Stanley'squarterly report on Form 10-Q for the quarter endedMarch 31,2009)，Sixth Supplemental SeniorIndenture dated as of September 16,2011 (Exhibit4.1 to Morgan Stanley's quarterly report on Form10-Q for the quarter ended September 30,2011),Seventh Supplemental Senior Indenture dated as ofNovember 21,2011(Exhibit4.4to MorganStanley's annual report on Form 10-K for the yearended December 31,2011),Eighth SupplementalSeniorIndenture dated asof May 4,2012(Exhibit 4.1 to Morgan Stanley's quarterly report onForm 10-Q for the quarter ended June 30, 2012),Ninth Supplemental Senior Indenture dated as ofMarch 10, 2014 (Exhibit 4.1 to Morgan Stanley'squarterly report on Form 1O-Q for the quarter endedMarch 31, 2014) and Tenth Supplemental SeniorIndenture dated as of January 11, 2017 (Exhibit 4.1to Morgan Stanley's current report on Form 8-Kdated January 11,2017).4.4 The Unit Agreement Without Holders’ Obligations,dated as of August 29， 2008， between MorganStanley and The Bank of New York Mellon, as UnitAgent, as Trustee and Paying Agent under theSenior Indenture referred to therein and as WarrantAgent under the Warrant Agreement referred totherein (Exhibit 4.1 to Morgan Stanley's current report on Form 8-K dated August 29, 2008).4.5 Subordinated Indenture dated as of October 1, 2004between Morgan Stanley and The Bank ofNew York, as trustee (Exhibit 4-g to MorganStanley's Registration Statement on Form S-3/A(No. 333-117752)).4.6 JuniorSubordinated Indenture dated asofOctober 12, 2006 between Morgan Stanley and TheBank of New York,as trustee (Exhibit 4.1 toMorgan Stanley's current report on Form 8-K datedOctober 12, 2006).4.7 Deposit Agreement dated as of July 6. 2006 amongMorgan Stanley, JPMorgan Chase Bank, N.A. andthe holders from time to time of the depositaryreceipts described therein (Exhibit 4.3 to MorganStanley's quarterly report on Form 10-Q for thequarter ended May 31, 2006).","SupplementalSeniorIndenture datedasofDecember 1, 2008 (Exhibit 4.1 to Morgan Stanley'scurrent report on Form 8-K dated December1,2008), Fifth Supplemental Senior Indenture dated asof April 1, 2009 (Exhibit 4 to Morgan Stanley'squarterly report on Form 10-Q for the quarter endedMarch 31,2009)，Sixth Supplemental SeniorIndenture dated as of September 16,2011 (Exhibit4.1 to Morgan Stanley's quarterly report on Form10-Q for the quarter ended September 30,2011),Seventh Supplemental Senior Indenture dated as ofNovember 21,2011(Exhibit4.4to MorganStanley's annual report on Form 10-K for the yearended December 31,2011),Eighth SupplementalSeniorIndenture dated asof May 4,2012(Exhibit 4.1 to Morgan Stanley's quarterly report onForm 10-Q for the quarter ended June 30, 2012),Ninth Supplemental Senior Indenture dated as ofMarch 10, 2014 (Exhibit 4.1 to Morgan Stanley'squarterly report on Form 1O-Q for the quarter endedMarch 31, 2014) and Tenth Supplemental SeniorIndenture dated as of January 11, 2017 (Exhibit 4.1to Morgan Stanley's current report on Form 8-Kdated January 11,2017).4.4 The Unit Agreement Without Holders’ Obligations,dated as of August 29， 2008， between MorganStanley and The Bank of New York Mellon, as UnitAgent, as Trustee and Paying Agent under theSenior Indenture referred to therein and as WarrantAgent under the Warrant Agreement referred totherein (Exhibit 4.1 to Morgan Stanley's current report on Form 8-K dated August 29, 2008).4.5 Subordinated Indenture dated as of October 1, 2004between Morgan Stanley and The Bank ofNew York, as trustee (Exhibit 4-g to MorganStanley's Registration Statement on Form S-3/A(No. 333-117752)).4.6 JuniorSubordinated Indenture dated asofOctober 12, 2006 between Morgan Stanley and TheBank of New York,as trustee (Exhibit 4.1 toMorgan Stanley's current report on Form 8-K datedOctober 12, 2006).4.7 Deposit Agreement dated as of July 6. 2006 amongMorgan Stanley, JPMorgan Chase Bank, N.A. andthe holders from time to time of the depositaryreceipts described therein (Exhibit 4.3 to MorganStanley's quarterly report on Form 10-Q for thequarter ended May 31, 2006).","SupplementalSeniorIndenture datedasofDecember 1, 2008 (Exhibit 4.1 to Morgan Stanley'scurrent report on Form 8-K dated December1,2008), Fifth Supplemental Senior Indenture dated asof April 1, 2009 (Exhibit 4 to Morgan Stanley'squarterly report on Form 10-Q for the quarter endedMarch 31,2009)，Sixth Supplemental SeniorIndenture dated as of September 16,2011 (Exhibit4.1 to Morgan Stanley's quarterly report on Form10-Q for the quarter ended September 30,2011),Seventh Supplemental Senior Indenture dated as ofNovember 21,2011(Exhibit4.4to MorganStanley's annual report on Form 10-K for the yearended December 31,2011),Eighth SupplementalSeniorIndenture dated asof May 4,2012(Exhibit 4.1 to Morgan Stanley's quarterly report onForm 10-Q for the quarter ended June 30, 2012),Ninth Supplemental Senior Indenture dated as ofMarch 10, 2014 (Exhibit 4.1 to Morgan Stanley'squarterly report on Form 1O-Q for the quarter endedMarch 31, 2014) and Tenth Supplemental SeniorIndenture dated as of January 11, 2017 (Exhibit 4.1to Morgan Stanley's current report on Form 8-Kdated January 11,2017).4.4 The Unit Agreement Without Holders’ Obligations,dated as of August 29， 2008， between MorganStanley and The Bank of New York Mellon, as UnitAgent, as Trustee and Paying Agent under theSenior Indenture referred to therein and as WarrantAgent under the Warrant Agreement referred totherein (Exhibit 4.1 to Morgan Stanley's current report on Form 8-K dated August 29, 2008).4.5 Subordinated Indenture dated as of October 1, 2004between Morgan Stanley and The Bank ofNew York, as trustee (Exhibit 4-g to MorganStanley's Registration Statement on Form S-3/A(No. 333-117752)).4.6 JuniorSubordinated Indenture dated asofOctober 12, 2006 between Morgan Stanley and TheBank of New York,as trustee (Exhibit 4.1 toMorgan Stanley's current report on Form 8-K datedOctober 12, 2006).4.7 Deposit Agreement dated as of July 6. 2006 amongMorgan Stanley, JPMorgan Chase Bank, N.A. andthe holders from time to time of the depositaryreceipts described therein (Exhibit 4.3 to MorganStanley's quarterly report on Form 10-Q for thequarter ended May 31, 2006).","SupplementalSeniorIndenture datedasofDecember 1, 2008 (Exhibit 4.1 to Morgan Stanley'scurrent report on Form 8-K dated December1,2008), Fifth Supplemental Senior Indenture dated asof April 1, 2009 (Exhibit 4 to Morgan Stanley'squarterly report on Form 10-Q for the quarter endedMarch 31,2009)，Sixth Supplemental SeniorIndenture dated as of September 16,2011 (Exhibit4.1 to Morgan Stanley's quarterly report on Form10-Q for the quarter ended September 30,2011),Seventh Supplemental Senior Indenture dated as ofNovember 21,2011(Exhibit4.4to MorganStanley's annual report on Form 10-K for the yearended December 31,2011),Eighth SupplementalSeniorIndenture dated asof May 4,2012(Exhibit 4.1 to Morgan Stanley's quarterly report onForm 10-Q for the quarter ended June 30, 2012),Ninth Supplemental Senior Indenture dated as ofMarch 10, 2014 (Exhibit 4.1 to Morgan Stanley'squarterly report on Form 1O-Q for the quarter endedMarch 31, 2014) and Tenth Supplemental SeniorIndenture dated as of January 11, 2017 (Exhibit 4.1to Morgan Stanley's current report on Form 8-Kdated January 11,2017).4.4 The Unit Agreement Without Holders’ Obligations,dated as of August 29， 2008， between MorganStanley and The Bank of New York Mellon, as UnitAgent, as Trustee and Paying Agent under theSenior Indenture referred to therein and as WarrantAgent under the Warrant Agreement referred totherein (Exhibit 4.1 to Morgan Stanley's current report on Form 8-K dated August 29, 2008).4.5 Subordinated Indenture dated as of October 1, 2004between Morgan Stanley and The Bank ofNew York, as trustee (Exhibit 4-g to MorganStanley's Registration Statement on Form S-3/A(No. 333-117752)).4.6 JuniorSubordinated Indenture dated asofOctober 12, 2006 between Morgan Stanley and TheBank of New York,as trustee (Exhibit 4.1 toMorgan Stanley's current report on Form 8-K datedOctober 12, 2006).4.7 Deposit Agreement dated as of July 6. 2006 amongMorgan Stanley, JPMorgan Chase Bank, N.A. andthe holders from time to time of the depositaryreceipts described therein (Exhibit 4.3 to MorganStanley's quarterly report on Form 10-Q for thequarter ended May 31, 2006).",Morgan Stanley's current report on Form 8-K dated,Morgan Stanley's current report on Form 8-K dated,Morgan Stanley's current report on Form 8-K dated,,,4.18,4.18,4.18,4.18,representing1Fixed-to-Floating RateNon-,,,,,,,
"SupplementalSeniorIndenture datedasofDecember 1, 2008 (Exhibit 4.1 to Morgan Stanley'scurrent report on Form 8-K dated December1,2008), Fifth Supplemental Senior Indenture dated asof April 1, 2009 (Exhibit 4 to Morgan Stanley'squarterly report on Form 10-Q for the quarter endedMarch 31,2009)，Sixth Supplemental SeniorIndenture dated as of September 16,2011 (Exhibit4.1 to Morgan Stanley's quarterly report on Form10-Q for the quarter ended September 30,2011),Seventh Supplemental Senior Indenture dated as ofNovember 21,2011(Exhibit4.4to MorganStanley's annual report on Form 10-K for the yearended December 31,2011),Eighth SupplementalSeniorIndenture dated asof May 4,2012(Exhibit 4.1 to Morgan Stanley's quarterly report onForm 10-Q for the quarter ended June 30, 2012),Ninth Supplemental Senior Indenture dated as ofMarch 10, 2014 (Exhibit 4.1 to Morgan Stanley'squarterly report on Form 1O-Q for the quarter endedMarch 31, 2014) and Tenth Supplemental SeniorIndenture dated as of January 11, 2017 (Exhibit 4.1to Morgan Stanley's current report on Form 8-Kdated January 11,2017).4.4 The Unit Agreement Without Holders’ Obligations,dated as of August 29， 2008， between MorganStanley and The Bank of New York Mellon, as UnitAgent, as Trustee and Paying Agent under theSenior Indenture referred to therein and as WarrantAgent under the Warrant Agreement referred totherein (Exhibit 4.1 to Morgan Stanley's current report on Form 8-K dated August 29, 2008).4.5 Subordinated Indenture dated as of October 1, 2004between Morgan Stanley and The Bank ofNew York, as trustee (Exhibit 4-g to MorganStanley's Registration Statement on Form S-3/A(No. 333-117752)).4.6 JuniorSubordinated Indenture dated asofOctober 12, 2006 between Morgan Stanley and TheBank of New York,as trustee (Exhibit 4.1 toMorgan Stanley's current report on Form 8-K datedOctober 12, 2006).4.7 Deposit Agreement dated as of July 6. 2006 amongMorgan Stanley, JPMorgan Chase Bank, N.A. andthe holders from time to time of the depositaryreceipts described therein (Exhibit 4.3 to MorganStanley's quarterly report on Form 10-Q for thequarter ended May 31, 2006).","SupplementalSeniorIndenture datedasofDecember 1, 2008 (Exhibit 4.1 to Morgan Stanley'scurrent report on Form 8-K dated December1,2008), Fifth Supplemental Senior Indenture dated asof April 1, 2009 (Exhibit 4 to Morgan Stanley'squarterly report on Form 10-Q for the quarter endedMarch 31,2009)，Sixth Supplemental SeniorIndenture dated as of September 16,2011 (Exhibit4.1 to Morgan Stanley's quarterly report on Form10-Q for the quarter ended September 30,2011),Seventh Supplemental Senior Indenture dated as ofNovember 21,2011(Exhibit4.4to MorganStanley's annual report on Form 10-K for the yearended December 31,2011),Eighth SupplementalSeniorIndenture dated asof May 4,2012(Exhibit 4.1 to Morgan Stanley's quarterly report onForm 10-Q for the quarter ended June 30, 2012),Ninth Supplemental Senior Indenture dated as ofMarch 10, 2014 (Exhibit 4.1 to Morgan Stanley'squarterly report on Form 1O-Q for the quarter endedMarch 31, 2014) and Tenth Supplemental SeniorIndenture dated as of January 11, 2017 (Exhibit 4.1to Morgan Stanley's current report on Form 8-Kdated January 11,2017).4.4 The Unit Agreement Without Holders’ Obligations,dated as of August 29， 2008， between MorganStanley and The Bank of New York Mellon, as UnitAgent, as Trustee and Paying Agent under theSenior Indenture referred to therein and as WarrantAgent under the Warrant Agreement referred totherein (Exhibit 4.1 to Morgan Stanley's current report on Form 8-K dated August 29, 2008).4.5 Subordinated Indenture dated as of October 1, 2004between Morgan Stanley and The Bank ofNew York, as trustee (Exhibit 4-g to MorganStanley's Registration Statement on Form S-3/A(No. 333-117752)).4.6 JuniorSubordinated Indenture dated asofOctober 12, 2006 between Morgan Stanley and TheBank of New York,as trustee (Exhibit 4.1 toMorgan Stanley's current report on Form 8-K datedOctober 12, 2006).4.7 Deposit Agreement dated as of July 6. 2006 amongMorgan Stanley, JPMorgan Chase Bank, N.A. andthe holders from time to time of the depositaryreceipts described therein (Exhibit 4.3 to MorganStanley's quarterly report on Form 10-Q for thequarter ended May 31, 2006).","SupplementalSeniorIndenture datedasofDecember 1, 2008 (Exhibit 4.1 to Morgan Stanley'scurrent report on Form 8-K dated December1,2008), Fifth Supplemental Senior Indenture dated asof April 1, 2009 (Exhibit 4 to Morgan Stanley'squarterly report on Form 10-Q for the quarter endedMarch 31,2009)，Sixth Supplemental SeniorIndenture dated as of September 16,2011 (Exhibit4.1 to Morgan Stanley's quarterly report on Form10-Q for the quarter ended September 30,2011),Seventh Supplemental Senior Indenture dated as ofNovember 21,2011(Exhibit4.4to MorganStanley's annual report on Form 10-K for the yearended December 31,2011),Eighth SupplementalSeniorIndenture dated asof May 4,2012(Exhibit 4.1 to Morgan Stanley's quarterly report onForm 10-Q for the quarter ended June 30, 2012),Ninth Supplemental Senior Indenture dated as ofMarch 10, 2014 (Exhibit 4.1 to Morgan Stanley'squarterly report on Form 1O-Q for the quarter endedMarch 31, 2014) and Tenth Supplemental SeniorIndenture dated as of January 11, 2017 (Exhibit 4.1to Morgan Stanley's current report on Form 8-Kdated January 11,2017).4.4 The Unit Agreement Without Holders’ Obligations,dated as of August 29， 2008， between MorganStanley and The Bank of New York Mellon, as UnitAgent, as Trustee and Paying Agent under theSenior Indenture referred to therein and as WarrantAgent under the Warrant Agreement referred totherein (Exhibit 4.1 to Morgan Stanley's current report on Form 8-K dated August 29, 2008).4.5 Subordinated Indenture dated as of October 1, 2004between Morgan Stanley and The Bank ofNew York, as trustee (Exhibit 4-g to MorganStanley's Registration Statement on Form S-3/A(No. 333-117752)).4.6 JuniorSubordinated Indenture dated asofOctober 12, 2006 between Morgan Stanley and TheBank of New York,as trustee (Exhibit 4.1 toMorgan Stanley's current report on Form 8-K datedOctober 12, 2006).4.7 Deposit Agreement dated as of July 6. 2006 amongMorgan Stanley, JPMorgan Chase Bank, N.A. andthe holders from time to time of the depositaryreceipts described therein (Exhibit 4.3 to MorganStanley's quarterly report on Form 10-Q for thequarter ended May 31, 2006).","SupplementalSeniorIndenture datedasofDecember 1, 2008 (Exhibit 4.1 to Morgan Stanley'scurrent report on Form 8-K dated December1,2008), Fifth Supplemental Senior Indenture dated asof April 1, 2009 (Exhibit 4 to Morgan Stanley'squarterly report on Form 10-Q for the quarter endedMarch 31,2009)，Sixth Supplemental SeniorIndenture dated as of September 16,2011 (Exhibit4.1 to Morgan Stanley's quarterly report on Form10-Q for the quarter ended September 30,2011),Seventh Supplemental Senior Indenture dated as ofNovember 21,2011(Exhibit4.4to MorganStanley's annual report on Form 10-K for the yearended December 31,2011),Eighth SupplementalSeniorIndenture dated asof May 4,2012(Exhibit 4.1 to Morgan Stanley's quarterly report onForm 10-Q for the quarter ended June 30, 2012),Ninth Supplemental Senior Indenture dated as ofMarch 10, 2014 (Exhibit 4.1 to Morgan Stanley'squarterly report on Form 1O-Q for the quarter endedMarch 31, 2014) and Tenth Supplemental SeniorIndenture dated as of January 11, 2017 (Exhibit 4.1to Morgan Stanley's current report on Form 8-Kdated January 11,2017).4.4 The Unit Agreement Without Holders’ Obligations,dated as of August 29， 2008， between MorganStanley and The Bank of New York Mellon, as UnitAgent, as Trustee and Paying Agent under theSenior Indenture referred to therein and as WarrantAgent under the Warrant Agreement referred totherein (Exhibit 4.1 to Morgan Stanley's current report on Form 8-K dated August 29, 2008).4.5 Subordinated Indenture dated as of October 1, 2004between Morgan Stanley and The Bank ofNew York, as trustee (Exhibit 4-g to MorganStanley's Registration Statement on Form S-3/A(No. 333-117752)).4.6 JuniorSubordinated Indenture dated asofOctober 12, 2006 between Morgan Stanley and TheBank of New York,as trustee (Exhibit 4.1 toMorgan Stanley's current report on Form 8-K datedOctober 12, 2006).4.7 Deposit Agreement dated as of July 6. 2006 amongMorgan Stanley, JPMorgan Chase Bank, N.A. andthe holders from time to time of the depositaryreceipts described therein (Exhibit 4.3 to MorganStanley's quarterly report on Form 10-Q for thequarter ended May 31, 2006).","October 12, 2006).","October 12, 2006).","October 12, 2006).",,,4.18,4.18,4.18,4.18,,,,,,,,
"SupplementalSeniorIndenture datedasofDecember 1, 2008 (Exhibit 4.1 to Morgan Stanley'scurrent report on Form 8-K dated December1,2008), Fifth Supplemental Senior Indenture dated asof April 1, 2009 (Exhibit 4 to Morgan Stanley'squarterly report on Form 10-Q for the quarter endedMarch 31,2009)，Sixth Supplemental SeniorIndenture dated as of September 16,2011 (Exhibit4.1 to Morgan Stanley's quarterly report on Form10-Q for the quarter ended September 30,2011),Seventh Supplemental Senior Indenture dated as ofNovember 21,2011(Exhibit4.4to MorganStanley's annual report on Form 10-K for the yearended December 31,2011),Eighth SupplementalSeniorIndenture dated asof May 4,2012(Exhibit 4.1 to Morgan Stanley's quarterly report onForm 10-Q for the quarter ended June 30, 2012),Ninth Supplemental Senior Indenture dated as ofMarch 10, 2014 (Exhibit 4.1 to Morgan Stanley'squarterly report on Form 1O-Q for the quarter endedMarch 31, 2014) and Tenth Supplemental SeniorIndenture dated as of January 11, 2017 (Exhibit 4.1to Morgan Stanley's current report on Form 8-Kdated January 11,2017).4.4 The Unit Agreement Without Holders’ Obligations,dated as of August 29， 2008， between MorganStanley and The Bank of New York Mellon, as UnitAgent, as Trustee and Paying Agent under theSenior Indenture referred to therein and as WarrantAgent under the Warrant Agreement referred totherein (Exhibit 4.1 to Morgan Stanley's current report on Form 8-K dated August 29, 2008).4.5 Subordinated Indenture dated as of October 1, 2004between Morgan Stanley and The Bank ofNew York, as trustee (Exhibit 4-g to MorganStanley's Registration Statement on Form S-3/A(No. 333-117752)).4.6 JuniorSubordinated Indenture dated asofOctober 12, 2006 between Morgan Stanley and TheBank of New York,as trustee (Exhibit 4.1 toMorgan Stanley's current report on Form 8-K datedOctober 12, 2006).4.7 Deposit Agreement dated as of July 6. 2006 amongMorgan Stanley, JPMorgan Chase Bank, N.A. andthe holders from time to time of the depositaryreceipts described therein (Exhibit 4.3 to MorganStanley's quarterly report on Form 10-Q for thequarter ended May 31, 2006).","SupplementalSeniorIndenture datedasofDecember 1, 2008 (Exhibit 4.1 to Morgan Stanley'scurrent report on Form 8-K dated December1,2008), Fifth Supplemental Senior Indenture dated asof April 1, 2009 (Exhibit 4 to Morgan Stanley'squarterly report on Form 10-Q for the quarter endedMarch 31,2009)，Sixth Supplemental SeniorIndenture dated as of September 16,2011 (Exhibit4.1 to Morgan Stanley's quarterly report on Form10-Q for the quarter ended September 30,2011),Seventh Supplemental Senior Indenture dated as ofNovember 21,2011(Exhibit4.4to MorganStanley's annual report on Form 10-K for the yearended December 31,2011),Eighth SupplementalSeniorIndenture dated asof May 4,2012(Exhibit 4.1 to Morgan Stanley's quarterly report onForm 10-Q for the quarter ended June 30, 2012),Ninth Supplemental Senior Indenture dated as ofMarch 10, 2014 (Exhibit 4.1 to Morgan Stanley'squarterly report on Form 1O-Q for the quarter endedMarch 31, 2014) and Tenth Supplemental SeniorIndenture dated as of January 11, 2017 (Exhibit 4.1to Morgan Stanley's current report on Form 8-Kdated January 11,2017).4.4 The Unit Agreement Without Holders’ Obligations,dated as of August 29， 2008， between MorganStanley and The Bank of New York Mellon, as UnitAgent, as Trustee and Paying Agent under theSenior Indenture referred to therein and as WarrantAgent under the Warrant Agreement referred totherein (Exhibit 4.1 to Morgan Stanley's current report on Form 8-K dated August 29, 2008).4.5 Subordinated Indenture dated as of October 1, 2004between Morgan Stanley and The Bank ofNew York, as trustee (Exhibit 4-g to MorganStanley's Registration Statement on Form S-3/A(No. 333-117752)).4.6 JuniorSubordinated Indenture dated asofOctober 12, 2006 between Morgan Stanley and TheBank of New York,as trustee (Exhibit 4.1 toMorgan Stanley's current report on Form 8-K datedOctober 12, 2006).4.7 Deposit Agreement dated as of July 6. 2006 amongMorgan Stanley, JPMorgan Chase Bank, N.A. andthe holders from time to time of the depositaryreceipts described therein (Exhibit 4.3 to MorganStanley's quarterly report on Form 10-Q for thequarter ended May 31, 2006).","SupplementalSeniorIndenture datedasofDecember 1, 2008 (Exhibit 4.1 to Morgan Stanley'scurrent report on Form 8-K dated December1,2008), Fifth Supplemental Senior Indenture dated asof April 1, 2009 (Exhibit 4 to Morgan Stanley'squarterly report on Form 10-Q for the quarter endedMarch 31,2009)，Sixth Supplemental SeniorIndenture dated as of September 16,2011 (Exhibit4.1 to Morgan Stanley's quarterly report on Form10-Q for the quarter ended September 30,2011),Seventh Supplemental Senior Indenture dated as ofNovember 21,2011(Exhibit4.4to MorganStanley's annual report on Form 10-K for the yearended December 31,2011),Eighth SupplementalSeniorIndenture dated asof May 4,2012(Exhibit 4.1 to Morgan Stanley's quarterly report onForm 10-Q for the quarter ended June 30, 2012),Ninth Supplemental Senior Indenture dated as ofMarch 10, 2014 (Exhibit 4.1 to Morgan Stanley'squarterly report on Form 1O-Q for the quarter endedMarch 31, 2014) and Tenth Supplemental SeniorIndenture dated as of January 11, 2017 (Exhibit 4.1to Morgan Stanley's current report on Form 8-Kdated January 11,2017).4.4 The Unit Agreement Without Holders’ Obligations,dated as of August 29， 2008， between MorganStanley and The Bank of New York Mellon, as UnitAgent, as Trustee and Paying Agent under theSenior Indenture referred to therein and as WarrantAgent under the Warrant Agreement referred totherein (Exhibit 4.1 to Morgan Stanley's current report on Form 8-K dated August 29, 2008).4.5 Subordinated Indenture dated as of October 1, 2004between Morgan Stanley and The Bank ofNew York, as trustee (Exhibit 4-g to MorganStanley's Registration Statement on Form S-3/A(No. 333-117752)).4.6 JuniorSubordinated Indenture dated asofOctober 12, 2006 between Morgan Stanley and TheBank of New York,as trustee (Exhibit 4.1 toMorgan Stanley's current report on Form 8-K datedOctober 12, 2006).4.7 Deposit Agreement dated as of July 6. 2006 amongMorgan Stanley, JPMorgan Chase Bank, N.A. andthe holders from time to time of the depositaryreceipts described therein (Exhibit 4.3 to MorganStanley's quarterly report on Form 10-Q for thequarter ended May 31, 2006).","SupplementalSeniorIndenture datedasofDecember 1, 2008 (Exhibit 4.1 to Morgan Stanley'scurrent report on Form 8-K dated December1,2008), Fifth Supplemental Senior Indenture dated asof April 1, 2009 (Exhibit 4 to Morgan Stanley'squarterly report on Form 10-Q for the quarter endedMarch 31,2009)，Sixth Supplemental SeniorIndenture dated as of September 16,2011 (Exhibit4.1 to Morgan Stanley's quarterly report on Form10-Q for the quarter ended September 30,2011),Seventh Supplemental Senior Indenture dated as ofNovember 21,2011(Exhibit4.4to MorganStanley's annual report on Form 10-K for the yearended December 31,2011),Eighth SupplementalSeniorIndenture dated asof May 4,2012(Exhibit 4.1 to Morgan Stanley's quarterly report onForm 10-Q for the quarter ended June 30, 2012),Ninth Supplemental Senior Indenture dated as ofMarch 10, 2014 (Exhibit 4.1 to Morgan Stanley'squarterly report on Form 1O-Q for the quarter endedMarch 31, 2014) and Tenth Supplemental SeniorIndenture dated as of January 11, 2017 (Exhibit 4.1to Morgan Stanley's current report on Form 8-Kdated January 11,2017).4.4 The Unit Agreement Without Holders’ Obligations,dated as of August 29， 2008， between MorganStanley and The Bank of New York Mellon, as UnitAgent, as Trustee and Paying Agent under theSenior Indenture referred to therein and as WarrantAgent under the Warrant Agreement referred totherein (Exhibit 4.1 to Morgan Stanley's current report on Form 8-K dated August 29, 2008).4.5 Subordinated Indenture dated as of October 1, 2004between Morgan Stanley and The Bank ofNew York, as trustee (Exhibit 4-g to MorganStanley's Registration Statement on Form S-3/A(No. 333-117752)).4.6 JuniorSubordinated Indenture dated asofOctober 12, 2006 between Morgan Stanley and TheBank of New York,as trustee (Exhibit 4.1 toMorgan Stanley's current report on Form 8-K datedOctober 12, 2006).4.7 Deposit Agreement dated as of July 6. 2006 amongMorgan Stanley, JPMorgan Chase Bank, N.A. andthe holders from time to time of the depositaryreceipts described therein (Exhibit 4.3 to MorganStanley's quarterly report on Form 10-Q for thequarter ended May 31, 2006).","October 12, 2006).","October 12, 2006).","October 12, 2006).",,,4.18,4.18,4.18,4.18,Cumulative Preferred Stock， Series I (included in,,,,,,,
"SupplementalSeniorIndenture datedasofDecember 1, 2008 (Exhibit 4.1 to Morgan Stanley'scurrent report on Form 8-K dated December1,2008), Fifth Supplemental Senior Indenture dated asof April 1, 2009 (Exhibit 4 to Morgan Stanley'squarterly report on Form 10-Q for the quarter endedMarch 31,2009)，Sixth Supplemental SeniorIndenture dated as of September 16,2011 (Exhibit4.1 to Morgan Stanley's quarterly report on Form10-Q for the quarter ended September 30,2011),Seventh Supplemental Senior Indenture dated as ofNovember 21,2011(Exhibit4.4to MorganStanley's annual report on Form 10-K for the yearended December 31,2011),Eighth SupplementalSeniorIndenture dated asof May 4,2012(Exhibit 4.1 to Morgan Stanley's quarterly report onForm 10-Q for the quarter ended June 30, 2012),Ninth Supplemental Senior Indenture dated as ofMarch 10, 2014 (Exhibit 4.1 to Morgan Stanley'squarterly report on Form 1O-Q for the quarter endedMarch 31, 2014) and Tenth Supplemental SeniorIndenture dated as of January 11, 2017 (Exhibit 4.1to Morgan Stanley's current report on Form 8-Kdated January 11,2017).4.4 The Unit Agreement Without Holders’ Obligations,dated as of August 29， 2008， between MorganStanley and The Bank of New York Mellon, as UnitAgent, as Trustee and Paying Agent under theSenior Indenture referred to therein and as WarrantAgent under the Warrant Agreement referred totherein (Exhibit 4.1 to Morgan Stanley's current report on Form 8-K dated August 29, 2008).4.5 Subordinated Indenture dated as of October 1, 2004between Morgan Stanley and The Bank ofNew York, as trustee (Exhibit 4-g to MorganStanley's Registration Statement on Form S-3/A(No. 333-117752)).4.6 JuniorSubordinated Indenture dated asofOctober 12, 2006 between Morgan Stanley and TheBank of New York,as trustee (Exhibit 4.1 toMorgan Stanley's current report on Form 8-K datedOctober 12, 2006).4.7 Deposit Agreement dated as of July 6. 2006 amongMorgan Stanley, JPMorgan Chase Bank, N.A. andthe holders from time to time of the depositaryreceipts described therein (Exhibit 4.3 to MorganStanley's quarterly report on Form 10-Q for thequarter ended May 31, 2006).","SupplementalSeniorIndenture datedasofDecember 1, 2008 (Exhibit 4.1 to Morgan Stanley'scurrent report on Form 8-K dated December1,2008), Fifth Supplemental Senior Indenture dated asof April 1, 2009 (Exhibit 4 to Morgan Stanley'squarterly report on Form 10-Q for the quarter endedMarch 31,2009)，Sixth Supplemental SeniorIndenture dated as of September 16,2011 (Exhibit4.1 to Morgan Stanley's quarterly report on Form10-Q for the quarter ended September 30,2011),Seventh Supplemental Senior Indenture dated as ofNovember 21,2011(Exhibit4.4to MorganStanley's annual report on Form 10-K for the yearended December 31,2011),Eighth SupplementalSeniorIndenture dated asof May 4,2012(Exhibit 4.1 to Morgan Stanley's quarterly report onForm 10-Q for the quarter ended June 30, 2012),Ninth Supplemental Senior Indenture dated as ofMarch 10, 2014 (Exhibit 4.1 to Morgan Stanley'squarterly report on Form 1O-Q for the quarter endedMarch 31, 2014) and Tenth Supplemental SeniorIndenture dated as of January 11, 2017 (Exhibit 4.1to Morgan Stanley's current report on Form 8-Kdated January 11,2017).4.4 The Unit Agreement Without Holders’ Obligations,dated as of August 29， 2008， between MorganStanley and The Bank of New York Mellon, as UnitAgent, as Trustee and Paying Agent under theSenior Indenture referred to therein and as WarrantAgent under the Warrant Agreement referred totherein (Exhibit 4.1 to Morgan Stanley's current report on Form 8-K dated August 29, 2008).4.5 Subordinated Indenture dated as of October 1, 2004between Morgan Stanley and The Bank ofNew York, as trustee (Exhibit 4-g to MorganStanley's Registration Statement on Form S-3/A(No. 333-117752)).4.6 JuniorSubordinated Indenture dated asofOctober 12, 2006 between Morgan Stanley and TheBank of New York,as trustee (Exhibit 4.1 toMorgan Stanley's current report on Form 8-K datedOctober 12, 2006).4.7 Deposit Agreement dated as of July 6. 2006 amongMorgan Stanley, JPMorgan Chase Bank, N.A. andthe holders from time to time of the depositaryreceipts described therein (Exhibit 4.3 to MorganStanley's quarterly report on Form 10-Q for thequarter ended May 31, 2006).","SupplementalSeniorIndenture datedasofDecember 1, 2008 (Exhibit 4.1 to Morgan Stanley'scurrent report on Form 8-K dated December1,2008), Fifth Supplemental Senior Indenture dated asof April 1, 2009 (Exhibit 4 to Morgan Stanley'squarterly report on Form 10-Q for the quarter endedMarch 31,2009)，Sixth Supplemental SeniorIndenture dated as of September 16,2011 (Exhibit4.1 to Morgan Stanley's quarterly report on Form10-Q for the quarter ended September 30,2011),Seventh Supplemental Senior Indenture dated as ofNovember 21,2011(Exhibit4.4to MorganStanley's annual report on Form 10-K for the yearended December 31,2011),Eighth SupplementalSeniorIndenture dated asof May 4,2012(Exhibit 4.1 to Morgan Stanley's quarterly report onForm 10-Q for the quarter ended June 30, 2012),Ninth Supplemental Senior Indenture dated as ofMarch 10, 2014 (Exhibit 4.1 to Morgan Stanley'squarterly report on Form 1O-Q for the quarter endedMarch 31, 2014) and Tenth Supplemental SeniorIndenture dated as of January 11, 2017 (Exhibit 4.1to Morgan Stanley's current report on Form 8-Kdated January 11,2017).4.4 The Unit Agreement Without Holders’ Obligations,dated as of August 29， 2008， between MorganStanley and The Bank of New York Mellon, as UnitAgent, as Trustee and Paying Agent under theSenior Indenture referred to therein and as WarrantAgent under the Warrant Agreement referred totherein (Exhibit 4.1 to Morgan Stanley's current report on Form 8-K dated August 29, 2008).4.5 Subordinated Indenture dated as of October 1, 2004between Morgan Stanley and The Bank ofNew York, as trustee (Exhibit 4-g to MorganStanley's Registration Statement on Form S-3/A(No. 333-117752)).4.6 JuniorSubordinated Indenture dated asofOctober 12, 2006 between Morgan Stanley and TheBank of New York,as trustee (Exhibit 4.1 toMorgan Stanley's current report on Form 8-K datedOctober 12, 2006).4.7 Deposit Agreement dated as of July 6. 2006 amongMorgan Stanley, JPMorgan Chase Bank, N.A. andthe holders from time to time of the depositaryreceipts described therein (Exhibit 4.3 to MorganStanley's quarterly report on Form 10-Q for thequarter ended May 31, 2006).","SupplementalSeniorIndenture datedasofDecember 1, 2008 (Exhibit 4.1 to Morgan Stanley'scurrent report on Form 8-K dated December1,2008), Fifth Supplemental Senior Indenture dated asof April 1, 2009 (Exhibit 4 to Morgan Stanley'squarterly report on Form 10-Q for the quarter endedMarch 31,2009)，Sixth Supplemental SeniorIndenture dated as of September 16,2011 (Exhibit4.1 to Morgan Stanley's quarterly report on Form10-Q for the quarter ended September 30,2011),Seventh Supplemental Senior Indenture dated as ofNovember 21,2011(Exhibit4.4to MorganStanley's annual report on Form 10-K for the yearended December 31,2011),Eighth SupplementalSeniorIndenture dated asof May 4,2012(Exhibit 4.1 to Morgan Stanley's quarterly report onForm 10-Q for the quarter ended June 30, 2012),Ninth Supplemental Senior Indenture dated as ofMarch 10, 2014 (Exhibit 4.1 to Morgan Stanley'squarterly report on Form 1O-Q for the quarter endedMarch 31, 2014) and Tenth Supplemental SeniorIndenture dated as of January 11, 2017 (Exhibit 4.1to Morgan Stanley's current report on Form 8-Kdated January 11,2017).4.4 The Unit Agreement Without Holders’ Obligations,dated as of August 29， 2008， between MorganStanley and The Bank of New York Mellon, as UnitAgent, as Trustee and Paying Agent under theSenior Indenture referred to therein and as WarrantAgent under the Warrant Agreement referred totherein (Exhibit 4.1 to Morgan Stanley's current report on Form 8-K dated August 29, 2008).4.5 Subordinated Indenture dated as of October 1, 2004between Morgan Stanley and The Bank ofNew York, as trustee (Exhibit 4-g to MorganStanley's Registration Statement on Form S-3/A(No. 333-117752)).4.6 JuniorSubordinated Indenture dated asofOctober 12, 2006 between Morgan Stanley and TheBank of New York,as trustee (Exhibit 4.1 toMorgan Stanley's current report on Form 8-K datedOctober 12, 2006).4.7 Deposit Agreement dated as of July 6. 2006 amongMorgan Stanley, JPMorgan Chase Bank, N.A. andthe holders from time to time of the depositaryreceipts described therein (Exhibit 4.3 to MorganStanley's quarterly report on Form 10-Q for thequarter ended May 31, 2006).",Deposit Agreement dated as of July 6. 2006 among,Deposit Agreement dated as of July 6. 2006 among,Deposit Agreement dated as of July 6. 2006 among,,,4.18,4.18,4.18,4.18,Exhibit 4.16 hereto).Form of Deposit Agreement among Morgan,,,,,,,
"SupplementalSeniorIndenture datedasofDecember 1, 2008 (Exhibit 4.1 to Morgan Stanley'scurrent report on Form 8-K dated December1,2008), Fifth Supplemental Senior Indenture dated asof April 1, 2009 (Exhibit 4 to Morgan Stanley'squarterly report on Form 10-Q for the quarter endedMarch 31,2009)，Sixth Supplemental SeniorIndenture dated as of September 16,2011 (Exhibit4.1 to Morgan Stanley's quarterly report on Form10-Q for the quarter ended September 30,2011),Seventh Supplemental Senior Indenture dated as ofNovember 21,2011(Exhibit4.4to MorganStanley's annual report on Form 10-K for the yearended December 31,2011),Eighth SupplementalSeniorIndenture dated asof May 4,2012(Exhibit 4.1 to Morgan Stanley's quarterly report onForm 10-Q for the quarter ended June 30, 2012),Ninth Supplemental Senior Indenture dated as ofMarch 10, 2014 (Exhibit 4.1 to Morgan Stanley'squarterly report on Form 1O-Q for the quarter endedMarch 31, 2014) and Tenth Supplemental SeniorIndenture dated as of January 11, 2017 (Exhibit 4.1to Morgan Stanley's current report on Form 8-Kdated January 11,2017).4.4 The Unit Agreement Without Holders’ Obligations,dated as of August 29， 2008， between MorganStanley and The Bank of New York Mellon, as UnitAgent, as Trustee and Paying Agent under theSenior Indenture referred to therein and as WarrantAgent under the Warrant Agreement referred totherein (Exhibit 4.1 to Morgan Stanley's current report on Form 8-K dated August 29, 2008).4.5 Subordinated Indenture dated as of October 1, 2004between Morgan Stanley and The Bank ofNew York, as trustee (Exhibit 4-g to MorganStanley's Registration Statement on Form S-3/A(No. 333-117752)).4.6 JuniorSubordinated Indenture dated asofOctober 12, 2006 between Morgan Stanley and TheBank of New York,as trustee (Exhibit 4.1 toMorgan Stanley's current report on Form 8-K datedOctober 12, 2006).4.7 Deposit Agreement dated as of July 6. 2006 amongMorgan Stanley, JPMorgan Chase Bank, N.A. andthe holders from time to time of the depositaryreceipts described therein (Exhibit 4.3 to MorganStanley's quarterly report on Form 10-Q for thequarter ended May 31, 2006).","SupplementalSeniorIndenture datedasofDecember 1, 2008 (Exhibit 4.1 to Morgan Stanley'scurrent report on Form 8-K dated December1,2008), Fifth Supplemental Senior Indenture dated asof April 1, 2009 (Exhibit 4 to Morgan Stanley'squarterly report on Form 10-Q for the quarter endedMarch 31,2009)，Sixth Supplemental SeniorIndenture dated as of September 16,2011 (Exhibit4.1 to Morgan Stanley's quarterly report on Form10-Q for the quarter ended September 30,2011),Seventh Supplemental Senior Indenture dated as ofNovember 21,2011(Exhibit4.4to MorganStanley's annual report on Form 10-K for the yearended December 31,2011),Eighth SupplementalSeniorIndenture dated asof May 4,2012(Exhibit 4.1 to Morgan Stanley's quarterly report onForm 10-Q for the quarter ended June 30, 2012),Ninth Supplemental Senior Indenture dated as ofMarch 10, 2014 (Exhibit 4.1 to Morgan Stanley'squarterly report on Form 1O-Q for the quarter endedMarch 31, 2014) and Tenth Supplemental SeniorIndenture dated as of January 11, 2017 (Exhibit 4.1to Morgan Stanley's current report on Form 8-Kdated January 11,2017).4.4 The Unit Agreement Without Holders’ Obligations,dated as of August 29， 2008， between MorganStanley and The Bank of New York Mellon, as UnitAgent, as Trustee and Paying Agent under theSenior Indenture referred to therein and as WarrantAgent under the Warrant Agreement referred totherein (Exhibit 4.1 to Morgan Stanley's current report on Form 8-K dated August 29, 2008).4.5 Subordinated Indenture dated as of October 1, 2004between Morgan Stanley and The Bank ofNew York, as trustee (Exhibit 4-g to MorganStanley's Registration Statement on Form S-3/A(No. 333-117752)).4.6 JuniorSubordinated Indenture dated asofOctober 12, 2006 between Morgan Stanley and TheBank of New York,as trustee (Exhibit 4.1 toMorgan Stanley's current report on Form 8-K datedOctober 12, 2006).4.7 Deposit Agreement dated as of July 6. 2006 amongMorgan Stanley, JPMorgan Chase Bank, N.A. andthe holders from time to time of the depositaryreceipts described therein (Exhibit 4.3 to MorganStanley's quarterly report on Form 10-Q for thequarter ended May 31, 2006).","SupplementalSeniorIndenture datedasofDecember 1, 2008 (Exhibit 4.1 to Morgan Stanley'scurrent report on Form 8-K dated December1,2008), Fifth Supplemental Senior Indenture dated asof April 1, 2009 (Exhibit 4 to Morgan Stanley'squarterly report on Form 10-Q for the quarter endedMarch 31,2009)，Sixth Supplemental SeniorIndenture dated as of September 16,2011 (Exhibit4.1 to Morgan Stanley's quarterly report on Form10-Q for the quarter ended September 30,2011),Seventh Supplemental Senior Indenture dated as ofNovember 21,2011(Exhibit4.4to MorganStanley's annual report on Form 10-K for the yearended December 31,2011),Eighth SupplementalSeniorIndenture dated asof May 4,2012(Exhibit 4.1 to Morgan Stanley's quarterly report onForm 10-Q for the quarter ended June 30, 2012),Ninth Supplemental Senior Indenture dated as ofMarch 10, 2014 (Exhibit 4.1 to Morgan Stanley'squarterly report on Form 1O-Q for the quarter endedMarch 31, 2014) and Tenth Supplemental SeniorIndenture dated as of January 11, 2017 (Exhibit 4.1to Morgan Stanley's current report on Form 8-Kdated January 11,2017).4.4 The Unit Agreement Without Holders’ Obligations,dated as of August 29， 2008， between MorganStanley and The Bank of New York Mellon, as UnitAgent, as Trustee and Paying Agent under theSenior Indenture referred to therein and as WarrantAgent under the Warrant Agreement referred totherein (Exhibit 4.1 to Morgan Stanley's current report on Form 8-K dated August 29, 2008).4.5 Subordinated Indenture dated as of October 1, 2004between Morgan Stanley and The Bank ofNew York, as trustee (Exhibit 4-g to MorganStanley's Registration Statement on Form S-3/A(No. 333-117752)).4.6 JuniorSubordinated Indenture dated asofOctober 12, 2006 between Morgan Stanley and TheBank of New York,as trustee (Exhibit 4.1 toMorgan Stanley's current report on Form 8-K datedOctober 12, 2006).4.7 Deposit Agreement dated as of July 6. 2006 amongMorgan Stanley, JPMorgan Chase Bank, N.A. andthe holders from time to time of the depositaryreceipts described therein (Exhibit 4.3 to MorganStanley's quarterly report on Form 10-Q for thequarter ended May 31, 2006).","SupplementalSeniorIndenture datedasofDecember 1, 2008 (Exhibit 4.1 to Morgan Stanley'scurrent report on Form 8-K dated December1,2008), Fifth Supplemental Senior Indenture dated asof April 1, 2009 (Exhibit 4 to Morgan Stanley'squarterly report on Form 10-Q for the quarter endedMarch 31,2009)，Sixth Supplemental SeniorIndenture dated as of September 16,2011 (Exhibit4.1 to Morgan Stanley's quarterly report on Form10-Q for the quarter ended September 30,2011),Seventh Supplemental Senior Indenture dated as ofNovember 21,2011(Exhibit4.4to MorganStanley's annual report on Form 10-K for the yearended December 31,2011),Eighth SupplementalSeniorIndenture dated asof May 4,2012(Exhibit 4.1 to Morgan Stanley's quarterly report onForm 10-Q for the quarter ended June 30, 2012),Ninth Supplemental Senior Indenture dated as ofMarch 10, 2014 (Exhibit 4.1 to Morgan Stanley'squarterly report on Form 1O-Q for the quarter endedMarch 31, 2014) and Tenth Supplemental SeniorIndenture dated as of January 11, 2017 (Exhibit 4.1to Morgan Stanley's current report on Form 8-Kdated January 11,2017).4.4 The Unit Agreement Without Holders’ Obligations,dated as of August 29， 2008， between MorganStanley and The Bank of New York Mellon, as UnitAgent, as Trustee and Paying Agent under theSenior Indenture referred to therein and as WarrantAgent under the Warrant Agreement referred totherein (Exhibit 4.1 to Morgan Stanley's current report on Form 8-K dated August 29, 2008).4.5 Subordinated Indenture dated as of October 1, 2004between Morgan Stanley and The Bank ofNew York, as trustee (Exhibit 4-g to MorganStanley's Registration Statement on Form S-3/A(No. 333-117752)).4.6 JuniorSubordinated Indenture dated asofOctober 12, 2006 between Morgan Stanley and TheBank of New York,as trustee (Exhibit 4.1 toMorgan Stanley's current report on Form 8-K datedOctober 12, 2006).4.7 Deposit Agreement dated as of July 6. 2006 amongMorgan Stanley, JPMorgan Chase Bank, N.A. andthe holders from time to time of the depositaryreceipts described therein (Exhibit 4.3 to MorganStanley's quarterly report on Form 10-Q for thequarter ended May 31, 2006).","Morgan Stanley, JPMorgan Chase Bank, N.A. and","Morgan Stanley, JPMorgan Chase Bank, N.A. and","Morgan Stanley, JPMorgan Chase Bank, N.A. and",,,4.18,4.18,4.18,4.18,Exhibit 4.16 hereto).Form of Deposit Agreement among Morgan,,,,,,,
"SupplementalSeniorIndenture datedasofDecember 1, 2008 (Exhibit 4.1 to Morgan Stanley'scurrent report on Form 8-K dated December1,2008), Fifth Supplemental Senior Indenture dated asof April 1, 2009 (Exhibit 4 to Morgan Stanley'squarterly report on Form 10-Q for the quarter endedMarch 31,2009)，Sixth Supplemental SeniorIndenture dated as of September 16,2011 (Exhibit4.1 to Morgan Stanley's quarterly report on Form10-Q for the quarter ended September 30,2011),Seventh Supplemental Senior Indenture dated as ofNovember 21,2011(Exhibit4.4to MorganStanley's annual report on Form 10-K for the yearended December 31,2011),Eighth SupplementalSeniorIndenture dated asof May 4,2012(Exhibit 4.1 to Morgan Stanley's quarterly report onForm 10-Q for the quarter ended June 30, 2012),Ninth Supplemental Senior Indenture dated as ofMarch 10, 2014 (Exhibit 4.1 to Morgan Stanley'squarterly report on Form 1O-Q for the quarter endedMarch 31, 2014) and Tenth Supplemental SeniorIndenture dated as of January 11, 2017 (Exhibit 4.1to Morgan Stanley's current report on Form 8-Kdated January 11,2017).4.4 The Unit Agreement Without Holders’ Obligations,dated as of August 29， 2008， between MorganStanley and The Bank of New York Mellon, as UnitAgent, as Trustee and Paying Agent under theSenior Indenture referred to therein and as WarrantAgent under the Warrant Agreement referred totherein (Exhibit 4.1 to Morgan Stanley's current report on Form 8-K dated August 29, 2008).4.5 Subordinated Indenture dated as of October 1, 2004between Morgan Stanley and The Bank ofNew York, as trustee (Exhibit 4-g to MorganStanley's Registration Statement on Form S-3/A(No. 333-117752)).4.6 JuniorSubordinated Indenture dated asofOctober 12, 2006 between Morgan Stanley and TheBank of New York,as trustee (Exhibit 4.1 toMorgan Stanley's current report on Form 8-K datedOctober 12, 2006).4.7 Deposit Agreement dated as of July 6. 2006 amongMorgan Stanley, JPMorgan Chase Bank, N.A. andthe holders from time to time of the depositaryreceipts described therein (Exhibit 4.3 to MorganStanley's quarterly report on Form 10-Q for thequarter ended May 31, 2006).","SupplementalSeniorIndenture datedasofDecember 1, 2008 (Exhibit 4.1 to Morgan Stanley'scurrent report on Form 8-K dated December1,2008), Fifth Supplemental Senior Indenture dated asof April 1, 2009 (Exhibit 4 to Morgan Stanley'squarterly report on Form 10-Q for the quarter endedMarch 31,2009)，Sixth Supplemental SeniorIndenture dated as of September 16,2011 (Exhibit4.1 to Morgan Stanley's quarterly report on Form10-Q for the quarter ended September 30,2011),Seventh Supplemental Senior Indenture dated as ofNovember 21,2011(Exhibit4.4to MorganStanley's annual report on Form 10-K for the yearended December 31,2011),Eighth SupplementalSeniorIndenture dated asof May 4,2012(Exhibit 4.1 to Morgan Stanley's quarterly report onForm 10-Q for the quarter ended June 30, 2012),Ninth Supplemental Senior Indenture dated as ofMarch 10, 2014 (Exhibit 4.1 to Morgan Stanley'squarterly report on Form 1O-Q for the quarter endedMarch 31, 2014) and Tenth Supplemental SeniorIndenture dated as of January 11, 2017 (Exhibit 4.1to Morgan Stanley's current report on Form 8-Kdated January 11,2017).4.4 The Unit Agreement Without Holders’ Obligations,dated as of August 29， 2008， between MorganStanley and The Bank of New York Mellon, as UnitAgent, as Trustee and Paying Agent under theSenior Indenture referred to therein and as WarrantAgent under the Warrant Agreement referred totherein (Exhibit 4.1 to Morgan Stanley's current report on Form 8-K dated August 29, 2008).4.5 Subordinated Indenture dated as of October 1, 2004between Morgan Stanley and The Bank ofNew York, as trustee (Exhibit 4-g to MorganStanley's Registration Statement on Form S-3/A(No. 333-117752)).4.6 JuniorSubordinated Indenture dated asofOctober 12, 2006 between Morgan Stanley and TheBank of New York,as trustee (Exhibit 4.1 toMorgan Stanley's current report on Form 8-K datedOctober 12, 2006).4.7 Deposit Agreement dated as of July 6. 2006 amongMorgan Stanley, JPMorgan Chase Bank, N.A. andthe holders from time to time of the depositaryreceipts described therein (Exhibit 4.3 to MorganStanley's quarterly report on Form 10-Q for thequarter ended May 31, 2006).","SupplementalSeniorIndenture datedasofDecember 1, 2008 (Exhibit 4.1 to Morgan Stanley'scurrent report on Form 8-K dated December1,2008), Fifth Supplemental Senior Indenture dated asof April 1, 2009 (Exhibit 4 to Morgan Stanley'squarterly report on Form 10-Q for the quarter endedMarch 31,2009)，Sixth Supplemental SeniorIndenture dated as of September 16,2011 (Exhibit4.1 to Morgan Stanley's quarterly report on Form10-Q for the quarter ended September 30,2011),Seventh Supplemental Senior Indenture dated as ofNovember 21,2011(Exhibit4.4to MorganStanley's annual report on Form 10-K for the yearended December 31,2011),Eighth SupplementalSeniorIndenture dated asof May 4,2012(Exhibit 4.1 to Morgan Stanley's quarterly report onForm 10-Q for the quarter ended June 30, 2012),Ninth Supplemental Senior Indenture dated as ofMarch 10, 2014 (Exhibit 4.1 to Morgan Stanley'squarterly report on Form 1O-Q for the quarter endedMarch 31, 2014) and Tenth Supplemental SeniorIndenture dated as of January 11, 2017 (Exhibit 4.1to Morgan Stanley's current report on Form 8-Kdated January 11,2017).4.4 The Unit Agreement Without Holders’ Obligations,dated as of August 29， 2008， between MorganStanley and The Bank of New York Mellon, as UnitAgent, as Trustee and Paying Agent under theSenior Indenture referred to therein and as WarrantAgent under the Warrant Agreement referred totherein (Exhibit 4.1 to Morgan Stanley's current report on Form 8-K dated August 29, 2008).4.5 Subordinated Indenture dated as of October 1, 2004between Morgan Stanley and The Bank ofNew York, as trustee (Exhibit 4-g to MorganStanley's Registration Statement on Form S-3/A(No. 333-117752)).4.6 JuniorSubordinated Indenture dated asofOctober 12, 2006 between Morgan Stanley and TheBank of New York,as trustee (Exhibit 4.1 toMorgan Stanley's current report on Form 8-K datedOctober 12, 2006).4.7 Deposit Agreement dated as of July 6. 2006 amongMorgan Stanley, JPMorgan Chase Bank, N.A. andthe holders from time to time of the depositaryreceipts described therein (Exhibit 4.3 to MorganStanley's quarterly report on Form 10-Q for thequarter ended May 31, 2006).","SupplementalSeniorIndenture datedasofDecember 1, 2008 (Exhibit 4.1 to Morgan Stanley'scurrent report on Form 8-K dated December1,2008), Fifth Supplemental Senior Indenture dated asof April 1, 2009 (Exhibit 4 to Morgan Stanley'squarterly report on Form 10-Q for the quarter endedMarch 31,2009)，Sixth Supplemental SeniorIndenture dated as of September 16,2011 (Exhibit4.1 to Morgan Stanley's quarterly report on Form10-Q for the quarter ended September 30,2011),Seventh Supplemental Senior Indenture dated as ofNovember 21,2011(Exhibit4.4to MorganStanley's annual report on Form 10-K for the yearended December 31,2011),Eighth SupplementalSeniorIndenture dated asof May 4,2012(Exhibit 4.1 to Morgan Stanley's quarterly report onForm 10-Q for the quarter ended June 30, 2012),Ninth Supplemental Senior Indenture dated as ofMarch 10, 2014 (Exhibit 4.1 to Morgan Stanley'squarterly report on Form 1O-Q for the quarter endedMarch 31, 2014) and Tenth Supplemental SeniorIndenture dated as of January 11, 2017 (Exhibit 4.1to Morgan Stanley's current report on Form 8-Kdated January 11,2017).4.4 The Unit Agreement Without Holders’ Obligations,dated as of August 29， 2008， between MorganStanley and The Bank of New York Mellon, as UnitAgent, as Trustee and Paying Agent under theSenior Indenture referred to therein and as WarrantAgent under the Warrant Agreement referred totherein (Exhibit 4.1 to Morgan Stanley's current report on Form 8-K dated August 29, 2008).4.5 Subordinated Indenture dated as of October 1, 2004between Morgan Stanley and The Bank ofNew York, as trustee (Exhibit 4-g to MorganStanley's Registration Statement on Form S-3/A(No. 333-117752)).4.6 JuniorSubordinated Indenture dated asofOctober 12, 2006 between Morgan Stanley and TheBank of New York,as trustee (Exhibit 4.1 toMorgan Stanley's current report on Form 8-K datedOctober 12, 2006).4.7 Deposit Agreement dated as of July 6. 2006 amongMorgan Stanley, JPMorgan Chase Bank, N.A. andthe holders from time to time of the depositaryreceipts described therein (Exhibit 4.3 to MorganStanley's quarterly report on Form 10-Q for thequarter ended May 31, 2006).",the holders from time to time of the depositary,the holders from time to time of the depositary,the holders from time to time of the depositary,,,,,,,,"Stanley, The Bank of New York Mellon and the",,,,,,
"SupplementalSeniorIndenture datedasofDecember 1, 2008 (Exhibit 4.1 to Morgan Stanley'scurrent report on Form 8-K dated December1,2008), Fifth Supplemental Senior Indenture dated asof April 1, 2009 (Exhibit 4 to Morgan Stanley'squarterly report on Form 10-Q for the quarter endedMarch 31,2009)，Sixth Supplemental SeniorIndenture dated as of September 16,2011 (Exhibit4.1 to Morgan Stanley's quarterly report on Form10-Q for the quarter ended September 30,2011),Seventh Supplemental Senior Indenture dated as ofNovember 21,2011(Exhibit4.4to MorganStanley's annual report on Form 10-K for the yearended December 31,2011),Eighth SupplementalSeniorIndenture dated asof May 4,2012(Exhibit 4.1 to Morgan Stanley's quarterly report onForm 10-Q for the quarter ended June 30, 2012),Ninth Supplemental Senior Indenture dated as ofMarch 10, 2014 (Exhibit 4.1 to Morgan Stanley'squarterly report on Form 1O-Q for the quarter endedMarch 31, 2014) and Tenth Supplemental SeniorIndenture dated as of January 11, 2017 (Exhibit 4.1to Morgan Stanley's current report on Form 8-Kdated January 11,2017).4.4 The Unit Agreement Without Holders’ Obligations,dated as of August 29， 2008， between MorganStanley and The Bank of New York Mellon, as UnitAgent, as Trustee and Paying Agent under theSenior Indenture referred to therein and as WarrantAgent under the Warrant Agreement referred totherein (Exhibit 4.1 to Morgan Stanley's current report on Form 8-K dated August 29, 2008).4.5 Subordinated Indenture dated as of October 1, 2004between Morgan Stanley and The Bank ofNew York, as trustee (Exhibit 4-g to MorganStanley's Registration Statement on Form S-3/A(No. 333-117752)).4.6 JuniorSubordinated Indenture dated asofOctober 12, 2006 between Morgan Stanley and TheBank of New York,as trustee (Exhibit 4.1 toMorgan Stanley's current report on Form 8-K datedOctober 12, 2006).4.7 Deposit Agreement dated as of July 6. 2006 amongMorgan Stanley, JPMorgan Chase Bank, N.A. andthe holders from time to time of the depositaryreceipts described therein (Exhibit 4.3 to MorganStanley's quarterly report on Form 10-Q for thequarter ended May 31, 2006).","SupplementalSeniorIndenture datedasofDecember 1, 2008 (Exhibit 4.1 to Morgan Stanley'scurrent report on Form 8-K dated December1,2008), Fifth Supplemental Senior Indenture dated asof April 1, 2009 (Exhibit 4 to Morgan Stanley'squarterly report on Form 10-Q for the quarter endedMarch 31,2009)，Sixth Supplemental SeniorIndenture dated as of September 16,2011 (Exhibit4.1 to Morgan Stanley's quarterly report on Form10-Q for the quarter ended September 30,2011),Seventh Supplemental Senior Indenture dated as ofNovember 21,2011(Exhibit4.4to MorganStanley's annual report on Form 10-K for the yearended December 31,2011),Eighth SupplementalSeniorIndenture dated asof May 4,2012(Exhibit 4.1 to Morgan Stanley's quarterly report onForm 10-Q for the quarter ended June 30, 2012),Ninth Supplemental Senior Indenture dated as ofMarch 10, 2014 (Exhibit 4.1 to Morgan Stanley'squarterly report on Form 1O-Q for the quarter endedMarch 31, 2014) and Tenth Supplemental SeniorIndenture dated as of January 11, 2017 (Exhibit 4.1to Morgan Stanley's current report on Form 8-Kdated January 11,2017).4.4 The Unit Agreement Without Holders’ Obligations,dated as of August 29， 2008， between MorganStanley and The Bank of New York Mellon, as UnitAgent, as Trustee and Paying Agent under theSenior Indenture referred to therein and as WarrantAgent under the Warrant Agreement referred totherein (Exhibit 4.1 to Morgan Stanley's current report on Form 8-K dated August 29, 2008).4.5 Subordinated Indenture dated as of October 1, 2004between Morgan Stanley and The Bank ofNew York, as trustee (Exhibit 4-g to MorganStanley's Registration Statement on Form S-3/A(No. 333-117752)).4.6 JuniorSubordinated Indenture dated asofOctober 12, 2006 between Morgan Stanley and TheBank of New York,as trustee (Exhibit 4.1 toMorgan Stanley's current report on Form 8-K datedOctober 12, 2006).4.7 Deposit Agreement dated as of July 6. 2006 amongMorgan Stanley, JPMorgan Chase Bank, N.A. andthe holders from time to time of the depositaryreceipts described therein (Exhibit 4.3 to MorganStanley's quarterly report on Form 10-Q for thequarter ended May 31, 2006).","SupplementalSeniorIndenture datedasofDecember 1, 2008 (Exhibit 4.1 to Morgan Stanley'scurrent report on Form 8-K dated December1,2008), Fifth Supplemental Senior Indenture dated asof April 1, 2009 (Exhibit 4 to Morgan Stanley'squarterly report on Form 10-Q for the quarter endedMarch 31,2009)，Sixth Supplemental SeniorIndenture dated as of September 16,2011 (Exhibit4.1 to Morgan Stanley's quarterly report on Form10-Q for the quarter ended September 30,2011),Seventh Supplemental Senior Indenture dated as ofNovember 21,2011(Exhibit4.4to MorganStanley's annual report on Form 10-K for the yearended December 31,2011),Eighth SupplementalSeniorIndenture dated asof May 4,2012(Exhibit 4.1 to Morgan Stanley's quarterly report onForm 10-Q for the quarter ended June 30, 2012),Ninth Supplemental Senior Indenture dated as ofMarch 10, 2014 (Exhibit 4.1 to Morgan Stanley'squarterly report on Form 1O-Q for the quarter endedMarch 31, 2014) and Tenth Supplemental SeniorIndenture dated as of January 11, 2017 (Exhibit 4.1to Morgan Stanley's current report on Form 8-Kdated January 11,2017).4.4 The Unit Agreement Without Holders’ Obligations,dated as of August 29， 2008， between MorganStanley and The Bank of New York Mellon, as UnitAgent, as Trustee and Paying Agent under theSenior Indenture referred to therein and as WarrantAgent under the Warrant Agreement referred totherein (Exhibit 4.1 to Morgan Stanley's current report on Form 8-K dated August 29, 2008).4.5 Subordinated Indenture dated as of October 1, 2004between Morgan Stanley and The Bank ofNew York, as trustee (Exhibit 4-g to MorganStanley's Registration Statement on Form S-3/A(No. 333-117752)).4.6 JuniorSubordinated Indenture dated asofOctober 12, 2006 between Morgan Stanley and TheBank of New York,as trustee (Exhibit 4.1 toMorgan Stanley's current report on Form 8-K datedOctober 12, 2006).4.7 Deposit Agreement dated as of July 6. 2006 amongMorgan Stanley, JPMorgan Chase Bank, N.A. andthe holders from time to time of the depositaryreceipts described therein (Exhibit 4.3 to MorganStanley's quarterly report on Form 10-Q for thequarter ended May 31, 2006).","SupplementalSeniorIndenture datedasofDecember 1, 2008 (Exhibit 4.1 to Morgan Stanley'scurrent report on Form 8-K dated December1,2008), Fifth Supplemental Senior Indenture dated asof April 1, 2009 (Exhibit 4 to Morgan Stanley'squarterly report on Form 10-Q for the quarter endedMarch 31,2009)，Sixth Supplemental SeniorIndenture dated as of September 16,2011 (Exhibit4.1 to Morgan Stanley's quarterly report on Form10-Q for the quarter ended September 30,2011),Seventh Supplemental Senior Indenture dated as ofNovember 21,2011(Exhibit4.4to MorganStanley's annual report on Form 10-K for the yearended December 31,2011),Eighth SupplementalSeniorIndenture dated asof May 4,2012(Exhibit 4.1 to Morgan Stanley's quarterly report onForm 10-Q for the quarter ended June 30, 2012),Ninth Supplemental Senior Indenture dated as ofMarch 10, 2014 (Exhibit 4.1 to Morgan Stanley'squarterly report on Form 1O-Q for the quarter endedMarch 31, 2014) and Tenth Supplemental SeniorIndenture dated as of January 11, 2017 (Exhibit 4.1to Morgan Stanley's current report on Form 8-Kdated January 11,2017).4.4 The Unit Agreement Without Holders’ Obligations,dated as of August 29， 2008， between MorganStanley and The Bank of New York Mellon, as UnitAgent, as Trustee and Paying Agent under theSenior Indenture referred to therein and as WarrantAgent under the Warrant Agreement referred totherein (Exhibit 4.1 to Morgan Stanley's current report on Form 8-K dated August 29, 2008).4.5 Subordinated Indenture dated as of October 1, 2004between Morgan Stanley and The Bank ofNew York, as trustee (Exhibit 4-g to MorganStanley's Registration Statement on Form S-3/A(No. 333-117752)).4.6 JuniorSubordinated Indenture dated asofOctober 12, 2006 between Morgan Stanley and TheBank of New York,as trustee (Exhibit 4.1 toMorgan Stanley's current report on Form 8-K datedOctober 12, 2006).4.7 Deposit Agreement dated as of July 6. 2006 amongMorgan Stanley, JPMorgan Chase Bank, N.A. andthe holders from time to time of the depositaryreceipts described therein (Exhibit 4.3 to MorganStanley's quarterly report on Form 10-Q for thequarter ended May 31, 2006).",receipts described therein (Exhibit 4.3 to Morgan,receipts described therein (Exhibit 4.3 to Morgan,receipts described therein (Exhibit 4.3 to Morgan,,,,,,,holders from time to time of the depositary receipts,,,,,,,
"SupplementalSeniorIndenture datedasofDecember 1, 2008 (Exhibit 4.1 to Morgan Stanley'scurrent report on Form 8-K dated December1,2008), Fifth Supplemental Senior Indenture dated asof April 1, 2009 (Exhibit 4 to Morgan Stanley'squarterly report on Form 10-Q for the quarter endedMarch 31,2009)，Sixth Supplemental SeniorIndenture dated as of September 16,2011 (Exhibit4.1 to Morgan Stanley's quarterly report on Form10-Q for the quarter ended September 30,2011),Seventh Supplemental Senior Indenture dated as ofNovember 21,2011(Exhibit4.4to MorganStanley's annual report on Form 10-K for the yearended December 31,2011),Eighth SupplementalSeniorIndenture dated asof May 4,2012(Exhibit 4.1 to Morgan Stanley's quarterly report onForm 10-Q for the quarter ended June 30, 2012),Ninth Supplemental Senior Indenture dated as ofMarch 10, 2014 (Exhibit 4.1 to Morgan Stanley'squarterly report on Form 1O-Q for the quarter endedMarch 31, 2014) and Tenth Supplemental SeniorIndenture dated as of January 11, 2017 (Exhibit 4.1to Morgan Stanley's current report on Form 8-Kdated January 11,2017).4.4 The Unit Agreement Without Holders’ Obligations,dated as of August 29， 2008， between MorganStanley and The Bank of New York Mellon, as UnitAgent, as Trustee and Paying Agent under theSenior Indenture referred to therein and as WarrantAgent under the Warrant Agreement referred totherein (Exhibit 4.1 to Morgan Stanley's current report on Form 8-K dated August 29, 2008).4.5 Subordinated Indenture dated as of October 1, 2004between Morgan Stanley and The Bank ofNew York, as trustee (Exhibit 4-g to MorganStanley's Registration Statement on Form S-3/A(No. 333-117752)).4.6 JuniorSubordinated Indenture dated asofOctober 12, 2006 between Morgan Stanley and TheBank of New York,as trustee (Exhibit 4.1 toMorgan Stanley's current report on Form 8-K datedOctober 12, 2006).4.7 Deposit Agreement dated as of July 6. 2006 amongMorgan Stanley, JPMorgan Chase Bank, N.A. andthe holders from time to time of the depositaryreceipts described therein (Exhibit 4.3 to MorganStanley's quarterly report on Form 10-Q for thequarter ended May 31, 2006).","SupplementalSeniorIndenture datedasofDecember 1, 2008 (Exhibit 4.1 to Morgan Stanley'scurrent report on Form 8-K dated December1,2008), Fifth Supplemental Senior Indenture dated asof April 1, 2009 (Exhibit 4 to Morgan Stanley'squarterly report on Form 10-Q for the quarter endedMarch 31,2009)，Sixth Supplemental SeniorIndenture dated as of September 16,2011 (Exhibit4.1 to Morgan Stanley's quarterly report on Form10-Q for the quarter ended September 30,2011),Seventh Supplemental Senior Indenture dated as ofNovember 21,2011(Exhibit4.4to MorganStanley's annual report on Form 10-K for the yearended December 31,2011),Eighth SupplementalSeniorIndenture dated asof May 4,2012(Exhibit 4.1 to Morgan Stanley's quarterly report onForm 10-Q for the quarter ended June 30, 2012),Ninth Supplemental Senior Indenture dated as ofMarch 10, 2014 (Exhibit 4.1 to Morgan Stanley'squarterly report on Form 1O-Q for the quarter endedMarch 31, 2014) and Tenth Supplemental SeniorIndenture dated as of January 11, 2017 (Exhibit 4.1to Morgan Stanley's current report on Form 8-Kdated January 11,2017).4.4 The Unit Agreement Without Holders’ Obligations,dated as of August 29， 2008， between MorganStanley and The Bank of New York Mellon, as UnitAgent, as Trustee and Paying Agent under theSenior Indenture referred to therein and as WarrantAgent under the Warrant Agreement referred totherein (Exhibit 4.1 to Morgan Stanley's current report on Form 8-K dated August 29, 2008).4.5 Subordinated Indenture dated as of October 1, 2004between Morgan Stanley and The Bank ofNew York, as trustee (Exhibit 4-g to MorganStanley's Registration Statement on Form S-3/A(No. 333-117752)).4.6 JuniorSubordinated Indenture dated asofOctober 12, 2006 between Morgan Stanley and TheBank of New York,as trustee (Exhibit 4.1 toMorgan Stanley's current report on Form 8-K datedOctober 12, 2006).4.7 Deposit Agreement dated as of July 6. 2006 amongMorgan Stanley, JPMorgan Chase Bank, N.A. andthe holders from time to time of the depositaryreceipts described therein (Exhibit 4.3 to MorganStanley's quarterly report on Form 10-Q for thequarter ended May 31, 2006).","SupplementalSeniorIndenture datedasofDecember 1, 2008 (Exhibit 4.1 to Morgan Stanley'scurrent report on Form 8-K dated December1,2008), Fifth Supplemental Senior Indenture dated asof April 1, 2009 (Exhibit 4 to Morgan Stanley'squarterly report on Form 10-Q for the quarter endedMarch 31,2009)，Sixth Supplemental SeniorIndenture dated as of September 16,2011 (Exhibit4.1 to Morgan Stanley's quarterly report on Form10-Q for the quarter ended September 30,2011),Seventh Supplemental Senior Indenture dated as ofNovember 21,2011(Exhibit4.4to MorganStanley's annual report on Form 10-K for the yearended December 31,2011),Eighth SupplementalSeniorIndenture dated asof May 4,2012(Exhibit 4.1 to Morgan Stanley's quarterly report onForm 10-Q for the quarter ended June 30, 2012),Ninth Supplemental Senior Indenture dated as ofMarch 10, 2014 (Exhibit 4.1 to Morgan Stanley'squarterly report on Form 1O-Q for the quarter endedMarch 31, 2014) and Tenth Supplemental SeniorIndenture dated as of January 11, 2017 (Exhibit 4.1to Morgan Stanley's current report on Form 8-Kdated January 11,2017).4.4 The Unit Agreement Without Holders’ Obligations,dated as of August 29， 2008， between MorganStanley and The Bank of New York Mellon, as UnitAgent, as Trustee and Paying Agent under theSenior Indenture referred to therein and as WarrantAgent under the Warrant Agreement referred totherein (Exhibit 4.1 to Morgan Stanley's current report on Form 8-K dated August 29, 2008).4.5 Subordinated Indenture dated as of October 1, 2004between Morgan Stanley and The Bank ofNew York, as trustee (Exhibit 4-g to MorganStanley's Registration Statement on Form S-3/A(No. 333-117752)).4.6 JuniorSubordinated Indenture dated asofOctober 12, 2006 between Morgan Stanley and TheBank of New York,as trustee (Exhibit 4.1 toMorgan Stanley's current report on Form 8-K datedOctober 12, 2006).4.7 Deposit Agreement dated as of July 6. 2006 amongMorgan Stanley, JPMorgan Chase Bank, N.A. andthe holders from time to time of the depositaryreceipts described therein (Exhibit 4.3 to MorganStanley's quarterly report on Form 10-Q for thequarter ended May 31, 2006).","SupplementalSeniorIndenture datedasofDecember 1, 2008 (Exhibit 4.1 to Morgan Stanley'scurrent report on Form 8-K dated December1,2008), Fifth Supplemental Senior Indenture dated asof April 1, 2009 (Exhibit 4 to Morgan Stanley'squarterly report on Form 10-Q for the quarter endedMarch 31,2009)，Sixth Supplemental SeniorIndenture dated as of September 16,2011 (Exhibit4.1 to Morgan Stanley's quarterly report on Form10-Q for the quarter ended September 30,2011),Seventh Supplemental Senior Indenture dated as ofNovember 21,2011(Exhibit4.4to MorganStanley's annual report on Form 10-K for the yearended December 31,2011),Eighth SupplementalSeniorIndenture dated asof May 4,2012(Exhibit 4.1 to Morgan Stanley's quarterly report onForm 10-Q for the quarter ended June 30, 2012),Ninth Supplemental Senior Indenture dated as ofMarch 10, 2014 (Exhibit 4.1 to Morgan Stanley'squarterly report on Form 1O-Q for the quarter endedMarch 31, 2014) and Tenth Supplemental SeniorIndenture dated as of January 11, 2017 (Exhibit 4.1to Morgan Stanley's current report on Form 8-Kdated January 11,2017).4.4 The Unit Agreement Without Holders’ Obligations,dated as of August 29， 2008， between MorganStanley and The Bank of New York Mellon, as UnitAgent, as Trustee and Paying Agent under theSenior Indenture referred to therein and as WarrantAgent under the Warrant Agreement referred totherein (Exhibit 4.1 to Morgan Stanley's current report on Form 8-K dated August 29, 2008).4.5 Subordinated Indenture dated as of October 1, 2004between Morgan Stanley and The Bank ofNew York, as trustee (Exhibit 4-g to MorganStanley's Registration Statement on Form S-3/A(No. 333-117752)).4.6 JuniorSubordinated Indenture dated asofOctober 12, 2006 between Morgan Stanley and TheBank of New York,as trustee (Exhibit 4.1 toMorgan Stanley's current report on Form 8-K datedOctober 12, 2006).4.7 Deposit Agreement dated as of July 6. 2006 amongMorgan Stanley, JPMorgan Chase Bank, N.A. andthe holders from time to time of the depositaryreceipts described therein (Exhibit 4.3 to MorganStanley's quarterly report on Form 10-Q for thequarter ended May 31, 2006).",Stanley's quarterly report on Form 10-Q for the,Stanley's quarterly report on Form 10-Q for the,Stanley's quarterly report on Form 10-Q for the,,,,,,,representing interests in the Series J Preferred Stock,,,,,,,
"SupplementalSeniorIndenture datedasofDecember 1, 2008 (Exhibit 4.1 to Morgan Stanley'scurrent report on Form 8-K dated December1,2008), Fifth Supplemental Senior Indenture dated asof April 1, 2009 (Exhibit 4 to Morgan Stanley'squarterly report on Form 10-Q for the quarter endedMarch 31,2009)，Sixth Supplemental SeniorIndenture dated as of September 16,2011 (Exhibit4.1 to Morgan Stanley's quarterly report on Form10-Q for the quarter ended September 30,2011),Seventh Supplemental Senior Indenture dated as ofNovember 21,2011(Exhibit4.4to MorganStanley's annual report on Form 10-K for the yearended December 31,2011),Eighth SupplementalSeniorIndenture dated asof May 4,2012(Exhibit 4.1 to Morgan Stanley's quarterly report onForm 10-Q for the quarter ended June 30, 2012),Ninth Supplemental Senior Indenture dated as ofMarch 10, 2014 (Exhibit 4.1 to Morgan Stanley'squarterly report on Form 1O-Q for the quarter endedMarch 31, 2014) and Tenth Supplemental SeniorIndenture dated as of January 11, 2017 (Exhibit 4.1to Morgan Stanley's current report on Form 8-Kdated January 11,2017).4.4 The Unit Agreement Without Holders’ Obligations,dated as of August 29， 2008， between MorganStanley and The Bank of New York Mellon, as UnitAgent, as Trustee and Paying Agent under theSenior Indenture referred to therein and as WarrantAgent under the Warrant Agreement referred totherein (Exhibit 4.1 to Morgan Stanley's current report on Form 8-K dated August 29, 2008).4.5 Subordinated Indenture dated as of October 1, 2004between Morgan Stanley and The Bank ofNew York, as trustee (Exhibit 4-g to MorganStanley's Registration Statement on Form S-3/A(No. 333-117752)).4.6 JuniorSubordinated Indenture dated asofOctober 12, 2006 between Morgan Stanley and TheBank of New York,as trustee (Exhibit 4.1 toMorgan Stanley's current report on Form 8-K datedOctober 12, 2006).4.7 Deposit Agreement dated as of July 6. 2006 amongMorgan Stanley, JPMorgan Chase Bank, N.A. andthe holders from time to time of the depositaryreceipts described therein (Exhibit 4.3 to MorganStanley's quarterly report on Form 10-Q for thequarter ended May 31, 2006).","SupplementalSeniorIndenture datedasofDecember 1, 2008 (Exhibit 4.1 to Morgan Stanley'scurrent report on Form 8-K dated December1,2008), Fifth Supplemental Senior Indenture dated asof April 1, 2009 (Exhibit 4 to Morgan Stanley'squarterly report on Form 10-Q for the quarter endedMarch 31,2009)，Sixth Supplemental SeniorIndenture dated as of September 16,2011 (Exhibit4.1 to Morgan Stanley's quarterly report on Form10-Q for the quarter ended September 30,2011),Seventh Supplemental Senior Indenture dated as ofNovember 21,2011(Exhibit4.4to MorganStanley's annual report on Form 10-K for the yearended December 31,2011),Eighth SupplementalSeniorIndenture dated asof May 4,2012(Exhibit 4.1 to Morgan Stanley's quarterly report onForm 10-Q for the quarter ended June 30, 2012),Ninth Supplemental Senior Indenture dated as ofMarch 10, 2014 (Exhibit 4.1 to Morgan Stanley'squarterly report on Form 1O-Q for the quarter endedMarch 31, 2014) and Tenth Supplemental SeniorIndenture dated as of January 11, 2017 (Exhibit 4.1to Morgan Stanley's current report on Form 8-Kdated January 11,2017).4.4 The Unit Agreement Without Holders’ Obligations,dated as of August 29， 2008， between MorganStanley and The Bank of New York Mellon, as UnitAgent, as Trustee and Paying Agent under theSenior Indenture referred to therein and as WarrantAgent under the Warrant Agreement referred totherein (Exhibit 4.1 to Morgan Stanley's current report on Form 8-K dated August 29, 2008).4.5 Subordinated Indenture dated as of October 1, 2004between Morgan Stanley and The Bank ofNew York, as trustee (Exhibit 4-g to MorganStanley's Registration Statement on Form S-3/A(No. 333-117752)).4.6 JuniorSubordinated Indenture dated asofOctober 12, 2006 between Morgan Stanley and TheBank of New York,as trustee (Exhibit 4.1 toMorgan Stanley's current report on Form 8-K datedOctober 12, 2006).4.7 Deposit Agreement dated as of July 6. 2006 amongMorgan Stanley, JPMorgan Chase Bank, N.A. andthe holders from time to time of the depositaryreceipts described therein (Exhibit 4.3 to MorganStanley's quarterly report on Form 10-Q for thequarter ended May 31, 2006).","SupplementalSeniorIndenture datedasofDecember 1, 2008 (Exhibit 4.1 to Morgan Stanley'scurrent report on Form 8-K dated December1,2008), Fifth Supplemental Senior Indenture dated asof April 1, 2009 (Exhibit 4 to Morgan Stanley'squarterly report on Form 10-Q for the quarter endedMarch 31,2009)，Sixth Supplemental SeniorIndenture dated as of September 16,2011 (Exhibit4.1 to Morgan Stanley's quarterly report on Form10-Q for the quarter ended September 30,2011),Seventh Supplemental Senior Indenture dated as ofNovember 21,2011(Exhibit4.4to MorganStanley's annual report on Form 10-K for the yearended December 31,2011),Eighth SupplementalSeniorIndenture dated asof May 4,2012(Exhibit 4.1 to Morgan Stanley's quarterly report onForm 10-Q for the quarter ended June 30, 2012),Ninth Supplemental Senior Indenture dated as ofMarch 10, 2014 (Exhibit 4.1 to Morgan Stanley'squarterly report on Form 1O-Q for the quarter endedMarch 31, 2014) and Tenth Supplemental SeniorIndenture dated as of January 11, 2017 (Exhibit 4.1to Morgan Stanley's current report on Form 8-Kdated January 11,2017).4.4 The Unit Agreement Without Holders’ Obligations,dated as of August 29， 2008， between MorganStanley and The Bank of New York Mellon, as UnitAgent, as Trustee and Paying Agent under theSenior Indenture referred to therein and as WarrantAgent under the Warrant Agreement referred totherein (Exhibit 4.1 to Morgan Stanley's current report on Form 8-K dated August 29, 2008).4.5 Subordinated Indenture dated as of October 1, 2004between Morgan Stanley and The Bank ofNew York, as trustee (Exhibit 4-g to MorganStanley's Registration Statement on Form S-3/A(No. 333-117752)).4.6 JuniorSubordinated Indenture dated asofOctober 12, 2006 between Morgan Stanley and TheBank of New York,as trustee (Exhibit 4.1 toMorgan Stanley's current report on Form 8-K datedOctober 12, 2006).4.7 Deposit Agreement dated as of July 6. 2006 amongMorgan Stanley, JPMorgan Chase Bank, N.A. andthe holders from time to time of the depositaryreceipts described therein (Exhibit 4.3 to MorganStanley's quarterly report on Form 10-Q for thequarter ended May 31, 2006).","SupplementalSeniorIndenture datedasofDecember 1, 2008 (Exhibit 4.1 to Morgan Stanley'scurrent report on Form 8-K dated December1,2008), Fifth Supplemental Senior Indenture dated asof April 1, 2009 (Exhibit 4 to Morgan Stanley'squarterly report on Form 10-Q for the quarter endedMarch 31,2009)，Sixth Supplemental SeniorIndenture dated as of September 16,2011 (Exhibit4.1 to Morgan Stanley's quarterly report on Form10-Q for the quarter ended September 30,2011),Seventh Supplemental Senior Indenture dated as ofNovember 21,2011(Exhibit4.4to MorganStanley's annual report on Form 10-K for the yearended December 31,2011),Eighth SupplementalSeniorIndenture dated asof May 4,2012(Exhibit 4.1 to Morgan Stanley's quarterly report onForm 10-Q for the quarter ended June 30, 2012),Ninth Supplemental Senior Indenture dated as ofMarch 10, 2014 (Exhibit 4.1 to Morgan Stanley'squarterly report on Form 1O-Q for the quarter endedMarch 31, 2014) and Tenth Supplemental SeniorIndenture dated as of January 11, 2017 (Exhibit 4.1to Morgan Stanley's current report on Form 8-Kdated January 11,2017).4.4 The Unit Agreement Without Holders’ Obligations,dated as of August 29， 2008， between MorganStanley and The Bank of New York Mellon, as UnitAgent, as Trustee and Paying Agent under theSenior Indenture referred to therein and as WarrantAgent under the Warrant Agreement referred totherein (Exhibit 4.1 to Morgan Stanley's current report on Form 8-K dated August 29, 2008).4.5 Subordinated Indenture dated as of October 1, 2004between Morgan Stanley and The Bank ofNew York, as trustee (Exhibit 4-g to MorganStanley's Registration Statement on Form S-3/A(No. 333-117752)).4.6 JuniorSubordinated Indenture dated asofOctober 12, 2006 between Morgan Stanley and TheBank of New York,as trustee (Exhibit 4.1 toMorgan Stanley's current report on Form 8-K datedOctober 12, 2006).4.7 Deposit Agreement dated as of July 6. 2006 amongMorgan Stanley, JPMorgan Chase Bank, N.A. andthe holders from time to time of the depositaryreceipts described therein (Exhibit 4.3 to MorganStanley's quarterly report on Form 10-Q for thequarter ended May 31, 2006).",described therein (Exhibit 4.3 to Morgan Stanley's,,,,,,,,,,,,,,,,
"SupplementalSeniorIndenture datedasofDecember 1, 2008 (Exhibit 4.1 to Morgan Stanley'scurrent report on Form 8-K dated December1,2008), Fifth Supplemental Senior Indenture dated asof April 1, 2009 (Exhibit 4 to Morgan Stanley'squarterly report on Form 10-Q for the quarter endedMarch 31,2009)，Sixth Supplemental SeniorIndenture dated as of September 16,2011 (Exhibit4.1 to Morgan Stanley's quarterly report on Form10-Q for the quarter ended September 30,2011),Seventh Supplemental Senior Indenture dated as ofNovember 21,2011(Exhibit4.4to MorganStanley's annual report on Form 10-K for the yearended December 31,2011),Eighth SupplementalSeniorIndenture dated asof May 4,2012(Exhibit 4.1 to Morgan Stanley's quarterly report onForm 10-Q for the quarter ended June 30, 2012),Ninth Supplemental Senior Indenture dated as ofMarch 10, 2014 (Exhibit 4.1 to Morgan Stanley'squarterly report on Form 1O-Q for the quarter endedMarch 31, 2014) and Tenth Supplemental SeniorIndenture dated as of January 11, 2017 (Exhibit 4.1to Morgan Stanley's current report on Form 8-Kdated January 11,2017).4.4 The Unit Agreement Without Holders’ Obligations,dated as of August 29， 2008， between MorganStanley and The Bank of New York Mellon, as UnitAgent, as Trustee and Paying Agent under theSenior Indenture referred to therein and as WarrantAgent under the Warrant Agreement referred totherein (Exhibit 4.1 to Morgan Stanley's current report on Form 8-K dated August 29, 2008).4.5 Subordinated Indenture dated as of October 1, 2004between Morgan Stanley and The Bank ofNew York, as trustee (Exhibit 4-g to MorganStanley's Registration Statement on Form S-3/A(No. 333-117752)).4.6 JuniorSubordinated Indenture dated asofOctober 12, 2006 between Morgan Stanley and TheBank of New York,as trustee (Exhibit 4.1 toMorgan Stanley's current report on Form 8-K datedOctober 12, 2006).4.7 Deposit Agreement dated as of July 6. 2006 amongMorgan Stanley, JPMorgan Chase Bank, N.A. andthe holders from time to time of the depositaryreceipts described therein (Exhibit 4.3 to MorganStanley's quarterly report on Form 10-Q for thequarter ended May 31, 2006).","SupplementalSeniorIndenture datedasofDecember 1, 2008 (Exhibit 4.1 to Morgan Stanley'scurrent report on Form 8-K dated December1,2008), Fifth Supplemental Senior Indenture dated asof April 1, 2009 (Exhibit 4 to Morgan Stanley'squarterly report on Form 10-Q for the quarter endedMarch 31,2009)，Sixth Supplemental SeniorIndenture dated as of September 16,2011 (Exhibit4.1 to Morgan Stanley's quarterly report on Form10-Q for the quarter ended September 30,2011),Seventh Supplemental Senior Indenture dated as ofNovember 21,2011(Exhibit4.4to MorganStanley's annual report on Form 10-K for the yearended December 31,2011),Eighth SupplementalSeniorIndenture dated asof May 4,2012(Exhibit 4.1 to Morgan Stanley's quarterly report onForm 10-Q for the quarter ended June 30, 2012),Ninth Supplemental Senior Indenture dated as ofMarch 10, 2014 (Exhibit 4.1 to Morgan Stanley'squarterly report on Form 1O-Q for the quarter endedMarch 31, 2014) and Tenth Supplemental SeniorIndenture dated as of January 11, 2017 (Exhibit 4.1to Morgan Stanley's current report on Form 8-Kdated January 11,2017).4.4 The Unit Agreement Without Holders’ Obligations,dated as of August 29， 2008， between MorganStanley and The Bank of New York Mellon, as UnitAgent, as Trustee and Paying Agent under theSenior Indenture referred to therein and as WarrantAgent under the Warrant Agreement referred totherein (Exhibit 4.1 to Morgan Stanley's current report on Form 8-K dated August 29, 2008).4.5 Subordinated Indenture dated as of October 1, 2004between Morgan Stanley and The Bank ofNew York, as trustee (Exhibit 4-g to MorganStanley's Registration Statement on Form S-3/A(No. 333-117752)).4.6 JuniorSubordinated Indenture dated asofOctober 12, 2006 between Morgan Stanley and TheBank of New York,as trustee (Exhibit 4.1 toMorgan Stanley's current report on Form 8-K datedOctober 12, 2006).4.7 Deposit Agreement dated as of July 6. 2006 amongMorgan Stanley, JPMorgan Chase Bank, N.A. andthe holders from time to time of the depositaryreceipts described therein (Exhibit 4.3 to MorganStanley's quarterly report on Form 10-Q for thequarter ended May 31, 2006).","SupplementalSeniorIndenture datedasofDecember 1, 2008 (Exhibit 4.1 to Morgan Stanley'scurrent report on Form 8-K dated December1,2008), Fifth Supplemental Senior Indenture dated asof April 1, 2009 (Exhibit 4 to Morgan Stanley'squarterly report on Form 10-Q for the quarter endedMarch 31,2009)，Sixth Supplemental SeniorIndenture dated as of September 16,2011 (Exhibit4.1 to Morgan Stanley's quarterly report on Form10-Q for the quarter ended September 30,2011),Seventh Supplemental Senior Indenture dated as ofNovember 21,2011(Exhibit4.4to MorganStanley's annual report on Form 10-K for the yearended December 31,2011),Eighth SupplementalSeniorIndenture dated asof May 4,2012(Exhibit 4.1 to Morgan Stanley's quarterly report onForm 10-Q for the quarter ended June 30, 2012),Ninth Supplemental Senior Indenture dated as ofMarch 10, 2014 (Exhibit 4.1 to Morgan Stanley'squarterly report on Form 1O-Q for the quarter endedMarch 31, 2014) and Tenth Supplemental SeniorIndenture dated as of January 11, 2017 (Exhibit 4.1to Morgan Stanley's current report on Form 8-Kdated January 11,2017).4.4 The Unit Agreement Without Holders’ Obligations,dated as of August 29， 2008， between MorganStanley and The Bank of New York Mellon, as UnitAgent, as Trustee and Paying Agent under theSenior Indenture referred to therein and as WarrantAgent under the Warrant Agreement referred totherein (Exhibit 4.1 to Morgan Stanley's current report on Form 8-K dated August 29, 2008).4.5 Subordinated Indenture dated as of October 1, 2004between Morgan Stanley and The Bank ofNew York, as trustee (Exhibit 4-g to MorganStanley's Registration Statement on Form S-3/A(No. 333-117752)).4.6 JuniorSubordinated Indenture dated asofOctober 12, 2006 between Morgan Stanley and TheBank of New York,as trustee (Exhibit 4.1 toMorgan Stanley's current report on Form 8-K datedOctober 12, 2006).4.7 Deposit Agreement dated as of July 6. 2006 amongMorgan Stanley, JPMorgan Chase Bank, N.A. andthe holders from time to time of the depositaryreceipts described therein (Exhibit 4.3 to MorganStanley's quarterly report on Form 10-Q for thequarter ended May 31, 2006).","SupplementalSeniorIndenture datedasofDecember 1, 2008 (Exhibit 4.1 to Morgan Stanley'scurrent report on Form 8-K dated December1,2008), Fifth Supplemental Senior Indenture dated asof April 1, 2009 (Exhibit 4 to Morgan Stanley'squarterly report on Form 10-Q for the quarter endedMarch 31,2009)，Sixth Supplemental SeniorIndenture dated as of September 16,2011 (Exhibit4.1 to Morgan Stanley's quarterly report on Form10-Q for the quarter ended September 30,2011),Seventh Supplemental Senior Indenture dated as ofNovember 21,2011(Exhibit4.4to MorganStanley's annual report on Form 10-K for the yearended December 31,2011),Eighth SupplementalSeniorIndenture dated asof May 4,2012(Exhibit 4.1 to Morgan Stanley's quarterly report onForm 10-Q for the quarter ended June 30, 2012),Ninth Supplemental Senior Indenture dated as ofMarch 10, 2014 (Exhibit 4.1 to Morgan Stanley'squarterly report on Form 1O-Q for the quarter endedMarch 31, 2014) and Tenth Supplemental SeniorIndenture dated as of January 11, 2017 (Exhibit 4.1to Morgan Stanley's current report on Form 8-Kdated January 11,2017).4.4 The Unit Agreement Without Holders’ Obligations,dated as of August 29， 2008， between MorganStanley and The Bank of New York Mellon, as UnitAgent, as Trustee and Paying Agent under theSenior Indenture referred to therein and as WarrantAgent under the Warrant Agreement referred totherein (Exhibit 4.1 to Morgan Stanley's current report on Form 8-K dated August 29, 2008).4.5 Subordinated Indenture dated as of October 1, 2004between Morgan Stanley and The Bank ofNew York, as trustee (Exhibit 4-g to MorganStanley's Registration Statement on Form S-3/A(No. 333-117752)).4.6 JuniorSubordinated Indenture dated asofOctober 12, 2006 between Morgan Stanley and TheBank of New York,as trustee (Exhibit 4.1 toMorgan Stanley's current report on Form 8-K datedOctober 12, 2006).4.7 Deposit Agreement dated as of July 6. 2006 amongMorgan Stanley, JPMorgan Chase Bank, N.A. andthe holders from time to time of the depositaryreceipts described therein (Exhibit 4.3 to MorganStanley's quarterly report on Form 10-Q for thequarter ended May 31, 2006).","current report on Form 8-K dated March 18, 2015).",,,,,,,,,,,,,,,,