Accumulated OtherComprehensive (Loss)IncomeNetUnrealized ForeignAdditional (Losses) CurrencyNonredeemableCommon StockPaid-In Retained Gains on Translation Noncontrolling Total(in millions) Shares Amount Capital EarningsInvestments Losses Interests Equity,Accumulated OtherComprehensive (Loss)IncomeNetUnrealized ForeignAdditional (Losses) CurrencyNonredeemableCommon StockPaid-In Retained Gains on Translation Noncontrolling Total(in millions) Shares Amount Capital EarningsInvestments Losses Interests Equity,Accumulated OtherComprehensive (Loss)IncomeNetUnrealized ForeignAdditional (Losses) CurrencyNonredeemableCommon StockPaid-In Retained Gains on Translation Noncontrolling Total(in millions) Shares Amount Capital EarningsInvestments Losses Interests Equity,Accumulated OtherComprehensive (Loss)IncomeNetUnrealized ForeignAdditional (Losses) CurrencyNonredeemableCommon StockPaid-In Retained Gains on Translation Noncontrolling Total(in millions) Shares Amount Capital EarningsInvestments Losses Interests Equity,Accumulated OtherComprehensive (Loss)IncomeNetUnrealized ForeignAdditional (Losses) CurrencyNonredeemableCommon StockPaid-In Retained Gains on Translation Noncontrolling Total(in millions) Shares Amount Capital EarningsInvestments Losses Interests Equity,Accumulated OtherComprehensive (Loss)IncomeNetUnrealized ForeignAdditional (Losses) CurrencyNonredeemableCommon StockPaid-In Retained Gains on Translation Noncontrolling Total(in millions) Shares Amount Capital EarningsInvestments Losses Interests Equity,Accumulated OtherComprehensive (Loss)IncomeNetUnrealized ForeignAdditional (Losses) CurrencyNonredeemableCommon StockPaid-In Retained Gains on Translation Noncontrolling Total(in millions) Shares Amount Capital EarningsInvestments Losses Interests Equity,Accumulated OtherComprehensive (Loss)IncomeNetUnrealized ForeignAdditional (Losses) CurrencyNonredeemableCommon StockPaid-In Retained Gains on Translation Noncontrolling Total(in millions) Shares Amount Capital EarningsInvestments Losses Interests Equity,Accumulated OtherComprehensive (Loss)IncomeNetUnrealized ForeignAdditional (Losses) CurrencyNonredeemableCommon StockPaid-In Retained Gains on Translation Noncontrolling Total(in millions) Shares Amount Capital EarningsInvestments Losses Interests Equity,Accumulated OtherComprehensive (Loss)IncomeNetUnrealized ForeignAdditional (Losses) CurrencyNonredeemableCommon StockPaid-In Retained Gains on Translation Noncontrolling Total(in millions) Shares Amount Capital EarningsInvestments Losses Interests Equity,Accumulated OtherComprehensive (Loss)IncomeNetUnrealized ForeignAdditional (Losses) CurrencyNonredeemableCommon StockPaid-In Retained Gains on Translation Noncontrolling Total(in millions) Shares Amount Capital EarningsInvestments Losses Interests Equity,Accumulated OtherComprehensive (Loss)IncomeNetUnrealized ForeignAdditional (Losses) CurrencyNonredeemableCommon StockPaid-In Retained Gains on Translation Noncontrolling Total(in millions) Shares Amount Capital EarningsInvestments Losses Interests Equity,Accumulated OtherComprehensive (Loss)IncomeNetUnrealized ForeignAdditional (Losses) CurrencyNonredeemableCommon StockPaid-In Retained Gains on Translation Noncontrolling Total(in millions) Shares Amount Capital EarningsInvestments Losses Interests Equity,Accumulated OtherComprehensive (Loss)IncomeNetUnrealized ForeignAdditional (Losses) CurrencyNonredeemableCommon StockPaid-In Retained Gains on Translation Noncontrolling Total(in millions) Shares Amount Capital EarningsInvestments Losses Interests Equity,Accumulated OtherComprehensive (Loss)IncomeNetUnrealized ForeignAdditional (Losses) CurrencyNonredeemableCommon StockPaid-In Retained Gains on Translation Noncontrolling Total(in millions) Shares Amount Capital EarningsInvestments Losses Interests Equity,Accumulated OtherComprehensive (Loss)IncomeNetUnrealized ForeignAdditional (Losses) CurrencyNonredeemableCommon StockPaid-In Retained Gains on Translation Noncontrolling Total(in millions) Shares Amount Capital EarningsInvestments Losses Interests Equity,Accumulated OtherComprehensive (Loss)IncomeNetUnrealized ForeignAdditional (Losses) CurrencyNonredeemableCommon StockPaid-In Retained Gains on Translation Noncontrolling Total(in millions) Shares Amount Capital EarningsInvestments Losses Interests Equity,Accumulated OtherComprehensive (Loss)IncomeNetUnrealized ForeignAdditional (Losses) CurrencyNonredeemableCommon StockPaid-In Retained Gains on Translation Noncontrolling Total(in millions) Shares Amount Capital EarningsInvestments Losses Interests Equity,Accumulated OtherComprehensive (Loss)IncomeNetUnrealized ForeignAdditional (Losses) CurrencyNonredeemableCommon StockPaid-In Retained Gains on Translation Noncontrolling Total(in millions) Shares Amount Capital EarningsInvestments Losses Interests Equity,Accumulated OtherComprehensive (Loss)IncomeNetUnrealized ForeignAdditional (Losses) CurrencyNonredeemableCommon StockPaid-In Retained Gains on Translation Noncontrolling Total(in millions) Shares Amount Capital EarningsInvestments Losses Interests Equity,Accumulated OtherComprehensive (Loss)IncomeNetUnrealized ForeignAdditional (Losses) CurrencyNonredeemableCommon StockPaid-In Retained Gains on Translation Noncontrolling Total(in millions) Shares Amount Capital EarningsInvestments Losses Interests Equity,Accumulated OtherComprehensive (Loss)IncomeNetUnrealized ForeignAdditional (Losses) CurrencyNonredeemableCommon StockPaid-In Retained Gains on Translation Noncontrolling Total(in millions) Shares Amount Capital EarningsInvestments Losses Interests Equity,,,,,,,,,,,
Accumulated OtherComprehensive (Loss)IncomeNetUnrealized ForeignAdditional (Losses) CurrencyNonredeemableCommon StockPaid-In Retained Gains on Translation Noncontrolling Total(in millions) Shares Amount Capital EarningsInvestments Losses Interests Equity,Accumulated OtherComprehensive (Loss)IncomeNetUnrealized ForeignAdditional (Losses) CurrencyNonredeemableCommon StockPaid-In Retained Gains on Translation Noncontrolling Total(in millions) Shares Amount Capital EarningsInvestments Losses Interests Equity,Accumulated OtherComprehensive (Loss)IncomeNetUnrealized ForeignAdditional (Losses) CurrencyNonredeemableCommon StockPaid-In Retained Gains on Translation Noncontrolling Total(in millions) Shares Amount Capital EarningsInvestments Losses Interests Equity,Accumulated OtherComprehensive (Loss)IncomeNetUnrealized ForeignAdditional (Losses) CurrencyNonredeemableCommon StockPaid-In Retained Gains on Translation Noncontrolling Total(in millions) Shares Amount Capital EarningsInvestments Losses Interests Equity,Accumulated OtherComprehensive (Loss)IncomeNetUnrealized ForeignAdditional (Losses) CurrencyNonredeemableCommon StockPaid-In Retained Gains on Translation Noncontrolling Total(in millions) Shares Amount Capital EarningsInvestments Losses Interests Equity,Accumulated OtherComprehensive (Loss)IncomeNetUnrealized ForeignAdditional (Losses) CurrencyNonredeemableCommon StockPaid-In Retained Gains on Translation Noncontrolling Total(in millions) Shares Amount Capital EarningsInvestments Losses Interests Equity,Accumulated OtherComprehensive (Loss)IncomeNetUnrealized ForeignAdditional (Losses) CurrencyNonredeemableCommon StockPaid-In Retained Gains on Translation Noncontrolling Total(in millions) Shares Amount Capital EarningsInvestments Losses Interests Equity,Accumulated OtherComprehensive (Loss)IncomeNetUnrealized ForeignAdditional (Losses) CurrencyNonredeemableCommon StockPaid-In Retained Gains on Translation Noncontrolling Total(in millions) Shares Amount Capital EarningsInvestments Losses Interests Equity,Accumulated OtherComprehensive (Loss)IncomeNetUnrealized ForeignAdditional (Losses) CurrencyNonredeemableCommon StockPaid-In Retained Gains on Translation Noncontrolling Total(in millions) Shares Amount Capital EarningsInvestments Losses Interests Equity,Accumulated OtherComprehensive (Loss)IncomeNetUnrealized ForeignAdditional (Losses) CurrencyNonredeemableCommon StockPaid-In Retained Gains on Translation Noncontrolling Total(in millions) Shares Amount Capital EarningsInvestments Losses Interests Equity,Accumulated OtherComprehensive (Loss)IncomeNetUnrealized ForeignAdditional (Losses) CurrencyNonredeemableCommon StockPaid-In Retained Gains on Translation Noncontrolling Total(in millions) Shares Amount Capital EarningsInvestments Losses Interests Equity,Accumulated OtherComprehensive (Loss)IncomeNetUnrealized ForeignAdditional (Losses) CurrencyNonredeemableCommon StockPaid-In Retained Gains on Translation Noncontrolling Total(in millions) Shares Amount Capital EarningsInvestments Losses Interests Equity,Accumulated OtherComprehensive (Loss)IncomeNetUnrealized ForeignAdditional (Losses) CurrencyNonredeemableCommon StockPaid-In Retained Gains on Translation Noncontrolling Total(in millions) Shares Amount Capital EarningsInvestments Losses Interests Equity,Accumulated OtherComprehensive (Loss)IncomeNetUnrealized ForeignAdditional (Losses) CurrencyNonredeemableCommon StockPaid-In Retained Gains on Translation Noncontrolling Total(in millions) Shares Amount Capital EarningsInvestments Losses Interests Equity,Accumulated OtherComprehensive (Loss)IncomeNetUnrealized ForeignAdditional (Losses) CurrencyNonredeemableCommon StockPaid-In Retained Gains on Translation Noncontrolling Total(in millions) Shares Amount Capital EarningsInvestments Losses Interests Equity,Accumulated OtherComprehensive (Loss)IncomeNetUnrealized ForeignAdditional (Losses) CurrencyNonredeemableCommon StockPaid-In Retained Gains on Translation Noncontrolling Total(in millions) Shares Amount Capital EarningsInvestments Losses Interests Equity,Accumulated OtherComprehensive (Loss)IncomeNetUnrealized ForeignAdditional (Losses) CurrencyNonredeemableCommon StockPaid-In Retained Gains on Translation Noncontrolling Total(in millions) Shares Amount Capital EarningsInvestments Losses Interests Equity,Accumulated OtherComprehensive (Loss)IncomeNetUnrealized ForeignAdditional (Losses) CurrencyNonredeemableCommon StockPaid-In Retained Gains on Translation Noncontrolling Total(in millions) Shares Amount Capital EarningsInvestments Losses Interests Equity,Accumulated OtherComprehensive (Loss)IncomeNetUnrealized ForeignAdditional (Losses) CurrencyNonredeemableCommon StockPaid-In Retained Gains on Translation Noncontrolling Total(in millions) Shares Amount Capital EarningsInvestments Losses Interests Equity,Accumulated OtherComprehensive (Loss)IncomeNetUnrealized ForeignAdditional (Losses) CurrencyNonredeemableCommon StockPaid-In Retained Gains on Translation Noncontrolling Total(in millions) Shares Amount Capital EarningsInvestments Losses Interests Equity,Accumulated OtherComprehensive (Loss)IncomeNetUnrealized ForeignAdditional (Losses) CurrencyNonredeemableCommon StockPaid-In Retained Gains on Translation Noncontrolling Total(in millions) Shares Amount Capital EarningsInvestments Losses Interests Equity,Accumulated OtherComprehensive (Loss)IncomeNetUnrealized ForeignAdditional (Losses) CurrencyNonredeemableCommon StockPaid-In Retained Gains on Translation Noncontrolling Total(in millions) Shares Amount Capital EarningsInvestments Losses Interests Equity,AdditionalPaid-InCapital,RetainedEarnings,,,,,,,,,
Accumulated OtherComprehensive (Loss)IncomeNetUnrealized ForeignAdditional (Losses) CurrencyNonredeemableCommon StockPaid-In Retained Gains on Translation Noncontrolling Total(in millions) Shares Amount Capital EarningsInvestments Losses Interests Equity,Accumulated OtherComprehensive (Loss)IncomeNetUnrealized ForeignAdditional (Losses) CurrencyNonredeemableCommon StockPaid-In Retained Gains on Translation Noncontrolling Total(in millions) Shares Amount Capital EarningsInvestments Losses Interests Equity,Accumulated OtherComprehensive (Loss)IncomeNetUnrealized ForeignAdditional (Losses) CurrencyNonredeemableCommon StockPaid-In Retained Gains on Translation Noncontrolling Total(in millions) Shares Amount Capital EarningsInvestments Losses Interests Equity,Accumulated OtherComprehensive (Loss)IncomeNetUnrealized ForeignAdditional (Losses) CurrencyNonredeemableCommon StockPaid-In Retained Gains on Translation Noncontrolling Total(in millions) Shares Amount Capital EarningsInvestments Losses Interests Equity,Accumulated OtherComprehensive (Loss)IncomeNetUnrealized ForeignAdditional (Losses) CurrencyNonredeemableCommon StockPaid-In Retained Gains on Translation Noncontrolling Total(in millions) Shares Amount Capital EarningsInvestments Losses Interests Equity,Accumulated OtherComprehensive (Loss)IncomeNetUnrealized ForeignAdditional (Losses) CurrencyNonredeemableCommon StockPaid-In Retained Gains on Translation Noncontrolling Total(in millions) Shares Amount Capital EarningsInvestments Losses Interests Equity,Accumulated OtherComprehensive (Loss)IncomeNetUnrealized ForeignAdditional (Losses) CurrencyNonredeemableCommon StockPaid-In Retained Gains on Translation Noncontrolling Total(in millions) Shares Amount Capital EarningsInvestments Losses Interests Equity,Accumulated OtherComprehensive (Loss)IncomeNetUnrealized ForeignAdditional (Losses) CurrencyNonredeemableCommon StockPaid-In Retained Gains on Translation Noncontrolling Total(in millions) Shares Amount Capital EarningsInvestments Losses Interests Equity,Accumulated OtherComprehensive (Loss)IncomeNetUnrealized ForeignAdditional (Losses) CurrencyNonredeemableCommon StockPaid-In Retained Gains on Translation Noncontrolling Total(in millions) Shares Amount Capital EarningsInvestments Losses Interests Equity,Accumulated OtherComprehensive (Loss)IncomeNetUnrealized ForeignAdditional (Losses) CurrencyNonredeemableCommon StockPaid-In Retained Gains on Translation Noncontrolling Total(in millions) Shares Amount Capital EarningsInvestments Losses Interests Equity,Accumulated OtherComprehensive (Loss)IncomeNetUnrealized ForeignAdditional (Losses) CurrencyNonredeemableCommon StockPaid-In Retained Gains on Translation Noncontrolling Total(in millions) Shares Amount Capital EarningsInvestments Losses Interests Equity,Accumulated OtherComprehensive (Loss)IncomeNetUnrealized ForeignAdditional (Losses) CurrencyNonredeemableCommon StockPaid-In Retained Gains on Translation Noncontrolling Total(in millions) Shares Amount Capital EarningsInvestments Losses Interests Equity,Accumulated OtherComprehensive (Loss)IncomeNetUnrealized ForeignAdditional (Losses) CurrencyNonredeemableCommon StockPaid-In Retained Gains on Translation Noncontrolling Total(in millions) Shares Amount Capital EarningsInvestments Losses Interests Equity,Accumulated OtherComprehensive (Loss)IncomeNetUnrealized ForeignAdditional (Losses) CurrencyNonredeemableCommon StockPaid-In Retained Gains on Translation Noncontrolling Total(in millions) Shares Amount Capital EarningsInvestments Losses Interests Equity,Accumulated OtherComprehensive (Loss)IncomeNetUnrealized ForeignAdditional (Losses) CurrencyNonredeemableCommon StockPaid-In Retained Gains on Translation Noncontrolling Total(in millions) Shares Amount Capital EarningsInvestments Losses Interests Equity,Accumulated OtherComprehensive (Loss)IncomeNetUnrealized ForeignAdditional (Losses) CurrencyNonredeemableCommon StockPaid-In Retained Gains on Translation Noncontrolling Total(in millions) Shares Amount Capital EarningsInvestments Losses Interests Equity,Accumulated OtherComprehensive (Loss)IncomeNetUnrealized ForeignAdditional (Losses) CurrencyNonredeemableCommon StockPaid-In Retained Gains on Translation Noncontrolling Total(in millions) Shares Amount Capital EarningsInvestments Losses Interests Equity,Accumulated OtherComprehensive (Loss)IncomeNetUnrealized ForeignAdditional (Losses) CurrencyNonredeemableCommon StockPaid-In Retained Gains on Translation Noncontrolling Total(in millions) Shares Amount Capital EarningsInvestments Losses Interests Equity,Accumulated OtherComprehensive (Loss)IncomeNetUnrealized ForeignAdditional (Losses) CurrencyNonredeemableCommon StockPaid-In Retained Gains on Translation Noncontrolling Total(in millions) Shares Amount Capital EarningsInvestments Losses Interests Equity,Accumulated OtherComprehensive (Loss)IncomeNetUnrealized ForeignAdditional (Losses) CurrencyNonredeemableCommon StockPaid-In Retained Gains on Translation Noncontrolling Total(in millions) Shares Amount Capital EarningsInvestments Losses Interests Equity,Accumulated OtherComprehensive (Loss)IncomeNetUnrealized ForeignAdditional (Losses) CurrencyNonredeemableCommon StockPaid-In Retained Gains on Translation Noncontrolling Total(in millions) Shares Amount Capital EarningsInvestments Losses Interests Equity,Accumulated OtherComprehensive (Loss)IncomeNetUnrealized ForeignAdditional (Losses) CurrencyNonredeemableCommon StockPaid-In Retained Gains on Translation Noncontrolling Total(in millions) Shares Amount Capital EarningsInvestments Losses Interests Equity,AdditionalPaid-InCapital,RetainedEarnings,Shares Amount,Shares Amount,Shares Amount,Shares Amount,Shares Amount,Shares Amount,,,
"Balance at January 1,2018","Balance at January 1,2018","Balance at January 1,2018","Balance at January 1,2018","Balance at January 1,2018","Balance at January 1,2018","Balance at January 1,2018","Balance at January 1,2018","Balance at January 1,2018","Balance at January 1,2018",969 $,969 $,969 $,969 $,969 $,969 $,"10$ 1,703","$48,730 $","(13)$ (2,654)","(13)$ (2,654)","$ 2,057 $49,833","2,057 $49,833",,,,,,,,,,,
Adjustment to adopt ASU 2016-01,Adjustment to adopt ASU 2016-01,Adjustment to adopt ASU 2016-01,Adjustment to adopt ASU 2016-01,Adjustment to adopt ASU 2016-01,Adjustment to adopt ASU 2016-01,Adjustment to adopt ASU 2016-01,Adjustment to adopt ASU 2016-01,Adjustment to adopt ASU 2016-01,Adjustment to adopt ASU 2016-01,,,,,,,,(24),,,,,,,,,,,,,,,
,,,,,,,,,,,,,,,,,"11,986",,,,,,,,,,,,,,,
,,,,,,,,,,,,,,,,,"11,986",24,24,,,,,,,,,,,,,
Net earnings,Net earnings,Net earnings,Net earnings,Net earnings,Net earnings,Net earnings,Net earnings,Net earnings,Net earnings,,,,,,,,"11,986",24,24,,,,,,,,,,,,,
Net earnings,Net earnings,Net earnings,Net earnings,Net earnings,Net earnings,Net earnings,Net earnings,Net earnings,Net earnings,,,,,,,,"11,986",24,24,273,"12,259",,,,,,,,,,,
Net earnings,Net earnings,Net earnings,Net earnings,Net earnings,Net earnings,Net earnings,Net earnings,Net earnings,Net earnings,,,,,,,,"11,986",24,24,273,"12,259",,,,,,,,,,,
Other comprehensive loss.,Other comprehensive loss.,Other comprehensive loss.,Other comprehensive loss.,Other comprehensive loss.,Other comprehensive loss.,Other comprehensive loss.,Other comprehensive loss.,Other comprehensive loss.,Other comprehensive loss.,,,,,,,,,,,,,,,,,,,,,,,
Other comprehensive loss.,Other comprehensive loss.,Other comprehensive loss.,Other comprehensive loss.,Other comprehensive loss.,Other comprehensive loss.,Other comprehensive loss.,Other comprehensive loss.,Other comprehensive loss.,Other comprehensive loss.,,,,,,,,,,,,,,,,,,,,,,,
Other comprehensive loss.,Other comprehensive loss.,Other comprehensive loss.,Other comprehensive loss.,Other comprehensive loss.,Other comprehensive loss.,Other comprehensive loss.,Other comprehensive loss.,Other comprehensive loss.,Other comprehensive loss.,,,,,,,,,"(275) (1,242)","(275) (1,242)",,"(1,517)",,,,,,,,,,,
"Issuances of common stock,and","Issuances of common stock,and","Issuances of common stock,and","Issuances of common stock,and","Issuances of common stock,and","Issuances of common stock,and","Issuances of common stock,and","Issuances of common stock,and","Issuances of common stock,and","Issuances of common stock,and",,,,,,,,,,,,,,,,,,,,,,,
,,,,,,,,,,10,10,10,10,10,10,814620,,,,,814,,,,,,,,,,,
related tax effectsShare-based compensation..Common share repurchasesCash dividends paid on commonshares ($3.45 per share)Redeemable noncontrolling interest,related tax effectsShare-based compensation..Common share repurchasesCash dividends paid on commonshares ($3.45 per share)Redeemable noncontrolling interest,related tax effectsShare-based compensation..Common share repurchasesCash dividends paid on commonshares ($3.45 per share)Redeemable noncontrolling interest,related tax effectsShare-based compensation..Common share repurchasesCash dividends paid on commonshares ($3.45 per share)Redeemable noncontrolling interest,related tax effectsShare-based compensation..Common share repurchasesCash dividends paid on commonshares ($3.45 per share)Redeemable noncontrolling interest,related tax effectsShare-based compensation..Common share repurchasesCash dividends paid on commonshares ($3.45 per share)Redeemable noncontrolling interest,related tax effectsShare-based compensation..Common share repurchasesCash dividends paid on commonshares ($3.45 per share)Redeemable noncontrolling interest,related tax effectsShare-based compensation..Common share repurchasesCash dividends paid on commonshares ($3.45 per share)Redeemable noncontrolling interest,related tax effectsShare-based compensation..Common share repurchasesCash dividends paid on commonshares ($3.45 per share)Redeemable noncontrolling interest,related tax effectsShare-based compensation..Common share repurchasesCash dividends paid on commonshares ($3.45 per share)Redeemable noncontrolling interest,10,10,10,10,10,10,814620,,,,,814,,,,,,,,,,,
related tax effectsShare-based compensation..Common share repurchasesCash dividends paid on commonshares ($3.45 per share)Redeemable noncontrolling interest,related tax effectsShare-based compensation..Common share repurchasesCash dividends paid on commonshares ($3.45 per share)Redeemable noncontrolling interest,related tax effectsShare-based compensation..Common share repurchasesCash dividends paid on commonshares ($3.45 per share)Redeemable noncontrolling interest,related tax effectsShare-based compensation..Common share repurchasesCash dividends paid on commonshares ($3.45 per share)Redeemable noncontrolling interest,related tax effectsShare-based compensation..Common share repurchasesCash dividends paid on commonshares ($3.45 per share)Redeemable noncontrolling interest,related tax effectsShare-based compensation..Common share repurchasesCash dividends paid on commonshares ($3.45 per share)Redeemable noncontrolling interest,related tax effectsShare-based compensation..Common share repurchasesCash dividends paid on commonshares ($3.45 per share)Redeemable noncontrolling interest,related tax effectsShare-based compensation..Common share repurchasesCash dividends paid on commonshares ($3.45 per share)Redeemable noncontrolling interest,related tax effectsShare-based compensation..Common share repurchasesCash dividends paid on commonshares ($3.45 per share)Redeemable noncontrolling interest,related tax effectsShare-based compensation..Common share repurchasesCash dividends paid on commonshares ($3.45 per share)Redeemable noncontrolling interest,10,10,10,10,10,10,814620,,,,,620,,,,,,,,,,,
related tax effectsShare-based compensation..Common share repurchasesCash dividends paid on commonshares ($3.45 per share)Redeemable noncontrolling interest,related tax effectsShare-based compensation..Common share repurchasesCash dividends paid on commonshares ($3.45 per share)Redeemable noncontrolling interest,related tax effectsShare-based compensation..Common share repurchasesCash dividends paid on commonshares ($3.45 per share)Redeemable noncontrolling interest,related tax effectsShare-based compensation..Common share repurchasesCash dividends paid on commonshares ($3.45 per share)Redeemable noncontrolling interest,related tax effectsShare-based compensation..Common share repurchasesCash dividends paid on commonshares ($3.45 per share)Redeemable noncontrolling interest,related tax effectsShare-based compensation..Common share repurchasesCash dividends paid on commonshares ($3.45 per share)Redeemable noncontrolling interest,related tax effectsShare-based compensation..Common share repurchasesCash dividends paid on commonshares ($3.45 per share)Redeemable noncontrolling interest,related tax effectsShare-based compensation..Common share repurchasesCash dividends paid on commonshares ($3.45 per share)Redeemable noncontrolling interest,related tax effectsShare-based compensation..Common share repurchasesCash dividends paid on commonshares ($3.45 per share)Redeemable noncontrolling interest,related tax effectsShare-based compensation..Common share repurchasesCash dividends paid on commonshares ($3.45 per share)Redeemable noncontrolling interest,(19),(19),(19),(19),(19),(19),"(2,974)","(1,526)",,,,"(4,500)",,,,,,,,,,,
related tax effectsShare-based compensation..Common share repurchasesCash dividends paid on commonshares ($3.45 per share)Redeemable noncontrolling interest,related tax effectsShare-based compensation..Common share repurchasesCash dividends paid on commonshares ($3.45 per share)Redeemable noncontrolling interest,related tax effectsShare-based compensation..Common share repurchasesCash dividends paid on commonshares ($3.45 per share)Redeemable noncontrolling interest,related tax effectsShare-based compensation..Common share repurchasesCash dividends paid on commonshares ($3.45 per share)Redeemable noncontrolling interest,related tax effectsShare-based compensation..Common share repurchasesCash dividends paid on commonshares ($3.45 per share)Redeemable noncontrolling interest,related tax effectsShare-based compensation..Common share repurchasesCash dividends paid on commonshares ($3.45 per share)Redeemable noncontrolling interest,related tax effectsShare-based compensation..Common share repurchasesCash dividends paid on commonshares ($3.45 per share)Redeemable noncontrolling interest,related tax effectsShare-based compensation..Common share repurchasesCash dividends paid on commonshares ($3.45 per share)Redeemable noncontrolling interest,related tax effectsShare-based compensation..Common share repurchasesCash dividends paid on commonshares ($3.45 per share)Redeemable noncontrolling interest,related tax effectsShare-based compensation..Common share repurchasesCash dividends paid on commonshares ($3.45 per share)Redeemable noncontrolling interest,(19),(19),(19),(19),(19),(19),sholling interest,sholling interest,sholling interest,sholling interest,,,,,,,,,,,,,
related tax effectsShare-based compensation..Common share repurchasesCash dividends paid on commonshares ($3.45 per share)Redeemable noncontrolling interest,related tax effectsShare-based compensation..Common share repurchasesCash dividends paid on commonshares ($3.45 per share)Redeemable noncontrolling interest,related tax effectsShare-based compensation..Common share repurchasesCash dividends paid on commonshares ($3.45 per share)Redeemable noncontrolling interest,related tax effectsShare-based compensation..Common share repurchasesCash dividends paid on commonshares ($3.45 per share)Redeemable noncontrolling interest,related tax effectsShare-based compensation..Common share repurchasesCash dividends paid on commonshares ($3.45 per share)Redeemable noncontrolling interest,related tax effectsShare-based compensation..Common share repurchasesCash dividends paid on commonshares ($3.45 per share)Redeemable noncontrolling interest,related tax effectsShare-based compensation..Common share repurchasesCash dividends paid on commonshares ($3.45 per share)Redeemable noncontrolling interest,related tax effectsShare-based compensation..Common share repurchasesCash dividends paid on commonshares ($3.45 per share)Redeemable noncontrolling interest,related tax effectsShare-based compensation..Common share repurchasesCash dividends paid on commonshares ($3.45 per share)Redeemable noncontrolling interest,related tax effectsShare-based compensation..Common share repurchasesCash dividends paid on commonshares ($3.45 per share)Redeemable noncontrolling interest,(19),(19),(19),(19),(19),(19),sholling interest,sholling interest,sholling interest,sholling interest,,,"(3,320)",,,,"(3,320)",,,,,,
related tax effectsShare-based compensation..Common share repurchasesCash dividends paid on commonshares ($3.45 per share)Redeemable noncontrolling interest,related tax effectsShare-based compensation..Common share repurchasesCash dividends paid on commonshares ($3.45 per share)Redeemable noncontrolling interest,related tax effectsShare-based compensation..Common share repurchasesCash dividends paid on commonshares ($3.45 per share)Redeemable noncontrolling interest,related tax effectsShare-based compensation..Common share repurchasesCash dividends paid on commonshares ($3.45 per share)Redeemable noncontrolling interest,related tax effectsShare-based compensation..Common share repurchasesCash dividends paid on commonshares ($3.45 per share)Redeemable noncontrolling interest,related tax effectsShare-based compensation..Common share repurchasesCash dividends paid on commonshares ($3.45 per share)Redeemable noncontrolling interest,related tax effectsShare-based compensation..Common share repurchasesCash dividends paid on commonshares ($3.45 per share)Redeemable noncontrolling interest,related tax effectsShare-based compensation..Common share repurchasesCash dividends paid on commonshares ($3.45 per share)Redeemable noncontrolling interest,related tax effectsShare-based compensation..Common share repurchasesCash dividends paid on commonshares ($3.45 per share)Redeemable noncontrolling interest,related tax effectsShare-based compensation..Common share repurchasesCash dividends paid on commonshares ($3.45 per share)Redeemable noncontrolling interest,,,,,,,sholling interest,sholling interest,sholling interest,sholling interest,,,"(3,320)",,,,,,,,,,
"fair value and other adjustments.Acquisition and other adjustments ofnonredeemable noncontrolinginterests....Distributions to nonredeemablenoncontrolling interestBalance at December 31,2018","fair value and other adjustments.Acquisition and other adjustments ofnonredeemable noncontrolinginterests....Distributions to nonredeemablenoncontrolling interestBalance at December 31,2018","fair value and other adjustments.Acquisition and other adjustments ofnonredeemable noncontrolinginterests....Distributions to nonredeemablenoncontrolling interestBalance at December 31,2018","fair value and other adjustments.Acquisition and other adjustments ofnonredeemable noncontrolinginterests....Distributions to nonredeemablenoncontrolling interestBalance at December 31,2018","fair value and other adjustments.Acquisition and other adjustments ofnonredeemable noncontrolinginterests....Distributions to nonredeemablenoncontrolling interestBalance at December 31,2018","fair value and other adjustments.Acquisition and other adjustments ofnonredeemable noncontrolinginterests....Distributions to nonredeemablenoncontrolling interestBalance at December 31,2018","fair value and other adjustments.Acquisition and other adjustments ofnonredeemable noncontrolinginterests....Distributions to nonredeemablenoncontrolling interestBalance at December 31,2018","fair value and other adjustments.Acquisition and other adjustments ofnonredeemable noncontrolinginterests....Distributions to nonredeemablenoncontrolling interestBalance at December 31,2018","fair value and other adjustments.Acquisition and other adjustments ofnonredeemable noncontrolinginterests....Distributions to nonredeemablenoncontrolling interestBalance at December 31,2018","fair value and other adjustments.Acquisition and other adjustments ofnonredeemable noncontrolinginterests....Distributions to nonredeemablenoncontrolling interestBalance at December 31,2018",,,,,,,fair value and other adjustments.Acquisition and other adjustments of,fair value and other adjustments.Acquisition and other adjustments of,fair value and other adjustments.Acquisition and other adjustments of,fair value and other adjustments.Acquisition and other adjustments of,fair value and other adjustments.Acquisition and other adjustments of,fair value and other adjustments.Acquisition and other adjustments of,fair value and other adjustments.Acquisition and other adjustments of,(163),,,,521,,,,,
"fair value and other adjustments.Acquisition and other adjustments ofnonredeemable noncontrolinginterests....Distributions to nonredeemablenoncontrolling interestBalance at December 31,2018","fair value and other adjustments.Acquisition and other adjustments ofnonredeemable noncontrolinginterests....Distributions to nonredeemablenoncontrolling interestBalance at December 31,2018","fair value and other adjustments.Acquisition and other adjustments ofnonredeemable noncontrolinginterests....Distributions to nonredeemablenoncontrolling interestBalance at December 31,2018","fair value and other adjustments.Acquisition and other adjustments ofnonredeemable noncontrolinginterests....Distributions to nonredeemablenoncontrolling interestBalance at December 31,2018","fair value and other adjustments.Acquisition and other adjustments ofnonredeemable noncontrolinginterests....Distributions to nonredeemablenoncontrolling interestBalance at December 31,2018","fair value and other adjustments.Acquisition and other adjustments ofnonredeemable noncontrolinginterests....Distributions to nonredeemablenoncontrolling interestBalance at December 31,2018","fair value and other adjustments.Acquisition and other adjustments ofnonredeemable noncontrolinginterests....Distributions to nonredeemablenoncontrolling interestBalance at December 31,2018","fair value and other adjustments.Acquisition and other adjustments ofnonredeemable noncontrolinginterests....Distributions to nonredeemablenoncontrolling interestBalance at December 31,2018","fair value and other adjustments.Acquisition and other adjustments ofnonredeemable noncontrolinginterests....Distributions to nonredeemablenoncontrolling interestBalance at December 31,2018","fair value and other adjustments.Acquisition and other adjustments ofnonredeemable noncontrolinginterests....Distributions to nonredeemablenoncontrolling interestBalance at December 31,2018",nonredeemable noncontrolinginterests....Distributions to nonredeemable,nonredeemable noncontrolinginterests....Distributions to nonredeemable,nonredeemable noncontrolinginterests....Distributions to nonredeemable,nonredeemable noncontrolinginterests....Distributions to nonredeemable,nonredeemable noncontrolinginterests....Distributions to nonredeemable,nonredeemable noncontrolinginterests....Distributions to nonredeemable,nonredeemable noncontrolinginterests....Distributions to nonredeemable,nonredeemable noncontrolinginterests....Distributions to nonredeemable,nonredeemable noncontrolinginterests....Distributions to nonredeemable,,,,,,,,,521,,,,,
"fair value and other adjustments.Acquisition and other adjustments ofnonredeemable noncontrolinginterests....Distributions to nonredeemablenoncontrolling interestBalance at December 31,2018","fair value and other adjustments.Acquisition and other adjustments ofnonredeemable noncontrolinginterests....Distributions to nonredeemablenoncontrolling interestBalance at December 31,2018","fair value and other adjustments.Acquisition and other adjustments ofnonredeemable noncontrolinginterests....Distributions to nonredeemablenoncontrolling interestBalance at December 31,2018","fair value and other adjustments.Acquisition and other adjustments ofnonredeemable noncontrolinginterests....Distributions to nonredeemablenoncontrolling interestBalance at December 31,2018","fair value and other adjustments.Acquisition and other adjustments ofnonredeemable noncontrolinginterests....Distributions to nonredeemablenoncontrolling interestBalance at December 31,2018","fair value and other adjustments.Acquisition and other adjustments ofnonredeemable noncontrolinginterests....Distributions to nonredeemablenoncontrolling interestBalance at December 31,2018","fair value and other adjustments.Acquisition and other adjustments ofnonredeemable noncontrolinginterests....Distributions to nonredeemablenoncontrolling interestBalance at December 31,2018","fair value and other adjustments.Acquisition and other adjustments ofnonredeemable noncontrolinginterests....Distributions to nonredeemablenoncontrolling interestBalance at December 31,2018","fair value and other adjustments.Acquisition and other adjustments ofnonredeemable noncontrolinginterests....Distributions to nonredeemablenoncontrolling interestBalance at December 31,2018","fair value and other adjustments.Acquisition and other adjustments ofnonredeemable noncontrolinginterests....Distributions to nonredeemablenoncontrolling interestBalance at December 31,2018",nonredeemable noncontrolinginterests....Distributions to nonredeemable,nonredeemable noncontrolinginterests....Distributions to nonredeemable,nonredeemable noncontrolinginterests....Distributions to nonredeemable,nonredeemable noncontrolinginterests....Distributions to nonredeemable,nonredeemable noncontrolinginterests....Distributions to nonredeemable,nonredeemable noncontrolinginterests....Distributions to nonredeemable,nonredeemable noncontrolinginterests....Distributions to nonredeemable,nonredeemable noncontrolinginterests....Distributions to nonredeemable,nonredeemable noncontrolinginterests....Distributions to nonredeemable,,,,,,,,,,,,,(228),(228)
"fair value and other adjustments.Acquisition and other adjustments ofnonredeemable noncontrolinginterests....Distributions to nonredeemablenoncontrolling interestBalance at December 31,2018","fair value and other adjustments.Acquisition and other adjustments ofnonredeemable noncontrolinginterests....Distributions to nonredeemablenoncontrolling interestBalance at December 31,2018","fair value and other adjustments.Acquisition and other adjustments ofnonredeemable noncontrolinginterests....Distributions to nonredeemablenoncontrolling interestBalance at December 31,2018","fair value and other adjustments.Acquisition and other adjustments ofnonredeemable noncontrolinginterests....Distributions to nonredeemablenoncontrolling interestBalance at December 31,2018","fair value and other adjustments.Acquisition and other adjustments ofnonredeemable noncontrolinginterests....Distributions to nonredeemablenoncontrolling interestBalance at December 31,2018","fair value and other adjustments.Acquisition and other adjustments ofnonredeemable noncontrolinginterests....Distributions to nonredeemablenoncontrolling interestBalance at December 31,2018","fair value and other adjustments.Acquisition and other adjustments ofnonredeemable noncontrolinginterests....Distributions to nonredeemablenoncontrolling interestBalance at December 31,2018","fair value and other adjustments.Acquisition and other adjustments ofnonredeemable noncontrolinginterests....Distributions to nonredeemablenoncontrolling interestBalance at December 31,2018","fair value and other adjustments.Acquisition and other adjustments ofnonredeemable noncontrolinginterests....Distributions to nonredeemablenoncontrolling interestBalance at December 31,2018","fair value and other adjustments.Acquisition and other adjustments ofnonredeemable noncontrolinginterests....Distributions to nonredeemablenoncontrolling interestBalance at December 31,2018",960,960,960,10,10,10,,"55,846",(264),"(3,896)","2,623","54,319",,,,,,,,,,,
"Adjustment to adopt ASU 2016-02Net earnings..Other comprehensive income(loss)....Issuances of common stock,andrelated tax effectsShare-based compensationCommon share repurchasesCash dividends paid on commonshares ($4.14 per share)","Adjustment to adopt ASU 2016-02Net earnings..Other comprehensive income(loss)....Issuances of common stock,andrelated tax effectsShare-based compensationCommon share repurchasesCash dividends paid on commonshares ($4.14 per share)","Adjustment to adopt ASU 2016-02Net earnings..Other comprehensive income(loss)....Issuances of common stock,andrelated tax effectsShare-based compensationCommon share repurchasesCash dividends paid on commonshares ($4.14 per share)","Adjustment to adopt ASU 2016-02Net earnings..Other comprehensive income(loss)....Issuances of common stock,andrelated tax effectsShare-based compensationCommon share repurchasesCash dividends paid on commonshares ($4.14 per share)","Adjustment to adopt ASU 2016-02Net earnings..Other comprehensive income(loss)....Issuances of common stock,andrelated tax effectsShare-based compensationCommon share repurchasesCash dividends paid on commonshares ($4.14 per share)","Adjustment to adopt ASU 2016-02Net earnings..Other comprehensive income(loss)....Issuances of common stock,andrelated tax effectsShare-based compensationCommon share repurchasesCash dividends paid on commonshares ($4.14 per share)","Adjustment to adopt ASU 2016-02Net earnings..Other comprehensive income(loss)....Issuances of common stock,andrelated tax effectsShare-based compensationCommon share repurchasesCash dividends paid on commonshares ($4.14 per share)","Adjustment to adopt ASU 2016-02Net earnings..Other comprehensive income(loss)....Issuances of common stock,andrelated tax effectsShare-based compensationCommon share repurchasesCash dividends paid on commonshares ($4.14 per share)","Adjustment to adopt ASU 2016-02Net earnings..Other comprehensive income(loss)....Issuances of common stock,andrelated tax effectsShare-based compensationCommon share repurchasesCash dividends paid on commonshares ($4.14 per share)","Adjustment to adopt ASU 2016-02Net earnings..Other comprehensive income(loss)....Issuances of common stock,andrelated tax effectsShare-based compensationCommon share repurchasesCash dividends paid on commonshares ($4.14 per share)",,,,,,,,"(13)13,839",,,(5)285,"(18)14,124",,,,,,,,,,,
"Adjustment to adopt ASU 2016-02Net earnings..Other comprehensive income(loss)....Issuances of common stock,andrelated tax effectsShare-based compensationCommon share repurchasesCash dividends paid on commonshares ($4.14 per share)","Adjustment to adopt ASU 2016-02Net earnings..Other comprehensive income(loss)....Issuances of common stock,andrelated tax effectsShare-based compensationCommon share repurchasesCash dividends paid on commonshares ($4.14 per share)","Adjustment to adopt ASU 2016-02Net earnings..Other comprehensive income(loss)....Issuances of common stock,andrelated tax effectsShare-based compensationCommon share repurchasesCash dividends paid on commonshares ($4.14 per share)","Adjustment to adopt ASU 2016-02Net earnings..Other comprehensive income(loss)....Issuances of common stock,andrelated tax effectsShare-based compensationCommon share repurchasesCash dividends paid on commonshares ($4.14 per share)","Adjustment to adopt ASU 2016-02Net earnings..Other comprehensive income(loss)....Issuances of common stock,andrelated tax effectsShare-based compensationCommon share repurchasesCash dividends paid on commonshares ($4.14 per share)","Adjustment to adopt ASU 2016-02Net earnings..Other comprehensive income(loss)....Issuances of common stock,andrelated tax effectsShare-based compensationCommon share repurchasesCash dividends paid on commonshares ($4.14 per share)","Adjustment to adopt ASU 2016-02Net earnings..Other comprehensive income(loss)....Issuances of common stock,andrelated tax effectsShare-based compensationCommon share repurchasesCash dividends paid on commonshares ($4.14 per share)","Adjustment to adopt ASU 2016-02Net earnings..Other comprehensive income(loss)....Issuances of common stock,andrelated tax effectsShare-based compensationCommon share repurchasesCash dividends paid on commonshares ($4.14 per share)","Adjustment to adopt ASU 2016-02Net earnings..Other comprehensive income(loss)....Issuances of common stock,andrelated tax effectsShare-based compensationCommon share repurchasesCash dividends paid on commonshares ($4.14 per share)","Adjustment to adopt ASU 2016-02Net earnings..Other comprehensive income(loss)....Issuances of common stock,andrelated tax effectsShare-based compensationCommon share repurchasesCash dividends paid on commonshares ($4.14 per share)",,,,,,,,,853,(271),,582,,,,,,,,,,,
"Adjustment to adopt ASU 2016-02Net earnings..Other comprehensive income(loss)....Issuances of common stock,andrelated tax effectsShare-based compensationCommon share repurchasesCash dividends paid on commonshares ($4.14 per share)","Adjustment to adopt ASU 2016-02Net earnings..Other comprehensive income(loss)....Issuances of common stock,andrelated tax effectsShare-based compensationCommon share repurchasesCash dividends paid on commonshares ($4.14 per share)","Adjustment to adopt ASU 2016-02Net earnings..Other comprehensive income(loss)....Issuances of common stock,andrelated tax effectsShare-based compensationCommon share repurchasesCash dividends paid on commonshares ($4.14 per share)","Adjustment to adopt ASU 2016-02Net earnings..Other comprehensive income(loss)....Issuances of common stock,andrelated tax effectsShare-based compensationCommon share repurchasesCash dividends paid on commonshares ($4.14 per share)","Adjustment to adopt ASU 2016-02Net earnings..Other comprehensive income(loss)....Issuances of common stock,andrelated tax effectsShare-based compensationCommon share repurchasesCash dividends paid on commonshares ($4.14 per share)","Adjustment to adopt ASU 2016-02Net earnings..Other comprehensive income(loss)....Issuances of common stock,andrelated tax effectsShare-based compensationCommon share repurchasesCash dividends paid on commonshares ($4.14 per share)","Adjustment to adopt ASU 2016-02Net earnings..Other comprehensive income(loss)....Issuances of common stock,andrelated tax effectsShare-based compensationCommon share repurchasesCash dividends paid on commonshares ($4.14 per share)","Adjustment to adopt ASU 2016-02Net earnings..Other comprehensive income(loss)....Issuances of common stock,andrelated tax effectsShare-based compensationCommon share repurchasesCash dividends paid on commonshares ($4.14 per share)","Adjustment to adopt ASU 2016-02Net earnings..Other comprehensive income(loss)....Issuances of common stock,andrelated tax effectsShare-based compensationCommon share repurchasesCash dividends paid on commonshares ($4.14 per share)","Adjustment to adopt ASU 2016-02Net earnings..Other comprehensive income(loss)....Issuances of common stock,andrelated tax effectsShare-based compensationCommon share repurchasesCash dividends paid on commonshares ($4.14 per share)",,,,,,,,,,,,,,,,,,,,,,,
"Adjustment to adopt ASU 2016-02Net earnings..Other comprehensive income(loss)....Issuances of common stock,andrelated tax effectsShare-based compensationCommon share repurchasesCash dividends paid on commonshares ($4.14 per share)","Adjustment to adopt ASU 2016-02Net earnings..Other comprehensive income(loss)....Issuances of common stock,andrelated tax effectsShare-based compensationCommon share repurchasesCash dividends paid on commonshares ($4.14 per share)","Adjustment to adopt ASU 2016-02Net earnings..Other comprehensive income(loss)....Issuances of common stock,andrelated tax effectsShare-based compensationCommon share repurchasesCash dividends paid on commonshares ($4.14 per share)","Adjustment to adopt ASU 2016-02Net earnings..Other comprehensive income(loss)....Issuances of common stock,andrelated tax effectsShare-based compensationCommon share repurchasesCash dividends paid on commonshares ($4.14 per share)","Adjustment to adopt ASU 2016-02Net earnings..Other comprehensive income(loss)....Issuances of common stock,andrelated tax effectsShare-based compensationCommon share repurchasesCash dividends paid on commonshares ($4.14 per share)","Adjustment to adopt ASU 2016-02Net earnings..Other comprehensive income(loss)....Issuances of common stock,andrelated tax effectsShare-based compensationCommon share repurchasesCash dividends paid on commonshares ($4.14 per share)","Adjustment to adopt ASU 2016-02Net earnings..Other comprehensive income(loss)....Issuances of common stock,andrelated tax effectsShare-based compensationCommon share repurchasesCash dividends paid on commonshares ($4.14 per share)","Adjustment to adopt ASU 2016-02Net earnings..Other comprehensive income(loss)....Issuances of common stock,andrelated tax effectsShare-based compensationCommon share repurchasesCash dividends paid on commonshares ($4.14 per share)","Adjustment to adopt ASU 2016-02Net earnings..Other comprehensive income(loss)....Issuances of common stock,andrelated tax effectsShare-based compensationCommon share repurchasesCash dividends paid on commonshares ($4.14 per share)","Adjustment to adopt ASU 2016-02Net earnings..Other comprehensive income(loss)....Issuances of common stock,andrelated tax effectsShare-based compensationCommon share repurchasesCash dividends paid on commonshares ($4.14 per share)",10,10,10,,,,696673,,,,,696,,,,,,,,,,,
"Adjustment to adopt ASU 2016-02Net earnings..Other comprehensive income(loss)....Issuances of common stock,andrelated tax effectsShare-based compensationCommon share repurchasesCash dividends paid on commonshares ($4.14 per share)","Adjustment to adopt ASU 2016-02Net earnings..Other comprehensive income(loss)....Issuances of common stock,andrelated tax effectsShare-based compensationCommon share repurchasesCash dividends paid on commonshares ($4.14 per share)","Adjustment to adopt ASU 2016-02Net earnings..Other comprehensive income(loss)....Issuances of common stock,andrelated tax effectsShare-based compensationCommon share repurchasesCash dividends paid on commonshares ($4.14 per share)","Adjustment to adopt ASU 2016-02Net earnings..Other comprehensive income(loss)....Issuances of common stock,andrelated tax effectsShare-based compensationCommon share repurchasesCash dividends paid on commonshares ($4.14 per share)","Adjustment to adopt ASU 2016-02Net earnings..Other comprehensive income(loss)....Issuances of common stock,andrelated tax effectsShare-based compensationCommon share repurchasesCash dividends paid on commonshares ($4.14 per share)","Adjustment to adopt ASU 2016-02Net earnings..Other comprehensive income(loss)....Issuances of common stock,andrelated tax effectsShare-based compensationCommon share repurchasesCash dividends paid on commonshares ($4.14 per share)","Adjustment to adopt ASU 2016-02Net earnings..Other comprehensive income(loss)....Issuances of common stock,andrelated tax effectsShare-based compensationCommon share repurchasesCash dividends paid on commonshares ($4.14 per share)","Adjustment to adopt ASU 2016-02Net earnings..Other comprehensive income(loss)....Issuances of common stock,andrelated tax effectsShare-based compensationCommon share repurchasesCash dividends paid on commonshares ($4.14 per share)","Adjustment to adopt ASU 2016-02Net earnings..Other comprehensive income(loss)....Issuances of common stock,andrelated tax effectsShare-based compensationCommon share repurchasesCash dividends paid on commonshares ($4.14 per share)","Adjustment to adopt ASU 2016-02Net earnings..Other comprehensive income(loss)....Issuances of common stock,andrelated tax effectsShare-based compensationCommon share repurchasesCash dividends paid on commonshares ($4.14 per share)",10,10,10,,,,696673,re-base,,,,,673,,,,,,,,,,
"Adjustment to adopt ASU 2016-02Net earnings..Other comprehensive income(loss)....Issuances of common stock,andrelated tax effectsShare-based compensationCommon share repurchasesCash dividends paid on commonshares ($4.14 per share)","Adjustment to adopt ASU 2016-02Net earnings..Other comprehensive income(loss)....Issuances of common stock,andrelated tax effectsShare-based compensationCommon share repurchasesCash dividends paid on commonshares ($4.14 per share)","Adjustment to adopt ASU 2016-02Net earnings..Other comprehensive income(loss)....Issuances of common stock,andrelated tax effectsShare-based compensationCommon share repurchasesCash dividends paid on commonshares ($4.14 per share)","Adjustment to adopt ASU 2016-02Net earnings..Other comprehensive income(loss)....Issuances of common stock,andrelated tax effectsShare-based compensationCommon share repurchasesCash dividends paid on commonshares ($4.14 per share)","Adjustment to adopt ASU 2016-02Net earnings..Other comprehensive income(loss)....Issuances of common stock,andrelated tax effectsShare-based compensationCommon share repurchasesCash dividends paid on commonshares ($4.14 per share)","Adjustment to adopt ASU 2016-02Net earnings..Other comprehensive income(loss)....Issuances of common stock,andrelated tax effectsShare-based compensationCommon share repurchasesCash dividends paid on commonshares ($4.14 per share)","Adjustment to adopt ASU 2016-02Net earnings..Other comprehensive income(loss)....Issuances of common stock,andrelated tax effectsShare-based compensationCommon share repurchasesCash dividends paid on commonshares ($4.14 per share)","Adjustment to adopt ASU 2016-02Net earnings..Other comprehensive income(loss)....Issuances of common stock,andrelated tax effectsShare-based compensationCommon share repurchasesCash dividends paid on commonshares ($4.14 per share)","Adjustment to adopt ASU 2016-02Net earnings..Other comprehensive income(loss)....Issuances of common stock,andrelated tax effectsShare-based compensationCommon share repurchasesCash dividends paid on commonshares ($4.14 per share)","Adjustment to adopt ASU 2016-02Net earnings..Other comprehensive income(loss)....Issuances of common stock,andrelated tax effectsShare-based compensationCommon share repurchasesCash dividends paid on commonshares ($4.14 per share)",(22),(22),(22),(1),(1),(1),(937),"(4,562)",,,,"(5,500)",,,,,,,,,,,
"Adjustment to adopt ASU 2016-02Net earnings..Other comprehensive income(loss)....Issuances of common stock,andrelated tax effectsShare-based compensationCommon share repurchasesCash dividends paid on commonshares ($4.14 per share)","Adjustment to adopt ASU 2016-02Net earnings..Other comprehensive income(loss)....Issuances of common stock,andrelated tax effectsShare-based compensationCommon share repurchasesCash dividends paid on commonshares ($4.14 per share)","Adjustment to adopt ASU 2016-02Net earnings..Other comprehensive income(loss)....Issuances of common stock,andrelated tax effectsShare-based compensationCommon share repurchasesCash dividends paid on commonshares ($4.14 per share)","Adjustment to adopt ASU 2016-02Net earnings..Other comprehensive income(loss)....Issuances of common stock,andrelated tax effectsShare-based compensationCommon share repurchasesCash dividends paid on commonshares ($4.14 per share)","Adjustment to adopt ASU 2016-02Net earnings..Other comprehensive income(loss)....Issuances of common stock,andrelated tax effectsShare-based compensationCommon share repurchasesCash dividends paid on commonshares ($4.14 per share)","Adjustment to adopt ASU 2016-02Net earnings..Other comprehensive income(loss)....Issuances of common stock,andrelated tax effectsShare-based compensationCommon share repurchasesCash dividends paid on commonshares ($4.14 per share)","Adjustment to adopt ASU 2016-02Net earnings..Other comprehensive income(loss)....Issuances of common stock,andrelated tax effectsShare-based compensationCommon share repurchasesCash dividends paid on commonshares ($4.14 per share)","Adjustment to adopt ASU 2016-02Net earnings..Other comprehensive income(loss)....Issuances of common stock,andrelated tax effectsShare-based compensationCommon share repurchasesCash dividends paid on commonshares ($4.14 per share)","Adjustment to adopt ASU 2016-02Net earnings..Other comprehensive income(loss)....Issuances of common stock,andrelated tax effectsShare-based compensationCommon share repurchasesCash dividends paid on commonshares ($4.14 per share)","Adjustment to adopt ASU 2016-02Net earnings..Other comprehensive income(loss)....Issuances of common stock,andrelated tax effectsShare-based compensationCommon share repurchasesCash dividends paid on commonshares ($4.14 per share)",,,,,,,,,,,"(3,932)",,,,"(3,932)",,,,,,,,
Redeemable noncontrolling interestfair value and other adjustments .Acquisition and other adjustments ofnonredeemable noncontrollinginterests....Distributions to nonredeemablenoncontrolling interest,Redeemable noncontrolling interestfair value and other adjustments .Acquisition and other adjustments ofnonredeemable noncontrollinginterests....Distributions to nonredeemablenoncontrolling interest,Redeemable noncontrolling interestfair value and other adjustments .Acquisition and other adjustments ofnonredeemable noncontrollinginterests....Distributions to nonredeemablenoncontrolling interest,Redeemable noncontrolling interestfair value and other adjustments .Acquisition and other adjustments ofnonredeemable noncontrollinginterests....Distributions to nonredeemablenoncontrolling interest,Redeemable noncontrolling interestfair value and other adjustments .Acquisition and other adjustments ofnonredeemable noncontrollinginterests....Distributions to nonredeemablenoncontrolling interest,Redeemable noncontrolling interestfair value and other adjustments .Acquisition and other adjustments ofnonredeemable noncontrollinginterests....Distributions to nonredeemablenoncontrolling interest,Redeemable noncontrolling interestfair value and other adjustments .Acquisition and other adjustments ofnonredeemable noncontrollinginterests....Distributions to nonredeemablenoncontrolling interest,Redeemable noncontrolling interestfair value and other adjustments .Acquisition and other adjustments ofnonredeemable noncontrollinginterests....Distributions to nonredeemablenoncontrolling interest,Redeemable noncontrolling interestfair value and other adjustments .Acquisition and other adjustments ofnonredeemable noncontrollinginterests....Distributions to nonredeemablenoncontrolling interest,Redeemable noncontrolling interestfair value and other adjustments .Acquisition and other adjustments ofnonredeemable noncontrollinginterests....Distributions to nonredeemablenoncontrolling interest,,,,,,,,(316),,,,,,,,,,,,,,,
Redeemable noncontrolling interestfair value and other adjustments .Acquisition and other adjustments ofnonredeemable noncontrollinginterests....Distributions to nonredeemablenoncontrolling interest,Redeemable noncontrolling interestfair value and other adjustments .Acquisition and other adjustments ofnonredeemable noncontrollinginterests....Distributions to nonredeemablenoncontrolling interest,Redeemable noncontrolling interestfair value and other adjustments .Acquisition and other adjustments ofnonredeemable noncontrollinginterests....Distributions to nonredeemablenoncontrolling interest,Redeemable noncontrolling interestfair value and other adjustments .Acquisition and other adjustments ofnonredeemable noncontrollinginterests....Distributions to nonredeemablenoncontrolling interest,Redeemable noncontrolling interestfair value and other adjustments .Acquisition and other adjustments ofnonredeemable noncontrollinginterests....Distributions to nonredeemablenoncontrolling interest,Redeemable noncontrolling interestfair value and other adjustments .Acquisition and other adjustments ofnonredeemable noncontrollinginterests....Distributions to nonredeemablenoncontrolling interest,Redeemable noncontrolling interestfair value and other adjustments .Acquisition and other adjustments ofnonredeemable noncontrollinginterests....Distributions to nonredeemablenoncontrolling interest,Redeemable noncontrolling interestfair value and other adjustments .Acquisition and other adjustments ofnonredeemable noncontrollinginterests....Distributions to nonredeemablenoncontrolling interest,Redeemable noncontrolling interestfair value and other adjustments .Acquisition and other adjustments ofnonredeemable noncontrollinginterests....Distributions to nonredeemablenoncontrolling interest,Redeemable noncontrolling interestfair value and other adjustments .Acquisition and other adjustments ofnonredeemable noncontrollinginterests....Distributions to nonredeemablenoncontrolling interest,,,,,,,,(316),,,,,,,,,,,,,,,
Redeemable noncontrolling interestfair value and other adjustments .Acquisition and other adjustments ofnonredeemable noncontrollinginterests....Distributions to nonredeemablenoncontrolling interest,Redeemable noncontrolling interestfair value and other adjustments .Acquisition and other adjustments ofnonredeemable noncontrollinginterests....Distributions to nonredeemablenoncontrolling interest,Redeemable noncontrolling interestfair value and other adjustments .Acquisition and other adjustments ofnonredeemable noncontrollinginterests....Distributions to nonredeemablenoncontrolling interest,Redeemable noncontrolling interestfair value and other adjustments .Acquisition and other adjustments ofnonredeemable noncontrollinginterests....Distributions to nonredeemablenoncontrolling interest,Redeemable noncontrolling interestfair value and other adjustments .Acquisition and other adjustments ofnonredeemable noncontrollinginterests....Distributions to nonredeemablenoncontrolling interest,Redeemable noncontrolling interestfair value and other adjustments .Acquisition and other adjustments ofnonredeemable noncontrollinginterests....Distributions to nonredeemablenoncontrolling interest,Redeemable noncontrolling interestfair value and other adjustments .Acquisition and other adjustments ofnonredeemable noncontrollinginterests....Distributions to nonredeemablenoncontrolling interest,Redeemable noncontrolling interestfair value and other adjustments .Acquisition and other adjustments ofnonredeemable noncontrollinginterests....Distributions to nonredeemablenoncontrolling interest,Redeemable noncontrolling interestfair value and other adjustments .Acquisition and other adjustments ofnonredeemable noncontrollinginterests....Distributions to nonredeemablenoncontrolling interest,Redeemable noncontrolling interestfair value and other adjustments .Acquisition and other adjustments ofnonredeemable noncontrollinginterests....Distributions to nonredeemablenoncontrolling interest,,,,,,,,(316),,,,,,,,,,,,,,,
Redeemable noncontrolling interestfair value and other adjustments .Acquisition and other adjustments ofnonredeemable noncontrollinginterests....Distributions to nonredeemablenoncontrolling interest,Redeemable noncontrolling interestfair value and other adjustments .Acquisition and other adjustments ofnonredeemable noncontrollinginterests....Distributions to nonredeemablenoncontrolling interest,Redeemable noncontrolling interestfair value and other adjustments .Acquisition and other adjustments ofnonredeemable noncontrollinginterests....Distributions to nonredeemablenoncontrolling interest,Redeemable noncontrolling interestfair value and other adjustments .Acquisition and other adjustments ofnonredeemable noncontrollinginterests....Distributions to nonredeemablenoncontrolling interest,Redeemable noncontrolling interestfair value and other adjustments .Acquisition and other adjustments ofnonredeemable noncontrollinginterests....Distributions to nonredeemablenoncontrolling interest,Redeemable noncontrolling interestfair value and other adjustments .Acquisition and other adjustments ofnonredeemable noncontrollinginterests....Distributions to nonredeemablenoncontrolling interest,Redeemable noncontrolling interestfair value and other adjustments .Acquisition and other adjustments ofnonredeemable noncontrollinginterests....Distributions to nonredeemablenoncontrolling interest,Redeemable noncontrolling interestfair value and other adjustments .Acquisition and other adjustments ofnonredeemable noncontrollinginterests....Distributions to nonredeemablenoncontrolling interest,Redeemable noncontrolling interestfair value and other adjustments .Acquisition and other adjustments ofnonredeemable noncontrollinginterests....Distributions to nonredeemablenoncontrolling interest,Redeemable noncontrolling interestfair value and other adjustments .Acquisition and other adjustments ofnonredeemable noncontrollinginterests....Distributions to nonredeemablenoncontrolling interest,,,,,,,,(316),,,,,,,,,,,,,,,
Redeemable noncontrolling interestfair value and other adjustments .Acquisition and other adjustments ofnonredeemable noncontrollinginterests....Distributions to nonredeemablenoncontrolling interest,Redeemable noncontrolling interestfair value and other adjustments .Acquisition and other adjustments ofnonredeemable noncontrollinginterests....Distributions to nonredeemablenoncontrolling interest,Redeemable noncontrolling interestfair value and other adjustments .Acquisition and other adjustments ofnonredeemable noncontrollinginterests....Distributions to nonredeemablenoncontrolling interest,Redeemable noncontrolling interestfair value and other adjustments .Acquisition and other adjustments ofnonredeemable noncontrollinginterests....Distributions to nonredeemablenoncontrolling interest,Redeemable noncontrolling interestfair value and other adjustments .Acquisition and other adjustments ofnonredeemable noncontrollinginterests....Distributions to nonredeemablenoncontrolling interest,Redeemable noncontrolling interestfair value and other adjustments .Acquisition and other adjustments ofnonredeemable noncontrollinginterests....Distributions to nonredeemablenoncontrolling interest,Redeemable noncontrolling interestfair value and other adjustments .Acquisition and other adjustments ofnonredeemable noncontrollinginterests....Distributions to nonredeemablenoncontrolling interest,Redeemable noncontrolling interestfair value and other adjustments .Acquisition and other adjustments ofnonredeemable noncontrollinginterests....Distributions to nonredeemablenoncontrolling interest,Redeemable noncontrolling interestfair value and other adjustments .Acquisition and other adjustments ofnonredeemable noncontrollinginterests....Distributions to nonredeemablenoncontrolling interest,Redeemable noncontrolling interestfair value and other adjustments .Acquisition and other adjustments ofnonredeemable noncontrollinginterests....Distributions to nonredeemablenoncontrolling interest,,,,,,,,(316),,,,,,(316),,,,,,,,,
Redeemable noncontrolling interestfair value and other adjustments .Acquisition and other adjustments ofnonredeemable noncontrollinginterests....Distributions to nonredeemablenoncontrolling interest,Redeemable noncontrolling interestfair value and other adjustments .Acquisition and other adjustments ofnonredeemable noncontrollinginterests....Distributions to nonredeemablenoncontrolling interest,Redeemable noncontrolling interestfair value and other adjustments .Acquisition and other adjustments ofnonredeemable noncontrollinginterests....Distributions to nonredeemablenoncontrolling interest,Redeemable noncontrolling interestfair value and other adjustments .Acquisition and other adjustments ofnonredeemable noncontrollinginterests....Distributions to nonredeemablenoncontrolling interest,Redeemable noncontrolling interestfair value and other adjustments .Acquisition and other adjustments ofnonredeemable noncontrollinginterests....Distributions to nonredeemablenoncontrolling interest,Redeemable noncontrolling interestfair value and other adjustments .Acquisition and other adjustments ofnonredeemable noncontrollinginterests....Distributions to nonredeemablenoncontrolling interest,Redeemable noncontrolling interestfair value and other adjustments .Acquisition and other adjustments ofnonredeemable noncontrollinginterests....Distributions to nonredeemablenoncontrolling interest,Redeemable noncontrolling interestfair value and other adjustments .Acquisition and other adjustments ofnonredeemable noncontrollinginterests....Distributions to nonredeemablenoncontrolling interest,Redeemable noncontrolling interestfair value and other adjustments .Acquisition and other adjustments ofnonredeemable noncontrollinginterests....Distributions to nonredeemablenoncontrolling interest,Redeemable noncontrolling interestfair value and other adjustments .Acquisition and other adjustments ofnonredeemable noncontrollinginterests....Distributions to nonredeemablenoncontrolling interest,,,,,,,,,,,,,,,,,,,,,,,
Redeemable noncontrolling interestfair value and other adjustments .Acquisition and other adjustments ofnonredeemable noncontrollinginterests....Distributions to nonredeemablenoncontrolling interest,Redeemable noncontrolling interestfair value and other adjustments .Acquisition and other adjustments ofnonredeemable noncontrollinginterests....Distributions to nonredeemablenoncontrolling interest,Redeemable noncontrolling interestfair value and other adjustments .Acquisition and other adjustments ofnonredeemable noncontrollinginterests....Distributions to nonredeemablenoncontrolling interest,Redeemable noncontrolling interestfair value and other adjustments .Acquisition and other adjustments ofnonredeemable noncontrollinginterests....Distributions to nonredeemablenoncontrolling interest,Redeemable noncontrolling interestfair value and other adjustments .Acquisition and other adjustments ofnonredeemable noncontrollinginterests....Distributions to nonredeemablenoncontrolling interest,Redeemable noncontrolling interestfair value and other adjustments .Acquisition and other adjustments ofnonredeemable noncontrollinginterests....Distributions to nonredeemablenoncontrolling interest,Redeemable noncontrolling interestfair value and other adjustments .Acquisition and other adjustments ofnonredeemable noncontrollinginterests....Distributions to nonredeemablenoncontrolling interest,Redeemable noncontrolling interestfair value and other adjustments .Acquisition and other adjustments ofnonredeemable noncontrollinginterests....Distributions to nonredeemablenoncontrolling interest,Redeemable noncontrolling interestfair value and other adjustments .Acquisition and other adjustments ofnonredeemable noncontrollinginterests....Distributions to nonredeemablenoncontrolling interest,Redeemable noncontrolling interestfair value and other adjustments .Acquisition and other adjustments ofnonredeemable noncontrollinginterests....Distributions to nonredeemablenoncontrolling interest,,,,,,,(109),,,,,,,,,,,,,,,,
Redeemable noncontrolling interestfair value and other adjustments .Acquisition and other adjustments ofnonredeemable noncontrollinginterests....Distributions to nonredeemablenoncontrolling interest,Redeemable noncontrolling interestfair value and other adjustments .Acquisition and other adjustments ofnonredeemable noncontrollinginterests....Distributions to nonredeemablenoncontrolling interest,Redeemable noncontrolling interestfair value and other adjustments .Acquisition and other adjustments ofnonredeemable noncontrollinginterests....Distributions to nonredeemablenoncontrolling interest,Redeemable noncontrolling interestfair value and other adjustments .Acquisition and other adjustments ofnonredeemable noncontrollinginterests....Distributions to nonredeemablenoncontrolling interest,Redeemable noncontrolling interestfair value and other adjustments .Acquisition and other adjustments ofnonredeemable noncontrollinginterests....Distributions to nonredeemablenoncontrolling interest,Redeemable noncontrolling interestfair value and other adjustments .Acquisition and other adjustments ofnonredeemable noncontrollinginterests....Distributions to nonredeemablenoncontrolling interest,Redeemable noncontrolling interestfair value and other adjustments .Acquisition and other adjustments ofnonredeemable noncontrollinginterests....Distributions to nonredeemablenoncontrolling interest,Redeemable noncontrolling interestfair value and other adjustments .Acquisition and other adjustments ofnonredeemable noncontrollinginterests....Distributions to nonredeemablenoncontrolling interest,Redeemable noncontrolling interestfair value and other adjustments .Acquisition and other adjustments ofnonredeemable noncontrollinginterests....Distributions to nonredeemablenoncontrolling interest,Redeemable noncontrolling interestfair value and other adjustments .Acquisition and other adjustments ofnonredeemable noncontrollinginterests....Distributions to nonredeemablenoncontrolling interest,,,,,,,(109),,,,196,87,,,,,,,,,,,
Redeemable noncontrolling interestfair value and other adjustments .Acquisition and other adjustments ofnonredeemable noncontrollinginterests....Distributions to nonredeemablenoncontrolling interest,Redeemable noncontrolling interestfair value and other adjustments .Acquisition and other adjustments ofnonredeemable noncontrollinginterests....Distributions to nonredeemablenoncontrolling interest,Redeemable noncontrolling interestfair value and other adjustments .Acquisition and other adjustments ofnonredeemable noncontrollinginterests....Distributions to nonredeemablenoncontrolling interest,Redeemable noncontrolling interestfair value and other adjustments .Acquisition and other adjustments ofnonredeemable noncontrollinginterests....Distributions to nonredeemablenoncontrolling interest,Redeemable noncontrolling interestfair value and other adjustments .Acquisition and other adjustments ofnonredeemable noncontrollinginterests....Distributions to nonredeemablenoncontrolling interest,Redeemable noncontrolling interestfair value and other adjustments .Acquisition and other adjustments ofnonredeemable noncontrollinginterests....Distributions to nonredeemablenoncontrolling interest,Redeemable noncontrolling interestfair value and other adjustments .Acquisition and other adjustments ofnonredeemable noncontrollinginterests....Distributions to nonredeemablenoncontrolling interest,Redeemable noncontrolling interestfair value and other adjustments .Acquisition and other adjustments ofnonredeemable noncontrollinginterests....Distributions to nonredeemablenoncontrolling interest,Redeemable noncontrolling interestfair value and other adjustments .Acquisition and other adjustments ofnonredeemable noncontrollinginterests....Distributions to nonredeemablenoncontrolling interest,Redeemable noncontrolling interestfair value and other adjustments .Acquisition and other adjustments ofnonredeemable noncontrollinginterests....Distributions to nonredeemablenoncontrolling interest,,,,,,,,,,,(279),(279),,,,,,,,,,,
"Balance at December 31,2019Adjustment to adopt ASU 2016-13Net earningsOther comprehensive income(loss)Issuances of common stock,andrelated tax effectsShare-based compensationCommon share repurchasesCash dividends paid on commonshares ($4.83 per share)Redeemable noncontrolling interestsfair value and other adjustments .Acquisition and other adjustments ofnonredeemable noncontrollinginterests.......Distributions to nonredeemablenoncontrolling interests .Balance at December 31,2020","Balance at December 31,2019Adjustment to adopt ASU 2016-13Net earningsOther comprehensive income(loss)Issuances of common stock,andrelated tax effectsShare-based compensationCommon share repurchasesCash dividends paid on commonshares ($4.83 per share)Redeemable noncontrolling interestsfair value and other adjustments .Acquisition and other adjustments ofnonredeemable noncontrollinginterests.......Distributions to nonredeemablenoncontrolling interests .Balance at December 31,2020","Balance at December 31,2019Adjustment to adopt ASU 2016-13Net earningsOther comprehensive income(loss)Issuances of common stock,andrelated tax effectsShare-based compensationCommon share repurchasesCash dividends paid on commonshares ($4.83 per share)Redeemable noncontrolling interestsfair value and other adjustments .Acquisition and other adjustments ofnonredeemable noncontrollinginterests.......Distributions to nonredeemablenoncontrolling interests .Balance at December 31,2020","Balance at December 31,2019Adjustment to adopt ASU 2016-13Net earningsOther comprehensive income(loss)Issuances of common stock,andrelated tax effectsShare-based compensationCommon share repurchasesCash dividends paid on commonshares ($4.83 per share)Redeemable noncontrolling interestsfair value and other adjustments .Acquisition and other adjustments ofnonredeemable noncontrollinginterests.......Distributions to nonredeemablenoncontrolling interests .Balance at December 31,2020","Balance at December 31,2019Adjustment to adopt ASU 2016-13Net earningsOther comprehensive income(loss)Issuances of common stock,andrelated tax effectsShare-based compensationCommon share repurchasesCash dividends paid on commonshares ($4.83 per share)Redeemable noncontrolling interestsfair value and other adjustments .Acquisition and other adjustments ofnonredeemable noncontrollinginterests.......Distributions to nonredeemablenoncontrolling interests .Balance at December 31,2020","Balance at December 31,2019Adjustment to adopt ASU 2016-13Net earningsOther comprehensive income(loss)Issuances of common stock,andrelated tax effectsShare-based compensationCommon share repurchasesCash dividends paid on commonshares ($4.83 per share)Redeemable noncontrolling interestsfair value and other adjustments .Acquisition and other adjustments ofnonredeemable noncontrollinginterests.......Distributions to nonredeemablenoncontrolling interests .Balance at December 31,2020","Balance at December 31,2019Adjustment to adopt ASU 2016-13Net earningsOther comprehensive income(loss)Issuances of common stock,andrelated tax effectsShare-based compensationCommon share repurchasesCash dividends paid on commonshares ($4.83 per share)Redeemable noncontrolling interestsfair value and other adjustments .Acquisition and other adjustments ofnonredeemable noncontrollinginterests.......Distributions to nonredeemablenoncontrolling interests .Balance at December 31,2020","Balance at December 31,2019Adjustment to adopt ASU 2016-13Net earningsOther comprehensive income(loss)Issuances of common stock,andrelated tax effectsShare-based compensationCommon share repurchasesCash dividends paid on commonshares ($4.83 per share)Redeemable noncontrolling interestsfair value and other adjustments .Acquisition and other adjustments ofnonredeemable noncontrollinginterests.......Distributions to nonredeemablenoncontrolling interests .Balance at December 31,2020","Balance at December 31,2019Adjustment to adopt ASU 2016-13Net earningsOther comprehensive income(loss)Issuances of common stock,andrelated tax effectsShare-based compensationCommon share repurchasesCash dividends paid on commonshares ($4.83 per share)Redeemable noncontrolling interestsfair value and other adjustments .Acquisition and other adjustments ofnonredeemable noncontrollinginterests.......Distributions to nonredeemablenoncontrolling interests .Balance at December 31,2020","Balance at December 31,2019Adjustment to adopt ASU 2016-13Net earningsOther comprehensive income(loss)Issuances of common stock,andrelated tax effectsShare-based compensationCommon share repurchasesCash dividends paid on commonshares ($4.83 per share)Redeemable noncontrolling interestsfair value and other adjustments .Acquisition and other adjustments ofnonredeemable noncontrollinginterests.......Distributions to nonredeemablenoncontrolling interests .Balance at December 31,2020",948,948,948,9,9,9,7,"61,178(28)",589,"(4,167)","2,820","60,436(28)",,,,,,,,,,,
"Balance at December 31,2019Adjustment to adopt ASU 2016-13Net earningsOther comprehensive income(loss)Issuances of common stock,andrelated tax effectsShare-based compensationCommon share repurchasesCash dividends paid on commonshares ($4.83 per share)Redeemable noncontrolling interestsfair value and other adjustments .Acquisition and other adjustments ofnonredeemable noncontrollinginterests.......Distributions to nonredeemablenoncontrolling interests .Balance at December 31,2020","Balance at December 31,2019Adjustment to adopt ASU 2016-13Net earningsOther comprehensive income(loss)Issuances of common stock,andrelated tax effectsShare-based compensationCommon share repurchasesCash dividends paid on commonshares ($4.83 per share)Redeemable noncontrolling interestsfair value and other adjustments .Acquisition and other adjustments ofnonredeemable noncontrollinginterests.......Distributions to nonredeemablenoncontrolling interests .Balance at December 31,2020","Balance at December 31,2019Adjustment to adopt ASU 2016-13Net earningsOther comprehensive income(loss)Issuances of common stock,andrelated tax effectsShare-based compensationCommon share repurchasesCash dividends paid on commonshares ($4.83 per share)Redeemable noncontrolling interestsfair value and other adjustments .Acquisition and other adjustments ofnonredeemable noncontrollinginterests.......Distributions to nonredeemablenoncontrolling interests .Balance at December 31,2020","Balance at December 31,2019Adjustment to adopt ASU 2016-13Net earningsOther comprehensive income(loss)Issuances of common stock,andrelated tax effectsShare-based compensationCommon share repurchasesCash dividends paid on commonshares ($4.83 per share)Redeemable noncontrolling interestsfair value and other adjustments .Acquisition and other adjustments ofnonredeemable noncontrollinginterests.......Distributions to nonredeemablenoncontrolling interests .Balance at December 31,2020","Balance at December 31,2019Adjustment to adopt ASU 2016-13Net earningsOther comprehensive income(loss)Issuances of common stock,andrelated tax effectsShare-based compensationCommon share repurchasesCash dividends paid on commonshares ($4.83 per share)Redeemable noncontrolling interestsfair value and other adjustments .Acquisition and other adjustments ofnonredeemable noncontrollinginterests.......Distributions to nonredeemablenoncontrolling interests .Balance at December 31,2020","Balance at December 31,2019Adjustment to adopt ASU 2016-13Net earningsOther comprehensive income(loss)Issuances of common stock,andrelated tax effectsShare-based compensationCommon share repurchasesCash dividends paid on commonshares ($4.83 per share)Redeemable noncontrolling interestsfair value and other adjustments .Acquisition and other adjustments ofnonredeemable noncontrollinginterests.......Distributions to nonredeemablenoncontrolling interests .Balance at December 31,2020","Balance at December 31,2019Adjustment to adopt ASU 2016-13Net earningsOther comprehensive income(loss)Issuances of common stock,andrelated tax effectsShare-based compensationCommon share repurchasesCash dividends paid on commonshares ($4.83 per share)Redeemable noncontrolling interestsfair value and other adjustments .Acquisition and other adjustments ofnonredeemable noncontrollinginterests.......Distributions to nonredeemablenoncontrolling interests .Balance at December 31,2020","Balance at December 31,2019Adjustment to adopt ASU 2016-13Net earningsOther comprehensive income(loss)Issuances of common stock,andrelated tax effectsShare-based compensationCommon share repurchasesCash dividends paid on commonshares ($4.83 per share)Redeemable noncontrolling interestsfair value and other adjustments .Acquisition and other adjustments ofnonredeemable noncontrollinginterests.......Distributions to nonredeemablenoncontrolling interests .Balance at December 31,2020","Balance at December 31,2019Adjustment to adopt ASU 2016-13Net earningsOther comprehensive income(loss)Issuances of common stock,andrelated tax effectsShare-based compensationCommon share repurchasesCash dividends paid on commonshares ($4.83 per share)Redeemable noncontrolling interestsfair value and other adjustments .Acquisition and other adjustments ofnonredeemable noncontrollinginterests.......Distributions to nonredeemablenoncontrolling interests .Balance at December 31,2020","Balance at December 31,2019Adjustment to adopt ASU 2016-13Net earningsOther comprehensive income(loss)Issuances of common stock,andrelated tax effectsShare-based compensationCommon share repurchasesCash dividends paid on commonshares ($4.83 per share)Redeemable noncontrolling interestsfair value and other adjustments .Acquisition and other adjustments ofnonredeemable noncontrollinginterests.......Distributions to nonredeemablenoncontrolling interests .Balance at December 31,2020",,,,,,,,"(28)15,403",,,254,"15,657",,,,,,,,,,,
"Balance at December 31,2019Adjustment to adopt ASU 2016-13Net earningsOther comprehensive income(loss)Issuances of common stock,andrelated tax effectsShare-based compensationCommon share repurchasesCash dividends paid on commonshares ($4.83 per share)Redeemable noncontrolling interestsfair value and other adjustments .Acquisition and other adjustments ofnonredeemable noncontrollinginterests.......Distributions to nonredeemablenoncontrolling interests .Balance at December 31,2020","Balance at December 31,2019Adjustment to adopt ASU 2016-13Net earningsOther comprehensive income(loss)Issuances of common stock,andrelated tax effectsShare-based compensationCommon share repurchasesCash dividends paid on commonshares ($4.83 per share)Redeemable noncontrolling interestsfair value and other adjustments .Acquisition and other adjustments ofnonredeemable noncontrollinginterests.......Distributions to nonredeemablenoncontrolling interests .Balance at December 31,2020","Balance at December 31,2019Adjustment to adopt ASU 2016-13Net earningsOther comprehensive income(loss)Issuances of common stock,andrelated tax effectsShare-based compensationCommon share repurchasesCash dividends paid on commonshares ($4.83 per share)Redeemable noncontrolling interestsfair value and other adjustments .Acquisition and other adjustments ofnonredeemable noncontrollinginterests.......Distributions to nonredeemablenoncontrolling interests .Balance at December 31,2020","Balance at December 31,2019Adjustment to adopt ASU 2016-13Net earningsOther comprehensive income(loss)Issuances of common stock,andrelated tax effectsShare-based compensationCommon share repurchasesCash dividends paid on commonshares ($4.83 per share)Redeemable noncontrolling interestsfair value and other adjustments .Acquisition and other adjustments ofnonredeemable noncontrollinginterests.......Distributions to nonredeemablenoncontrolling interests .Balance at December 31,2020","Balance at December 31,2019Adjustment to adopt ASU 2016-13Net earningsOther comprehensive income(loss)Issuances of common stock,andrelated tax effectsShare-based compensationCommon share repurchasesCash dividends paid on commonshares ($4.83 per share)Redeemable noncontrolling interestsfair value and other adjustments .Acquisition and other adjustments ofnonredeemable noncontrollinginterests.......Distributions to nonredeemablenoncontrolling interests .Balance at December 31,2020","Balance at December 31,2019Adjustment to adopt ASU 2016-13Net earningsOther comprehensive income(loss)Issuances of common stock,andrelated tax effectsShare-based compensationCommon share repurchasesCash dividends paid on commonshares ($4.83 per share)Redeemable noncontrolling interestsfair value and other adjustments .Acquisition and other adjustments ofnonredeemable noncontrollinginterests.......Distributions to nonredeemablenoncontrolling interests .Balance at December 31,2020","Balance at December 31,2019Adjustment to adopt ASU 2016-13Net earningsOther comprehensive income(loss)Issuances of common stock,andrelated tax effectsShare-based compensationCommon share repurchasesCash dividends paid on commonshares ($4.83 per share)Redeemable noncontrolling interestsfair value and other adjustments .Acquisition and other adjustments ofnonredeemable noncontrollinginterests.......Distributions to nonredeemablenoncontrolling interests .Balance at December 31,2020","Balance at December 31,2019Adjustment to adopt ASU 2016-13Net earningsOther comprehensive income(loss)Issuances of common stock,andrelated tax effectsShare-based compensationCommon share repurchasesCash dividends paid on commonshares ($4.83 per share)Redeemable noncontrolling interestsfair value and other adjustments .Acquisition and other adjustments ofnonredeemable noncontrollinginterests.......Distributions to nonredeemablenoncontrolling interests .Balance at December 31,2020","Balance at December 31,2019Adjustment to adopt ASU 2016-13Net earningsOther comprehensive income(loss)Issuances of common stock,andrelated tax effectsShare-based compensationCommon share repurchasesCash dividends paid on commonshares ($4.83 per share)Redeemable noncontrolling interestsfair value and other adjustments .Acquisition and other adjustments ofnonredeemable noncontrollinginterests.......Distributions to nonredeemablenoncontrolling interests .Balance at December 31,2020","Balance at December 31,2019Adjustment to adopt ASU 2016-13Net earningsOther comprehensive income(loss)Issuances of common stock,andrelated tax effectsShare-based compensationCommon share repurchasesCash dividends paid on commonshares ($4.83 per share)Redeemable noncontrolling interestsfair value and other adjustments .Acquisition and other adjustments ofnonredeemable noncontrollinginterests.......Distributions to nonredeemablenoncontrolling interests .Balance at December 31,2020",,,,,,,,,747,(983),,(236),,,,,,,,,,,
"Balance at December 31,2019Adjustment to adopt ASU 2016-13Net earningsOther comprehensive income(loss)Issuances of common stock,andrelated tax effectsShare-based compensationCommon share repurchasesCash dividends paid on commonshares ($4.83 per share)Redeemable noncontrolling interestsfair value and other adjustments .Acquisition and other adjustments ofnonredeemable noncontrollinginterests.......Distributions to nonredeemablenoncontrolling interests .Balance at December 31,2020","Balance at December 31,2019Adjustment to adopt ASU 2016-13Net earningsOther comprehensive income(loss)Issuances of common stock,andrelated tax effectsShare-based compensationCommon share repurchasesCash dividends paid on commonshares ($4.83 per share)Redeemable noncontrolling interestsfair value and other adjustments .Acquisition and other adjustments ofnonredeemable noncontrollinginterests.......Distributions to nonredeemablenoncontrolling interests .Balance at December 31,2020","Balance at December 31,2019Adjustment to adopt ASU 2016-13Net earningsOther comprehensive income(loss)Issuances of common stock,andrelated tax effectsShare-based compensationCommon share repurchasesCash dividends paid on commonshares ($4.83 per share)Redeemable noncontrolling interestsfair value and other adjustments .Acquisition and other adjustments ofnonredeemable noncontrollinginterests.......Distributions to nonredeemablenoncontrolling interests .Balance at December 31,2020","Balance at December 31,2019Adjustment to adopt ASU 2016-13Net earningsOther comprehensive income(loss)Issuances of common stock,andrelated tax effectsShare-based compensationCommon share repurchasesCash dividends paid on commonshares ($4.83 per share)Redeemable noncontrolling interestsfair value and other adjustments .Acquisition and other adjustments ofnonredeemable noncontrollinginterests.......Distributions to nonredeemablenoncontrolling interests .Balance at December 31,2020","Balance at December 31,2019Adjustment to adopt ASU 2016-13Net earningsOther comprehensive income(loss)Issuances of common stock,andrelated tax effectsShare-based compensationCommon share repurchasesCash dividends paid on commonshares ($4.83 per share)Redeemable noncontrolling interestsfair value and other adjustments .Acquisition and other adjustments ofnonredeemable noncontrollinginterests.......Distributions to nonredeemablenoncontrolling interests .Balance at December 31,2020","Balance at December 31,2019Adjustment to adopt ASU 2016-13Net earningsOther comprehensive income(loss)Issuances of common stock,andrelated tax effectsShare-based compensationCommon share repurchasesCash dividends paid on commonshares ($4.83 per share)Redeemable noncontrolling interestsfair value and other adjustments .Acquisition and other adjustments ofnonredeemable noncontrollinginterests.......Distributions to nonredeemablenoncontrolling interests .Balance at December 31,2020","Balance at December 31,2019Adjustment to adopt ASU 2016-13Net earningsOther comprehensive income(loss)Issuances of common stock,andrelated tax effectsShare-based compensationCommon share repurchasesCash dividends paid on commonshares ($4.83 per share)Redeemable noncontrolling interestsfair value and other adjustments .Acquisition and other adjustments ofnonredeemable noncontrollinginterests.......Distributions to nonredeemablenoncontrolling interests .Balance at December 31,2020","Balance at December 31,2019Adjustment to adopt ASU 2016-13Net earningsOther comprehensive income(loss)Issuances of common stock,andrelated tax effectsShare-based compensationCommon share repurchasesCash dividends paid on commonshares ($4.83 per share)Redeemable noncontrolling interestsfair value and other adjustments .Acquisition and other adjustments ofnonredeemable noncontrollinginterests.......Distributions to nonredeemablenoncontrolling interests .Balance at December 31,2020","Balance at December 31,2019Adjustment to adopt ASU 2016-13Net earningsOther comprehensive income(loss)Issuances of common stock,andrelated tax effectsShare-based compensationCommon share repurchasesCash dividends paid on commonshares ($4.83 per share)Redeemable noncontrolling interestsfair value and other adjustments .Acquisition and other adjustments ofnonredeemable noncontrollinginterests.......Distributions to nonredeemablenoncontrolling interests .Balance at December 31,2020","Balance at December 31,2019Adjustment to adopt ASU 2016-13Net earningsOther comprehensive income(loss)Issuances of common stock,andrelated tax effectsShare-based compensationCommon share repurchasesCash dividends paid on commonshares ($4.83 per share)Redeemable noncontrolling interestsfair value and other adjustments .Acquisition and other adjustments ofnonredeemable noncontrollinginterests.......Distributions to nonredeemablenoncontrolling interests .Balance at December 31,2020",12,12,12,1,1,1,"1,119647",,,,,"1,120647",,,,,,,,,,,
"Balance at December 31,2019Adjustment to adopt ASU 2016-13Net earningsOther comprehensive income(loss)Issuances of common stock,andrelated tax effectsShare-based compensationCommon share repurchasesCash dividends paid on commonshares ($4.83 per share)Redeemable noncontrolling interestsfair value and other adjustments .Acquisition and other adjustments ofnonredeemable noncontrollinginterests.......Distributions to nonredeemablenoncontrolling interests .Balance at December 31,2020","Balance at December 31,2019Adjustment to adopt ASU 2016-13Net earningsOther comprehensive income(loss)Issuances of common stock,andrelated tax effectsShare-based compensationCommon share repurchasesCash dividends paid on commonshares ($4.83 per share)Redeemable noncontrolling interestsfair value and other adjustments .Acquisition and other adjustments ofnonredeemable noncontrollinginterests.......Distributions to nonredeemablenoncontrolling interests .Balance at December 31,2020","Balance at December 31,2019Adjustment to adopt ASU 2016-13Net earningsOther comprehensive income(loss)Issuances of common stock,andrelated tax effectsShare-based compensationCommon share repurchasesCash dividends paid on commonshares ($4.83 per share)Redeemable noncontrolling interestsfair value and other adjustments .Acquisition and other adjustments ofnonredeemable noncontrollinginterests.......Distributions to nonredeemablenoncontrolling interests .Balance at December 31,2020","Balance at December 31,2019Adjustment to adopt ASU 2016-13Net earningsOther comprehensive income(loss)Issuances of common stock,andrelated tax effectsShare-based compensationCommon share repurchasesCash dividends paid on commonshares ($4.83 per share)Redeemable noncontrolling interestsfair value and other adjustments .Acquisition and other adjustments ofnonredeemable noncontrollinginterests.......Distributions to nonredeemablenoncontrolling interests .Balance at December 31,2020","Balance at December 31,2019Adjustment to adopt ASU 2016-13Net earningsOther comprehensive income(loss)Issuances of common stock,andrelated tax effectsShare-based compensationCommon share repurchasesCash dividends paid on commonshares ($4.83 per share)Redeemable noncontrolling interestsfair value and other adjustments .Acquisition and other adjustments ofnonredeemable noncontrollinginterests.......Distributions to nonredeemablenoncontrolling interests .Balance at December 31,2020","Balance at December 31,2019Adjustment to adopt ASU 2016-13Net earningsOther comprehensive income(loss)Issuances of common stock,andrelated tax effectsShare-based compensationCommon share repurchasesCash dividends paid on commonshares ($4.83 per share)Redeemable noncontrolling interestsfair value and other adjustments .Acquisition and other adjustments ofnonredeemable noncontrollinginterests.......Distributions to nonredeemablenoncontrolling interests .Balance at December 31,2020","Balance at December 31,2019Adjustment to adopt ASU 2016-13Net earningsOther comprehensive income(loss)Issuances of common stock,andrelated tax effectsShare-based compensationCommon share repurchasesCash dividends paid on commonshares ($4.83 per share)Redeemable noncontrolling interestsfair value and other adjustments .Acquisition and other adjustments ofnonredeemable noncontrollinginterests.......Distributions to nonredeemablenoncontrolling interests .Balance at December 31,2020","Balance at December 31,2019Adjustment to adopt ASU 2016-13Net earningsOther comprehensive income(loss)Issuances of common stock,andrelated tax effectsShare-based compensationCommon share repurchasesCash dividends paid on commonshares ($4.83 per share)Redeemable noncontrolling interestsfair value and other adjustments .Acquisition and other adjustments ofnonredeemable noncontrollinginterests.......Distributions to nonredeemablenoncontrolling interests .Balance at December 31,2020","Balance at December 31,2019Adjustment to adopt ASU 2016-13Net earningsOther comprehensive income(loss)Issuances of common stock,andrelated tax effectsShare-based compensationCommon share repurchasesCash dividends paid on commonshares ($4.83 per share)Redeemable noncontrolling interestsfair value and other adjustments .Acquisition and other adjustments ofnonredeemable noncontrollinginterests.......Distributions to nonredeemablenoncontrolling interests .Balance at December 31,2020","Balance at December 31,2019Adjustment to adopt ASU 2016-13Net earningsOther comprehensive income(loss)Issuances of common stock,andrelated tax effectsShare-based compensationCommon share repurchasesCash dividends paid on commonshares ($4.83 per share)Redeemable noncontrolling interestsfair value and other adjustments .Acquisition and other adjustments ofnonredeemable noncontrollinginterests.......Distributions to nonredeemablenoncontrolling interests .Balance at December 31,2020",(14),(14),(14),,,,"(1,576)","(2,674)",,,,"(4,250)",,,,,,,,,,,
"Balance at December 31,2019Adjustment to adopt ASU 2016-13Net earningsOther comprehensive income(loss)Issuances of common stock,andrelated tax effectsShare-based compensationCommon share repurchasesCash dividends paid on commonshares ($4.83 per share)Redeemable noncontrolling interestsfair value and other adjustments .Acquisition and other adjustments ofnonredeemable noncontrollinginterests.......Distributions to nonredeemablenoncontrolling interests .Balance at December 31,2020","Balance at December 31,2019Adjustment to adopt ASU 2016-13Net earningsOther comprehensive income(loss)Issuances of common stock,andrelated tax effectsShare-based compensationCommon share repurchasesCash dividends paid on commonshares ($4.83 per share)Redeemable noncontrolling interestsfair value and other adjustments .Acquisition and other adjustments ofnonredeemable noncontrollinginterests.......Distributions to nonredeemablenoncontrolling interests .Balance at December 31,2020","Balance at December 31,2019Adjustment to adopt ASU 2016-13Net earningsOther comprehensive income(loss)Issuances of common stock,andrelated tax effectsShare-based compensationCommon share repurchasesCash dividends paid on commonshares ($4.83 per share)Redeemable noncontrolling interestsfair value and other adjustments .Acquisition and other adjustments ofnonredeemable noncontrollinginterests.......Distributions to nonredeemablenoncontrolling interests .Balance at December 31,2020","Balance at December 31,2019Adjustment to adopt ASU 2016-13Net earningsOther comprehensive income(loss)Issuances of common stock,andrelated tax effectsShare-based compensationCommon share repurchasesCash dividends paid on commonshares ($4.83 per share)Redeemable noncontrolling interestsfair value and other adjustments .Acquisition and other adjustments ofnonredeemable noncontrollinginterests.......Distributions to nonredeemablenoncontrolling interests .Balance at December 31,2020","Balance at December 31,2019Adjustment to adopt ASU 2016-13Net earningsOther comprehensive income(loss)Issuances of common stock,andrelated tax effectsShare-based compensationCommon share repurchasesCash dividends paid on commonshares ($4.83 per share)Redeemable noncontrolling interestsfair value and other adjustments .Acquisition and other adjustments ofnonredeemable noncontrollinginterests.......Distributions to nonredeemablenoncontrolling interests .Balance at December 31,2020","Balance at December 31,2019Adjustment to adopt ASU 2016-13Net earningsOther comprehensive income(loss)Issuances of common stock,andrelated tax effectsShare-based compensationCommon share repurchasesCash dividends paid on commonshares ($4.83 per share)Redeemable noncontrolling interestsfair value and other adjustments .Acquisition and other adjustments ofnonredeemable noncontrollinginterests.......Distributions to nonredeemablenoncontrolling interests .Balance at December 31,2020","Balance at December 31,2019Adjustment to adopt ASU 2016-13Net earningsOther comprehensive income(loss)Issuances of common stock,andrelated tax effectsShare-based compensationCommon share repurchasesCash dividends paid on commonshares ($4.83 per share)Redeemable noncontrolling interestsfair value and other adjustments .Acquisition and other adjustments ofnonredeemable noncontrollinginterests.......Distributions to nonredeemablenoncontrolling interests .Balance at December 31,2020","Balance at December 31,2019Adjustment to adopt ASU 2016-13Net earningsOther comprehensive income(loss)Issuances of common stock,andrelated tax effectsShare-based compensationCommon share repurchasesCash dividends paid on commonshares ($4.83 per share)Redeemable noncontrolling interestsfair value and other adjustments .Acquisition and other adjustments ofnonredeemable noncontrollinginterests.......Distributions to nonredeemablenoncontrolling interests .Balance at December 31,2020","Balance at December 31,2019Adjustment to adopt ASU 2016-13Net earningsOther comprehensive income(loss)Issuances of common stock,andrelated tax effectsShare-based compensationCommon share repurchasesCash dividends paid on commonshares ($4.83 per share)Redeemable noncontrolling interestsfair value and other adjustments .Acquisition and other adjustments ofnonredeemable noncontrollinginterests.......Distributions to nonredeemablenoncontrolling interests .Balance at December 31,2020","Balance at December 31,2019Adjustment to adopt ASU 2016-13Net earningsOther comprehensive income(loss)Issuances of common stock,andrelated tax effectsShare-based compensationCommon share repurchasesCash dividends paid on commonshares ($4.83 per share)Redeemable noncontrolling interestsfair value and other adjustments .Acquisition and other adjustments ofnonredeemable noncontrollinginterests.......Distributions to nonredeemablenoncontrolling interests .Balance at December 31,2020",,,,,,,,"(4,584)",,,,"(4,584)",,,,,,,,,,,
"Balance at December 31,2019Adjustment to adopt ASU 2016-13Net earningsOther comprehensive income(loss)Issuances of common stock,andrelated tax effectsShare-based compensationCommon share repurchasesCash dividends paid on commonshares ($4.83 per share)Redeemable noncontrolling interestsfair value and other adjustments .Acquisition and other adjustments ofnonredeemable noncontrollinginterests.......Distributions to nonredeemablenoncontrolling interests .Balance at December 31,2020","Balance at December 31,2019Adjustment to adopt ASU 2016-13Net earningsOther comprehensive income(loss)Issuances of common stock,andrelated tax effectsShare-based compensationCommon share repurchasesCash dividends paid on commonshares ($4.83 per share)Redeemable noncontrolling interestsfair value and other adjustments .Acquisition and other adjustments ofnonredeemable noncontrollinginterests.......Distributions to nonredeemablenoncontrolling interests .Balance at December 31,2020","Balance at December 31,2019Adjustment to adopt ASU 2016-13Net earningsOther comprehensive income(loss)Issuances of common stock,andrelated tax effectsShare-based compensationCommon share repurchasesCash dividends paid on commonshares ($4.83 per share)Redeemable noncontrolling interestsfair value and other adjustments .Acquisition and other adjustments ofnonredeemable noncontrollinginterests.......Distributions to nonredeemablenoncontrolling interests .Balance at December 31,2020","Balance at December 31,2019Adjustment to adopt ASU 2016-13Net earningsOther comprehensive income(loss)Issuances of common stock,andrelated tax effectsShare-based compensationCommon share repurchasesCash dividends paid on commonshares ($4.83 per share)Redeemable noncontrolling interestsfair value and other adjustments .Acquisition and other adjustments ofnonredeemable noncontrollinginterests.......Distributions to nonredeemablenoncontrolling interests .Balance at December 31,2020","Balance at December 31,2019Adjustment to adopt ASU 2016-13Net earningsOther comprehensive income(loss)Issuances of common stock,andrelated tax effectsShare-based compensationCommon share repurchasesCash dividends paid on commonshares ($4.83 per share)Redeemable noncontrolling interestsfair value and other adjustments .Acquisition and other adjustments ofnonredeemable noncontrollinginterests.......Distributions to nonredeemablenoncontrolling interests .Balance at December 31,2020","Balance at December 31,2019Adjustment to adopt ASU 2016-13Net earningsOther comprehensive income(loss)Issuances of common stock,andrelated tax effectsShare-based compensationCommon share repurchasesCash dividends paid on commonshares ($4.83 per share)Redeemable noncontrolling interestsfair value and other adjustments .Acquisition and other adjustments ofnonredeemable noncontrollinginterests.......Distributions to nonredeemablenoncontrolling interests .Balance at December 31,2020","Balance at December 31,2019Adjustment to adopt ASU 2016-13Net earningsOther comprehensive income(loss)Issuances of common stock,andrelated tax effectsShare-based compensationCommon share repurchasesCash dividends paid on commonshares ($4.83 per share)Redeemable noncontrolling interestsfair value and other adjustments .Acquisition and other adjustments ofnonredeemable noncontrollinginterests.......Distributions to nonredeemablenoncontrolling interests .Balance at December 31,2020","Balance at December 31,2019Adjustment to adopt ASU 2016-13Net earningsOther comprehensive income(loss)Issuances of common stock,andrelated tax effectsShare-based compensationCommon share repurchasesCash dividends paid on commonshares ($4.83 per share)Redeemable noncontrolling interestsfair value and other adjustments .Acquisition and other adjustments ofnonredeemable noncontrollinginterests.......Distributions to nonredeemablenoncontrolling interests .Balance at December 31,2020","Balance at December 31,2019Adjustment to adopt ASU 2016-13Net earningsOther comprehensive income(loss)Issuances of common stock,andrelated tax effectsShare-based compensationCommon share repurchasesCash dividends paid on commonshares ($4.83 per share)Redeemable noncontrolling interestsfair value and other adjustments .Acquisition and other adjustments ofnonredeemable noncontrollinginterests.......Distributions to nonredeemablenoncontrolling interests .Balance at December 31,2020","Balance at December 31,2019Adjustment to adopt ASU 2016-13Net earningsOther comprehensive income(loss)Issuances of common stock,andrelated tax effectsShare-based compensationCommon share repurchasesCash dividends paid on commonshares ($4.83 per share)Redeemable noncontrolling interestsfair value and other adjustments .Acquisition and other adjustments ofnonredeemable noncontrollinginterests.......Distributions to nonredeemablenoncontrolling interests .Balance at December 31,2020",,,,,,,,,(197),,,,,,,,,,,,,,
"Balance at December 31,2019Adjustment to adopt ASU 2016-13Net earningsOther comprehensive income(loss)Issuances of common stock,andrelated tax effectsShare-based compensationCommon share repurchasesCash dividends paid on commonshares ($4.83 per share)Redeemable noncontrolling interestsfair value and other adjustments .Acquisition and other adjustments ofnonredeemable noncontrollinginterests.......Distributions to nonredeemablenoncontrolling interests .Balance at December 31,2020","Balance at December 31,2019Adjustment to adopt ASU 2016-13Net earningsOther comprehensive income(loss)Issuances of common stock,andrelated tax effectsShare-based compensationCommon share repurchasesCash dividends paid on commonshares ($4.83 per share)Redeemable noncontrolling interestsfair value and other adjustments .Acquisition and other adjustments ofnonredeemable noncontrollinginterests.......Distributions to nonredeemablenoncontrolling interests .Balance at December 31,2020","Balance at December 31,2019Adjustment to adopt ASU 2016-13Net earningsOther comprehensive income(loss)Issuances of common stock,andrelated tax effectsShare-based compensationCommon share repurchasesCash dividends paid on commonshares ($4.83 per share)Redeemable noncontrolling interestsfair value and other adjustments .Acquisition and other adjustments ofnonredeemable noncontrollinginterests.......Distributions to nonredeemablenoncontrolling interests .Balance at December 31,2020","Balance at December 31,2019Adjustment to adopt ASU 2016-13Net earningsOther comprehensive income(loss)Issuances of common stock,andrelated tax effectsShare-based compensationCommon share repurchasesCash dividends paid on commonshares ($4.83 per share)Redeemable noncontrolling interestsfair value and other adjustments .Acquisition and other adjustments ofnonredeemable noncontrollinginterests.......Distributions to nonredeemablenoncontrolling interests .Balance at December 31,2020","Balance at December 31,2019Adjustment to adopt ASU 2016-13Net earningsOther comprehensive income(loss)Issuances of common stock,andrelated tax effectsShare-based compensationCommon share repurchasesCash dividends paid on commonshares ($4.83 per share)Redeemable noncontrolling interestsfair value and other adjustments .Acquisition and other adjustments ofnonredeemable noncontrollinginterests.......Distributions to nonredeemablenoncontrolling interests .Balance at December 31,2020","Balance at December 31,2019Adjustment to adopt ASU 2016-13Net earningsOther comprehensive income(loss)Issuances of common stock,andrelated tax effectsShare-based compensationCommon share repurchasesCash dividends paid on commonshares ($4.83 per share)Redeemable noncontrolling interestsfair value and other adjustments .Acquisition and other adjustments ofnonredeemable noncontrollinginterests.......Distributions to nonredeemablenoncontrolling interests .Balance at December 31,2020","Balance at December 31,2019Adjustment to adopt ASU 2016-13Net earningsOther comprehensive income(loss)Issuances of common stock,andrelated tax effectsShare-based compensationCommon share repurchasesCash dividends paid on commonshares ($4.83 per share)Redeemable noncontrolling interestsfair value and other adjustments .Acquisition and other adjustments ofnonredeemable noncontrollinginterests.......Distributions to nonredeemablenoncontrolling interests .Balance at December 31,2020","Balance at December 31,2019Adjustment to adopt ASU 2016-13Net earningsOther comprehensive income(loss)Issuances of common stock,andrelated tax effectsShare-based compensationCommon share repurchasesCash dividends paid on commonshares ($4.83 per share)Redeemable noncontrolling interestsfair value and other adjustments .Acquisition and other adjustments ofnonredeemable noncontrollinginterests.......Distributions to nonredeemablenoncontrolling interests .Balance at December 31,2020","Balance at December 31,2019Adjustment to adopt ASU 2016-13Net earningsOther comprehensive income(loss)Issuances of common stock,andrelated tax effectsShare-based compensationCommon share repurchasesCash dividends paid on commonshares ($4.83 per share)Redeemable noncontrolling interestsfair value and other adjustments .Acquisition and other adjustments ofnonredeemable noncontrollinginterests.......Distributions to nonredeemablenoncontrolling interests .Balance at December 31,2020","Balance at December 31,2019Adjustment to adopt ASU 2016-13Net earningsOther comprehensive income(loss)Issuances of common stock,andrelated tax effectsShare-based compensationCommon share repurchasesCash dividends paid on commonshares ($4.83 per share)Redeemable noncontrolling interestsfair value and other adjustments .Acquisition and other adjustments ofnonredeemable noncontrollinginterests.......Distributions to nonredeemablenoncontrolling interests .Balance at December 31,2020",,,,,,,,,(197),,,,,,,,,,,,,,
"Balance at December 31,2019Adjustment to adopt ASU 2016-13Net earningsOther comprehensive income(loss)Issuances of common stock,andrelated tax effectsShare-based compensationCommon share repurchasesCash dividends paid on commonshares ($4.83 per share)Redeemable noncontrolling interestsfair value and other adjustments .Acquisition and other adjustments ofnonredeemable noncontrollinginterests.......Distributions to nonredeemablenoncontrolling interests .Balance at December 31,2020","Balance at December 31,2019Adjustment to adopt ASU 2016-13Net earningsOther comprehensive income(loss)Issuances of common stock,andrelated tax effectsShare-based compensationCommon share repurchasesCash dividends paid on commonshares ($4.83 per share)Redeemable noncontrolling interestsfair value and other adjustments .Acquisition and other adjustments ofnonredeemable noncontrollinginterests.......Distributions to nonredeemablenoncontrolling interests .Balance at December 31,2020","Balance at December 31,2019Adjustment to adopt ASU 2016-13Net earningsOther comprehensive income(loss)Issuances of common stock,andrelated tax effectsShare-based compensationCommon share repurchasesCash dividends paid on commonshares ($4.83 per share)Redeemable noncontrolling interestsfair value and other adjustments .Acquisition and other adjustments ofnonredeemable noncontrollinginterests.......Distributions to nonredeemablenoncontrolling interests .Balance at December 31,2020","Balance at December 31,2019Adjustment to adopt ASU 2016-13Net earningsOther comprehensive income(loss)Issuances of common stock,andrelated tax effectsShare-based compensationCommon share repurchasesCash dividends paid on commonshares ($4.83 per share)Redeemable noncontrolling interestsfair value and other adjustments .Acquisition and other adjustments ofnonredeemable noncontrollinginterests.......Distributions to nonredeemablenoncontrolling interests .Balance at December 31,2020","Balance at December 31,2019Adjustment to adopt ASU 2016-13Net earningsOther comprehensive income(loss)Issuances of common stock,andrelated tax effectsShare-based compensationCommon share repurchasesCash dividends paid on commonshares ($4.83 per share)Redeemable noncontrolling interestsfair value and other adjustments .Acquisition and other adjustments ofnonredeemable noncontrollinginterests.......Distributions to nonredeemablenoncontrolling interests .Balance at December 31,2020","Balance at December 31,2019Adjustment to adopt ASU 2016-13Net earningsOther comprehensive income(loss)Issuances of common stock,andrelated tax effectsShare-based compensationCommon share repurchasesCash dividends paid on commonshares ($4.83 per share)Redeemable noncontrolling interestsfair value and other adjustments .Acquisition and other adjustments ofnonredeemable noncontrollinginterests.......Distributions to nonredeemablenoncontrolling interests .Balance at December 31,2020","Balance at December 31,2019Adjustment to adopt ASU 2016-13Net earningsOther comprehensive income(loss)Issuances of common stock,andrelated tax effectsShare-based compensationCommon share repurchasesCash dividends paid on commonshares ($4.83 per share)Redeemable noncontrolling interestsfair value and other adjustments .Acquisition and other adjustments ofnonredeemable noncontrollinginterests.......Distributions to nonredeemablenoncontrolling interests .Balance at December 31,2020","Balance at December 31,2019Adjustment to adopt ASU 2016-13Net earningsOther comprehensive income(loss)Issuances of common stock,andrelated tax effectsShare-based compensationCommon share repurchasesCash dividends paid on commonshares ($4.83 per share)Redeemable noncontrolling interestsfair value and other adjustments .Acquisition and other adjustments ofnonredeemable noncontrollinginterests.......Distributions to nonredeemablenoncontrolling interests .Balance at December 31,2020","Balance at December 31,2019Adjustment to adopt ASU 2016-13Net earningsOther comprehensive income(loss)Issuances of common stock,andrelated tax effectsShare-based compensationCommon share repurchasesCash dividends paid on commonshares ($4.83 per share)Redeemable noncontrolling interestsfair value and other adjustments .Acquisition and other adjustments ofnonredeemable noncontrollinginterests.......Distributions to nonredeemablenoncontrolling interests .Balance at December 31,2020","Balance at December 31,2019Adjustment to adopt ASU 2016-13Net earningsOther comprehensive income(loss)Issuances of common stock,andrelated tax effectsShare-based compensationCommon share repurchasesCash dividends paid on commonshares ($4.83 per share)Redeemable noncontrolling interestsfair value and other adjustments .Acquisition and other adjustments ofnonredeemable noncontrollinginterests.......Distributions to nonredeemablenoncontrolling interests .Balance at December 31,2020",,,,,,,,,(197),,,,,,,,,,,,,,
"Balance at December 31,2019Adjustment to adopt ASU 2016-13Net earningsOther comprehensive income(loss)Issuances of common stock,andrelated tax effectsShare-based compensationCommon share repurchasesCash dividends paid on commonshares ($4.83 per share)Redeemable noncontrolling interestsfair value and other adjustments .Acquisition and other adjustments ofnonredeemable noncontrollinginterests.......Distributions to nonredeemablenoncontrolling interests .Balance at December 31,2020","Balance at December 31,2019Adjustment to adopt ASU 2016-13Net earningsOther comprehensive income(loss)Issuances of common stock,andrelated tax effectsShare-based compensationCommon share repurchasesCash dividends paid on commonshares ($4.83 per share)Redeemable noncontrolling interestsfair value and other adjustments .Acquisition and other adjustments ofnonredeemable noncontrollinginterests.......Distributions to nonredeemablenoncontrolling interests .Balance at December 31,2020","Balance at December 31,2019Adjustment to adopt ASU 2016-13Net earningsOther comprehensive income(loss)Issuances of common stock,andrelated tax effectsShare-based compensationCommon share repurchasesCash dividends paid on commonshares ($4.83 per share)Redeemable noncontrolling interestsfair value and other adjustments .Acquisition and other adjustments ofnonredeemable noncontrollinginterests.......Distributions to nonredeemablenoncontrolling interests .Balance at December 31,2020","Balance at December 31,2019Adjustment to adopt ASU 2016-13Net earningsOther comprehensive income(loss)Issuances of common stock,andrelated tax effectsShare-based compensationCommon share repurchasesCash dividends paid on commonshares ($4.83 per share)Redeemable noncontrolling interestsfair value and other adjustments .Acquisition and other adjustments ofnonredeemable noncontrollinginterests.......Distributions to nonredeemablenoncontrolling interests .Balance at December 31,2020","Balance at December 31,2019Adjustment to adopt ASU 2016-13Net earningsOther comprehensive income(loss)Issuances of common stock,andrelated tax effectsShare-based compensationCommon share repurchasesCash dividends paid on commonshares ($4.83 per share)Redeemable noncontrolling interestsfair value and other adjustments .Acquisition and other adjustments ofnonredeemable noncontrollinginterests.......Distributions to nonredeemablenoncontrolling interests .Balance at December 31,2020","Balance at December 31,2019Adjustment to adopt ASU 2016-13Net earningsOther comprehensive income(loss)Issuances of common stock,andrelated tax effectsShare-based compensationCommon share repurchasesCash dividends paid on commonshares ($4.83 per share)Redeemable noncontrolling interestsfair value and other adjustments .Acquisition and other adjustments ofnonredeemable noncontrollinginterests.......Distributions to nonredeemablenoncontrolling interests .Balance at December 31,2020","Balance at December 31,2019Adjustment to adopt ASU 2016-13Net earningsOther comprehensive income(loss)Issuances of common stock,andrelated tax effectsShare-based compensationCommon share repurchasesCash dividends paid on commonshares ($4.83 per share)Redeemable noncontrolling interestsfair value and other adjustments .Acquisition and other adjustments ofnonredeemable noncontrollinginterests.......Distributions to nonredeemablenoncontrolling interests .Balance at December 31,2020","Balance at December 31,2019Adjustment to adopt ASU 2016-13Net earningsOther comprehensive income(loss)Issuances of common stock,andrelated tax effectsShare-based compensationCommon share repurchasesCash dividends paid on commonshares ($4.83 per share)Redeemable noncontrolling interestsfair value and other adjustments .Acquisition and other adjustments ofnonredeemable noncontrollinginterests.......Distributions to nonredeemablenoncontrolling interests .Balance at December 31,2020","Balance at December 31,2019Adjustment to adopt ASU 2016-13Net earningsOther comprehensive income(loss)Issuances of common stock,andrelated tax effectsShare-based compensationCommon share repurchasesCash dividends paid on commonshares ($4.83 per share)Redeemable noncontrolling interestsfair value and other adjustments .Acquisition and other adjustments ofnonredeemable noncontrollinginterests.......Distributions to nonredeemablenoncontrolling interests .Balance at December 31,2020","Balance at December 31,2019Adjustment to adopt ASU 2016-13Net earningsOther comprehensive income(loss)Issuances of common stock,andrelated tax effectsShare-based compensationCommon share repurchasesCash dividends paid on commonshares ($4.83 per share)Redeemable noncontrolling interestsfair value and other adjustments .Acquisition and other adjustments ofnonredeemable noncontrollinginterests.......Distributions to nonredeemablenoncontrolling interests .Balance at December 31,2020",,,,,,,,,(197),,,,,,,,,,,,,,
"Balance at December 31,2019Adjustment to adopt ASU 2016-13Net earningsOther comprehensive income(loss)Issuances of common stock,andrelated tax effectsShare-based compensationCommon share repurchasesCash dividends paid on commonshares ($4.83 per share)Redeemable noncontrolling interestsfair value and other adjustments .Acquisition and other adjustments ofnonredeemable noncontrollinginterests.......Distributions to nonredeemablenoncontrolling interests .Balance at December 31,2020","Balance at December 31,2019Adjustment to adopt ASU 2016-13Net earningsOther comprehensive income(loss)Issuances of common stock,andrelated tax effectsShare-based compensationCommon share repurchasesCash dividends paid on commonshares ($4.83 per share)Redeemable noncontrolling interestsfair value and other adjustments .Acquisition and other adjustments ofnonredeemable noncontrollinginterests.......Distributions to nonredeemablenoncontrolling interests .Balance at December 31,2020","Balance at December 31,2019Adjustment to adopt ASU 2016-13Net earningsOther comprehensive income(loss)Issuances of common stock,andrelated tax effectsShare-based compensationCommon share repurchasesCash dividends paid on commonshares ($4.83 per share)Redeemable noncontrolling interestsfair value and other adjustments .Acquisition and other adjustments ofnonredeemable noncontrollinginterests.......Distributions to nonredeemablenoncontrolling interests .Balance at December 31,2020","Balance at December 31,2019Adjustment to adopt ASU 2016-13Net earningsOther comprehensive income(loss)Issuances of common stock,andrelated tax effectsShare-based compensationCommon share repurchasesCash dividends paid on commonshares ($4.83 per share)Redeemable noncontrolling interestsfair value and other adjustments .Acquisition and other adjustments ofnonredeemable noncontrollinginterests.......Distributions to nonredeemablenoncontrolling interests .Balance at December 31,2020","Balance at December 31,2019Adjustment to adopt ASU 2016-13Net earningsOther comprehensive income(loss)Issuances of common stock,andrelated tax effectsShare-based compensationCommon share repurchasesCash dividends paid on commonshares ($4.83 per share)Redeemable noncontrolling interestsfair value and other adjustments .Acquisition and other adjustments ofnonredeemable noncontrollinginterests.......Distributions to nonredeemablenoncontrolling interests .Balance at December 31,2020","Balance at December 31,2019Adjustment to adopt ASU 2016-13Net earningsOther comprehensive income(loss)Issuances of common stock,andrelated tax effectsShare-based compensationCommon share repurchasesCash dividends paid on commonshares ($4.83 per share)Redeemable noncontrolling interestsfair value and other adjustments .Acquisition and other adjustments ofnonredeemable noncontrollinginterests.......Distributions to nonredeemablenoncontrolling interests .Balance at December 31,2020","Balance at December 31,2019Adjustment to adopt ASU 2016-13Net earningsOther comprehensive income(loss)Issuances of common stock,andrelated tax effectsShare-based compensationCommon share repurchasesCash dividends paid on commonshares ($4.83 per share)Redeemable noncontrolling interestsfair value and other adjustments .Acquisition and other adjustments ofnonredeemable noncontrollinginterests.......Distributions to nonredeemablenoncontrolling interests .Balance at December 31,2020","Balance at December 31,2019Adjustment to adopt ASU 2016-13Net earningsOther comprehensive income(loss)Issuances of common stock,andrelated tax effectsShare-based compensationCommon share repurchasesCash dividends paid on commonshares ($4.83 per share)Redeemable noncontrolling interestsfair value and other adjustments .Acquisition and other adjustments ofnonredeemable noncontrollinginterests.......Distributions to nonredeemablenoncontrolling interests .Balance at December 31,2020","Balance at December 31,2019Adjustment to adopt ASU 2016-13Net earningsOther comprehensive income(loss)Issuances of common stock,andrelated tax effectsShare-based compensationCommon share repurchasesCash dividends paid on commonshares ($4.83 per share)Redeemable noncontrolling interestsfair value and other adjustments .Acquisition and other adjustments ofnonredeemable noncontrollinginterests.......Distributions to nonredeemablenoncontrolling interests .Balance at December 31,2020","Balance at December 31,2019Adjustment to adopt ASU 2016-13Net earningsOther comprehensive income(loss)Issuances of common stock,andrelated tax effectsShare-based compensationCommon share repurchasesCash dividends paid on commonshares ($4.83 per share)Redeemable noncontrolling interestsfair value and other adjustments .Acquisition and other adjustments ofnonredeemable noncontrollinginterests.......Distributions to nonredeemablenoncontrolling interests .Balance at December 31,2020",,,,,,(197),,,(197),,,,,,,,,,,,,,
"Balance at December 31,2019Adjustment to adopt ASU 2016-13Net earningsOther comprehensive income(loss)Issuances of common stock,andrelated tax effectsShare-based compensationCommon share repurchasesCash dividends paid on commonshares ($4.83 per share)Redeemable noncontrolling interestsfair value and other adjustments .Acquisition and other adjustments ofnonredeemable noncontrollinginterests.......Distributions to nonredeemablenoncontrolling interests .Balance at December 31,2020","Balance at December 31,2019Adjustment to adopt ASU 2016-13Net earningsOther comprehensive income(loss)Issuances of common stock,andrelated tax effectsShare-based compensationCommon share repurchasesCash dividends paid on commonshares ($4.83 per share)Redeemable noncontrolling interestsfair value and other adjustments .Acquisition and other adjustments ofnonredeemable noncontrollinginterests.......Distributions to nonredeemablenoncontrolling interests .Balance at December 31,2020","Balance at December 31,2019Adjustment to adopt ASU 2016-13Net earningsOther comprehensive income(loss)Issuances of common stock,andrelated tax effectsShare-based compensationCommon share repurchasesCash dividends paid on commonshares ($4.83 per share)Redeemable noncontrolling interestsfair value and other adjustments .Acquisition and other adjustments ofnonredeemable noncontrollinginterests.......Distributions to nonredeemablenoncontrolling interests .Balance at December 31,2020","Balance at December 31,2019Adjustment to adopt ASU 2016-13Net earningsOther comprehensive income(loss)Issuances of common stock,andrelated tax effectsShare-based compensationCommon share repurchasesCash dividends paid on commonshares ($4.83 per share)Redeemable noncontrolling interestsfair value and other adjustments .Acquisition and other adjustments ofnonredeemable noncontrollinginterests.......Distributions to nonredeemablenoncontrolling interests .Balance at December 31,2020","Balance at December 31,2019Adjustment to adopt ASU 2016-13Net earningsOther comprehensive income(loss)Issuances of common stock,andrelated tax effectsShare-based compensationCommon share repurchasesCash dividends paid on commonshares ($4.83 per share)Redeemable noncontrolling interestsfair value and other adjustments .Acquisition and other adjustments ofnonredeemable noncontrollinginterests.......Distributions to nonredeemablenoncontrolling interests .Balance at December 31,2020","Balance at December 31,2019Adjustment to adopt ASU 2016-13Net earningsOther comprehensive income(loss)Issuances of common stock,andrelated tax effectsShare-based compensationCommon share repurchasesCash dividends paid on commonshares ($4.83 per share)Redeemable noncontrolling interestsfair value and other adjustments .Acquisition and other adjustments ofnonredeemable noncontrollinginterests.......Distributions to nonredeemablenoncontrolling interests .Balance at December 31,2020","Balance at December 31,2019Adjustment to adopt ASU 2016-13Net earningsOther comprehensive income(loss)Issuances of common stock,andrelated tax effectsShare-based compensationCommon share repurchasesCash dividends paid on commonshares ($4.83 per share)Redeemable noncontrolling interestsfair value and other adjustments .Acquisition and other adjustments ofnonredeemable noncontrollinginterests.......Distributions to nonredeemablenoncontrolling interests .Balance at December 31,2020","Balance at December 31,2019Adjustment to adopt ASU 2016-13Net earningsOther comprehensive income(loss)Issuances of common stock,andrelated tax effectsShare-based compensationCommon share repurchasesCash dividends paid on commonshares ($4.83 per share)Redeemable noncontrolling interestsfair value and other adjustments .Acquisition and other adjustments ofnonredeemable noncontrollinginterests.......Distributions to nonredeemablenoncontrolling interests .Balance at December 31,2020","Balance at December 31,2019Adjustment to adopt ASU 2016-13Net earningsOther comprehensive income(loss)Issuances of common stock,andrelated tax effectsShare-based compensationCommon share repurchasesCash dividends paid on commonshares ($4.83 per share)Redeemable noncontrolling interestsfair value and other adjustments .Acquisition and other adjustments ofnonredeemable noncontrollinginterests.......Distributions to nonredeemablenoncontrolling interests .Balance at December 31,2020","Balance at December 31,2019Adjustment to adopt ASU 2016-13Net earningsOther comprehensive income(loss)Issuances of common stock,andrelated tax effectsShare-based compensationCommon share repurchasesCash dividends paid on commonshares ($4.83 per share)Redeemable noncontrolling interestsfair value and other adjustments .Acquisition and other adjustments ofnonredeemable noncontrollinginterests.......Distributions to nonredeemablenoncontrolling interests .Balance at December 31,2020",Acquisition and other adjustments of,Acquisition and other adjustments of,Acquisition and other adjustments of,Acquisition and other adjustments of,Acquisition and other adjustments of,Acquisition and other adjustments of,,,,,,,,,,,,,,,,,
"Balance at December 31,2019Adjustment to adopt ASU 2016-13Net earningsOther comprehensive income(loss)Issuances of common stock,andrelated tax effectsShare-based compensationCommon share repurchasesCash dividends paid on commonshares ($4.83 per share)Redeemable noncontrolling interestsfair value and other adjustments .Acquisition and other adjustments ofnonredeemable noncontrollinginterests.......Distributions to nonredeemablenoncontrolling interests .Balance at December 31,2020","Balance at December 31,2019Adjustment to adopt ASU 2016-13Net earningsOther comprehensive income(loss)Issuances of common stock,andrelated tax effectsShare-based compensationCommon share repurchasesCash dividends paid on commonshares ($4.83 per share)Redeemable noncontrolling interestsfair value and other adjustments .Acquisition and other adjustments ofnonredeemable noncontrollinginterests.......Distributions to nonredeemablenoncontrolling interests .Balance at December 31,2020","Balance at December 31,2019Adjustment to adopt ASU 2016-13Net earningsOther comprehensive income(loss)Issuances of common stock,andrelated tax effectsShare-based compensationCommon share repurchasesCash dividends paid on commonshares ($4.83 per share)Redeemable noncontrolling interestsfair value and other adjustments .Acquisition and other adjustments ofnonredeemable noncontrollinginterests.......Distributions to nonredeemablenoncontrolling interests .Balance at December 31,2020","Balance at December 31,2019Adjustment to adopt ASU 2016-13Net earningsOther comprehensive income(loss)Issuances of common stock,andrelated tax effectsShare-based compensationCommon share repurchasesCash dividends paid on commonshares ($4.83 per share)Redeemable noncontrolling interestsfair value and other adjustments .Acquisition and other adjustments ofnonredeemable noncontrollinginterests.......Distributions to nonredeemablenoncontrolling interests .Balance at December 31,2020","Balance at December 31,2019Adjustment to adopt ASU 2016-13Net earningsOther comprehensive income(loss)Issuances of common stock,andrelated tax effectsShare-based compensationCommon share repurchasesCash dividends paid on commonshares ($4.83 per share)Redeemable noncontrolling interestsfair value and other adjustments .Acquisition and other adjustments ofnonredeemable noncontrollinginterests.......Distributions to nonredeemablenoncontrolling interests .Balance at December 31,2020","Balance at December 31,2019Adjustment to adopt ASU 2016-13Net earningsOther comprehensive income(loss)Issuances of common stock,andrelated tax effectsShare-based compensationCommon share repurchasesCash dividends paid on commonshares ($4.83 per share)Redeemable noncontrolling interestsfair value and other adjustments .Acquisition and other adjustments ofnonredeemable noncontrollinginterests.......Distributions to nonredeemablenoncontrolling interests .Balance at December 31,2020","Balance at December 31,2019Adjustment to adopt ASU 2016-13Net earningsOther comprehensive income(loss)Issuances of common stock,andrelated tax effectsShare-based compensationCommon share repurchasesCash dividends paid on commonshares ($4.83 per share)Redeemable noncontrolling interestsfair value and other adjustments .Acquisition and other adjustments ofnonredeemable noncontrollinginterests.......Distributions to nonredeemablenoncontrolling interests .Balance at December 31,2020","Balance at December 31,2019Adjustment to adopt ASU 2016-13Net earningsOther comprehensive income(loss)Issuances of common stock,andrelated tax effectsShare-based compensationCommon share repurchasesCash dividends paid on commonshares ($4.83 per share)Redeemable noncontrolling interestsfair value and other adjustments .Acquisition and other adjustments ofnonredeemable noncontrollinginterests.......Distributions to nonredeemablenoncontrolling interests .Balance at December 31,2020","Balance at December 31,2019Adjustment to adopt ASU 2016-13Net earningsOther comprehensive income(loss)Issuances of common stock,andrelated tax effectsShare-based compensationCommon share repurchasesCash dividends paid on commonshares ($4.83 per share)Redeemable noncontrolling interestsfair value and other adjustments .Acquisition and other adjustments ofnonredeemable noncontrollinginterests.......Distributions to nonredeemablenoncontrolling interests .Balance at December 31,2020","Balance at December 31,2019Adjustment to adopt ASU 2016-13Net earningsOther comprehensive income(loss)Issuances of common stock,andrelated tax effectsShare-based compensationCommon share repurchasesCash dividends paid on commonshares ($4.83 per share)Redeemable noncontrolling interestsfair value and other adjustments .Acquisition and other adjustments ofnonredeemable noncontrollinginterests.......Distributions to nonredeemablenoncontrolling interests .Balance at December 31,2020",,,,,,,,,,,,40,40,,,,,,,,,,
"Balance at December 31,2019Adjustment to adopt ASU 2016-13Net earningsOther comprehensive income(loss)Issuances of common stock,andrelated tax effectsShare-based compensationCommon share repurchasesCash dividends paid on commonshares ($4.83 per share)Redeemable noncontrolling interestsfair value and other adjustments .Acquisition and other adjustments ofnonredeemable noncontrollinginterests.......Distributions to nonredeemablenoncontrolling interests .Balance at December 31,2020","Balance at December 31,2019Adjustment to adopt ASU 2016-13Net earningsOther comprehensive income(loss)Issuances of common stock,andrelated tax effectsShare-based compensationCommon share repurchasesCash dividends paid on commonshares ($4.83 per share)Redeemable noncontrolling interestsfair value and other adjustments .Acquisition and other adjustments ofnonredeemable noncontrollinginterests.......Distributions to nonredeemablenoncontrolling interests .Balance at December 31,2020","Balance at December 31,2019Adjustment to adopt ASU 2016-13Net earningsOther comprehensive income(loss)Issuances of common stock,andrelated tax effectsShare-based compensationCommon share repurchasesCash dividends paid on commonshares ($4.83 per share)Redeemable noncontrolling interestsfair value and other adjustments .Acquisition and other adjustments ofnonredeemable noncontrollinginterests.......Distributions to nonredeemablenoncontrolling interests .Balance at December 31,2020","Balance at December 31,2019Adjustment to adopt ASU 2016-13Net earningsOther comprehensive income(loss)Issuances of common stock,andrelated tax effectsShare-based compensationCommon share repurchasesCash dividends paid on commonshares ($4.83 per share)Redeemable noncontrolling interestsfair value and other adjustments .Acquisition and other adjustments ofnonredeemable noncontrollinginterests.......Distributions to nonredeemablenoncontrolling interests .Balance at December 31,2020","Balance at December 31,2019Adjustment to adopt ASU 2016-13Net earningsOther comprehensive income(loss)Issuances of common stock,andrelated tax effectsShare-based compensationCommon share repurchasesCash dividends paid on commonshares ($4.83 per share)Redeemable noncontrolling interestsfair value and other adjustments .Acquisition and other adjustments ofnonredeemable noncontrollinginterests.......Distributions to nonredeemablenoncontrolling interests .Balance at December 31,2020","Balance at December 31,2019Adjustment to adopt ASU 2016-13Net earningsOther comprehensive income(loss)Issuances of common stock,andrelated tax effectsShare-based compensationCommon share repurchasesCash dividends paid on commonshares ($4.83 per share)Redeemable noncontrolling interestsfair value and other adjustments .Acquisition and other adjustments ofnonredeemable noncontrollinginterests.......Distributions to nonredeemablenoncontrolling interests .Balance at December 31,2020","Balance at December 31,2019Adjustment to adopt ASU 2016-13Net earningsOther comprehensive income(loss)Issuances of common stock,andrelated tax effectsShare-based compensationCommon share repurchasesCash dividends paid on commonshares ($4.83 per share)Redeemable noncontrolling interestsfair value and other adjustments .Acquisition and other adjustments ofnonredeemable noncontrollinginterests.......Distributions to nonredeemablenoncontrolling interests .Balance at December 31,2020","Balance at December 31,2019Adjustment to adopt ASU 2016-13Net earningsOther comprehensive income(loss)Issuances of common stock,andrelated tax effectsShare-based compensationCommon share repurchasesCash dividends paid on commonshares ($4.83 per share)Redeemable noncontrolling interestsfair value and other adjustments .Acquisition and other adjustments ofnonredeemable noncontrollinginterests.......Distributions to nonredeemablenoncontrolling interests .Balance at December 31,2020","Balance at December 31,2019Adjustment to adopt ASU 2016-13Net earningsOther comprehensive income(loss)Issuances of common stock,andrelated tax effectsShare-based compensationCommon share repurchasesCash dividends paid on commonshares ($4.83 per share)Redeemable noncontrolling interestsfair value and other adjustments .Acquisition and other adjustments ofnonredeemable noncontrollinginterests.......Distributions to nonredeemablenoncontrolling interests .Balance at December 31,2020","Balance at December 31,2019Adjustment to adopt ASU 2016-13Net earningsOther comprehensive income(loss)Issuances of common stock,andrelated tax effectsShare-based compensationCommon share repurchasesCash dividends paid on commonshares ($4.83 per share)Redeemable noncontrolling interestsfair value and other adjustments .Acquisition and other adjustments ofnonredeemable noncontrollinginterests.......Distributions to nonredeemablenoncontrolling interests .Balance at December 31,2020",,,,,,,,,,,(277),(277),,,,,,,,,,,
"Balance at December 31,2019Adjustment to adopt ASU 2016-13Net earningsOther comprehensive income(loss)Issuances of common stock,andrelated tax effectsShare-based compensationCommon share repurchasesCash dividends paid on commonshares ($4.83 per share)Redeemable noncontrolling interestsfair value and other adjustments .Acquisition and other adjustments ofnonredeemable noncontrollinginterests.......Distributions to nonredeemablenoncontrolling interests .Balance at December 31,2020","Balance at December 31,2019Adjustment to adopt ASU 2016-13Net earningsOther comprehensive income(loss)Issuances of common stock,andrelated tax effectsShare-based compensationCommon share repurchasesCash dividends paid on commonshares ($4.83 per share)Redeemable noncontrolling interestsfair value and other adjustments .Acquisition and other adjustments ofnonredeemable noncontrollinginterests.......Distributions to nonredeemablenoncontrolling interests .Balance at December 31,2020","Balance at December 31,2019Adjustment to adopt ASU 2016-13Net earningsOther comprehensive income(loss)Issuances of common stock,andrelated tax effectsShare-based compensationCommon share repurchasesCash dividends paid on commonshares ($4.83 per share)Redeemable noncontrolling interestsfair value and other adjustments .Acquisition and other adjustments ofnonredeemable noncontrollinginterests.......Distributions to nonredeemablenoncontrolling interests .Balance at December 31,2020","Balance at December 31,2019Adjustment to adopt ASU 2016-13Net earningsOther comprehensive income(loss)Issuances of common stock,andrelated tax effectsShare-based compensationCommon share repurchasesCash dividends paid on commonshares ($4.83 per share)Redeemable noncontrolling interestsfair value and other adjustments .Acquisition and other adjustments ofnonredeemable noncontrollinginterests.......Distributions to nonredeemablenoncontrolling interests .Balance at December 31,2020","Balance at December 31,2019Adjustment to adopt ASU 2016-13Net earningsOther comprehensive income(loss)Issuances of common stock,andrelated tax effectsShare-based compensationCommon share repurchasesCash dividends paid on commonshares ($4.83 per share)Redeemable noncontrolling interestsfair value and other adjustments .Acquisition and other adjustments ofnonredeemable noncontrollinginterests.......Distributions to nonredeemablenoncontrolling interests .Balance at December 31,2020","Balance at December 31,2019Adjustment to adopt ASU 2016-13Net earningsOther comprehensive income(loss)Issuances of common stock,andrelated tax effectsShare-based compensationCommon share repurchasesCash dividends paid on commonshares ($4.83 per share)Redeemable noncontrolling interestsfair value and other adjustments .Acquisition and other adjustments ofnonredeemable noncontrollinginterests.......Distributions to nonredeemablenoncontrolling interests .Balance at December 31,2020","Balance at December 31,2019Adjustment to adopt ASU 2016-13Net earningsOther comprehensive income(loss)Issuances of common stock,andrelated tax effectsShare-based compensationCommon share repurchasesCash dividends paid on commonshares ($4.83 per share)Redeemable noncontrolling interestsfair value and other adjustments .Acquisition and other adjustments ofnonredeemable noncontrollinginterests.......Distributions to nonredeemablenoncontrolling interests .Balance at December 31,2020","Balance at December 31,2019Adjustment to adopt ASU 2016-13Net earningsOther comprehensive income(loss)Issuances of common stock,andrelated tax effectsShare-based compensationCommon share repurchasesCash dividends paid on commonshares ($4.83 per share)Redeemable noncontrolling interestsfair value and other adjustments .Acquisition and other adjustments ofnonredeemable noncontrollinginterests.......Distributions to nonredeemablenoncontrolling interests .Balance at December 31,2020","Balance at December 31,2019Adjustment to adopt ASU 2016-13Net earningsOther comprehensive income(loss)Issuances of common stock,andrelated tax effectsShare-based compensationCommon share repurchasesCash dividends paid on commonshares ($4.83 per share)Redeemable noncontrolling interestsfair value and other adjustments .Acquisition and other adjustments ofnonredeemable noncontrollinginterests.......Distributions to nonredeemablenoncontrolling interests .Balance at December 31,2020","Balance at December 31,2019Adjustment to adopt ASU 2016-13Net earningsOther comprehensive income(loss)Issuances of common stock,andrelated tax effectsShare-based compensationCommon share repurchasesCash dividends paid on commonshares ($4.83 per share)Redeemable noncontrolling interestsfair value and other adjustments .Acquisition and other adjustments ofnonredeemable noncontrollinginterests.......Distributions to nonredeemablenoncontrolling interests .Balance at December 31,2020",946 $,946 $,946 $,10$,10$,10$,,"$69,295$","S1,36","1,336$ (5,150)",$ 2.837,"$68,328",,,,,,,,,,,
