"Tesla Automobile Information Service (Dalian) Co.,Ltd. ChinaTesla Automobile Sales and Service(Beijing) Co., Ltd. China","Tesla Automobile Information Service (Dalian) Co.,Ltd. ChinaTesla Automobile Sales and Service(Beijing) Co., Ltd. China","Tesla Automobile Information Service (Dalian) Co.,Ltd. ChinaTesla Automobile Sales and Service(Beijing) Co., Ltd. China","Tesla Automobile Information Service (Dalian) Co.,Ltd. ChinaTesla Automobile Sales and Service(Beijing) Co., Ltd. China","Tesla Automobile Information Service (Dalian) Co.,Ltd. ChinaTesla Automobile Sales and Service(Beijing) Co., Ltd. China","Tesla Automobile Information Service (Dalian) Co.,Ltd. ChinaTesla Automobile Sales and Service(Beijing) Co., Ltd. China","Tesla Automobile Information Service (Dalian) Co.,Ltd. ChinaTesla Automobile Sales and Service(Beijing) Co., Ltd. China","Tesla Automobile Information Service (Dalian) Co.,Ltd. ChinaTesla Automobile Sales and Service(Beijing) Co., Ltd. China","Tesla Automobile Information Service (Dalian) Co.,Ltd. ChinaTesla Automobile Sales and Service(Beijing) Co., Ltd. China","Tesla Automobile Information Service (Dalian) Co.,Ltd. ChinaTesla Automobile Sales and Service(Beijing) Co., Ltd. China","Tesla Automobile Information Service (Dalian) Co.,Ltd. ChinaTesla Automobile Sales and Service(Beijing) Co., Ltd. China","Tesla Automobile Information Service (Dalian) Co.,Ltd. ChinaTesla Automobile Sales and Service(Beijing) Co., Ltd. China","Tesla Automobile Information Service (Dalian) Co.,Ltd. ChinaTesla Automobile Sales and Service(Beijing) Co., Ltd. China","Tesla Automobile Information Service (Dalian) Co.,Ltd. ChinaTesla Automobile Sales and Service(Beijing) Co., Ltd. China","Tesla Automobile Information Service (Dalian) Co.,Ltd. ChinaTesla Automobile Sales and Service(Beijing) Co., Ltd. China","Tesla Automobile Information Service (Dalian) Co.,Ltd. ChinaTesla Automobile Sales and Service(Beijing) Co., Ltd. China","Tesla Automobile Information Service (Dalian) Co.,Ltd. ChinaTesla Automobile Sales and Service(Beijing) Co., Ltd. China","Tesla Automobile Information Service (Dalian) Co.,Ltd. ChinaTesla Automobile Sales and Service(Beijing) Co., Ltd. China","Tesla Automobile Information Service (Dalian) Co.,Ltd. ChinaTesla Automobile Sales and Service(Beijing) Co., Ltd. China","Tesla Automobile Information Service (Dalian) Co.,Ltd. ChinaTesla Automobile Sales and Service(Beijing) Co., Ltd. China","Tesla Automobile Information Service (Dalian) Co.,Ltd. ChinaTesla Automobile Sales and Service(Beijing) Co., Ltd. China","Tesla Automobile Information Service (Dalian) Co.,Ltd. ChinaTesla Automobile Sales and Service(Beijing) Co., Ltd. China","Tesla Automobile Information Service (Dalian) Co.,Ltd. ChinaTesla Automobile Sales and Service(Beijing) Co., Ltd. China","Tesla Automobile Information Service (Dalian) Co.,Ltd. ChinaTesla Automobile Sales and Service(Beijing) Co., Ltd. China","Tesla Automobile Information Service (Dalian) Co.,Ltd. ChinaTesla Automobile Sales and Service(Beijing) Co., Ltd. China","Tesla Automobile Information Service (Dalian) Co.,Ltd. ChinaTesla Automobile Sales and Service(Beijing) Co., Ltd. China","Tesla Automobile Information Service (Dalian) Co.,Ltd. ChinaTesla Automobile Sales and Service(Beijing) Co., Ltd. China","Tesla Automobile Information Service (Dalian) Co.,Ltd. ChinaTesla Automobile Sales and Service(Beijing) Co., Ltd. China",,,,,,,,,,,,,,,,,,,,,,
"Tesla Automobile Information Service (Dalian) Co.,Ltd. ChinaTesla Automobile Sales and Service(Beijing) Co., Ltd. China","Tesla Automobile Information Service (Dalian) Co.,Ltd. ChinaTesla Automobile Sales and Service(Beijing) Co., Ltd. China","Tesla Automobile Information Service (Dalian) Co.,Ltd. ChinaTesla Automobile Sales and Service(Beijing) Co., Ltd. China","Tesla Automobile Information Service (Dalian) Co.,Ltd. ChinaTesla Automobile Sales and Service(Beijing) Co., Ltd. China","Tesla Automobile Information Service (Dalian) Co.,Ltd. ChinaTesla Automobile Sales and Service(Beijing) Co., Ltd. China","Tesla Automobile Information Service (Dalian) Co.,Ltd. ChinaTesla Automobile Sales and Service(Beijing) Co., Ltd. China","Tesla Automobile Information Service (Dalian) Co.,Ltd. ChinaTesla Automobile Sales and Service(Beijing) Co., Ltd. China","Tesla Automobile Information Service (Dalian) Co.,Ltd. ChinaTesla Automobile Sales and Service(Beijing) Co., Ltd. China","Tesla Automobile Information Service (Dalian) Co.,Ltd. ChinaTesla Automobile Sales and Service(Beijing) Co., Ltd. China","Tesla Automobile Information Service (Dalian) Co.,Ltd. ChinaTesla Automobile Sales and Service(Beijing) Co., Ltd. China","Tesla Automobile Information Service (Dalian) Co.,Ltd. ChinaTesla Automobile Sales and Service(Beijing) Co., Ltd. China","Tesla Automobile Information Service (Dalian) Co.,Ltd. ChinaTesla Automobile Sales and Service(Beijing) Co., Ltd. China","Tesla Automobile Information Service (Dalian) Co.,Ltd. ChinaTesla Automobile Sales and Service(Beijing) Co., Ltd. China","Tesla Automobile Information Service (Dalian) Co.,Ltd. ChinaTesla Automobile Sales and Service(Beijing) Co., Ltd. China","Tesla Automobile Information Service (Dalian) Co.,Ltd. ChinaTesla Automobile Sales and Service(Beijing) Co., Ltd. China","Tesla Automobile Information Service (Dalian) Co.,Ltd. ChinaTesla Automobile Sales and Service(Beijing) Co., Ltd. China","Tesla Automobile Information Service (Dalian) Co.,Ltd. ChinaTesla Automobile Sales and Service(Beijing) Co., Ltd. China","Tesla Automobile Information Service (Dalian) Co.,Ltd. ChinaTesla Automobile Sales and Service(Beijing) Co., Ltd. China","Tesla Automobile Information Service (Dalian) Co.,Ltd. ChinaTesla Automobile Sales and Service(Beijing) Co., Ltd. China","Tesla Automobile Information Service (Dalian) Co.,Ltd. ChinaTesla Automobile Sales and Service(Beijing) Co., Ltd. China","Tesla Automobile Information Service (Dalian) Co.,Ltd. ChinaTesla Automobile Sales and Service(Beijing) Co., Ltd. China","Tesla Automobile Information Service (Dalian) Co.,Ltd. ChinaTesla Automobile Sales and Service(Beijing) Co., Ltd. China","Tesla Automobile Information Service (Dalian) Co.,Ltd. ChinaTesla Automobile Sales and Service(Beijing) Co., Ltd. China","Tesla Automobile Information Service (Dalian) Co.,Ltd. ChinaTesla Automobile Sales and Service(Beijing) Co., Ltd. China","Tesla Automobile Information Service (Dalian) Co.,Ltd. ChinaTesla Automobile Sales and Service(Beijing) Co., Ltd. China","Tesla Automobile Information Service (Dalian) Co.,Ltd. ChinaTesla Automobile Sales and Service(Beijing) Co., Ltd. China","Tesla Automobile Information Service (Dalian) Co.,Ltd. ChinaTesla Automobile Sales and Service(Beijing) Co., Ltd. China","Tesla Automobile Information Service (Dalian) Co.,Ltd. ChinaTesla Automobile Sales and Service(Beijing) Co., Ltd. China",ChinaChina,ChinaChina,ChinaChina,ChinaChina,ChinaChina,ChinaChina,ChinaChina,ChinaChina,ChinaChina,ChinaChina,ChinaChina,ChinaChina,ChinaChina,ChinaChina,ChinaChina,ChinaChina,ChinaChina,ChinaChina,ChinaChina,ChinaChina,ChinaChina,ChinaChina
TeslaAutomobile,TeslaAutomobile,TeslaAutomobile,Salesand,Salesand,Service,,,,,,,,,,,,,,,,,,,,,,,,,,,,,,,,,,,,,,,,,,,,
TeslaAutomobile,TeslaAutomobile,TeslaAutomobile,Salesand,Salesand,Seryice,China,China,China,China,China,China,China,China,China,China,China,China,China,China,China,China,China,China,China,China,China,China,ChinaChina,ChinaChina,ChinaChina,ChinaChina,ChinaChina,ChinaChina,ChinaChina,ChinaChina,ChinaChina,ChinaChina,ChinaChina,ChinaChina,ChinaChina,ChinaChina,ChinaChina,ChinaChina,ChinaChina,ChinaChina,ChinaChina,ChinaChina,ChinaChina,ChinaChina
TeslaAutomobile,TeslaAutomobile,TeslaAutomobile,Salesand,Salesand,Service,China,China,China,China,China,China,China,China,China,China,China,China,China,China,China,China,China,China,China,China,China,China,,,,,,,,,,,,,,,,,,,,,,
TeslaAutomobile,TeslaAutomobile,TeslaAutomobile,Salesand,Salesand,Service,,,,,,,,,,,,,,,,,,,,,,China,,,,,,,,,,,,,,,,,,,,,,
TeslaAutomobile,TeslaAutomobile,TeslaAutomobile,Salesand,Salesand,Service,ChinaChina,ChinaChina,ChinaChina,ChinaChina,ChinaChina,ChinaChina,ChinaChina,ChinaChina,ChinaChina,ChinaChina,ChinaChina,ChinaChina,ChinaChina,ChinaChina,ChinaChina,ChinaChina,ChinaChina,ChinaChina,ChinaChina,ChinaChina,ChinaChina,China,,,,,,,,,,,,,,,,,,,,,,
"Tesla Automobile Sales and Service (Fuzhou) Co., Ltd.","Tesla Automobile Sales and Service (Fuzhou) Co., Ltd.","Tesla Automobile Sales and Service (Fuzhou) Co., Ltd.","Tesla Automobile Sales and Service (Fuzhou) Co., Ltd.","Tesla Automobile Sales and Service (Fuzhou) Co., Ltd.",Service,ChinaChina,ChinaChina,ChinaChina,ChinaChina,ChinaChina,ChinaChina,ChinaChina,ChinaChina,ChinaChina,ChinaChina,ChinaChina,ChinaChina,ChinaChina,ChinaChina,ChinaChina,ChinaChina,ChinaChina,ChinaChina,ChinaChina,ChinaChina,ChinaChina,,,,,,,,,,,,,,,,,,,,,,,
TeslaAutomobileSalesand,TeslaAutomobileSalesand,TeslaAutomobileSalesand,TeslaAutomobileSalesand,TeslaAutomobileSalesand,Service,China,China,China,China,China,China,China,China,China,China,China,China,China,China,China,China,China,China,China,China,China,,,,,,,,,,,,,,,,,,,,,,,
TeslaAutomobileSalesand,TeslaAutomobileSalesand,TeslaAutomobileSalesand,TeslaAutomobileSalesand,TeslaAutomobileSalesand,Service,ChinaChina,ChinaChina,ChinaChina,ChinaChina,ChinaChina,ChinaChina,ChinaChina,ChinaChina,ChinaChina,ChinaChina,ChinaChina,ChinaChina,ChinaChina,ChinaChina,ChinaChina,ChinaChina,ChinaChina,ChinaChina,ChinaChina,ChinaChina,ChinaChina,,,,,,,,,,,,,,,,,,,,,,,
"Tesla Automobile Sales and Service (Haerbin) Co.,Ltd.","Tesla Automobile Sales and Service (Haerbin) Co.,Ltd.","Tesla Automobile Sales and Service (Haerbin) Co.,Ltd.","Tesla Automobile Sales and Service (Haerbin) Co.,Ltd.","Tesla Automobile Sales and Service (Haerbin) Co.,Ltd.",Service,,,,,,,,,,,,,,,,,,,,China,China,,,,,,,,,,,,,,,,,,,,,,,
"Tesla Automobile Sales and Service (Haikou) Co., Ltd.","Tesla Automobile Sales and Service (Haikou) Co., Ltd.","Tesla Automobile Sales and Service (Haikou) Co., Ltd.","Tesla Automobile Sales and Service (Haikou) Co., Ltd.","Tesla Automobile Sales and Service (Haikou) Co., Ltd.",Service,China,China,China,China,China,China,China,China,China,China,China,China,China,China,China,China,China,China,China,China,China,,,,,,,,,,,,,,,,,,,,,,,
Tesla,AutomobileSalesand,AutomobileSalesand,AutomobileSalesand,AutomobileSalesand,Service,ChinaChinaChinaChina,ChinaChinaChinaChina,ChinaChinaChinaChina,ChinaChinaChinaChina,ChinaChinaChinaChina,ChinaChinaChinaChina,ChinaChinaChinaChina,ChinaChinaChinaChina,ChinaChinaChinaChina,ChinaChinaChinaChina,ChinaChinaChinaChina,ChinaChinaChinaChina,ChinaChinaChinaChina,ChinaChinaChinaChina,ChinaChinaChinaChina,ChinaChinaChinaChina,ChinaChinaChinaChina,ChinaChinaChinaChina,ChinaChinaChinaChina,ChinaChinaChinaChina,ChinaChinaChinaChina,ChinaChinaChinaChina,,,,,,,,,,,,,,,,,,,,,,
Tesla,AutomobileSalesand,AutomobileSalesand,AutomobileSalesand,AutomobileSalesand,Service,ChinaChinaChinaChina,ChinaChinaChinaChina,ChinaChinaChinaChina,ChinaChinaChinaChina,ChinaChinaChinaChina,ChinaChinaChinaChina,ChinaChinaChinaChina,ChinaChinaChinaChina,ChinaChinaChinaChina,ChinaChinaChinaChina,ChinaChinaChinaChina,ChinaChinaChinaChina,ChinaChinaChinaChina,ChinaChinaChinaChina,ChinaChinaChinaChina,ChinaChinaChinaChina,ChinaChinaChinaChina,ChinaChinaChinaChina,ChinaChinaChinaChina,ChinaChinaChinaChina,ChinaChinaChinaChina,ChinaChinaChinaChina,,,,,,,,,,,,,,,,,,,,,,
Tesla,Automobile,Automobile,Salesand,Salesand,Service,ChinaChinaChinaChina,ChinaChinaChinaChina,ChinaChinaChinaChina,ChinaChinaChinaChina,ChinaChinaChinaChina,ChinaChinaChinaChina,ChinaChinaChinaChina,ChinaChinaChinaChina,ChinaChinaChinaChina,ChinaChinaChinaChina,ChinaChinaChinaChina,ChinaChinaChinaChina,ChinaChinaChinaChina,ChinaChinaChinaChina,ChinaChinaChinaChina,ChinaChinaChinaChina,ChinaChinaChinaChina,ChinaChinaChinaChina,ChinaChinaChinaChina,ChinaChinaChinaChina,ChinaChinaChinaChina,ChinaChinaChinaChina,,,,,,,,,,,,,,,,,,,,,,
Tesla,Automobile,Automobile,Salesand,Salesand,Service,ChinaChinaChinaChina,ChinaChinaChinaChina,ChinaChinaChinaChina,ChinaChinaChinaChina,ChinaChinaChinaChina,ChinaChinaChinaChina,ChinaChinaChinaChina,ChinaChinaChinaChina,ChinaChinaChinaChina,ChinaChinaChinaChina,ChinaChinaChinaChina,ChinaChinaChinaChina,ChinaChinaChinaChina,ChinaChinaChinaChina,ChinaChinaChinaChina,ChinaChinaChinaChina,ChinaChinaChinaChina,ChinaChinaChinaChina,ChinaChinaChinaChina,ChinaChinaChinaChina,ChinaChinaChinaChina,ChinaChinaChinaChina,,,,,,,,,,,,,,,,,,,,,,
Tesla,Automobile,Automobile,Salesand,Salesand,Service,China,China,China,China,China,China,China,China,China,China,China,China,China,China,China,China,China,China,China,China,China,China,,,,,,,,,,,,,,,,,,,,,,
Tesla,Automobile,Automobile,Salesand,Salesand,Service,China,China,China,China,China,China,China,China,China,China,China,China,China,China,China,China,China,China,China,China,China,China,,,,,,,,,,,,,,,,,,,,,,
Tesla,Automobile,Automobile,Salesand,Salesand,Service,China,China,China,China,China,China,China,China,China,China,China,China,China,China,China,China,China,China,China,China,China,China,,,,,,,,,,,,,,,,,,,,,,
Tesla,Automobile,Automobile,Sales,and,Service,,,,,,,,,,,,,,,,,,,,,,China,,,,,,,,,,,,,,,,,,,,,,
Tesla,Automobile,Automobile,Sales,and,Service,,,,,,,,,,,,,,,,,,,,,,China,,,,,,,,,,,,,,,,,,,,,,
Tesla,Automobile,Automobile,Sales,and,Service,,,,,,,,,,,,,,,,,,,,,,China,,,,,,,,,,,,,,,,,,,,,,
Tesla,Automobile,Automobile,Sales,and,Service,,,,,,,,,,,,,,,,,,,,,,China,,,,,,,,,,,,,,,,,,,,,,
Tesla,Automobile,Automobile,Sales,and,Service,,,,,,,,,,,,,,,,,,,,,,China,,,,,,,,,,,,,,,,,,,,,,
Tesla,Automobile,Automobile,Sales,and,Service,,,,,,,,,,,,,,,,,,,,,,China,,,,,,,,,,,,,,,,,,,,,,
Tesla,Automobile,Automobile,Sales,and,Service,,,,,,,,,,,,,,,,,,,,,,China,,,,,,,,,,,,,,,,,,,,,,
Tesla,Automobile,Automobile,le,Sales,and,Service,,,,,,,,,,,,,,,,,,,,,,China,,,,,,,,,,,,,,,,,,,,,
Tesla,Automobile,Automobile,Sales,and,Service,(Tianjin)C)o.L.tdLtd.,(Tianjin)C)o.L.tdLtd.,(Tianjin)C)o.L.tdLtd.,(Tianjin)C)o.L.tdLtd.,(Tianjin)C)o.L.tdLtd.,(Tianjin)C)o.L.tdLtd.,(Tianjin)C)o.L.tdLtd.,(Tianjin)C)o.L.tdLtd.,(Tianjin)C)o.L.tdLtd.,(Tianjin)C)o.L.tdLtd.,(Tianjin)C)o.L.tdLtd.,(Tianjin)C)o.L.tdLtd.,(Tianjin)C)o.L.tdLtd.,(Tianjin)C)o.L.tdLtd.,(Tianjin)C)o.L.tdLtd.,(Tianjin)C)o.L.tdLtd.,(Tianjin)C)o.L.tdLtd.,(Tianjin)C)o.L.tdLtd.,(Tianjin)C)o.L.tdLtd.,(Tianjin)C)o.L.tdLtd.,(Tianjin)C)o.L.tdLtd.,,,,,,,,,,,,,,,,,,,,,,,
Tesla,Automobile,Automobile,Salesand,Salesand,Seryice,(Tianjin)C)o.L.tdLtd.,(Tianjin)C)o.L.tdLtd.,(Tianjin)C)o.L.tdLtd.,(Tianjin)C)o.L.tdLtd.,(Tianjin)C)o.L.tdLtd.,(Tianjin)C)o.L.tdLtd.,(Tianjin)C)o.L.tdLtd.,(Tianjin)C)o.L.tdLtd.,(Tianjin)C)o.L.tdLtd.,(Tianjin)C)o.L.tdLtd.,(Tianjin)C)o.L.tdLtd.,(Tianjin)C)o.L.tdLtd.,(Tianjin)C)o.L.tdLtd.,(Tianjin)C)o.L.tdLtd.,(Tianjin)C)o.L.tdLtd.,(Tianjin)C)o.L.tdLtd.,(Tianjin)C)o.L.tdLtd.,(Tianjin)C)o.L.tdLtd.,(Tianjin)C)o.L.tdLtd.,(Tianjin)C)o.L.tdLtd.,(Tianjin)C)o.L.tdLtd.,China,,,,,,,,,,,,,,,,,,,,,,
TeslaAutomobile,TeslaAutomobile,TeslaAutomobile,Salesand,Salesand,Service,,,,,,,,,,,,,,,,,,,,,,China,,,,,,,,,,,,,,,,,,,,,,
TeslaAutomobile,TeslaAutomobile,TeslaAutomobile,Salesand,Salesand,Service,,,,,,,,,,,,,,,,,,,,,,China,,,,,,,,,,,,,,,,,,,,,,
TeslaAutomobile,TeslaAutomobile,TeslaAutomobile,Salesand,Salesand,Service,(Xiame,(Xiame,,"n)Co.,1","n)Co.,1",,,,,,,,,,,,,,,,,China,,,,,,,,,,,,,,,,,,,,,,
TeslaAutomobile,TeslaAutomobile,TeslaAutomobile,Salesand,Salesand,Service,(Zhengzhou) Co.,(Zhengzhou) Co.,(Zhengzhou) Co.,(Zhengzhou) Co.,(Zhengzhou) Co.,(Zhengzhou) Co.,.Ltd.,.Ltd.,.Ltd.,,,,,,,,,,,,,China,,,,,,,,,,,,,,,,,,,,,,
,,TeslaAutomobile,TeslaAutomobile,TeslaAutomobile,TeslaAutomobile,Salesan,Salesan,Salesan,dService,dService,"：Mexico,S.deR.L","：Mexico,S.deR.L","：Mexico,S.deR.L","：Mexico,S.deR.L","：Mexico,S.deR.L","：Mexico,S.deR.L","：Mexico,S.deR.L","：Mexico,S.deR.L",,,,,,,,,,,,,,,,,,,,,,,,,,,,,,,
Tesla(Beijing)N6,Tesla(Beijing)N6,Tesla(Beijing)N6,wEnergy,wEnergy,R&DCo,,,,,,,,,,,,,,,,,,,,,,,,,China,,,,,,,,,,,,,,,,,,,
Tesla Belgium BV,Tesla Belgium BV,Tesla Belgium BV,,,,,,,,,,,,,,,,,,,,,,,,,,,,,,,,,,,,,,,,,,,,,,,
Tesla Belgium BV,Tesla Belgium BV,Tesla Belgium BV,,,,,,,,,,,,,,,,,,,,,,,,,,,,,Belgium,,,,,,,,,,,,,,,,,,
Tesla Canada GP Inc.,Tesla Canada GP Inc.,Tesla Canada GP Inc.,[nc．,[nc．,,,,,,,,,,,,,,,,,,,,,,,,,,,Canada,,,,,,,,,,,,,,,,,,
Tesla Canada LP,Tesla Canada LP,Tesla Canada LP,,,,,,,,,,,,,,,,,,,,,,,,,,,,,,,,,Canada,,,,,,,,,,,,,,
"Tesla Charging, LLCTesla Construction (Shanghai) Co., Ltd.","Tesla Charging, LLCTesla Construction (Shanghai) Co., Ltd.","Tesla Charging, LLCTesla Construction (Shanghai) Co., Ltd.","Tesla Charging, LLCTesla Construction (Shanghai) Co., Ltd.","Tesla Charging, LLCTesla Construction (Shanghai) Co., Ltd.",LC,LC,,,,,,,,,,,,,,,,,,,,,,,,,,,,,,,,,,,,,,,,,,,
"Tesla Charging, LLCTesla Construction (Shanghai) Co., Ltd.","Tesla Charging, LLCTesla Construction (Shanghai) Co., Ltd.","Tesla Charging, LLCTesla Construction (Shanghai) Co., Ltd.","Tesla Charging, LLCTesla Construction (Shanghai) Co., Ltd.","Tesla Charging, LLCTesla Construction (Shanghai) Co., Ltd.",LC,LC,,,,,,,,,,,,,,,,,,,,,,,,,,,,,,,,,,,,,,,,,,,
"Tesla Charging, LLCTesla Construction (Shanghai) Co., Ltd.","Tesla Charging, LLCTesla Construction (Shanghai) Co., Ltd.","Tesla Charging, LLCTesla Construction (Shanghai) Co., Ltd.","Tesla Charging, LLCTesla Construction (Shanghai) Co., Ltd.","Tesla Charging, LLCTesla Construction (Shanghai) Co., Ltd.",LC,LC,,,,,,,,,,,,,,,,,,,,,,,Delaware,,,,,,,,,,,,,,,,,,,,
"Tesla Charging, LLCTesla Construction (Shanghai) Co., Ltd.","Tesla Charging, LLCTesla Construction (Shanghai) Co., Ltd.","Tesla Charging, LLCTesla Construction (Shanghai) Co., Ltd.","Tesla Charging, LLCTesla Construction (Shanghai) Co., Ltd.","Tesla Charging, LLCTesla Construction (Shanghai) Co., Ltd.","ai)Co.,1",,,,,,,,,,,,,,,,,,,,,,,,,,,China,,,,,,,,,,,,,,,,,
Tesla Czech Republic s.r.o.,Tesla Czech Republic s.r.o.,Tesla Czech Republic s.r.o.,Tesla Czech Republic s.r.o.,Tesla Czech Republic s.r.o.,Tesla Czech Republic s.r.o.,,,,,,,,,,,,,,,,,,,,,,,,,,,,,,,,,,,,,,,,,,,,
"Tesla Energia Macau Limitada MacauTesla Energy d.o.o. SloveniaTesla Energy Operations,Inc. DelawareTesla Finance LLC DelawareTesla Financial Leasing (China) Co.,Ltd. ChinaTesla Financial Services GmbH GermanyTesla Financial Services Holdings B.V. NetherlandsTesla Financial Services Limited United KingdomTesla France S.a r.l. FranceTesla Germany GmbH GermanyTesla Greece Single Member P.C. GreeceTesla Hrvatska d.o.o. CroatiaTesla Hungary Kft. HungaryTesla India Motors and Energy Private Limited IndiaTesla Insurance Brokers Co., Ltd. ChinaTesla Insurance Holdings, LLC DelawareTesla Insurance, Inc. DelawareTeesla Insurance Ltd. MaltaTesla Insurance Services, Inc. CaliforniaTesla Insurance Services of Texas,Inc. TexasTesla International B.V. Netherlands","Tesla Energia Macau Limitada MacauTesla Energy d.o.o. SloveniaTesla Energy Operations,Inc. DelawareTesla Finance LLC DelawareTesla Financial Leasing (China) Co.,Ltd. ChinaTesla Financial Services GmbH GermanyTesla Financial Services Holdings B.V. NetherlandsTesla Financial Services Limited United KingdomTesla France S.a r.l. FranceTesla Germany GmbH GermanyTesla Greece Single Member P.C. GreeceTesla Hrvatska d.o.o. CroatiaTesla Hungary Kft. HungaryTesla India Motors and Energy Private Limited IndiaTesla Insurance Brokers Co., Ltd. ChinaTesla Insurance Holdings, LLC DelawareTesla Insurance, Inc. DelawareTeesla Insurance Ltd. MaltaTesla Insurance Services, Inc. CaliforniaTesla Insurance Services of Texas,Inc. TexasTesla International B.V. Netherlands","Tesla Energia Macau Limitada MacauTesla Energy d.o.o. SloveniaTesla Energy Operations,Inc. DelawareTesla Finance LLC DelawareTesla Financial Leasing (China) Co.,Ltd. ChinaTesla Financial Services GmbH GermanyTesla Financial Services Holdings B.V. NetherlandsTesla Financial Services Limited United KingdomTesla France S.a r.l. FranceTesla Germany GmbH GermanyTesla Greece Single Member P.C. GreeceTesla Hrvatska d.o.o. CroatiaTesla Hungary Kft. HungaryTesla India Motors and Energy Private Limited IndiaTesla Insurance Brokers Co., Ltd. ChinaTesla Insurance Holdings, LLC DelawareTesla Insurance, Inc. DelawareTeesla Insurance Ltd. MaltaTesla Insurance Services, Inc. CaliforniaTesla Insurance Services of Texas,Inc. TexasTesla International B.V. Netherlands","Tesla Energia Macau Limitada MacauTesla Energy d.o.o. SloveniaTesla Energy Operations,Inc. DelawareTesla Finance LLC DelawareTesla Financial Leasing (China) Co.,Ltd. ChinaTesla Financial Services GmbH GermanyTesla Financial Services Holdings B.V. NetherlandsTesla Financial Services Limited United KingdomTesla France S.a r.l. FranceTesla Germany GmbH GermanyTesla Greece Single Member P.C. GreeceTesla Hrvatska d.o.o. CroatiaTesla Hungary Kft. HungaryTesla India Motors and Energy Private Limited IndiaTesla Insurance Brokers Co., Ltd. ChinaTesla Insurance Holdings, LLC DelawareTesla Insurance, Inc. DelawareTeesla Insurance Ltd. MaltaTesla Insurance Services, Inc. CaliforniaTesla Insurance Services of Texas,Inc. TexasTesla International B.V. Netherlands","Tesla Energia Macau Limitada MacauTesla Energy d.o.o. SloveniaTesla Energy Operations,Inc. DelawareTesla Finance LLC DelawareTesla Financial Leasing (China) Co.,Ltd. ChinaTesla Financial Services GmbH GermanyTesla Financial Services Holdings B.V. NetherlandsTesla Financial Services Limited United KingdomTesla France S.a r.l. FranceTesla Germany GmbH GermanyTesla Greece Single Member P.C. GreeceTesla Hrvatska d.o.o. CroatiaTesla Hungary Kft. HungaryTesla India Motors and Energy Private Limited IndiaTesla Insurance Brokers Co., Ltd. ChinaTesla Insurance Holdings, LLC DelawareTesla Insurance, Inc. DelawareTeesla Insurance Ltd. MaltaTesla Insurance Services, Inc. CaliforniaTesla Insurance Services of Texas,Inc. TexasTesla International B.V. Netherlands","Tesla Energia Macau Limitada MacauTesla Energy d.o.o. SloveniaTesla Energy Operations,Inc. DelawareTesla Finance LLC DelawareTesla Financial Leasing (China) Co.,Ltd. ChinaTesla Financial Services GmbH GermanyTesla Financial Services Holdings B.V. NetherlandsTesla Financial Services Limited United KingdomTesla France S.a r.l. FranceTesla Germany GmbH GermanyTesla Greece Single Member P.C. GreeceTesla Hrvatska d.o.o. CroatiaTesla Hungary Kft. HungaryTesla India Motors and Energy Private Limited IndiaTesla Insurance Brokers Co., Ltd. ChinaTesla Insurance Holdings, LLC DelawareTesla Insurance, Inc. DelawareTeesla Insurance Ltd. MaltaTesla Insurance Services, Inc. CaliforniaTesla Insurance Services of Texas,Inc. TexasTesla International B.V. Netherlands","Tesla Energia Macau Limitada MacauTesla Energy d.o.o. SloveniaTesla Energy Operations,Inc. DelawareTesla Finance LLC DelawareTesla Financial Leasing (China) Co.,Ltd. ChinaTesla Financial Services GmbH GermanyTesla Financial Services Holdings B.V. NetherlandsTesla Financial Services Limited United KingdomTesla France S.a r.l. FranceTesla Germany GmbH GermanyTesla Greece Single Member P.C. GreeceTesla Hrvatska d.o.o. CroatiaTesla Hungary Kft. HungaryTesla India Motors and Energy Private Limited IndiaTesla Insurance Brokers Co., Ltd. ChinaTesla Insurance Holdings, LLC DelawareTesla Insurance, Inc. DelawareTeesla Insurance Ltd. MaltaTesla Insurance Services, Inc. CaliforniaTesla Insurance Services of Texas,Inc. TexasTesla International B.V. Netherlands","Tesla Energia Macau Limitada MacauTesla Energy d.o.o. SloveniaTesla Energy Operations,Inc. DelawareTesla Finance LLC DelawareTesla Financial Leasing (China) Co.,Ltd. ChinaTesla Financial Services GmbH GermanyTesla Financial Services Holdings B.V. NetherlandsTesla Financial Services Limited United KingdomTesla France S.a r.l. FranceTesla Germany GmbH GermanyTesla Greece Single Member P.C. GreeceTesla Hrvatska d.o.o. CroatiaTesla Hungary Kft. HungaryTesla India Motors and Energy Private Limited IndiaTesla Insurance Brokers Co., Ltd. ChinaTesla Insurance Holdings, LLC DelawareTesla Insurance, Inc. DelawareTeesla Insurance Ltd. MaltaTesla Insurance Services, Inc. CaliforniaTesla Insurance Services of Texas,Inc. TexasTesla International B.V. Netherlands","Tesla Energia Macau Limitada MacauTesla Energy d.o.o. SloveniaTesla Energy Operations,Inc. DelawareTesla Finance LLC DelawareTesla Financial Leasing (China) Co.,Ltd. ChinaTesla Financial Services GmbH GermanyTesla Financial Services Holdings B.V. NetherlandsTesla Financial Services Limited United KingdomTesla France S.a r.l. FranceTesla Germany GmbH GermanyTesla Greece Single Member P.C. GreeceTesla Hrvatska d.o.o. CroatiaTesla Hungary Kft. HungaryTesla India Motors and Energy Private Limited IndiaTesla Insurance Brokers Co., Ltd. ChinaTesla Insurance Holdings, LLC DelawareTesla Insurance, Inc. DelawareTeesla Insurance Ltd. MaltaTesla Insurance Services, Inc. CaliforniaTesla Insurance Services of Texas,Inc. TexasTesla International B.V. Netherlands","Tesla Energia Macau Limitada MacauTesla Energy d.o.o. SloveniaTesla Energy Operations,Inc. DelawareTesla Finance LLC DelawareTesla Financial Leasing (China) Co.,Ltd. ChinaTesla Financial Services GmbH GermanyTesla Financial Services Holdings B.V. NetherlandsTesla Financial Services Limited United KingdomTesla France S.a r.l. FranceTesla Germany GmbH GermanyTesla Greece Single Member P.C. GreeceTesla Hrvatska d.o.o. CroatiaTesla Hungary Kft. HungaryTesla India Motors and Energy Private Limited IndiaTesla Insurance Brokers Co., Ltd. ChinaTesla Insurance Holdings, LLC DelawareTesla Insurance, Inc. DelawareTeesla Insurance Ltd. MaltaTesla Insurance Services, Inc. CaliforniaTesla Insurance Services of Texas,Inc. TexasTesla International B.V. Netherlands","Tesla Energia Macau Limitada MacauTesla Energy d.o.o. SloveniaTesla Energy Operations,Inc. DelawareTesla Finance LLC DelawareTesla Financial Leasing (China) Co.,Ltd. ChinaTesla Financial Services GmbH GermanyTesla Financial Services Holdings B.V. NetherlandsTesla Financial Services Limited United KingdomTesla France S.a r.l. FranceTesla Germany GmbH GermanyTesla Greece Single Member P.C. GreeceTesla Hrvatska d.o.o. CroatiaTesla Hungary Kft. HungaryTesla India Motors and Energy Private Limited IndiaTesla Insurance Brokers Co., Ltd. ChinaTesla Insurance Holdings, LLC DelawareTesla Insurance, Inc. DelawareTeesla Insurance Ltd. MaltaTesla Insurance Services, Inc. CaliforniaTesla Insurance Services of Texas,Inc. TexasTesla International B.V. Netherlands","Tesla Energia Macau Limitada MacauTesla Energy d.o.o. SloveniaTesla Energy Operations,Inc. DelawareTesla Finance LLC DelawareTesla Financial Leasing (China) Co.,Ltd. ChinaTesla Financial Services GmbH GermanyTesla Financial Services Holdings B.V. NetherlandsTesla Financial Services Limited United KingdomTesla France S.a r.l. FranceTesla Germany GmbH GermanyTesla Greece Single Member P.C. GreeceTesla Hrvatska d.o.o. CroatiaTesla Hungary Kft. HungaryTesla India Motors and Energy Private Limited IndiaTesla Insurance Brokers Co., Ltd. ChinaTesla Insurance Holdings, LLC DelawareTesla Insurance, Inc. DelawareTeesla Insurance Ltd. MaltaTesla Insurance Services, Inc. CaliforniaTesla Insurance Services of Texas,Inc. TexasTesla International B.V. Netherlands","Tesla Energia Macau Limitada MacauTesla Energy d.o.o. SloveniaTesla Energy Operations,Inc. DelawareTesla Finance LLC DelawareTesla Financial Leasing (China) Co.,Ltd. ChinaTesla Financial Services GmbH GermanyTesla Financial Services Holdings B.V. NetherlandsTesla Financial Services Limited United KingdomTesla France S.a r.l. FranceTesla Germany GmbH GermanyTesla Greece Single Member P.C. GreeceTesla Hrvatska d.o.o. CroatiaTesla Hungary Kft. HungaryTesla India Motors and Energy Private Limited IndiaTesla Insurance Brokers Co., Ltd. ChinaTesla Insurance Holdings, LLC DelawareTesla Insurance, Inc. DelawareTeesla Insurance Ltd. MaltaTesla Insurance Services, Inc. CaliforniaTesla Insurance Services of Texas,Inc. TexasTesla International B.V. Netherlands","Tesla Energia Macau Limitada MacauTesla Energy d.o.o. SloveniaTesla Energy Operations,Inc. DelawareTesla Finance LLC DelawareTesla Financial Leasing (China) Co.,Ltd. ChinaTesla Financial Services GmbH GermanyTesla Financial Services Holdings B.V. NetherlandsTesla Financial Services Limited United KingdomTesla France S.a r.l. FranceTesla Germany GmbH GermanyTesla Greece Single Member P.C. GreeceTesla Hrvatska d.o.o. CroatiaTesla Hungary Kft. HungaryTesla India Motors and Energy Private Limited IndiaTesla Insurance Brokers Co., Ltd. ChinaTesla Insurance Holdings, LLC DelawareTesla Insurance, Inc. DelawareTeesla Insurance Ltd. MaltaTesla Insurance Services, Inc. CaliforniaTesla Insurance Services of Texas,Inc. TexasTesla International B.V. Netherlands","Tesla Energia Macau Limitada MacauTesla Energy d.o.o. SloveniaTesla Energy Operations,Inc. DelawareTesla Finance LLC DelawareTesla Financial Leasing (China) Co.,Ltd. ChinaTesla Financial Services GmbH GermanyTesla Financial Services Holdings B.V. NetherlandsTesla Financial Services Limited United KingdomTesla France S.a r.l. FranceTesla Germany GmbH GermanyTesla Greece Single Member P.C. GreeceTesla Hrvatska d.o.o. CroatiaTesla Hungary Kft. HungaryTesla India Motors and Energy Private Limited IndiaTesla Insurance Brokers Co., Ltd. ChinaTesla Insurance Holdings, LLC DelawareTesla Insurance, Inc. DelawareTeesla Insurance Ltd. MaltaTesla Insurance Services, Inc. CaliforniaTesla Insurance Services of Texas,Inc. TexasTesla International B.V. Netherlands","Tesla Energia Macau Limitada MacauTesla Energy d.o.o. SloveniaTesla Energy Operations,Inc. DelawareTesla Finance LLC DelawareTesla Financial Leasing (China) Co.,Ltd. ChinaTesla Financial Services GmbH GermanyTesla Financial Services Holdings B.V. NetherlandsTesla Financial Services Limited United KingdomTesla France S.a r.l. FranceTesla Germany GmbH GermanyTesla Greece Single Member P.C. GreeceTesla Hrvatska d.o.o. CroatiaTesla Hungary Kft. HungaryTesla India Motors and Energy Private Limited IndiaTesla Insurance Brokers Co., Ltd. ChinaTesla Insurance Holdings, LLC DelawareTesla Insurance, Inc. DelawareTeesla Insurance Ltd. MaltaTesla Insurance Services, Inc. CaliforniaTesla Insurance Services of Texas,Inc. TexasTesla International B.V. Netherlands","Tesla Energia Macau Limitada MacauTesla Energy d.o.o. SloveniaTesla Energy Operations,Inc. DelawareTesla Finance LLC DelawareTesla Financial Leasing (China) Co.,Ltd. ChinaTesla Financial Services GmbH GermanyTesla Financial Services Holdings B.V. NetherlandsTesla Financial Services Limited United KingdomTesla France S.a r.l. FranceTesla Germany GmbH GermanyTesla Greece Single Member P.C. GreeceTesla Hrvatska d.o.o. CroatiaTesla Hungary Kft. HungaryTesla India Motors and Energy Private Limited IndiaTesla Insurance Brokers Co., Ltd. ChinaTesla Insurance Holdings, LLC DelawareTesla Insurance, Inc. DelawareTeesla Insurance Ltd. MaltaTesla Insurance Services, Inc. CaliforniaTesla Insurance Services of Texas,Inc. TexasTesla International B.V. Netherlands","Tesla Energia Macau Limitada MacauTesla Energy d.o.o. SloveniaTesla Energy Operations,Inc. DelawareTesla Finance LLC DelawareTesla Financial Leasing (China) Co.,Ltd. ChinaTesla Financial Services GmbH GermanyTesla Financial Services Holdings B.V. NetherlandsTesla Financial Services Limited United KingdomTesla France S.a r.l. FranceTesla Germany GmbH GermanyTesla Greece Single Member P.C. GreeceTesla Hrvatska d.o.o. CroatiaTesla Hungary Kft. HungaryTesla India Motors and Energy Private Limited IndiaTesla Insurance Brokers Co., Ltd. ChinaTesla Insurance Holdings, LLC DelawareTesla Insurance, Inc. DelawareTeesla Insurance Ltd. MaltaTesla Insurance Services, Inc. CaliforniaTesla Insurance Services of Texas,Inc. TexasTesla International B.V. Netherlands","Tesla Energia Macau Limitada MacauTesla Energy d.o.o. SloveniaTesla Energy Operations,Inc. DelawareTesla Finance LLC DelawareTesla Financial Leasing (China) Co.,Ltd. ChinaTesla Financial Services GmbH GermanyTesla Financial Services Holdings B.V. NetherlandsTesla Financial Services Limited United KingdomTesla France S.a r.l. FranceTesla Germany GmbH GermanyTesla Greece Single Member P.C. GreeceTesla Hrvatska d.o.o. CroatiaTesla Hungary Kft. HungaryTesla India Motors and Energy Private Limited IndiaTesla Insurance Brokers Co., Ltd. ChinaTesla Insurance Holdings, LLC DelawareTesla Insurance, Inc. DelawareTeesla Insurance Ltd. MaltaTesla Insurance Services, Inc. CaliforniaTesla Insurance Services of Texas,Inc. TexasTesla International B.V. Netherlands","Tesla Energia Macau Limitada MacauTesla Energy d.o.o. SloveniaTesla Energy Operations,Inc. DelawareTesla Finance LLC DelawareTesla Financial Leasing (China) Co.,Ltd. ChinaTesla Financial Services GmbH GermanyTesla Financial Services Holdings B.V. NetherlandsTesla Financial Services Limited United KingdomTesla France S.a r.l. FranceTesla Germany GmbH GermanyTesla Greece Single Member P.C. GreeceTesla Hrvatska d.o.o. CroatiaTesla Hungary Kft. HungaryTesla India Motors and Energy Private Limited IndiaTesla Insurance Brokers Co., Ltd. ChinaTesla Insurance Holdings, LLC DelawareTesla Insurance, Inc. DelawareTeesla Insurance Ltd. MaltaTesla Insurance Services, Inc. CaliforniaTesla Insurance Services of Texas,Inc. TexasTesla International B.V. Netherlands","Tesla Energia Macau Limitada MacauTesla Energy d.o.o. SloveniaTesla Energy Operations,Inc. DelawareTesla Finance LLC DelawareTesla Financial Leasing (China) Co.,Ltd. ChinaTesla Financial Services GmbH GermanyTesla Financial Services Holdings B.V. NetherlandsTesla Financial Services Limited United KingdomTesla France S.a r.l. FranceTesla Germany GmbH GermanyTesla Greece Single Member P.C. GreeceTesla Hrvatska d.o.o. CroatiaTesla Hungary Kft. HungaryTesla India Motors and Energy Private Limited IndiaTesla Insurance Brokers Co., Ltd. ChinaTesla Insurance Holdings, LLC DelawareTesla Insurance, Inc. DelawareTeesla Insurance Ltd. MaltaTesla Insurance Services, Inc. CaliforniaTesla Insurance Services of Texas,Inc. TexasTesla International B.V. Netherlands","Tesla Energia Macau Limitada MacauTesla Energy d.o.o. SloveniaTesla Energy Operations,Inc. DelawareTesla Finance LLC DelawareTesla Financial Leasing (China) Co.,Ltd. ChinaTesla Financial Services GmbH GermanyTesla Financial Services Holdings B.V. NetherlandsTesla Financial Services Limited United KingdomTesla France S.a r.l. FranceTesla Germany GmbH GermanyTesla Greece Single Member P.C. GreeceTesla Hrvatska d.o.o. CroatiaTesla Hungary Kft. HungaryTesla India Motors and Energy Private Limited IndiaTesla Insurance Brokers Co., Ltd. ChinaTesla Insurance Holdings, LLC DelawareTesla Insurance, Inc. DelawareTeesla Insurance Ltd. MaltaTesla Insurance Services, Inc. CaliforniaTesla Insurance Services of Texas,Inc. TexasTesla International B.V. Netherlands","Tesla Energia Macau Limitada MacauTesla Energy d.o.o. SloveniaTesla Energy Operations,Inc. DelawareTesla Finance LLC DelawareTesla Financial Leasing (China) Co.,Ltd. ChinaTesla Financial Services GmbH GermanyTesla Financial Services Holdings B.V. NetherlandsTesla Financial Services Limited United KingdomTesla France S.a r.l. FranceTesla Germany GmbH GermanyTesla Greece Single Member P.C. GreeceTesla Hrvatska d.o.o. CroatiaTesla Hungary Kft. HungaryTesla India Motors and Energy Private Limited IndiaTesla Insurance Brokers Co., Ltd. ChinaTesla Insurance Holdings, LLC DelawareTesla Insurance, Inc. DelawareTeesla Insurance Ltd. MaltaTesla Insurance Services, Inc. CaliforniaTesla Insurance Services of Texas,Inc. TexasTesla International B.V. Netherlands","Tesla Energia Macau Limitada MacauTesla Energy d.o.o. SloveniaTesla Energy Operations,Inc. DelawareTesla Finance LLC DelawareTesla Financial Leasing (China) Co.,Ltd. ChinaTesla Financial Services GmbH GermanyTesla Financial Services Holdings B.V. NetherlandsTesla Financial Services Limited United KingdomTesla France S.a r.l. FranceTesla Germany GmbH GermanyTesla Greece Single Member P.C. GreeceTesla Hrvatska d.o.o. CroatiaTesla Hungary Kft. HungaryTesla India Motors and Energy Private Limited IndiaTesla Insurance Brokers Co., Ltd. ChinaTesla Insurance Holdings, LLC DelawareTesla Insurance, Inc. DelawareTeesla Insurance Ltd. MaltaTesla Insurance Services, Inc. CaliforniaTesla Insurance Services of Texas,Inc. TexasTesla International B.V. Netherlands","Tesla Energia Macau Limitada MacauTesla Energy d.o.o. SloveniaTesla Energy Operations,Inc. DelawareTesla Finance LLC DelawareTesla Financial Leasing (China) Co.,Ltd. ChinaTesla Financial Services GmbH GermanyTesla Financial Services Holdings B.V. NetherlandsTesla Financial Services Limited United KingdomTesla France S.a r.l. FranceTesla Germany GmbH GermanyTesla Greece Single Member P.C. GreeceTesla Hrvatska d.o.o. CroatiaTesla Hungary Kft. HungaryTesla India Motors and Energy Private Limited IndiaTesla Insurance Brokers Co., Ltd. ChinaTesla Insurance Holdings, LLC DelawareTesla Insurance, Inc. DelawareTeesla Insurance Ltd. MaltaTesla Insurance Services, Inc. CaliforniaTesla Insurance Services of Texas,Inc. TexasTesla International B.V. Netherlands","Tesla Energia Macau Limitada MacauTesla Energy d.o.o. SloveniaTesla Energy Operations,Inc. DelawareTesla Finance LLC DelawareTesla Financial Leasing (China) Co.,Ltd. ChinaTesla Financial Services GmbH GermanyTesla Financial Services Holdings B.V. NetherlandsTesla Financial Services Limited United KingdomTesla France S.a r.l. FranceTesla Germany GmbH GermanyTesla Greece Single Member P.C. GreeceTesla Hrvatska d.o.o. CroatiaTesla Hungary Kft. HungaryTesla India Motors and Energy Private Limited IndiaTesla Insurance Brokers Co., Ltd. ChinaTesla Insurance Holdings, LLC DelawareTesla Insurance, Inc. DelawareTeesla Insurance Ltd. MaltaTesla Insurance Services, Inc. CaliforniaTesla Insurance Services of Texas,Inc. TexasTesla International B.V. Netherlands","Tesla Energia Macau Limitada MacauTesla Energy d.o.o. SloveniaTesla Energy Operations,Inc. DelawareTesla Finance LLC DelawareTesla Financial Leasing (China) Co.,Ltd. ChinaTesla Financial Services GmbH GermanyTesla Financial Services Holdings B.V. NetherlandsTesla Financial Services Limited United KingdomTesla France S.a r.l. FranceTesla Germany GmbH GermanyTesla Greece Single Member P.C. GreeceTesla Hrvatska d.o.o. CroatiaTesla Hungary Kft. HungaryTesla India Motors and Energy Private Limited IndiaTesla Insurance Brokers Co., Ltd. ChinaTesla Insurance Holdings, LLC DelawareTesla Insurance, Inc. DelawareTeesla Insurance Ltd. MaltaTesla Insurance Services, Inc. CaliforniaTesla Insurance Services of Texas,Inc. TexasTesla International B.V. Netherlands","Tesla Energia Macau Limitada MacauTesla Energy d.o.o. SloveniaTesla Energy Operations,Inc. DelawareTesla Finance LLC DelawareTesla Financial Leasing (China) Co.,Ltd. ChinaTesla Financial Services GmbH GermanyTesla Financial Services Holdings B.V. NetherlandsTesla Financial Services Limited United KingdomTesla France S.a r.l. FranceTesla Germany GmbH GermanyTesla Greece Single Member P.C. GreeceTesla Hrvatska d.o.o. CroatiaTesla Hungary Kft. HungaryTesla India Motors and Energy Private Limited IndiaTesla Insurance Brokers Co., Ltd. ChinaTesla Insurance Holdings, LLC DelawareTesla Insurance, Inc. DelawareTeesla Insurance Ltd. MaltaTesla Insurance Services, Inc. CaliforniaTesla Insurance Services of Texas,Inc. TexasTesla International B.V. Netherlands",,Macau,,,,,,,,,,,,,,,,,,,,
"Tesla Energia Macau Limitada MacauTesla Energy d.o.o. SloveniaTesla Energy Operations,Inc. DelawareTesla Finance LLC DelawareTesla Financial Leasing (China) Co.,Ltd. ChinaTesla Financial Services GmbH GermanyTesla Financial Services Holdings B.V. NetherlandsTesla Financial Services Limited United KingdomTesla France S.a r.l. FranceTesla Germany GmbH GermanyTesla Greece Single Member P.C. GreeceTesla Hrvatska d.o.o. CroatiaTesla Hungary Kft. HungaryTesla India Motors and Energy Private Limited IndiaTesla Insurance Brokers Co., Ltd. ChinaTesla Insurance Holdings, LLC DelawareTesla Insurance, Inc. DelawareTeesla Insurance Ltd. MaltaTesla Insurance Services, Inc. CaliforniaTesla Insurance Services of Texas,Inc. TexasTesla International B.V. Netherlands","Tesla Energia Macau Limitada MacauTesla Energy d.o.o. SloveniaTesla Energy Operations,Inc. DelawareTesla Finance LLC DelawareTesla Financial Leasing (China) Co.,Ltd. ChinaTesla Financial Services GmbH GermanyTesla Financial Services Holdings B.V. NetherlandsTesla Financial Services Limited United KingdomTesla France S.a r.l. FranceTesla Germany GmbH GermanyTesla Greece Single Member P.C. GreeceTesla Hrvatska d.o.o. CroatiaTesla Hungary Kft. HungaryTesla India Motors and Energy Private Limited IndiaTesla Insurance Brokers Co., Ltd. ChinaTesla Insurance Holdings, LLC DelawareTesla Insurance, Inc. DelawareTeesla Insurance Ltd. MaltaTesla Insurance Services, Inc. CaliforniaTesla Insurance Services of Texas,Inc. TexasTesla International B.V. Netherlands","Tesla Energia Macau Limitada MacauTesla Energy d.o.o. SloveniaTesla Energy Operations,Inc. DelawareTesla Finance LLC DelawareTesla Financial Leasing (China) Co.,Ltd. ChinaTesla Financial Services GmbH GermanyTesla Financial Services Holdings B.V. NetherlandsTesla Financial Services Limited United KingdomTesla France S.a r.l. FranceTesla Germany GmbH GermanyTesla Greece Single Member P.C. GreeceTesla Hrvatska d.o.o. CroatiaTesla Hungary Kft. HungaryTesla India Motors and Energy Private Limited IndiaTesla Insurance Brokers Co., Ltd. ChinaTesla Insurance Holdings, LLC DelawareTesla Insurance, Inc. DelawareTeesla Insurance Ltd. MaltaTesla Insurance Services, Inc. CaliforniaTesla Insurance Services of Texas,Inc. TexasTesla International B.V. Netherlands","Tesla Energia Macau Limitada MacauTesla Energy d.o.o. SloveniaTesla Energy Operations,Inc. DelawareTesla Finance LLC DelawareTesla Financial Leasing (China) Co.,Ltd. ChinaTesla Financial Services GmbH GermanyTesla Financial Services Holdings B.V. NetherlandsTesla Financial Services Limited United KingdomTesla France S.a r.l. FranceTesla Germany GmbH GermanyTesla Greece Single Member P.C. GreeceTesla Hrvatska d.o.o. CroatiaTesla Hungary Kft. HungaryTesla India Motors and Energy Private Limited IndiaTesla Insurance Brokers Co., Ltd. ChinaTesla Insurance Holdings, LLC DelawareTesla Insurance, Inc. DelawareTeesla Insurance Ltd. MaltaTesla Insurance Services, Inc. CaliforniaTesla Insurance Services of Texas,Inc. TexasTesla International B.V. Netherlands","Tesla Energia Macau Limitada MacauTesla Energy d.o.o. SloveniaTesla Energy Operations,Inc. DelawareTesla Finance LLC DelawareTesla Financial Leasing (China) Co.,Ltd. ChinaTesla Financial Services GmbH GermanyTesla Financial Services Holdings B.V. NetherlandsTesla Financial Services Limited United KingdomTesla France S.a r.l. FranceTesla Germany GmbH GermanyTesla Greece Single Member P.C. GreeceTesla Hrvatska d.o.o. CroatiaTesla Hungary Kft. HungaryTesla India Motors and Energy Private Limited IndiaTesla Insurance Brokers Co., Ltd. ChinaTesla Insurance Holdings, LLC DelawareTesla Insurance, Inc. DelawareTeesla Insurance Ltd. MaltaTesla Insurance Services, Inc. CaliforniaTesla Insurance Services of Texas,Inc. TexasTesla International B.V. Netherlands","Tesla Energia Macau Limitada MacauTesla Energy d.o.o. SloveniaTesla Energy Operations,Inc. DelawareTesla Finance LLC DelawareTesla Financial Leasing (China) Co.,Ltd. ChinaTesla Financial Services GmbH GermanyTesla Financial Services Holdings B.V. NetherlandsTesla Financial Services Limited United KingdomTesla France S.a r.l. FranceTesla Germany GmbH GermanyTesla Greece Single Member P.C. GreeceTesla Hrvatska d.o.o. CroatiaTesla Hungary Kft. HungaryTesla India Motors and Energy Private Limited IndiaTesla Insurance Brokers Co., Ltd. ChinaTesla Insurance Holdings, LLC DelawareTesla Insurance, Inc. DelawareTeesla Insurance Ltd. MaltaTesla Insurance Services, Inc. CaliforniaTesla Insurance Services of Texas,Inc. TexasTesla International B.V. Netherlands","Tesla Energia Macau Limitada MacauTesla Energy d.o.o. SloveniaTesla Energy Operations,Inc. DelawareTesla Finance LLC DelawareTesla Financial Leasing (China) Co.,Ltd. ChinaTesla Financial Services GmbH GermanyTesla Financial Services Holdings B.V. NetherlandsTesla Financial Services Limited United KingdomTesla France S.a r.l. FranceTesla Germany GmbH GermanyTesla Greece Single Member P.C. GreeceTesla Hrvatska d.o.o. CroatiaTesla Hungary Kft. HungaryTesla India Motors and Energy Private Limited IndiaTesla Insurance Brokers Co., Ltd. ChinaTesla Insurance Holdings, LLC DelawareTesla Insurance, Inc. DelawareTeesla Insurance Ltd. MaltaTesla Insurance Services, Inc. CaliforniaTesla Insurance Services of Texas,Inc. TexasTesla International B.V. Netherlands","Tesla Energia Macau Limitada MacauTesla Energy d.o.o. SloveniaTesla Energy Operations,Inc. DelawareTesla Finance LLC DelawareTesla Financial Leasing (China) Co.,Ltd. ChinaTesla Financial Services GmbH GermanyTesla Financial Services Holdings B.V. NetherlandsTesla Financial Services Limited United KingdomTesla France S.a r.l. FranceTesla Germany GmbH GermanyTesla Greece Single Member P.C. GreeceTesla Hrvatska d.o.o. CroatiaTesla Hungary Kft. HungaryTesla India Motors and Energy Private Limited IndiaTesla Insurance Brokers Co., Ltd. ChinaTesla Insurance Holdings, LLC DelawareTesla Insurance, Inc. DelawareTeesla Insurance Ltd. MaltaTesla Insurance Services, Inc. CaliforniaTesla Insurance Services of Texas,Inc. TexasTesla International B.V. Netherlands","Tesla Energia Macau Limitada MacauTesla Energy d.o.o. SloveniaTesla Energy Operations,Inc. DelawareTesla Finance LLC DelawareTesla Financial Leasing (China) Co.,Ltd. ChinaTesla Financial Services GmbH GermanyTesla Financial Services Holdings B.V. NetherlandsTesla Financial Services Limited United KingdomTesla France S.a r.l. FranceTesla Germany GmbH GermanyTesla Greece Single Member P.C. GreeceTesla Hrvatska d.o.o. CroatiaTesla Hungary Kft. HungaryTesla India Motors and Energy Private Limited IndiaTesla Insurance Brokers Co., Ltd. ChinaTesla Insurance Holdings, LLC DelawareTesla Insurance, Inc. DelawareTeesla Insurance Ltd. MaltaTesla Insurance Services, Inc. CaliforniaTesla Insurance Services of Texas,Inc. TexasTesla International B.V. Netherlands","Tesla Energia Macau Limitada MacauTesla Energy d.o.o. SloveniaTesla Energy Operations,Inc. DelawareTesla Finance LLC DelawareTesla Financial Leasing (China) Co.,Ltd. ChinaTesla Financial Services GmbH GermanyTesla Financial Services Holdings B.V. NetherlandsTesla Financial Services Limited United KingdomTesla France S.a r.l. FranceTesla Germany GmbH GermanyTesla Greece Single Member P.C. GreeceTesla Hrvatska d.o.o. CroatiaTesla Hungary Kft. HungaryTesla India Motors and Energy Private Limited IndiaTesla Insurance Brokers Co., Ltd. ChinaTesla Insurance Holdings, LLC DelawareTesla Insurance, Inc. DelawareTeesla Insurance Ltd. MaltaTesla Insurance Services, Inc. CaliforniaTesla Insurance Services of Texas,Inc. TexasTesla International B.V. Netherlands","Tesla Energia Macau Limitada MacauTesla Energy d.o.o. SloveniaTesla Energy Operations,Inc. DelawareTesla Finance LLC DelawareTesla Financial Leasing (China) Co.,Ltd. ChinaTesla Financial Services GmbH GermanyTesla Financial Services Holdings B.V. NetherlandsTesla Financial Services Limited United KingdomTesla France S.a r.l. FranceTesla Germany GmbH GermanyTesla Greece Single Member P.C. GreeceTesla Hrvatska d.o.o. CroatiaTesla Hungary Kft. HungaryTesla India Motors and Energy Private Limited IndiaTesla Insurance Brokers Co., Ltd. ChinaTesla Insurance Holdings, LLC DelawareTesla Insurance, Inc. DelawareTeesla Insurance Ltd. MaltaTesla Insurance Services, Inc. CaliforniaTesla Insurance Services of Texas,Inc. TexasTesla International B.V. Netherlands","Tesla Energia Macau Limitada MacauTesla Energy d.o.o. SloveniaTesla Energy Operations,Inc. DelawareTesla Finance LLC DelawareTesla Financial Leasing (China) Co.,Ltd. ChinaTesla Financial Services GmbH GermanyTesla Financial Services Holdings B.V. NetherlandsTesla Financial Services Limited United KingdomTesla France S.a r.l. FranceTesla Germany GmbH GermanyTesla Greece Single Member P.C. GreeceTesla Hrvatska d.o.o. CroatiaTesla Hungary Kft. HungaryTesla India Motors and Energy Private Limited IndiaTesla Insurance Brokers Co., Ltd. ChinaTesla Insurance Holdings, LLC DelawareTesla Insurance, Inc. DelawareTeesla Insurance Ltd. MaltaTesla Insurance Services, Inc. CaliforniaTesla Insurance Services of Texas,Inc. TexasTesla International B.V. Netherlands","Tesla Energia Macau Limitada MacauTesla Energy d.o.o. SloveniaTesla Energy Operations,Inc. DelawareTesla Finance LLC DelawareTesla Financial Leasing (China) Co.,Ltd. ChinaTesla Financial Services GmbH GermanyTesla Financial Services Holdings B.V. NetherlandsTesla Financial Services Limited United KingdomTesla France S.a r.l. FranceTesla Germany GmbH GermanyTesla Greece Single Member P.C. GreeceTesla Hrvatska d.o.o. CroatiaTesla Hungary Kft. HungaryTesla India Motors and Energy Private Limited IndiaTesla Insurance Brokers Co., Ltd. ChinaTesla Insurance Holdings, LLC DelawareTesla Insurance, Inc. DelawareTeesla Insurance Ltd. MaltaTesla Insurance Services, Inc. CaliforniaTesla Insurance Services of Texas,Inc. TexasTesla International B.V. Netherlands","Tesla Energia Macau Limitada MacauTesla Energy d.o.o. SloveniaTesla Energy Operations,Inc. DelawareTesla Finance LLC DelawareTesla Financial Leasing (China) Co.,Ltd. ChinaTesla Financial Services GmbH GermanyTesla Financial Services Holdings B.V. NetherlandsTesla Financial Services Limited United KingdomTesla France S.a r.l. FranceTesla Germany GmbH GermanyTesla Greece Single Member P.C. GreeceTesla Hrvatska d.o.o. CroatiaTesla Hungary Kft. HungaryTesla India Motors and Energy Private Limited IndiaTesla Insurance Brokers Co., Ltd. ChinaTesla Insurance Holdings, LLC DelawareTesla Insurance, Inc. DelawareTeesla Insurance Ltd. MaltaTesla Insurance Services, Inc. CaliforniaTesla Insurance Services of Texas,Inc. TexasTesla International B.V. Netherlands","Tesla Energia Macau Limitada MacauTesla Energy d.o.o. SloveniaTesla Energy Operations,Inc. DelawareTesla Finance LLC DelawareTesla Financial Leasing (China) Co.,Ltd. ChinaTesla Financial Services GmbH GermanyTesla Financial Services Holdings B.V. NetherlandsTesla Financial Services Limited United KingdomTesla France S.a r.l. FranceTesla Germany GmbH GermanyTesla Greece Single Member P.C. GreeceTesla Hrvatska d.o.o. CroatiaTesla Hungary Kft. HungaryTesla India Motors and Energy Private Limited IndiaTesla Insurance Brokers Co., Ltd. ChinaTesla Insurance Holdings, LLC DelawareTesla Insurance, Inc. DelawareTeesla Insurance Ltd. MaltaTesla Insurance Services, Inc. CaliforniaTesla Insurance Services of Texas,Inc. TexasTesla International B.V. Netherlands","Tesla Energia Macau Limitada MacauTesla Energy d.o.o. SloveniaTesla Energy Operations,Inc. DelawareTesla Finance LLC DelawareTesla Financial Leasing (China) Co.,Ltd. ChinaTesla Financial Services GmbH GermanyTesla Financial Services Holdings B.V. NetherlandsTesla Financial Services Limited United KingdomTesla France S.a r.l. FranceTesla Germany GmbH GermanyTesla Greece Single Member P.C. GreeceTesla Hrvatska d.o.o. CroatiaTesla Hungary Kft. HungaryTesla India Motors and Energy Private Limited IndiaTesla Insurance Brokers Co., Ltd. ChinaTesla Insurance Holdings, LLC DelawareTesla Insurance, Inc. DelawareTeesla Insurance Ltd. MaltaTesla Insurance Services, Inc. CaliforniaTesla Insurance Services of Texas,Inc. TexasTesla International B.V. Netherlands","Tesla Energia Macau Limitada MacauTesla Energy d.o.o. SloveniaTesla Energy Operations,Inc. DelawareTesla Finance LLC DelawareTesla Financial Leasing (China) Co.,Ltd. ChinaTesla Financial Services GmbH GermanyTesla Financial Services Holdings B.V. NetherlandsTesla Financial Services Limited United KingdomTesla France S.a r.l. FranceTesla Germany GmbH GermanyTesla Greece Single Member P.C. GreeceTesla Hrvatska d.o.o. CroatiaTesla Hungary Kft. HungaryTesla India Motors and Energy Private Limited IndiaTesla Insurance Brokers Co., Ltd. ChinaTesla Insurance Holdings, LLC DelawareTesla Insurance, Inc. DelawareTeesla Insurance Ltd. MaltaTesla Insurance Services, Inc. CaliforniaTesla Insurance Services of Texas,Inc. TexasTesla International B.V. Netherlands","Tesla Energia Macau Limitada MacauTesla Energy d.o.o. SloveniaTesla Energy Operations,Inc. DelawareTesla Finance LLC DelawareTesla Financial Leasing (China) Co.,Ltd. ChinaTesla Financial Services GmbH GermanyTesla Financial Services Holdings B.V. NetherlandsTesla Financial Services Limited United KingdomTesla France S.a r.l. FranceTesla Germany GmbH GermanyTesla Greece Single Member P.C. GreeceTesla Hrvatska d.o.o. CroatiaTesla Hungary Kft. HungaryTesla India Motors and Energy Private Limited IndiaTesla Insurance Brokers Co., Ltd. ChinaTesla Insurance Holdings, LLC DelawareTesla Insurance, Inc. DelawareTeesla Insurance Ltd. MaltaTesla Insurance Services, Inc. CaliforniaTesla Insurance Services of Texas,Inc. TexasTesla International B.V. Netherlands","Tesla Energia Macau Limitada MacauTesla Energy d.o.o. SloveniaTesla Energy Operations,Inc. DelawareTesla Finance LLC DelawareTesla Financial Leasing (China) Co.,Ltd. ChinaTesla Financial Services GmbH GermanyTesla Financial Services Holdings B.V. NetherlandsTesla Financial Services Limited United KingdomTesla France S.a r.l. FranceTesla Germany GmbH GermanyTesla Greece Single Member P.C. GreeceTesla Hrvatska d.o.o. CroatiaTesla Hungary Kft. HungaryTesla India Motors and Energy Private Limited IndiaTesla Insurance Brokers Co., Ltd. ChinaTesla Insurance Holdings, LLC DelawareTesla Insurance, Inc. DelawareTeesla Insurance Ltd. MaltaTesla Insurance Services, Inc. CaliforniaTesla Insurance Services of Texas,Inc. TexasTesla International B.V. Netherlands","Tesla Energia Macau Limitada MacauTesla Energy d.o.o. SloveniaTesla Energy Operations,Inc. DelawareTesla Finance LLC DelawareTesla Financial Leasing (China) Co.,Ltd. ChinaTesla Financial Services GmbH GermanyTesla Financial Services Holdings B.V. NetherlandsTesla Financial Services Limited United KingdomTesla France S.a r.l. FranceTesla Germany GmbH GermanyTesla Greece Single Member P.C. GreeceTesla Hrvatska d.o.o. CroatiaTesla Hungary Kft. HungaryTesla India Motors and Energy Private Limited IndiaTesla Insurance Brokers Co., Ltd. ChinaTesla Insurance Holdings, LLC DelawareTesla Insurance, Inc. DelawareTeesla Insurance Ltd. MaltaTesla Insurance Services, Inc. CaliforniaTesla Insurance Services of Texas,Inc. TexasTesla International B.V. Netherlands","Tesla Energia Macau Limitada MacauTesla Energy d.o.o. SloveniaTesla Energy Operations,Inc. DelawareTesla Finance LLC DelawareTesla Financial Leasing (China) Co.,Ltd. ChinaTesla Financial Services GmbH GermanyTesla Financial Services Holdings B.V. NetherlandsTesla Financial Services Limited United KingdomTesla France S.a r.l. FranceTesla Germany GmbH GermanyTesla Greece Single Member P.C. GreeceTesla Hrvatska d.o.o. CroatiaTesla Hungary Kft. HungaryTesla India Motors and Energy Private Limited IndiaTesla Insurance Brokers Co., Ltd. ChinaTesla Insurance Holdings, LLC DelawareTesla Insurance, Inc. DelawareTeesla Insurance Ltd. MaltaTesla Insurance Services, Inc. CaliforniaTesla Insurance Services of Texas,Inc. TexasTesla International B.V. Netherlands","Tesla Energia Macau Limitada MacauTesla Energy d.o.o. SloveniaTesla Energy Operations,Inc. DelawareTesla Finance LLC DelawareTesla Financial Leasing (China) Co.,Ltd. ChinaTesla Financial Services GmbH GermanyTesla Financial Services Holdings B.V. NetherlandsTesla Financial Services Limited United KingdomTesla France S.a r.l. FranceTesla Germany GmbH GermanyTesla Greece Single Member P.C. GreeceTesla Hrvatska d.o.o. CroatiaTesla Hungary Kft. HungaryTesla India Motors and Energy Private Limited IndiaTesla Insurance Brokers Co., Ltd. ChinaTesla Insurance Holdings, LLC DelawareTesla Insurance, Inc. DelawareTeesla Insurance Ltd. MaltaTesla Insurance Services, Inc. CaliforniaTesla Insurance Services of Texas,Inc. TexasTesla International B.V. Netherlands","Tesla Energia Macau Limitada MacauTesla Energy d.o.o. SloveniaTesla Energy Operations,Inc. DelawareTesla Finance LLC DelawareTesla Financial Leasing (China) Co.,Ltd. ChinaTesla Financial Services GmbH GermanyTesla Financial Services Holdings B.V. NetherlandsTesla Financial Services Limited United KingdomTesla France S.a r.l. FranceTesla Germany GmbH GermanyTesla Greece Single Member P.C. GreeceTesla Hrvatska d.o.o. CroatiaTesla Hungary Kft. HungaryTesla India Motors and Energy Private Limited IndiaTesla Insurance Brokers Co., Ltd. ChinaTesla Insurance Holdings, LLC DelawareTesla Insurance, Inc. DelawareTeesla Insurance Ltd. MaltaTesla Insurance Services, Inc. CaliforniaTesla Insurance Services of Texas,Inc. TexasTesla International B.V. Netherlands","Tesla Energia Macau Limitada MacauTesla Energy d.o.o. SloveniaTesla Energy Operations,Inc. DelawareTesla Finance LLC DelawareTesla Financial Leasing (China) Co.,Ltd. ChinaTesla Financial Services GmbH GermanyTesla Financial Services Holdings B.V. NetherlandsTesla Financial Services Limited United KingdomTesla France S.a r.l. FranceTesla Germany GmbH GermanyTesla Greece Single Member P.C. GreeceTesla Hrvatska d.o.o. CroatiaTesla Hungary Kft. HungaryTesla India Motors and Energy Private Limited IndiaTesla Insurance Brokers Co., Ltd. ChinaTesla Insurance Holdings, LLC DelawareTesla Insurance, Inc. DelawareTeesla Insurance Ltd. MaltaTesla Insurance Services, Inc. CaliforniaTesla Insurance Services of Texas,Inc. TexasTesla International B.V. Netherlands","Tesla Energia Macau Limitada MacauTesla Energy d.o.o. SloveniaTesla Energy Operations,Inc. DelawareTesla Finance LLC DelawareTesla Financial Leasing (China) Co.,Ltd. ChinaTesla Financial Services GmbH GermanyTesla Financial Services Holdings B.V. NetherlandsTesla Financial Services Limited United KingdomTesla France S.a r.l. FranceTesla Germany GmbH GermanyTesla Greece Single Member P.C. GreeceTesla Hrvatska d.o.o. CroatiaTesla Hungary Kft. HungaryTesla India Motors and Energy Private Limited IndiaTesla Insurance Brokers Co., Ltd. ChinaTesla Insurance Holdings, LLC DelawareTesla Insurance, Inc. DelawareTeesla Insurance Ltd. MaltaTesla Insurance Services, Inc. CaliforniaTesla Insurance Services of Texas,Inc. TexasTesla International B.V. Netherlands","Tesla Energia Macau Limitada MacauTesla Energy d.o.o. SloveniaTesla Energy Operations,Inc. DelawareTesla Finance LLC DelawareTesla Financial Leasing (China) Co.,Ltd. ChinaTesla Financial Services GmbH GermanyTesla Financial Services Holdings B.V. NetherlandsTesla Financial Services Limited United KingdomTesla France S.a r.l. FranceTesla Germany GmbH GermanyTesla Greece Single Member P.C. GreeceTesla Hrvatska d.o.o. CroatiaTesla Hungary Kft. HungaryTesla India Motors and Energy Private Limited IndiaTesla Insurance Brokers Co., Ltd. ChinaTesla Insurance Holdings, LLC DelawareTesla Insurance, Inc. DelawareTeesla Insurance Ltd. MaltaTesla Insurance Services, Inc. CaliforniaTesla Insurance Services of Texas,Inc. TexasTesla International B.V. Netherlands","Tesla Energia Macau Limitada MacauTesla Energy d.o.o. SloveniaTesla Energy Operations,Inc. DelawareTesla Finance LLC DelawareTesla Financial Leasing (China) Co.,Ltd. ChinaTesla Financial Services GmbH GermanyTesla Financial Services Holdings B.V. NetherlandsTesla Financial Services Limited United KingdomTesla France S.a r.l. FranceTesla Germany GmbH GermanyTesla Greece Single Member P.C. GreeceTesla Hrvatska d.o.o. CroatiaTesla Hungary Kft. HungaryTesla India Motors and Energy Private Limited IndiaTesla Insurance Brokers Co., Ltd. ChinaTesla Insurance Holdings, LLC DelawareTesla Insurance, Inc. DelawareTeesla Insurance Ltd. MaltaTesla Insurance Services, Inc. CaliforniaTesla Insurance Services of Texas,Inc. TexasTesla International B.V. Netherlands","Tesla Energia Macau Limitada MacauTesla Energy d.o.o. SloveniaTesla Energy Operations,Inc. DelawareTesla Finance LLC DelawareTesla Financial Leasing (China) Co.,Ltd. ChinaTesla Financial Services GmbH GermanyTesla Financial Services Holdings B.V. NetherlandsTesla Financial Services Limited United KingdomTesla France S.a r.l. FranceTesla Germany GmbH GermanyTesla Greece Single Member P.C. GreeceTesla Hrvatska d.o.o. CroatiaTesla Hungary Kft. HungaryTesla India Motors and Energy Private Limited IndiaTesla Insurance Brokers Co., Ltd. ChinaTesla Insurance Holdings, LLC DelawareTesla Insurance, Inc. DelawareTeesla Insurance Ltd. MaltaTesla Insurance Services, Inc. CaliforniaTesla Insurance Services of Texas,Inc. TexasTesla International B.V. Netherlands",,,,,,,Slovenia,,,,,,,,,,,,,,,
"Tesla Energia Macau Limitada MacauTesla Energy d.o.o. SloveniaTesla Energy Operations,Inc. DelawareTesla Finance LLC DelawareTesla Financial Leasing (China) Co.,Ltd. ChinaTesla Financial Services GmbH GermanyTesla Financial Services Holdings B.V. NetherlandsTesla Financial Services Limited United KingdomTesla France S.a r.l. FranceTesla Germany GmbH GermanyTesla Greece Single Member P.C. GreeceTesla Hrvatska d.o.o. CroatiaTesla Hungary Kft. HungaryTesla India Motors and Energy Private Limited IndiaTesla Insurance Brokers Co., Ltd. ChinaTesla Insurance Holdings, LLC DelawareTesla Insurance, Inc. DelawareTeesla Insurance Ltd. MaltaTesla Insurance Services, Inc. CaliforniaTesla Insurance Services of Texas,Inc. TexasTesla International B.V. Netherlands","Tesla Energia Macau Limitada MacauTesla Energy d.o.o. SloveniaTesla Energy Operations,Inc. DelawareTesla Finance LLC DelawareTesla Financial Leasing (China) Co.,Ltd. ChinaTesla Financial Services GmbH GermanyTesla Financial Services Holdings B.V. NetherlandsTesla Financial Services Limited United KingdomTesla France S.a r.l. FranceTesla Germany GmbH GermanyTesla Greece Single Member P.C. GreeceTesla Hrvatska d.o.o. CroatiaTesla Hungary Kft. HungaryTesla India Motors and Energy Private Limited IndiaTesla Insurance Brokers Co., Ltd. ChinaTesla Insurance Holdings, LLC DelawareTesla Insurance, Inc. DelawareTeesla Insurance Ltd. MaltaTesla Insurance Services, Inc. CaliforniaTesla Insurance Services of Texas,Inc. TexasTesla International B.V. Netherlands","Tesla Energia Macau Limitada MacauTesla Energy d.o.o. SloveniaTesla Energy Operations,Inc. DelawareTesla Finance LLC DelawareTesla Financial Leasing (China) Co.,Ltd. ChinaTesla Financial Services GmbH GermanyTesla Financial Services Holdings B.V. NetherlandsTesla Financial Services Limited United KingdomTesla France S.a r.l. FranceTesla Germany GmbH GermanyTesla Greece Single Member P.C. GreeceTesla Hrvatska d.o.o. CroatiaTesla Hungary Kft. HungaryTesla India Motors and Energy Private Limited IndiaTesla Insurance Brokers Co., Ltd. ChinaTesla Insurance Holdings, LLC DelawareTesla Insurance, Inc. DelawareTeesla Insurance Ltd. MaltaTesla Insurance Services, Inc. CaliforniaTesla Insurance Services of Texas,Inc. TexasTesla International B.V. Netherlands","Tesla Energia Macau Limitada MacauTesla Energy d.o.o. SloveniaTesla Energy Operations,Inc. DelawareTesla Finance LLC DelawareTesla Financial Leasing (China) Co.,Ltd. ChinaTesla Financial Services GmbH GermanyTesla Financial Services Holdings B.V. NetherlandsTesla Financial Services Limited United KingdomTesla France S.a r.l. FranceTesla Germany GmbH GermanyTesla Greece Single Member P.C. GreeceTesla Hrvatska d.o.o. CroatiaTesla Hungary Kft. HungaryTesla India Motors and Energy Private Limited IndiaTesla Insurance Brokers Co., Ltd. ChinaTesla Insurance Holdings, LLC DelawareTesla Insurance, Inc. DelawareTeesla Insurance Ltd. MaltaTesla Insurance Services, Inc. CaliforniaTesla Insurance Services of Texas,Inc. TexasTesla International B.V. Netherlands","Tesla Energia Macau Limitada MacauTesla Energy d.o.o. SloveniaTesla Energy Operations,Inc. DelawareTesla Finance LLC DelawareTesla Financial Leasing (China) Co.,Ltd. ChinaTesla Financial Services GmbH GermanyTesla Financial Services Holdings B.V. NetherlandsTesla Financial Services Limited United KingdomTesla France S.a r.l. FranceTesla Germany GmbH GermanyTesla Greece Single Member P.C. GreeceTesla Hrvatska d.o.o. CroatiaTesla Hungary Kft. HungaryTesla India Motors and Energy Private Limited IndiaTesla Insurance Brokers Co., Ltd. ChinaTesla Insurance Holdings, LLC DelawareTesla Insurance, Inc. DelawareTeesla Insurance Ltd. MaltaTesla Insurance Services, Inc. CaliforniaTesla Insurance Services of Texas,Inc. TexasTesla International B.V. Netherlands","Tesla Energia Macau Limitada MacauTesla Energy d.o.o. SloveniaTesla Energy Operations,Inc. DelawareTesla Finance LLC DelawareTesla Financial Leasing (China) Co.,Ltd. ChinaTesla Financial Services GmbH GermanyTesla Financial Services Holdings B.V. NetherlandsTesla Financial Services Limited United KingdomTesla France S.a r.l. FranceTesla Germany GmbH GermanyTesla Greece Single Member P.C. GreeceTesla Hrvatska d.o.o. CroatiaTesla Hungary Kft. HungaryTesla India Motors and Energy Private Limited IndiaTesla Insurance Brokers Co., Ltd. ChinaTesla Insurance Holdings, LLC DelawareTesla Insurance, Inc. DelawareTeesla Insurance Ltd. MaltaTesla Insurance Services, Inc. CaliforniaTesla Insurance Services of Texas,Inc. TexasTesla International B.V. Netherlands","Tesla Energia Macau Limitada MacauTesla Energy d.o.o. SloveniaTesla Energy Operations,Inc. DelawareTesla Finance LLC DelawareTesla Financial Leasing (China) Co.,Ltd. ChinaTesla Financial Services GmbH GermanyTesla Financial Services Holdings B.V. NetherlandsTesla Financial Services Limited United KingdomTesla France S.a r.l. FranceTesla Germany GmbH GermanyTesla Greece Single Member P.C. GreeceTesla Hrvatska d.o.o. CroatiaTesla Hungary Kft. HungaryTesla India Motors and Energy Private Limited IndiaTesla Insurance Brokers Co., Ltd. ChinaTesla Insurance Holdings, LLC DelawareTesla Insurance, Inc. DelawareTeesla Insurance Ltd. MaltaTesla Insurance Services, Inc. CaliforniaTesla Insurance Services of Texas,Inc. TexasTesla International B.V. Netherlands","Tesla Energia Macau Limitada MacauTesla Energy d.o.o. SloveniaTesla Energy Operations,Inc. DelawareTesla Finance LLC DelawareTesla Financial Leasing (China) Co.,Ltd. ChinaTesla Financial Services GmbH GermanyTesla Financial Services Holdings B.V. NetherlandsTesla Financial Services Limited United KingdomTesla France S.a r.l. FranceTesla Germany GmbH GermanyTesla Greece Single Member P.C. GreeceTesla Hrvatska d.o.o. CroatiaTesla Hungary Kft. HungaryTesla India Motors and Energy Private Limited IndiaTesla Insurance Brokers Co., Ltd. ChinaTesla Insurance Holdings, LLC DelawareTesla Insurance, Inc. DelawareTeesla Insurance Ltd. MaltaTesla Insurance Services, Inc. CaliforniaTesla Insurance Services of Texas,Inc. TexasTesla International B.V. Netherlands","Tesla Energia Macau Limitada MacauTesla Energy d.o.o. SloveniaTesla Energy Operations,Inc. DelawareTesla Finance LLC DelawareTesla Financial Leasing (China) Co.,Ltd. ChinaTesla Financial Services GmbH GermanyTesla Financial Services Holdings B.V. NetherlandsTesla Financial Services Limited United KingdomTesla France S.a r.l. FranceTesla Germany GmbH GermanyTesla Greece Single Member P.C. GreeceTesla Hrvatska d.o.o. CroatiaTesla Hungary Kft. HungaryTesla India Motors and Energy Private Limited IndiaTesla Insurance Brokers Co., Ltd. ChinaTesla Insurance Holdings, LLC DelawareTesla Insurance, Inc. DelawareTeesla Insurance Ltd. MaltaTesla Insurance Services, Inc. CaliforniaTesla Insurance Services of Texas,Inc. TexasTesla International B.V. Netherlands","Tesla Energia Macau Limitada MacauTesla Energy d.o.o. SloveniaTesla Energy Operations,Inc. DelawareTesla Finance LLC DelawareTesla Financial Leasing (China) Co.,Ltd. ChinaTesla Financial Services GmbH GermanyTesla Financial Services Holdings B.V. NetherlandsTesla Financial Services Limited United KingdomTesla France S.a r.l. FranceTesla Germany GmbH GermanyTesla Greece Single Member P.C. GreeceTesla Hrvatska d.o.o. CroatiaTesla Hungary Kft. HungaryTesla India Motors and Energy Private Limited IndiaTesla Insurance Brokers Co., Ltd. ChinaTesla Insurance Holdings, LLC DelawareTesla Insurance, Inc. DelawareTeesla Insurance Ltd. MaltaTesla Insurance Services, Inc. CaliforniaTesla Insurance Services of Texas,Inc. TexasTesla International B.V. Netherlands","Tesla Energia Macau Limitada MacauTesla Energy d.o.o. SloveniaTesla Energy Operations,Inc. DelawareTesla Finance LLC DelawareTesla Financial Leasing (China) Co.,Ltd. ChinaTesla Financial Services GmbH GermanyTesla Financial Services Holdings B.V. NetherlandsTesla Financial Services Limited United KingdomTesla France S.a r.l. FranceTesla Germany GmbH GermanyTesla Greece Single Member P.C. GreeceTesla Hrvatska d.o.o. CroatiaTesla Hungary Kft. HungaryTesla India Motors and Energy Private Limited IndiaTesla Insurance Brokers Co., Ltd. ChinaTesla Insurance Holdings, LLC DelawareTesla Insurance, Inc. DelawareTeesla Insurance Ltd. MaltaTesla Insurance Services, Inc. CaliforniaTesla Insurance Services of Texas,Inc. TexasTesla International B.V. Netherlands","Tesla Energia Macau Limitada MacauTesla Energy d.o.o. SloveniaTesla Energy Operations,Inc. DelawareTesla Finance LLC DelawareTesla Financial Leasing (China) Co.,Ltd. ChinaTesla Financial Services GmbH GermanyTesla Financial Services Holdings B.V. NetherlandsTesla Financial Services Limited United KingdomTesla France S.a r.l. FranceTesla Germany GmbH GermanyTesla Greece Single Member P.C. GreeceTesla Hrvatska d.o.o. CroatiaTesla Hungary Kft. HungaryTesla India Motors and Energy Private Limited IndiaTesla Insurance Brokers Co., Ltd. ChinaTesla Insurance Holdings, LLC DelawareTesla Insurance, Inc. DelawareTeesla Insurance Ltd. MaltaTesla Insurance Services, Inc. CaliforniaTesla Insurance Services of Texas,Inc. TexasTesla International B.V. Netherlands","Tesla Energia Macau Limitada MacauTesla Energy d.o.o. SloveniaTesla Energy Operations,Inc. DelawareTesla Finance LLC DelawareTesla Financial Leasing (China) Co.,Ltd. ChinaTesla Financial Services GmbH GermanyTesla Financial Services Holdings B.V. NetherlandsTesla Financial Services Limited United KingdomTesla France S.a r.l. FranceTesla Germany GmbH GermanyTesla Greece Single Member P.C. GreeceTesla Hrvatska d.o.o. CroatiaTesla Hungary Kft. HungaryTesla India Motors and Energy Private Limited IndiaTesla Insurance Brokers Co., Ltd. ChinaTesla Insurance Holdings, LLC DelawareTesla Insurance, Inc. DelawareTeesla Insurance Ltd. MaltaTesla Insurance Services, Inc. CaliforniaTesla Insurance Services of Texas,Inc. TexasTesla International B.V. Netherlands","Tesla Energia Macau Limitada MacauTesla Energy d.o.o. SloveniaTesla Energy Operations,Inc. DelawareTesla Finance LLC DelawareTesla Financial Leasing (China) Co.,Ltd. ChinaTesla Financial Services GmbH GermanyTesla Financial Services Holdings B.V. NetherlandsTesla Financial Services Limited United KingdomTesla France S.a r.l. FranceTesla Germany GmbH GermanyTesla Greece Single Member P.C. GreeceTesla Hrvatska d.o.o. CroatiaTesla Hungary Kft. HungaryTesla India Motors and Energy Private Limited IndiaTesla Insurance Brokers Co., Ltd. ChinaTesla Insurance Holdings, LLC DelawareTesla Insurance, Inc. DelawareTeesla Insurance Ltd. MaltaTesla Insurance Services, Inc. CaliforniaTesla Insurance Services of Texas,Inc. TexasTesla International B.V. Netherlands","Tesla Energia Macau Limitada MacauTesla Energy d.o.o. SloveniaTesla Energy Operations,Inc. DelawareTesla Finance LLC DelawareTesla Financial Leasing (China) Co.,Ltd. ChinaTesla Financial Services GmbH GermanyTesla Financial Services Holdings B.V. NetherlandsTesla Financial Services Limited United KingdomTesla France S.a r.l. FranceTesla Germany GmbH GermanyTesla Greece Single Member P.C. GreeceTesla Hrvatska d.o.o. CroatiaTesla Hungary Kft. HungaryTesla India Motors and Energy Private Limited IndiaTesla Insurance Brokers Co., Ltd. ChinaTesla Insurance Holdings, LLC DelawareTesla Insurance, Inc. DelawareTeesla Insurance Ltd. MaltaTesla Insurance Services, Inc. CaliforniaTesla Insurance Services of Texas,Inc. TexasTesla International B.V. Netherlands","Tesla Energia Macau Limitada MacauTesla Energy d.o.o. SloveniaTesla Energy Operations,Inc. DelawareTesla Finance LLC DelawareTesla Financial Leasing (China) Co.,Ltd. ChinaTesla Financial Services GmbH GermanyTesla Financial Services Holdings B.V. NetherlandsTesla Financial Services Limited United KingdomTesla France S.a r.l. FranceTesla Germany GmbH GermanyTesla Greece Single Member P.C. GreeceTesla Hrvatska d.o.o. CroatiaTesla Hungary Kft. HungaryTesla India Motors and Energy Private Limited IndiaTesla Insurance Brokers Co., Ltd. ChinaTesla Insurance Holdings, LLC DelawareTesla Insurance, Inc. DelawareTeesla Insurance Ltd. MaltaTesla Insurance Services, Inc. CaliforniaTesla Insurance Services of Texas,Inc. TexasTesla International B.V. Netherlands","Tesla Energia Macau Limitada MacauTesla Energy d.o.o. SloveniaTesla Energy Operations,Inc. DelawareTesla Finance LLC DelawareTesla Financial Leasing (China) Co.,Ltd. ChinaTesla Financial Services GmbH GermanyTesla Financial Services Holdings B.V. NetherlandsTesla Financial Services Limited United KingdomTesla France S.a r.l. FranceTesla Germany GmbH GermanyTesla Greece Single Member P.C. GreeceTesla Hrvatska d.o.o. CroatiaTesla Hungary Kft. HungaryTesla India Motors and Energy Private Limited IndiaTesla Insurance Brokers Co., Ltd. ChinaTesla Insurance Holdings, LLC DelawareTesla Insurance, Inc. DelawareTeesla Insurance Ltd. MaltaTesla Insurance Services, Inc. CaliforniaTesla Insurance Services of Texas,Inc. TexasTesla International B.V. Netherlands","Tesla Energia Macau Limitada MacauTesla Energy d.o.o. SloveniaTesla Energy Operations,Inc. DelawareTesla Finance LLC DelawareTesla Financial Leasing (China) Co.,Ltd. ChinaTesla Financial Services GmbH GermanyTesla Financial Services Holdings B.V. NetherlandsTesla Financial Services Limited United KingdomTesla France S.a r.l. FranceTesla Germany GmbH GermanyTesla Greece Single Member P.C. GreeceTesla Hrvatska d.o.o. CroatiaTesla Hungary Kft. HungaryTesla India Motors and Energy Private Limited IndiaTesla Insurance Brokers Co., Ltd. ChinaTesla Insurance Holdings, LLC DelawareTesla Insurance, Inc. DelawareTeesla Insurance Ltd. MaltaTesla Insurance Services, Inc. CaliforniaTesla Insurance Services of Texas,Inc. TexasTesla International B.V. Netherlands","Tesla Energia Macau Limitada MacauTesla Energy d.o.o. SloveniaTesla Energy Operations,Inc. DelawareTesla Finance LLC DelawareTesla Financial Leasing (China) Co.,Ltd. ChinaTesla Financial Services GmbH GermanyTesla Financial Services Holdings B.V. NetherlandsTesla Financial Services Limited United KingdomTesla France S.a r.l. FranceTesla Germany GmbH GermanyTesla Greece Single Member P.C. GreeceTesla Hrvatska d.o.o. CroatiaTesla Hungary Kft. HungaryTesla India Motors and Energy Private Limited IndiaTesla Insurance Brokers Co., Ltd. ChinaTesla Insurance Holdings, LLC DelawareTesla Insurance, Inc. DelawareTeesla Insurance Ltd. MaltaTesla Insurance Services, Inc. CaliforniaTesla Insurance Services of Texas,Inc. TexasTesla International B.V. Netherlands","Tesla Energia Macau Limitada MacauTesla Energy d.o.o. SloveniaTesla Energy Operations,Inc. DelawareTesla Finance LLC DelawareTesla Financial Leasing (China) Co.,Ltd. ChinaTesla Financial Services GmbH GermanyTesla Financial Services Holdings B.V. NetherlandsTesla Financial Services Limited United KingdomTesla France S.a r.l. FranceTesla Germany GmbH GermanyTesla Greece Single Member P.C. GreeceTesla Hrvatska d.o.o. CroatiaTesla Hungary Kft. HungaryTesla India Motors and Energy Private Limited IndiaTesla Insurance Brokers Co., Ltd. ChinaTesla Insurance Holdings, LLC DelawareTesla Insurance, Inc. DelawareTeesla Insurance Ltd. MaltaTesla Insurance Services, Inc. CaliforniaTesla Insurance Services of Texas,Inc. TexasTesla International B.V. Netherlands","Tesla Energia Macau Limitada MacauTesla Energy d.o.o. SloveniaTesla Energy Operations,Inc. DelawareTesla Finance LLC DelawareTesla Financial Leasing (China) Co.,Ltd. ChinaTesla Financial Services GmbH GermanyTesla Financial Services Holdings B.V. NetherlandsTesla Financial Services Limited United KingdomTesla France S.a r.l. FranceTesla Germany GmbH GermanyTesla Greece Single Member P.C. GreeceTesla Hrvatska d.o.o. CroatiaTesla Hungary Kft. HungaryTesla India Motors and Energy Private Limited IndiaTesla Insurance Brokers Co., Ltd. ChinaTesla Insurance Holdings, LLC DelawareTesla Insurance, Inc. DelawareTeesla Insurance Ltd. MaltaTesla Insurance Services, Inc. CaliforniaTesla Insurance Services of Texas,Inc. TexasTesla International B.V. Netherlands","Tesla Energia Macau Limitada MacauTesla Energy d.o.o. SloveniaTesla Energy Operations,Inc. DelawareTesla Finance LLC DelawareTesla Financial Leasing (China) Co.,Ltd. ChinaTesla Financial Services GmbH GermanyTesla Financial Services Holdings B.V. NetherlandsTesla Financial Services Limited United KingdomTesla France S.a r.l. FranceTesla Germany GmbH GermanyTesla Greece Single Member P.C. GreeceTesla Hrvatska d.o.o. CroatiaTesla Hungary Kft. HungaryTesla India Motors and Energy Private Limited IndiaTesla Insurance Brokers Co., Ltd. ChinaTesla Insurance Holdings, LLC DelawareTesla Insurance, Inc. DelawareTeesla Insurance Ltd. MaltaTesla Insurance Services, Inc. CaliforniaTesla Insurance Services of Texas,Inc. TexasTesla International B.V. Netherlands","Tesla Energia Macau Limitada MacauTesla Energy d.o.o. SloveniaTesla Energy Operations,Inc. DelawareTesla Finance LLC DelawareTesla Financial Leasing (China) Co.,Ltd. ChinaTesla Financial Services GmbH GermanyTesla Financial Services Holdings B.V. NetherlandsTesla Financial Services Limited United KingdomTesla France S.a r.l. FranceTesla Germany GmbH GermanyTesla Greece Single Member P.C. GreeceTesla Hrvatska d.o.o. CroatiaTesla Hungary Kft. HungaryTesla India Motors and Energy Private Limited IndiaTesla Insurance Brokers Co., Ltd. ChinaTesla Insurance Holdings, LLC DelawareTesla Insurance, Inc. DelawareTeesla Insurance Ltd. MaltaTesla Insurance Services, Inc. CaliforniaTesla Insurance Services of Texas,Inc. TexasTesla International B.V. Netherlands","Tesla Energia Macau Limitada MacauTesla Energy d.o.o. SloveniaTesla Energy Operations,Inc. DelawareTesla Finance LLC DelawareTesla Financial Leasing (China) Co.,Ltd. ChinaTesla Financial Services GmbH GermanyTesla Financial Services Holdings B.V. NetherlandsTesla Financial Services Limited United KingdomTesla France S.a r.l. FranceTesla Germany GmbH GermanyTesla Greece Single Member P.C. GreeceTesla Hrvatska d.o.o. CroatiaTesla Hungary Kft. HungaryTesla India Motors and Energy Private Limited IndiaTesla Insurance Brokers Co., Ltd. ChinaTesla Insurance Holdings, LLC DelawareTesla Insurance, Inc. DelawareTeesla Insurance Ltd. MaltaTesla Insurance Services, Inc. CaliforniaTesla Insurance Services of Texas,Inc. TexasTesla International B.V. Netherlands","Tesla Energia Macau Limitada MacauTesla Energy d.o.o. SloveniaTesla Energy Operations,Inc. DelawareTesla Finance LLC DelawareTesla Financial Leasing (China) Co.,Ltd. ChinaTesla Financial Services GmbH GermanyTesla Financial Services Holdings B.V. NetherlandsTesla Financial Services Limited United KingdomTesla France S.a r.l. FranceTesla Germany GmbH GermanyTesla Greece Single Member P.C. GreeceTesla Hrvatska d.o.o. CroatiaTesla Hungary Kft. HungaryTesla India Motors and Energy Private Limited IndiaTesla Insurance Brokers Co., Ltd. ChinaTesla Insurance Holdings, LLC DelawareTesla Insurance, Inc. DelawareTeesla Insurance Ltd. MaltaTesla Insurance Services, Inc. CaliforniaTesla Insurance Services of Texas,Inc. TexasTesla International B.V. Netherlands","Tesla Energia Macau Limitada MacauTesla Energy d.o.o. SloveniaTesla Energy Operations,Inc. DelawareTesla Finance LLC DelawareTesla Financial Leasing (China) Co.,Ltd. ChinaTesla Financial Services GmbH GermanyTesla Financial Services Holdings B.V. NetherlandsTesla Financial Services Limited United KingdomTesla France S.a r.l. FranceTesla Germany GmbH GermanyTesla Greece Single Member P.C. GreeceTesla Hrvatska d.o.o. CroatiaTesla Hungary Kft. HungaryTesla India Motors and Energy Private Limited IndiaTesla Insurance Brokers Co., Ltd. ChinaTesla Insurance Holdings, LLC DelawareTesla Insurance, Inc. DelawareTeesla Insurance Ltd. MaltaTesla Insurance Services, Inc. CaliforniaTesla Insurance Services of Texas,Inc. TexasTesla International B.V. Netherlands","Tesla Energia Macau Limitada MacauTesla Energy d.o.o. SloveniaTesla Energy Operations,Inc. DelawareTesla Finance LLC DelawareTesla Financial Leasing (China) Co.,Ltd. ChinaTesla Financial Services GmbH GermanyTesla Financial Services Holdings B.V. NetherlandsTesla Financial Services Limited United KingdomTesla France S.a r.l. FranceTesla Germany GmbH GermanyTesla Greece Single Member P.C. GreeceTesla Hrvatska d.o.o. CroatiaTesla Hungary Kft. HungaryTesla India Motors and Energy Private Limited IndiaTesla Insurance Brokers Co., Ltd. ChinaTesla Insurance Holdings, LLC DelawareTesla Insurance, Inc. DelawareTeesla Insurance Ltd. MaltaTesla Insurance Services, Inc. CaliforniaTesla Insurance Services of Texas,Inc. TexasTesla International B.V. Netherlands","Tesla Energia Macau Limitada MacauTesla Energy d.o.o. SloveniaTesla Energy Operations,Inc. DelawareTesla Finance LLC DelawareTesla Financial Leasing (China) Co.,Ltd. ChinaTesla Financial Services GmbH GermanyTesla Financial Services Holdings B.V. NetherlandsTesla Financial Services Limited United KingdomTesla France S.a r.l. FranceTesla Germany GmbH GermanyTesla Greece Single Member P.C. GreeceTesla Hrvatska d.o.o. CroatiaTesla Hungary Kft. HungaryTesla India Motors and Energy Private Limited IndiaTesla Insurance Brokers Co., Ltd. ChinaTesla Insurance Holdings, LLC DelawareTesla Insurance, Inc. DelawareTeesla Insurance Ltd. MaltaTesla Insurance Services, Inc. CaliforniaTesla Insurance Services of Texas,Inc. TexasTesla International B.V. Netherlands",,,,,,,,,,,,,,,,,Delaware,,,,,
"Tesla Energia Macau Limitada MacauTesla Energy d.o.o. SloveniaTesla Energy Operations,Inc. DelawareTesla Finance LLC DelawareTesla Financial Leasing (China) Co.,Ltd. ChinaTesla Financial Services GmbH GermanyTesla Financial Services Holdings B.V. NetherlandsTesla Financial Services Limited United KingdomTesla France S.a r.l. FranceTesla Germany GmbH GermanyTesla Greece Single Member P.C. GreeceTesla Hrvatska d.o.o. CroatiaTesla Hungary Kft. HungaryTesla India Motors and Energy Private Limited IndiaTesla Insurance Brokers Co., Ltd. ChinaTesla Insurance Holdings, LLC DelawareTesla Insurance, Inc. DelawareTeesla Insurance Ltd. MaltaTesla Insurance Services, Inc. CaliforniaTesla Insurance Services of Texas,Inc. TexasTesla International B.V. Netherlands","Tesla Energia Macau Limitada MacauTesla Energy d.o.o. SloveniaTesla Energy Operations,Inc. DelawareTesla Finance LLC DelawareTesla Financial Leasing (China) Co.,Ltd. ChinaTesla Financial Services GmbH GermanyTesla Financial Services Holdings B.V. NetherlandsTesla Financial Services Limited United KingdomTesla France S.a r.l. FranceTesla Germany GmbH GermanyTesla Greece Single Member P.C. GreeceTesla Hrvatska d.o.o. CroatiaTesla Hungary Kft. HungaryTesla India Motors and Energy Private Limited IndiaTesla Insurance Brokers Co., Ltd. ChinaTesla Insurance Holdings, LLC DelawareTesla Insurance, Inc. DelawareTeesla Insurance Ltd. MaltaTesla Insurance Services, Inc. CaliforniaTesla Insurance Services of Texas,Inc. TexasTesla International B.V. Netherlands","Tesla Energia Macau Limitada MacauTesla Energy d.o.o. SloveniaTesla Energy Operations,Inc. DelawareTesla Finance LLC DelawareTesla Financial Leasing (China) Co.,Ltd. ChinaTesla Financial Services GmbH GermanyTesla Financial Services Holdings B.V. NetherlandsTesla Financial Services Limited United KingdomTesla France S.a r.l. FranceTesla Germany GmbH GermanyTesla Greece Single Member P.C. GreeceTesla Hrvatska d.o.o. CroatiaTesla Hungary Kft. HungaryTesla India Motors and Energy Private Limited IndiaTesla Insurance Brokers Co., Ltd. ChinaTesla Insurance Holdings, LLC DelawareTesla Insurance, Inc. DelawareTeesla Insurance Ltd. MaltaTesla Insurance Services, Inc. CaliforniaTesla Insurance Services of Texas,Inc. TexasTesla International B.V. Netherlands","Tesla Energia Macau Limitada MacauTesla Energy d.o.o. SloveniaTesla Energy Operations,Inc. DelawareTesla Finance LLC DelawareTesla Financial Leasing (China) Co.,Ltd. ChinaTesla Financial Services GmbH GermanyTesla Financial Services Holdings B.V. NetherlandsTesla Financial Services Limited United KingdomTesla France S.a r.l. FranceTesla Germany GmbH GermanyTesla Greece Single Member P.C. GreeceTesla Hrvatska d.o.o. CroatiaTesla Hungary Kft. HungaryTesla India Motors and Energy Private Limited IndiaTesla Insurance Brokers Co., Ltd. ChinaTesla Insurance Holdings, LLC DelawareTesla Insurance, Inc. DelawareTeesla Insurance Ltd. MaltaTesla Insurance Services, Inc. CaliforniaTesla Insurance Services of Texas,Inc. TexasTesla International B.V. Netherlands","Tesla Energia Macau Limitada MacauTesla Energy d.o.o. SloveniaTesla Energy Operations,Inc. DelawareTesla Finance LLC DelawareTesla Financial Leasing (China) Co.,Ltd. ChinaTesla Financial Services GmbH GermanyTesla Financial Services Holdings B.V. NetherlandsTesla Financial Services Limited United KingdomTesla France S.a r.l. FranceTesla Germany GmbH GermanyTesla Greece Single Member P.C. GreeceTesla Hrvatska d.o.o. CroatiaTesla Hungary Kft. HungaryTesla India Motors and Energy Private Limited IndiaTesla Insurance Brokers Co., Ltd. ChinaTesla Insurance Holdings, LLC DelawareTesla Insurance, Inc. DelawareTeesla Insurance Ltd. MaltaTesla Insurance Services, Inc. CaliforniaTesla Insurance Services of Texas,Inc. TexasTesla International B.V. Netherlands","Tesla Energia Macau Limitada MacauTesla Energy d.o.o. SloveniaTesla Energy Operations,Inc. DelawareTesla Finance LLC DelawareTesla Financial Leasing (China) Co.,Ltd. ChinaTesla Financial Services GmbH GermanyTesla Financial Services Holdings B.V. NetherlandsTesla Financial Services Limited United KingdomTesla France S.a r.l. FranceTesla Germany GmbH GermanyTesla Greece Single Member P.C. GreeceTesla Hrvatska d.o.o. CroatiaTesla Hungary Kft. HungaryTesla India Motors and Energy Private Limited IndiaTesla Insurance Brokers Co., Ltd. ChinaTesla Insurance Holdings, LLC DelawareTesla Insurance, Inc. DelawareTeesla Insurance Ltd. MaltaTesla Insurance Services, Inc. CaliforniaTesla Insurance Services of Texas,Inc. TexasTesla International B.V. Netherlands","Tesla Energia Macau Limitada MacauTesla Energy d.o.o. SloveniaTesla Energy Operations,Inc. DelawareTesla Finance LLC DelawareTesla Financial Leasing (China) Co.,Ltd. ChinaTesla Financial Services GmbH GermanyTesla Financial Services Holdings B.V. NetherlandsTesla Financial Services Limited United KingdomTesla France S.a r.l. FranceTesla Germany GmbH GermanyTesla Greece Single Member P.C. GreeceTesla Hrvatska d.o.o. CroatiaTesla Hungary Kft. HungaryTesla India Motors and Energy Private Limited IndiaTesla Insurance Brokers Co., Ltd. ChinaTesla Insurance Holdings, LLC DelawareTesla Insurance, Inc. DelawareTeesla Insurance Ltd. MaltaTesla Insurance Services, Inc. CaliforniaTesla Insurance Services of Texas,Inc. TexasTesla International B.V. Netherlands","Tesla Energia Macau Limitada MacauTesla Energy d.o.o. SloveniaTesla Energy Operations,Inc. DelawareTesla Finance LLC DelawareTesla Financial Leasing (China) Co.,Ltd. ChinaTesla Financial Services GmbH GermanyTesla Financial Services Holdings B.V. NetherlandsTesla Financial Services Limited United KingdomTesla France S.a r.l. FranceTesla Germany GmbH GermanyTesla Greece Single Member P.C. GreeceTesla Hrvatska d.o.o. CroatiaTesla Hungary Kft. HungaryTesla India Motors and Energy Private Limited IndiaTesla Insurance Brokers Co., Ltd. ChinaTesla Insurance Holdings, LLC DelawareTesla Insurance, Inc. DelawareTeesla Insurance Ltd. MaltaTesla Insurance Services, Inc. CaliforniaTesla Insurance Services of Texas,Inc. TexasTesla International B.V. Netherlands","Tesla Energia Macau Limitada MacauTesla Energy d.o.o. SloveniaTesla Energy Operations,Inc. DelawareTesla Finance LLC DelawareTesla Financial Leasing (China) Co.,Ltd. ChinaTesla Financial Services GmbH GermanyTesla Financial Services Holdings B.V. NetherlandsTesla Financial Services Limited United KingdomTesla France S.a r.l. FranceTesla Germany GmbH GermanyTesla Greece Single Member P.C. GreeceTesla Hrvatska d.o.o. CroatiaTesla Hungary Kft. HungaryTesla India Motors and Energy Private Limited IndiaTesla Insurance Brokers Co., Ltd. ChinaTesla Insurance Holdings, LLC DelawareTesla Insurance, Inc. DelawareTeesla Insurance Ltd. MaltaTesla Insurance Services, Inc. CaliforniaTesla Insurance Services of Texas,Inc. TexasTesla International B.V. Netherlands","Tesla Energia Macau Limitada MacauTesla Energy d.o.o. SloveniaTesla Energy Operations,Inc. DelawareTesla Finance LLC DelawareTesla Financial Leasing (China) Co.,Ltd. ChinaTesla Financial Services GmbH GermanyTesla Financial Services Holdings B.V. NetherlandsTesla Financial Services Limited United KingdomTesla France S.a r.l. FranceTesla Germany GmbH GermanyTesla Greece Single Member P.C. GreeceTesla Hrvatska d.o.o. CroatiaTesla Hungary Kft. HungaryTesla India Motors and Energy Private Limited IndiaTesla Insurance Brokers Co., Ltd. ChinaTesla Insurance Holdings, LLC DelawareTesla Insurance, Inc. DelawareTeesla Insurance Ltd. MaltaTesla Insurance Services, Inc. CaliforniaTesla Insurance Services of Texas,Inc. TexasTesla International B.V. Netherlands","Tesla Energia Macau Limitada MacauTesla Energy d.o.o. SloveniaTesla Energy Operations,Inc. DelawareTesla Finance LLC DelawareTesla Financial Leasing (China) Co.,Ltd. ChinaTesla Financial Services GmbH GermanyTesla Financial Services Holdings B.V. NetherlandsTesla Financial Services Limited United KingdomTesla France S.a r.l. FranceTesla Germany GmbH GermanyTesla Greece Single Member P.C. GreeceTesla Hrvatska d.o.o. CroatiaTesla Hungary Kft. HungaryTesla India Motors and Energy Private Limited IndiaTesla Insurance Brokers Co., Ltd. ChinaTesla Insurance Holdings, LLC DelawareTesla Insurance, Inc. DelawareTeesla Insurance Ltd. MaltaTesla Insurance Services, Inc. CaliforniaTesla Insurance Services of Texas,Inc. TexasTesla International B.V. Netherlands","Tesla Energia Macau Limitada MacauTesla Energy d.o.o. SloveniaTesla Energy Operations,Inc. DelawareTesla Finance LLC DelawareTesla Financial Leasing (China) Co.,Ltd. ChinaTesla Financial Services GmbH GermanyTesla Financial Services Holdings B.V. NetherlandsTesla Financial Services Limited United KingdomTesla France S.a r.l. FranceTesla Germany GmbH GermanyTesla Greece Single Member P.C. GreeceTesla Hrvatska d.o.o. CroatiaTesla Hungary Kft. HungaryTesla India Motors and Energy Private Limited IndiaTesla Insurance Brokers Co., Ltd. ChinaTesla Insurance Holdings, LLC DelawareTesla Insurance, Inc. DelawareTeesla Insurance Ltd. MaltaTesla Insurance Services, Inc. CaliforniaTesla Insurance Services of Texas,Inc. TexasTesla International B.V. Netherlands","Tesla Energia Macau Limitada MacauTesla Energy d.o.o. SloveniaTesla Energy Operations,Inc. DelawareTesla Finance LLC DelawareTesla Financial Leasing (China) Co.,Ltd. ChinaTesla Financial Services GmbH GermanyTesla Financial Services Holdings B.V. NetherlandsTesla Financial Services Limited United KingdomTesla France S.a r.l. FranceTesla Germany GmbH GermanyTesla Greece Single Member P.C. GreeceTesla Hrvatska d.o.o. CroatiaTesla Hungary Kft. HungaryTesla India Motors and Energy Private Limited IndiaTesla Insurance Brokers Co., Ltd. ChinaTesla Insurance Holdings, LLC DelawareTesla Insurance, Inc. DelawareTeesla Insurance Ltd. MaltaTesla Insurance Services, Inc. CaliforniaTesla Insurance Services of Texas,Inc. TexasTesla International B.V. Netherlands","Tesla Energia Macau Limitada MacauTesla Energy d.o.o. SloveniaTesla Energy Operations,Inc. DelawareTesla Finance LLC DelawareTesla Financial Leasing (China) Co.,Ltd. ChinaTesla Financial Services GmbH GermanyTesla Financial Services Holdings B.V. NetherlandsTesla Financial Services Limited United KingdomTesla France S.a r.l. FranceTesla Germany GmbH GermanyTesla Greece Single Member P.C. GreeceTesla Hrvatska d.o.o. CroatiaTesla Hungary Kft. HungaryTesla India Motors and Energy Private Limited IndiaTesla Insurance Brokers Co., Ltd. ChinaTesla Insurance Holdings, LLC DelawareTesla Insurance, Inc. DelawareTeesla Insurance Ltd. MaltaTesla Insurance Services, Inc. CaliforniaTesla Insurance Services of Texas,Inc. TexasTesla International B.V. Netherlands","Tesla Energia Macau Limitada MacauTesla Energy d.o.o. SloveniaTesla Energy Operations,Inc. DelawareTesla Finance LLC DelawareTesla Financial Leasing (China) Co.,Ltd. ChinaTesla Financial Services GmbH GermanyTesla Financial Services Holdings B.V. NetherlandsTesla Financial Services Limited United KingdomTesla France S.a r.l. FranceTesla Germany GmbH GermanyTesla Greece Single Member P.C. GreeceTesla Hrvatska d.o.o. CroatiaTesla Hungary Kft. HungaryTesla India Motors and Energy Private Limited IndiaTesla Insurance Brokers Co., Ltd. ChinaTesla Insurance Holdings, LLC DelawareTesla Insurance, Inc. DelawareTeesla Insurance Ltd. MaltaTesla Insurance Services, Inc. CaliforniaTesla Insurance Services of Texas,Inc. TexasTesla International B.V. Netherlands","Tesla Energia Macau Limitada MacauTesla Energy d.o.o. SloveniaTesla Energy Operations,Inc. DelawareTesla Finance LLC DelawareTesla Financial Leasing (China) Co.,Ltd. ChinaTesla Financial Services GmbH GermanyTesla Financial Services Holdings B.V. NetherlandsTesla Financial Services Limited United KingdomTesla France S.a r.l. FranceTesla Germany GmbH GermanyTesla Greece Single Member P.C. GreeceTesla Hrvatska d.o.o. CroatiaTesla Hungary Kft. HungaryTesla India Motors and Energy Private Limited IndiaTesla Insurance Brokers Co., Ltd. ChinaTesla Insurance Holdings, LLC DelawareTesla Insurance, Inc. DelawareTeesla Insurance Ltd. MaltaTesla Insurance Services, Inc. CaliforniaTesla Insurance Services of Texas,Inc. TexasTesla International B.V. Netherlands","Tesla Energia Macau Limitada MacauTesla Energy d.o.o. SloveniaTesla Energy Operations,Inc. DelawareTesla Finance LLC DelawareTesla Financial Leasing (China) Co.,Ltd. ChinaTesla Financial Services GmbH GermanyTesla Financial Services Holdings B.V. NetherlandsTesla Financial Services Limited United KingdomTesla France S.a r.l. FranceTesla Germany GmbH GermanyTesla Greece Single Member P.C. GreeceTesla Hrvatska d.o.o. CroatiaTesla Hungary Kft. HungaryTesla India Motors and Energy Private Limited IndiaTesla Insurance Brokers Co., Ltd. ChinaTesla Insurance Holdings, LLC DelawareTesla Insurance, Inc. DelawareTeesla Insurance Ltd. MaltaTesla Insurance Services, Inc. CaliforniaTesla Insurance Services of Texas,Inc. TexasTesla International B.V. Netherlands","Tesla Energia Macau Limitada MacauTesla Energy d.o.o. SloveniaTesla Energy Operations,Inc. DelawareTesla Finance LLC DelawareTesla Financial Leasing (China) Co.,Ltd. ChinaTesla Financial Services GmbH GermanyTesla Financial Services Holdings B.V. NetherlandsTesla Financial Services Limited United KingdomTesla France S.a r.l. FranceTesla Germany GmbH GermanyTesla Greece Single Member P.C. GreeceTesla Hrvatska d.o.o. CroatiaTesla Hungary Kft. HungaryTesla India Motors and Energy Private Limited IndiaTesla Insurance Brokers Co., Ltd. ChinaTesla Insurance Holdings, LLC DelawareTesla Insurance, Inc. DelawareTeesla Insurance Ltd. MaltaTesla Insurance Services, Inc. CaliforniaTesla Insurance Services of Texas,Inc. TexasTesla International B.V. Netherlands","Tesla Energia Macau Limitada MacauTesla Energy d.o.o. SloveniaTesla Energy Operations,Inc. DelawareTesla Finance LLC DelawareTesla Financial Leasing (China) Co.,Ltd. ChinaTesla Financial Services GmbH GermanyTesla Financial Services Holdings B.V. NetherlandsTesla Financial Services Limited United KingdomTesla France S.a r.l. FranceTesla Germany GmbH GermanyTesla Greece Single Member P.C. GreeceTesla Hrvatska d.o.o. CroatiaTesla Hungary Kft. HungaryTesla India Motors and Energy Private Limited IndiaTesla Insurance Brokers Co., Ltd. ChinaTesla Insurance Holdings, LLC DelawareTesla Insurance, Inc. DelawareTeesla Insurance Ltd. MaltaTesla Insurance Services, Inc. CaliforniaTesla Insurance Services of Texas,Inc. TexasTesla International B.V. Netherlands","Tesla Energia Macau Limitada MacauTesla Energy d.o.o. SloveniaTesla Energy Operations,Inc. DelawareTesla Finance LLC DelawareTesla Financial Leasing (China) Co.,Ltd. ChinaTesla Financial Services GmbH GermanyTesla Financial Services Holdings B.V. NetherlandsTesla Financial Services Limited United KingdomTesla France S.a r.l. FranceTesla Germany GmbH GermanyTesla Greece Single Member P.C. GreeceTesla Hrvatska d.o.o. CroatiaTesla Hungary Kft. HungaryTesla India Motors and Energy Private Limited IndiaTesla Insurance Brokers Co., Ltd. ChinaTesla Insurance Holdings, LLC DelawareTesla Insurance, Inc. DelawareTeesla Insurance Ltd. MaltaTesla Insurance Services, Inc. CaliforniaTesla Insurance Services of Texas,Inc. TexasTesla International B.V. Netherlands","Tesla Energia Macau Limitada MacauTesla Energy d.o.o. SloveniaTesla Energy Operations,Inc. DelawareTesla Finance LLC DelawareTesla Financial Leasing (China) Co.,Ltd. ChinaTesla Financial Services GmbH GermanyTesla Financial Services Holdings B.V. NetherlandsTesla Financial Services Limited United KingdomTesla France S.a r.l. FranceTesla Germany GmbH GermanyTesla Greece Single Member P.C. GreeceTesla Hrvatska d.o.o. CroatiaTesla Hungary Kft. HungaryTesla India Motors and Energy Private Limited IndiaTesla Insurance Brokers Co., Ltd. ChinaTesla Insurance Holdings, LLC DelawareTesla Insurance, Inc. DelawareTeesla Insurance Ltd. MaltaTesla Insurance Services, Inc. CaliforniaTesla Insurance Services of Texas,Inc. TexasTesla International B.V. Netherlands","Tesla Energia Macau Limitada MacauTesla Energy d.o.o. SloveniaTesla Energy Operations,Inc. DelawareTesla Finance LLC DelawareTesla Financial Leasing (China) Co.,Ltd. ChinaTesla Financial Services GmbH GermanyTesla Financial Services Holdings B.V. NetherlandsTesla Financial Services Limited United KingdomTesla France S.a r.l. FranceTesla Germany GmbH GermanyTesla Greece Single Member P.C. GreeceTesla Hrvatska d.o.o. CroatiaTesla Hungary Kft. HungaryTesla India Motors and Energy Private Limited IndiaTesla Insurance Brokers Co., Ltd. ChinaTesla Insurance Holdings, LLC DelawareTesla Insurance, Inc. DelawareTeesla Insurance Ltd. MaltaTesla Insurance Services, Inc. CaliforniaTesla Insurance Services of Texas,Inc. TexasTesla International B.V. Netherlands","Tesla Energia Macau Limitada MacauTesla Energy d.o.o. SloveniaTesla Energy Operations,Inc. DelawareTesla Finance LLC DelawareTesla Financial Leasing (China) Co.,Ltd. ChinaTesla Financial Services GmbH GermanyTesla Financial Services Holdings B.V. NetherlandsTesla Financial Services Limited United KingdomTesla France S.a r.l. FranceTesla Germany GmbH GermanyTesla Greece Single Member P.C. GreeceTesla Hrvatska d.o.o. CroatiaTesla Hungary Kft. HungaryTesla India Motors and Energy Private Limited IndiaTesla Insurance Brokers Co., Ltd. ChinaTesla Insurance Holdings, LLC DelawareTesla Insurance, Inc. DelawareTeesla Insurance Ltd. MaltaTesla Insurance Services, Inc. CaliforniaTesla Insurance Services of Texas,Inc. TexasTesla International B.V. Netherlands","Tesla Energia Macau Limitada MacauTesla Energy d.o.o. SloveniaTesla Energy Operations,Inc. DelawareTesla Finance LLC DelawareTesla Financial Leasing (China) Co.,Ltd. ChinaTesla Financial Services GmbH GermanyTesla Financial Services Holdings B.V. NetherlandsTesla Financial Services Limited United KingdomTesla France S.a r.l. FranceTesla Germany GmbH GermanyTesla Greece Single Member P.C. GreeceTesla Hrvatska d.o.o. CroatiaTesla Hungary Kft. HungaryTesla India Motors and Energy Private Limited IndiaTesla Insurance Brokers Co., Ltd. ChinaTesla Insurance Holdings, LLC DelawareTesla Insurance, Inc. DelawareTeesla Insurance Ltd. MaltaTesla Insurance Services, Inc. CaliforniaTesla Insurance Services of Texas,Inc. TexasTesla International B.V. Netherlands","Tesla Energia Macau Limitada MacauTesla Energy d.o.o. SloveniaTesla Energy Operations,Inc. DelawareTesla Finance LLC DelawareTesla Financial Leasing (China) Co.,Ltd. ChinaTesla Financial Services GmbH GermanyTesla Financial Services Holdings B.V. NetherlandsTesla Financial Services Limited United KingdomTesla France S.a r.l. FranceTesla Germany GmbH GermanyTesla Greece Single Member P.C. GreeceTesla Hrvatska d.o.o. CroatiaTesla Hungary Kft. HungaryTesla India Motors and Energy Private Limited IndiaTesla Insurance Brokers Co., Ltd. ChinaTesla Insurance Holdings, LLC DelawareTesla Insurance, Inc. DelawareTeesla Insurance Ltd. MaltaTesla Insurance Services, Inc. CaliforniaTesla Insurance Services of Texas,Inc. TexasTesla International B.V. Netherlands","Tesla Energia Macau Limitada MacauTesla Energy d.o.o. SloveniaTesla Energy Operations,Inc. DelawareTesla Finance LLC DelawareTesla Financial Leasing (China) Co.,Ltd. ChinaTesla Financial Services GmbH GermanyTesla Financial Services Holdings B.V. NetherlandsTesla Financial Services Limited United KingdomTesla France S.a r.l. FranceTesla Germany GmbH GermanyTesla Greece Single Member P.C. GreeceTesla Hrvatska d.o.o. CroatiaTesla Hungary Kft. HungaryTesla India Motors and Energy Private Limited IndiaTesla Insurance Brokers Co., Ltd. ChinaTesla Insurance Holdings, LLC DelawareTesla Insurance, Inc. DelawareTeesla Insurance Ltd. MaltaTesla Insurance Services, Inc. CaliforniaTesla Insurance Services of Texas,Inc. TexasTesla International B.V. Netherlands","Tesla Energia Macau Limitada MacauTesla Energy d.o.o. SloveniaTesla Energy Operations,Inc. DelawareTesla Finance LLC DelawareTesla Financial Leasing (China) Co.,Ltd. ChinaTesla Financial Services GmbH GermanyTesla Financial Services Holdings B.V. NetherlandsTesla Financial Services Limited United KingdomTesla France S.a r.l. FranceTesla Germany GmbH GermanyTesla Greece Single Member P.C. GreeceTesla Hrvatska d.o.o. CroatiaTesla Hungary Kft. HungaryTesla India Motors and Energy Private Limited IndiaTesla Insurance Brokers Co., Ltd. ChinaTesla Insurance Holdings, LLC DelawareTesla Insurance, Inc. DelawareTeesla Insurance Ltd. MaltaTesla Insurance Services, Inc. CaliforniaTesla Insurance Services of Texas,Inc. TexasTesla International B.V. Netherlands","Tesla Energia Macau Limitada MacauTesla Energy d.o.o. SloveniaTesla Energy Operations,Inc. DelawareTesla Finance LLC DelawareTesla Financial Leasing (China) Co.,Ltd. ChinaTesla Financial Services GmbH GermanyTesla Financial Services Holdings B.V. NetherlandsTesla Financial Services Limited United KingdomTesla France S.a r.l. FranceTesla Germany GmbH GermanyTesla Greece Single Member P.C. GreeceTesla Hrvatska d.o.o. CroatiaTesla Hungary Kft. HungaryTesla India Motors and Energy Private Limited IndiaTesla Insurance Brokers Co., Ltd. ChinaTesla Insurance Holdings, LLC DelawareTesla Insurance, Inc. DelawareTeesla Insurance Ltd. MaltaTesla Insurance Services, Inc. CaliforniaTesla Insurance Services of Texas,Inc. TexasTesla International B.V. Netherlands",Delaware,,,,,,,,,,,,,,,,,,,,,
"Tesla Energia Macau Limitada MacauTesla Energy d.o.o. SloveniaTesla Energy Operations,Inc. DelawareTesla Finance LLC DelawareTesla Financial Leasing (China) Co.,Ltd. ChinaTesla Financial Services GmbH GermanyTesla Financial Services Holdings B.V. NetherlandsTesla Financial Services Limited United KingdomTesla France S.a r.l. FranceTesla Germany GmbH GermanyTesla Greece Single Member P.C. GreeceTesla Hrvatska d.o.o. CroatiaTesla Hungary Kft. HungaryTesla India Motors and Energy Private Limited IndiaTesla Insurance Brokers Co., Ltd. ChinaTesla Insurance Holdings, LLC DelawareTesla Insurance, Inc. DelawareTeesla Insurance Ltd. MaltaTesla Insurance Services, Inc. CaliforniaTesla Insurance Services of Texas,Inc. TexasTesla International B.V. Netherlands","Tesla Energia Macau Limitada MacauTesla Energy d.o.o. SloveniaTesla Energy Operations,Inc. DelawareTesla Finance LLC DelawareTesla Financial Leasing (China) Co.,Ltd. ChinaTesla Financial Services GmbH GermanyTesla Financial Services Holdings B.V. NetherlandsTesla Financial Services Limited United KingdomTesla France S.a r.l. FranceTesla Germany GmbH GermanyTesla Greece Single Member P.C. GreeceTesla Hrvatska d.o.o. CroatiaTesla Hungary Kft. HungaryTesla India Motors and Energy Private Limited IndiaTesla Insurance Brokers Co., Ltd. ChinaTesla Insurance Holdings, LLC DelawareTesla Insurance, Inc. DelawareTeesla Insurance Ltd. MaltaTesla Insurance Services, Inc. CaliforniaTesla Insurance Services of Texas,Inc. TexasTesla International B.V. Netherlands","Tesla Energia Macau Limitada MacauTesla Energy d.o.o. SloveniaTesla Energy Operations,Inc. DelawareTesla Finance LLC DelawareTesla Financial Leasing (China) Co.,Ltd. ChinaTesla Financial Services GmbH GermanyTesla Financial Services Holdings B.V. NetherlandsTesla Financial Services Limited United KingdomTesla France S.a r.l. FranceTesla Germany GmbH GermanyTesla Greece Single Member P.C. GreeceTesla Hrvatska d.o.o. CroatiaTesla Hungary Kft. HungaryTesla India Motors and Energy Private Limited IndiaTesla Insurance Brokers Co., Ltd. ChinaTesla Insurance Holdings, LLC DelawareTesla Insurance, Inc. DelawareTeesla Insurance Ltd. MaltaTesla Insurance Services, Inc. CaliforniaTesla Insurance Services of Texas,Inc. TexasTesla International B.V. Netherlands","Tesla Energia Macau Limitada MacauTesla Energy d.o.o. SloveniaTesla Energy Operations,Inc. DelawareTesla Finance LLC DelawareTesla Financial Leasing (China) Co.,Ltd. ChinaTesla Financial Services GmbH GermanyTesla Financial Services Holdings B.V. NetherlandsTesla Financial Services Limited United KingdomTesla France S.a r.l. FranceTesla Germany GmbH GermanyTesla Greece Single Member P.C. GreeceTesla Hrvatska d.o.o. CroatiaTesla Hungary Kft. HungaryTesla India Motors and Energy Private Limited IndiaTesla Insurance Brokers Co., Ltd. ChinaTesla Insurance Holdings, LLC DelawareTesla Insurance, Inc. DelawareTeesla Insurance Ltd. MaltaTesla Insurance Services, Inc. CaliforniaTesla Insurance Services of Texas,Inc. TexasTesla International B.V. Netherlands","Tesla Energia Macau Limitada MacauTesla Energy d.o.o. SloveniaTesla Energy Operations,Inc. DelawareTesla Finance LLC DelawareTesla Financial Leasing (China) Co.,Ltd. ChinaTesla Financial Services GmbH GermanyTesla Financial Services Holdings B.V. NetherlandsTesla Financial Services Limited United KingdomTesla France S.a r.l. FranceTesla Germany GmbH GermanyTesla Greece Single Member P.C. GreeceTesla Hrvatska d.o.o. CroatiaTesla Hungary Kft. HungaryTesla India Motors and Energy Private Limited IndiaTesla Insurance Brokers Co., Ltd. ChinaTesla Insurance Holdings, LLC DelawareTesla Insurance, Inc. DelawareTeesla Insurance Ltd. MaltaTesla Insurance Services, Inc. CaliforniaTesla Insurance Services of Texas,Inc. TexasTesla International B.V. Netherlands","Tesla Energia Macau Limitada MacauTesla Energy d.o.o. SloveniaTesla Energy Operations,Inc. DelawareTesla Finance LLC DelawareTesla Financial Leasing (China) Co.,Ltd. ChinaTesla Financial Services GmbH GermanyTesla Financial Services Holdings B.V. NetherlandsTesla Financial Services Limited United KingdomTesla France S.a r.l. FranceTesla Germany GmbH GermanyTesla Greece Single Member P.C. GreeceTesla Hrvatska d.o.o. CroatiaTesla Hungary Kft. HungaryTesla India Motors and Energy Private Limited IndiaTesla Insurance Brokers Co., Ltd. ChinaTesla Insurance Holdings, LLC DelawareTesla Insurance, Inc. DelawareTeesla Insurance Ltd. MaltaTesla Insurance Services, Inc. CaliforniaTesla Insurance Services of Texas,Inc. TexasTesla International B.V. Netherlands","Tesla Energia Macau Limitada MacauTesla Energy d.o.o. SloveniaTesla Energy Operations,Inc. DelawareTesla Finance LLC DelawareTesla Financial Leasing (China) Co.,Ltd. ChinaTesla Financial Services GmbH GermanyTesla Financial Services Holdings B.V. NetherlandsTesla Financial Services Limited United KingdomTesla France S.a r.l. FranceTesla Germany GmbH GermanyTesla Greece Single Member P.C. GreeceTesla Hrvatska d.o.o. CroatiaTesla Hungary Kft. HungaryTesla India Motors and Energy Private Limited IndiaTesla Insurance Brokers Co., Ltd. ChinaTesla Insurance Holdings, LLC DelawareTesla Insurance, Inc. DelawareTeesla Insurance Ltd. MaltaTesla Insurance Services, Inc. CaliforniaTesla Insurance Services of Texas,Inc. TexasTesla International B.V. Netherlands","Tesla Energia Macau Limitada MacauTesla Energy d.o.o. SloveniaTesla Energy Operations,Inc. DelawareTesla Finance LLC DelawareTesla Financial Leasing (China) Co.,Ltd. ChinaTesla Financial Services GmbH GermanyTesla Financial Services Holdings B.V. NetherlandsTesla Financial Services Limited United KingdomTesla France S.a r.l. FranceTesla Germany GmbH GermanyTesla Greece Single Member P.C. GreeceTesla Hrvatska d.o.o. CroatiaTesla Hungary Kft. HungaryTesla India Motors and Energy Private Limited IndiaTesla Insurance Brokers Co., Ltd. ChinaTesla Insurance Holdings, LLC DelawareTesla Insurance, Inc. DelawareTeesla Insurance Ltd. MaltaTesla Insurance Services, Inc. CaliforniaTesla Insurance Services of Texas,Inc. TexasTesla International B.V. Netherlands","Tesla Energia Macau Limitada MacauTesla Energy d.o.o. SloveniaTesla Energy Operations,Inc. DelawareTesla Finance LLC DelawareTesla Financial Leasing (China) Co.,Ltd. ChinaTesla Financial Services GmbH GermanyTesla Financial Services Holdings B.V. NetherlandsTesla Financial Services Limited United KingdomTesla France S.a r.l. FranceTesla Germany GmbH GermanyTesla Greece Single Member P.C. GreeceTesla Hrvatska d.o.o. CroatiaTesla Hungary Kft. HungaryTesla India Motors and Energy Private Limited IndiaTesla Insurance Brokers Co., Ltd. ChinaTesla Insurance Holdings, LLC DelawareTesla Insurance, Inc. DelawareTeesla Insurance Ltd. MaltaTesla Insurance Services, Inc. CaliforniaTesla Insurance Services of Texas,Inc. TexasTesla International B.V. Netherlands","Tesla Energia Macau Limitada MacauTesla Energy d.o.o. SloveniaTesla Energy Operations,Inc. DelawareTesla Finance LLC DelawareTesla Financial Leasing (China) Co.,Ltd. ChinaTesla Financial Services GmbH GermanyTesla Financial Services Holdings B.V. NetherlandsTesla Financial Services Limited United KingdomTesla France S.a r.l. FranceTesla Germany GmbH GermanyTesla Greece Single Member P.C. GreeceTesla Hrvatska d.o.o. CroatiaTesla Hungary Kft. HungaryTesla India Motors and Energy Private Limited IndiaTesla Insurance Brokers Co., Ltd. ChinaTesla Insurance Holdings, LLC DelawareTesla Insurance, Inc. DelawareTeesla Insurance Ltd. MaltaTesla Insurance Services, Inc. CaliforniaTesla Insurance Services of Texas,Inc. TexasTesla International B.V. Netherlands","Tesla Energia Macau Limitada MacauTesla Energy d.o.o. SloveniaTesla Energy Operations,Inc. DelawareTesla Finance LLC DelawareTesla Financial Leasing (China) Co.,Ltd. ChinaTesla Financial Services GmbH GermanyTesla Financial Services Holdings B.V. NetherlandsTesla Financial Services Limited United KingdomTesla France S.a r.l. FranceTesla Germany GmbH GermanyTesla Greece Single Member P.C. GreeceTesla Hrvatska d.o.o. CroatiaTesla Hungary Kft. HungaryTesla India Motors and Energy Private Limited IndiaTesla Insurance Brokers Co., Ltd. ChinaTesla Insurance Holdings, LLC DelawareTesla Insurance, Inc. DelawareTeesla Insurance Ltd. MaltaTesla Insurance Services, Inc. CaliforniaTesla Insurance Services of Texas,Inc. TexasTesla International B.V. Netherlands","Tesla Energia Macau Limitada MacauTesla Energy d.o.o. SloveniaTesla Energy Operations,Inc. DelawareTesla Finance LLC DelawareTesla Financial Leasing (China) Co.,Ltd. ChinaTesla Financial Services GmbH GermanyTesla Financial Services Holdings B.V. NetherlandsTesla Financial Services Limited United KingdomTesla France S.a r.l. FranceTesla Germany GmbH GermanyTesla Greece Single Member P.C. GreeceTesla Hrvatska d.o.o. CroatiaTesla Hungary Kft. HungaryTesla India Motors and Energy Private Limited IndiaTesla Insurance Brokers Co., Ltd. ChinaTesla Insurance Holdings, LLC DelawareTesla Insurance, Inc. DelawareTeesla Insurance Ltd. MaltaTesla Insurance Services, Inc. CaliforniaTesla Insurance Services of Texas,Inc. TexasTesla International B.V. Netherlands","Tesla Energia Macau Limitada MacauTesla Energy d.o.o. SloveniaTesla Energy Operations,Inc. DelawareTesla Finance LLC DelawareTesla Financial Leasing (China) Co.,Ltd. ChinaTesla Financial Services GmbH GermanyTesla Financial Services Holdings B.V. NetherlandsTesla Financial Services Limited United KingdomTesla France S.a r.l. FranceTesla Germany GmbH GermanyTesla Greece Single Member P.C. GreeceTesla Hrvatska d.o.o. CroatiaTesla Hungary Kft. HungaryTesla India Motors and Energy Private Limited IndiaTesla Insurance Brokers Co., Ltd. ChinaTesla Insurance Holdings, LLC DelawareTesla Insurance, Inc. DelawareTeesla Insurance Ltd. MaltaTesla Insurance Services, Inc. CaliforniaTesla Insurance Services of Texas,Inc. TexasTesla International B.V. Netherlands","Tesla Energia Macau Limitada MacauTesla Energy d.o.o. SloveniaTesla Energy Operations,Inc. DelawareTesla Finance LLC DelawareTesla Financial Leasing (China) Co.,Ltd. ChinaTesla Financial Services GmbH GermanyTesla Financial Services Holdings B.V. NetherlandsTesla Financial Services Limited United KingdomTesla France S.a r.l. FranceTesla Germany GmbH GermanyTesla Greece Single Member P.C. GreeceTesla Hrvatska d.o.o. CroatiaTesla Hungary Kft. HungaryTesla India Motors and Energy Private Limited IndiaTesla Insurance Brokers Co., Ltd. ChinaTesla Insurance Holdings, LLC DelawareTesla Insurance, Inc. DelawareTeesla Insurance Ltd. MaltaTesla Insurance Services, Inc. CaliforniaTesla Insurance Services of Texas,Inc. TexasTesla International B.V. Netherlands","Tesla Energia Macau Limitada MacauTesla Energy d.o.o. SloveniaTesla Energy Operations,Inc. DelawareTesla Finance LLC DelawareTesla Financial Leasing (China) Co.,Ltd. ChinaTesla Financial Services GmbH GermanyTesla Financial Services Holdings B.V. NetherlandsTesla Financial Services Limited United KingdomTesla France S.a r.l. FranceTesla Germany GmbH GermanyTesla Greece Single Member P.C. GreeceTesla Hrvatska d.o.o. CroatiaTesla Hungary Kft. HungaryTesla India Motors and Energy Private Limited IndiaTesla Insurance Brokers Co., Ltd. ChinaTesla Insurance Holdings, LLC DelawareTesla Insurance, Inc. DelawareTeesla Insurance Ltd. MaltaTesla Insurance Services, Inc. CaliforniaTesla Insurance Services of Texas,Inc. TexasTesla International B.V. Netherlands","Tesla Energia Macau Limitada MacauTesla Energy d.o.o. SloveniaTesla Energy Operations,Inc. DelawareTesla Finance LLC DelawareTesla Financial Leasing (China) Co.,Ltd. ChinaTesla Financial Services GmbH GermanyTesla Financial Services Holdings B.V. NetherlandsTesla Financial Services Limited United KingdomTesla France S.a r.l. FranceTesla Germany GmbH GermanyTesla Greece Single Member P.C. GreeceTesla Hrvatska d.o.o. CroatiaTesla Hungary Kft. HungaryTesla India Motors and Energy Private Limited IndiaTesla Insurance Brokers Co., Ltd. ChinaTesla Insurance Holdings, LLC DelawareTesla Insurance, Inc. DelawareTeesla Insurance Ltd. MaltaTesla Insurance Services, Inc. CaliforniaTesla Insurance Services of Texas,Inc. TexasTesla International B.V. Netherlands","Tesla Energia Macau Limitada MacauTesla Energy d.o.o. SloveniaTesla Energy Operations,Inc. DelawareTesla Finance LLC DelawareTesla Financial Leasing (China) Co.,Ltd. ChinaTesla Financial Services GmbH GermanyTesla Financial Services Holdings B.V. NetherlandsTesla Financial Services Limited United KingdomTesla France S.a r.l. FranceTesla Germany GmbH GermanyTesla Greece Single Member P.C. GreeceTesla Hrvatska d.o.o. CroatiaTesla Hungary Kft. HungaryTesla India Motors and Energy Private Limited IndiaTesla Insurance Brokers Co., Ltd. ChinaTesla Insurance Holdings, LLC DelawareTesla Insurance, Inc. DelawareTeesla Insurance Ltd. MaltaTesla Insurance Services, Inc. CaliforniaTesla Insurance Services of Texas,Inc. TexasTesla International B.V. Netherlands","Tesla Energia Macau Limitada MacauTesla Energy d.o.o. SloveniaTesla Energy Operations,Inc. DelawareTesla Finance LLC DelawareTesla Financial Leasing (China) Co.,Ltd. ChinaTesla Financial Services GmbH GermanyTesla Financial Services Holdings B.V. NetherlandsTesla Financial Services Limited United KingdomTesla France S.a r.l. FranceTesla Germany GmbH GermanyTesla Greece Single Member P.C. GreeceTesla Hrvatska d.o.o. CroatiaTesla Hungary Kft. HungaryTesla India Motors and Energy Private Limited IndiaTesla Insurance Brokers Co., Ltd. ChinaTesla Insurance Holdings, LLC DelawareTesla Insurance, Inc. DelawareTeesla Insurance Ltd. MaltaTesla Insurance Services, Inc. CaliforniaTesla Insurance Services of Texas,Inc. TexasTesla International B.V. Netherlands","Tesla Energia Macau Limitada MacauTesla Energy d.o.o. SloveniaTesla Energy Operations,Inc. DelawareTesla Finance LLC DelawareTesla Financial Leasing (China) Co.,Ltd. ChinaTesla Financial Services GmbH GermanyTesla Financial Services Holdings B.V. NetherlandsTesla Financial Services Limited United KingdomTesla France S.a r.l. FranceTesla Germany GmbH GermanyTesla Greece Single Member P.C. GreeceTesla Hrvatska d.o.o. CroatiaTesla Hungary Kft. HungaryTesla India Motors and Energy Private Limited IndiaTesla Insurance Brokers Co., Ltd. ChinaTesla Insurance Holdings, LLC DelawareTesla Insurance, Inc. DelawareTeesla Insurance Ltd. MaltaTesla Insurance Services, Inc. CaliforniaTesla Insurance Services of Texas,Inc. TexasTesla International B.V. Netherlands","Tesla Energia Macau Limitada MacauTesla Energy d.o.o. SloveniaTesla Energy Operations,Inc. DelawareTesla Finance LLC DelawareTesla Financial Leasing (China) Co.,Ltd. ChinaTesla Financial Services GmbH GermanyTesla Financial Services Holdings B.V. NetherlandsTesla Financial Services Limited United KingdomTesla France S.a r.l. FranceTesla Germany GmbH GermanyTesla Greece Single Member P.C. GreeceTesla Hrvatska d.o.o. CroatiaTesla Hungary Kft. HungaryTesla India Motors and Energy Private Limited IndiaTesla Insurance Brokers Co., Ltd. ChinaTesla Insurance Holdings, LLC DelawareTesla Insurance, Inc. DelawareTeesla Insurance Ltd. MaltaTesla Insurance Services, Inc. CaliforniaTesla Insurance Services of Texas,Inc. TexasTesla International B.V. Netherlands","Tesla Energia Macau Limitada MacauTesla Energy d.o.o. SloveniaTesla Energy Operations,Inc. DelawareTesla Finance LLC DelawareTesla Financial Leasing (China) Co.,Ltd. ChinaTesla Financial Services GmbH GermanyTesla Financial Services Holdings B.V. NetherlandsTesla Financial Services Limited United KingdomTesla France S.a r.l. FranceTesla Germany GmbH GermanyTesla Greece Single Member P.C. GreeceTesla Hrvatska d.o.o. CroatiaTesla Hungary Kft. HungaryTesla India Motors and Energy Private Limited IndiaTesla Insurance Brokers Co., Ltd. ChinaTesla Insurance Holdings, LLC DelawareTesla Insurance, Inc. DelawareTeesla Insurance Ltd. MaltaTesla Insurance Services, Inc. CaliforniaTesla Insurance Services of Texas,Inc. TexasTesla International B.V. Netherlands","Tesla Energia Macau Limitada MacauTesla Energy d.o.o. SloveniaTesla Energy Operations,Inc. DelawareTesla Finance LLC DelawareTesla Financial Leasing (China) Co.,Ltd. ChinaTesla Financial Services GmbH GermanyTesla Financial Services Holdings B.V. NetherlandsTesla Financial Services Limited United KingdomTesla France S.a r.l. FranceTesla Germany GmbH GermanyTesla Greece Single Member P.C. GreeceTesla Hrvatska d.o.o. CroatiaTesla Hungary Kft. HungaryTesla India Motors and Energy Private Limited IndiaTesla Insurance Brokers Co., Ltd. ChinaTesla Insurance Holdings, LLC DelawareTesla Insurance, Inc. DelawareTeesla Insurance Ltd. MaltaTesla Insurance Services, Inc. CaliforniaTesla Insurance Services of Texas,Inc. TexasTesla International B.V. Netherlands","Tesla Energia Macau Limitada MacauTesla Energy d.o.o. SloveniaTesla Energy Operations,Inc. DelawareTesla Finance LLC DelawareTesla Financial Leasing (China) Co.,Ltd. ChinaTesla Financial Services GmbH GermanyTesla Financial Services Holdings B.V. NetherlandsTesla Financial Services Limited United KingdomTesla France S.a r.l. FranceTesla Germany GmbH GermanyTesla Greece Single Member P.C. GreeceTesla Hrvatska d.o.o. CroatiaTesla Hungary Kft. HungaryTesla India Motors and Energy Private Limited IndiaTesla Insurance Brokers Co., Ltd. ChinaTesla Insurance Holdings, LLC DelawareTesla Insurance, Inc. DelawareTeesla Insurance Ltd. MaltaTesla Insurance Services, Inc. CaliforniaTesla Insurance Services of Texas,Inc. TexasTesla International B.V. Netherlands","Tesla Energia Macau Limitada MacauTesla Energy d.o.o. SloveniaTesla Energy Operations,Inc. DelawareTesla Finance LLC DelawareTesla Financial Leasing (China) Co.,Ltd. ChinaTesla Financial Services GmbH GermanyTesla Financial Services Holdings B.V. NetherlandsTesla Financial Services Limited United KingdomTesla France S.a r.l. FranceTesla Germany GmbH GermanyTesla Greece Single Member P.C. GreeceTesla Hrvatska d.o.o. CroatiaTesla Hungary Kft. HungaryTesla India Motors and Energy Private Limited IndiaTesla Insurance Brokers Co., Ltd. ChinaTesla Insurance Holdings, LLC DelawareTesla Insurance, Inc. DelawareTeesla Insurance Ltd. MaltaTesla Insurance Services, Inc. CaliforniaTesla Insurance Services of Texas,Inc. TexasTesla International B.V. Netherlands","Tesla Energia Macau Limitada MacauTesla Energy d.o.o. SloveniaTesla Energy Operations,Inc. DelawareTesla Finance LLC DelawareTesla Financial Leasing (China) Co.,Ltd. ChinaTesla Financial Services GmbH GermanyTesla Financial Services Holdings B.V. NetherlandsTesla Financial Services Limited United KingdomTesla France S.a r.l. FranceTesla Germany GmbH GermanyTesla Greece Single Member P.C. GreeceTesla Hrvatska d.o.o. CroatiaTesla Hungary Kft. HungaryTesla India Motors and Energy Private Limited IndiaTesla Insurance Brokers Co., Ltd. ChinaTesla Insurance Holdings, LLC DelawareTesla Insurance, Inc. DelawareTeesla Insurance Ltd. MaltaTesla Insurance Services, Inc. CaliforniaTesla Insurance Services of Texas,Inc. TexasTesla International B.V. Netherlands","Tesla Energia Macau Limitada MacauTesla Energy d.o.o. SloveniaTesla Energy Operations,Inc. DelawareTesla Finance LLC DelawareTesla Financial Leasing (China) Co.,Ltd. ChinaTesla Financial Services GmbH GermanyTesla Financial Services Holdings B.V. NetherlandsTesla Financial Services Limited United KingdomTesla France S.a r.l. FranceTesla Germany GmbH GermanyTesla Greece Single Member P.C. GreeceTesla Hrvatska d.o.o. CroatiaTesla Hungary Kft. HungaryTesla India Motors and Energy Private Limited IndiaTesla Insurance Brokers Co., Ltd. ChinaTesla Insurance Holdings, LLC DelawareTesla Insurance, Inc. DelawareTeesla Insurance Ltd. MaltaTesla Insurance Services, Inc. CaliforniaTesla Insurance Services of Texas,Inc. TexasTesla International B.V. Netherlands","Tesla Energia Macau Limitada MacauTesla Energy d.o.o. SloveniaTesla Energy Operations,Inc. DelawareTesla Finance LLC DelawareTesla Financial Leasing (China) Co.,Ltd. ChinaTesla Financial Services GmbH GermanyTesla Financial Services Holdings B.V. NetherlandsTesla Financial Services Limited United KingdomTesla France S.a r.l. FranceTesla Germany GmbH GermanyTesla Greece Single Member P.C. GreeceTesla Hrvatska d.o.o. CroatiaTesla Hungary Kft. HungaryTesla India Motors and Energy Private Limited IndiaTesla Insurance Brokers Co., Ltd. ChinaTesla Insurance Holdings, LLC DelawareTesla Insurance, Inc. DelawareTeesla Insurance Ltd. MaltaTesla Insurance Services, Inc. CaliforniaTesla Insurance Services of Texas,Inc. TexasTesla International B.V. Netherlands","Tesla Energia Macau Limitada MacauTesla Energy d.o.o. SloveniaTesla Energy Operations,Inc. DelawareTesla Finance LLC DelawareTesla Financial Leasing (China) Co.,Ltd. ChinaTesla Financial Services GmbH GermanyTesla Financial Services Holdings B.V. NetherlandsTesla Financial Services Limited United KingdomTesla France S.a r.l. FranceTesla Germany GmbH GermanyTesla Greece Single Member P.C. GreeceTesla Hrvatska d.o.o. CroatiaTesla Hungary Kft. HungaryTesla India Motors and Energy Private Limited IndiaTesla Insurance Brokers Co., Ltd. ChinaTesla Insurance Holdings, LLC DelawareTesla Insurance, Inc. DelawareTeesla Insurance Ltd. MaltaTesla Insurance Services, Inc. CaliforniaTesla Insurance Services of Texas,Inc. TexasTesla International B.V. Netherlands",,China,,,,,,,,,,,,,,,,,,,,
"Tesla Energia Macau Limitada MacauTesla Energy d.o.o. SloveniaTesla Energy Operations,Inc. DelawareTesla Finance LLC DelawareTesla Financial Leasing (China) Co.,Ltd. ChinaTesla Financial Services GmbH GermanyTesla Financial Services Holdings B.V. NetherlandsTesla Financial Services Limited United KingdomTesla France S.a r.l. FranceTesla Germany GmbH GermanyTesla Greece Single Member P.C. GreeceTesla Hrvatska d.o.o. CroatiaTesla Hungary Kft. HungaryTesla India Motors and Energy Private Limited IndiaTesla Insurance Brokers Co., Ltd. ChinaTesla Insurance Holdings, LLC DelawareTesla Insurance, Inc. DelawareTeesla Insurance Ltd. MaltaTesla Insurance Services, Inc. CaliforniaTesla Insurance Services of Texas,Inc. TexasTesla International B.V. Netherlands","Tesla Energia Macau Limitada MacauTesla Energy d.o.o. SloveniaTesla Energy Operations,Inc. DelawareTesla Finance LLC DelawareTesla Financial Leasing (China) Co.,Ltd. ChinaTesla Financial Services GmbH GermanyTesla Financial Services Holdings B.V. NetherlandsTesla Financial Services Limited United KingdomTesla France S.a r.l. FranceTesla Germany GmbH GermanyTesla Greece Single Member P.C. GreeceTesla Hrvatska d.o.o. CroatiaTesla Hungary Kft. HungaryTesla India Motors and Energy Private Limited IndiaTesla Insurance Brokers Co., Ltd. ChinaTesla Insurance Holdings, LLC DelawareTesla Insurance, Inc. DelawareTeesla Insurance Ltd. MaltaTesla Insurance Services, Inc. CaliforniaTesla Insurance Services of Texas,Inc. TexasTesla International B.V. Netherlands","Tesla Energia Macau Limitada MacauTesla Energy d.o.o. SloveniaTesla Energy Operations,Inc. DelawareTesla Finance LLC DelawareTesla Financial Leasing (China) Co.,Ltd. ChinaTesla Financial Services GmbH GermanyTesla Financial Services Holdings B.V. NetherlandsTesla Financial Services Limited United KingdomTesla France S.a r.l. FranceTesla Germany GmbH GermanyTesla Greece Single Member P.C. GreeceTesla Hrvatska d.o.o. CroatiaTesla Hungary Kft. HungaryTesla India Motors and Energy Private Limited IndiaTesla Insurance Brokers Co., Ltd. ChinaTesla Insurance Holdings, LLC DelawareTesla Insurance, Inc. DelawareTeesla Insurance Ltd. MaltaTesla Insurance Services, Inc. CaliforniaTesla Insurance Services of Texas,Inc. TexasTesla International B.V. Netherlands","Tesla Energia Macau Limitada MacauTesla Energy d.o.o. SloveniaTesla Energy Operations,Inc. DelawareTesla Finance LLC DelawareTesla Financial Leasing (China) Co.,Ltd. ChinaTesla Financial Services GmbH GermanyTesla Financial Services Holdings B.V. NetherlandsTesla Financial Services Limited United KingdomTesla France S.a r.l. FranceTesla Germany GmbH GermanyTesla Greece Single Member P.C. GreeceTesla Hrvatska d.o.o. CroatiaTesla Hungary Kft. HungaryTesla India Motors and Energy Private Limited IndiaTesla Insurance Brokers Co., Ltd. ChinaTesla Insurance Holdings, LLC DelawareTesla Insurance, Inc. DelawareTeesla Insurance Ltd. MaltaTesla Insurance Services, Inc. CaliforniaTesla Insurance Services of Texas,Inc. TexasTesla International B.V. Netherlands","Tesla Energia Macau Limitada MacauTesla Energy d.o.o. SloveniaTesla Energy Operations,Inc. DelawareTesla Finance LLC DelawareTesla Financial Leasing (China) Co.,Ltd. ChinaTesla Financial Services GmbH GermanyTesla Financial Services Holdings B.V. NetherlandsTesla Financial Services Limited United KingdomTesla France S.a r.l. FranceTesla Germany GmbH GermanyTesla Greece Single Member P.C. GreeceTesla Hrvatska d.o.o. CroatiaTesla Hungary Kft. HungaryTesla India Motors and Energy Private Limited IndiaTesla Insurance Brokers Co., Ltd. ChinaTesla Insurance Holdings, LLC DelawareTesla Insurance, Inc. DelawareTeesla Insurance Ltd. MaltaTesla Insurance Services, Inc. CaliforniaTesla Insurance Services of Texas,Inc. TexasTesla International B.V. Netherlands","Tesla Energia Macau Limitada MacauTesla Energy d.o.o. SloveniaTesla Energy Operations,Inc. DelawareTesla Finance LLC DelawareTesla Financial Leasing (China) Co.,Ltd. ChinaTesla Financial Services GmbH GermanyTesla Financial Services Holdings B.V. NetherlandsTesla Financial Services Limited United KingdomTesla France S.a r.l. FranceTesla Germany GmbH GermanyTesla Greece Single Member P.C. GreeceTesla Hrvatska d.o.o. CroatiaTesla Hungary Kft. HungaryTesla India Motors and Energy Private Limited IndiaTesla Insurance Brokers Co., Ltd. ChinaTesla Insurance Holdings, LLC DelawareTesla Insurance, Inc. DelawareTeesla Insurance Ltd. MaltaTesla Insurance Services, Inc. CaliforniaTesla Insurance Services of Texas,Inc. TexasTesla International B.V. Netherlands","Tesla Energia Macau Limitada MacauTesla Energy d.o.o. SloveniaTesla Energy Operations,Inc. DelawareTesla Finance LLC DelawareTesla Financial Leasing (China) Co.,Ltd. ChinaTesla Financial Services GmbH GermanyTesla Financial Services Holdings B.V. NetherlandsTesla Financial Services Limited United KingdomTesla France S.a r.l. FranceTesla Germany GmbH GermanyTesla Greece Single Member P.C. GreeceTesla Hrvatska d.o.o. CroatiaTesla Hungary Kft. HungaryTesla India Motors and Energy Private Limited IndiaTesla Insurance Brokers Co., Ltd. ChinaTesla Insurance Holdings, LLC DelawareTesla Insurance, Inc. DelawareTeesla Insurance Ltd. MaltaTesla Insurance Services, Inc. CaliforniaTesla Insurance Services of Texas,Inc. TexasTesla International B.V. Netherlands","Tesla Energia Macau Limitada MacauTesla Energy d.o.o. SloveniaTesla Energy Operations,Inc. DelawareTesla Finance LLC DelawareTesla Financial Leasing (China) Co.,Ltd. ChinaTesla Financial Services GmbH GermanyTesla Financial Services Holdings B.V. NetherlandsTesla Financial Services Limited United KingdomTesla France S.a r.l. FranceTesla Germany GmbH GermanyTesla Greece Single Member P.C. GreeceTesla Hrvatska d.o.o. CroatiaTesla Hungary Kft. HungaryTesla India Motors and Energy Private Limited IndiaTesla Insurance Brokers Co., Ltd. ChinaTesla Insurance Holdings, LLC DelawareTesla Insurance, Inc. DelawareTeesla Insurance Ltd. MaltaTesla Insurance Services, Inc. CaliforniaTesla Insurance Services of Texas,Inc. TexasTesla International B.V. Netherlands","Tesla Energia Macau Limitada MacauTesla Energy d.o.o. SloveniaTesla Energy Operations,Inc. DelawareTesla Finance LLC DelawareTesla Financial Leasing (China) Co.,Ltd. ChinaTesla Financial Services GmbH GermanyTesla Financial Services Holdings B.V. NetherlandsTesla Financial Services Limited United KingdomTesla France S.a r.l. FranceTesla Germany GmbH GermanyTesla Greece Single Member P.C. GreeceTesla Hrvatska d.o.o. CroatiaTesla Hungary Kft. HungaryTesla India Motors and Energy Private Limited IndiaTesla Insurance Brokers Co., Ltd. ChinaTesla Insurance Holdings, LLC DelawareTesla Insurance, Inc. DelawareTeesla Insurance Ltd. MaltaTesla Insurance Services, Inc. CaliforniaTesla Insurance Services of Texas,Inc. TexasTesla International B.V. Netherlands","Tesla Energia Macau Limitada MacauTesla Energy d.o.o. SloveniaTesla Energy Operations,Inc. DelawareTesla Finance LLC DelawareTesla Financial Leasing (China) Co.,Ltd. ChinaTesla Financial Services GmbH GermanyTesla Financial Services Holdings B.V. NetherlandsTesla Financial Services Limited United KingdomTesla France S.a r.l. FranceTesla Germany GmbH GermanyTesla Greece Single Member P.C. GreeceTesla Hrvatska d.o.o. CroatiaTesla Hungary Kft. HungaryTesla India Motors and Energy Private Limited IndiaTesla Insurance Brokers Co., Ltd. ChinaTesla Insurance Holdings, LLC DelawareTesla Insurance, Inc. DelawareTeesla Insurance Ltd. MaltaTesla Insurance Services, Inc. CaliforniaTesla Insurance Services of Texas,Inc. TexasTesla International B.V. Netherlands","Tesla Energia Macau Limitada MacauTesla Energy d.o.o. SloveniaTesla Energy Operations,Inc. DelawareTesla Finance LLC DelawareTesla Financial Leasing (China) Co.,Ltd. ChinaTesla Financial Services GmbH GermanyTesla Financial Services Holdings B.V. NetherlandsTesla Financial Services Limited United KingdomTesla France S.a r.l. FranceTesla Germany GmbH GermanyTesla Greece Single Member P.C. GreeceTesla Hrvatska d.o.o. CroatiaTesla Hungary Kft. HungaryTesla India Motors and Energy Private Limited IndiaTesla Insurance Brokers Co., Ltd. ChinaTesla Insurance Holdings, LLC DelawareTesla Insurance, Inc. DelawareTeesla Insurance Ltd. MaltaTesla Insurance Services, Inc. CaliforniaTesla Insurance Services of Texas,Inc. TexasTesla International B.V. Netherlands","Tesla Energia Macau Limitada MacauTesla Energy d.o.o. SloveniaTesla Energy Operations,Inc. DelawareTesla Finance LLC DelawareTesla Financial Leasing (China) Co.,Ltd. ChinaTesla Financial Services GmbH GermanyTesla Financial Services Holdings B.V. NetherlandsTesla Financial Services Limited United KingdomTesla France S.a r.l. FranceTesla Germany GmbH GermanyTesla Greece Single Member P.C. GreeceTesla Hrvatska d.o.o. CroatiaTesla Hungary Kft. HungaryTesla India Motors and Energy Private Limited IndiaTesla Insurance Brokers Co., Ltd. ChinaTesla Insurance Holdings, LLC DelawareTesla Insurance, Inc. DelawareTeesla Insurance Ltd. MaltaTesla Insurance Services, Inc. CaliforniaTesla Insurance Services of Texas,Inc. TexasTesla International B.V. Netherlands","Tesla Energia Macau Limitada MacauTesla Energy d.o.o. SloveniaTesla Energy Operations,Inc. DelawareTesla Finance LLC DelawareTesla Financial Leasing (China) Co.,Ltd. ChinaTesla Financial Services GmbH GermanyTesla Financial Services Holdings B.V. NetherlandsTesla Financial Services Limited United KingdomTesla France S.a r.l. FranceTesla Germany GmbH GermanyTesla Greece Single Member P.C. GreeceTesla Hrvatska d.o.o. CroatiaTesla Hungary Kft. HungaryTesla India Motors and Energy Private Limited IndiaTesla Insurance Brokers Co., Ltd. ChinaTesla Insurance Holdings, LLC DelawareTesla Insurance, Inc. DelawareTeesla Insurance Ltd. MaltaTesla Insurance Services, Inc. CaliforniaTesla Insurance Services of Texas,Inc. TexasTesla International B.V. Netherlands","Tesla Energia Macau Limitada MacauTesla Energy d.o.o. SloveniaTesla Energy Operations,Inc. DelawareTesla Finance LLC DelawareTesla Financial Leasing (China) Co.,Ltd. ChinaTesla Financial Services GmbH GermanyTesla Financial Services Holdings B.V. NetherlandsTesla Financial Services Limited United KingdomTesla France S.a r.l. FranceTesla Germany GmbH GermanyTesla Greece Single Member P.C. GreeceTesla Hrvatska d.o.o. CroatiaTesla Hungary Kft. HungaryTesla India Motors and Energy Private Limited IndiaTesla Insurance Brokers Co., Ltd. ChinaTesla Insurance Holdings, LLC DelawareTesla Insurance, Inc. DelawareTeesla Insurance Ltd. MaltaTesla Insurance Services, Inc. CaliforniaTesla Insurance Services of Texas,Inc. TexasTesla International B.V. Netherlands","Tesla Energia Macau Limitada MacauTesla Energy d.o.o. SloveniaTesla Energy Operations,Inc. DelawareTesla Finance LLC DelawareTesla Financial Leasing (China) Co.,Ltd. ChinaTesla Financial Services GmbH GermanyTesla Financial Services Holdings B.V. NetherlandsTesla Financial Services Limited United KingdomTesla France S.a r.l. FranceTesla Germany GmbH GermanyTesla Greece Single Member P.C. GreeceTesla Hrvatska d.o.o. CroatiaTesla Hungary Kft. HungaryTesla India Motors and Energy Private Limited IndiaTesla Insurance Brokers Co., Ltd. ChinaTesla Insurance Holdings, LLC DelawareTesla Insurance, Inc. DelawareTeesla Insurance Ltd. MaltaTesla Insurance Services, Inc. CaliforniaTesla Insurance Services of Texas,Inc. TexasTesla International B.V. Netherlands","Tesla Energia Macau Limitada MacauTesla Energy d.o.o. SloveniaTesla Energy Operations,Inc. DelawareTesla Finance LLC DelawareTesla Financial Leasing (China) Co.,Ltd. ChinaTesla Financial Services GmbH GermanyTesla Financial Services Holdings B.V. NetherlandsTesla Financial Services Limited United KingdomTesla France S.a r.l. FranceTesla Germany GmbH GermanyTesla Greece Single Member P.C. GreeceTesla Hrvatska d.o.o. CroatiaTesla Hungary Kft. HungaryTesla India Motors and Energy Private Limited IndiaTesla Insurance Brokers Co., Ltd. ChinaTesla Insurance Holdings, LLC DelawareTesla Insurance, Inc. DelawareTeesla Insurance Ltd. MaltaTesla Insurance Services, Inc. CaliforniaTesla Insurance Services of Texas,Inc. TexasTesla International B.V. Netherlands","Tesla Energia Macau Limitada MacauTesla Energy d.o.o. SloveniaTesla Energy Operations,Inc. DelawareTesla Finance LLC DelawareTesla Financial Leasing (China) Co.,Ltd. ChinaTesla Financial Services GmbH GermanyTesla Financial Services Holdings B.V. NetherlandsTesla Financial Services Limited United KingdomTesla France S.a r.l. FranceTesla Germany GmbH GermanyTesla Greece Single Member P.C. GreeceTesla Hrvatska d.o.o. CroatiaTesla Hungary Kft. HungaryTesla India Motors and Energy Private Limited IndiaTesla Insurance Brokers Co., Ltd. ChinaTesla Insurance Holdings, LLC DelawareTesla Insurance, Inc. DelawareTeesla Insurance Ltd. MaltaTesla Insurance Services, Inc. CaliforniaTesla Insurance Services of Texas,Inc. TexasTesla International B.V. Netherlands","Tesla Energia Macau Limitada MacauTesla Energy d.o.o. SloveniaTesla Energy Operations,Inc. DelawareTesla Finance LLC DelawareTesla Financial Leasing (China) Co.,Ltd. ChinaTesla Financial Services GmbH GermanyTesla Financial Services Holdings B.V. NetherlandsTesla Financial Services Limited United KingdomTesla France S.a r.l. FranceTesla Germany GmbH GermanyTesla Greece Single Member P.C. GreeceTesla Hrvatska d.o.o. CroatiaTesla Hungary Kft. HungaryTesla India Motors and Energy Private Limited IndiaTesla Insurance Brokers Co., Ltd. ChinaTesla Insurance Holdings, LLC DelawareTesla Insurance, Inc. DelawareTeesla Insurance Ltd. MaltaTesla Insurance Services, Inc. CaliforniaTesla Insurance Services of Texas,Inc. TexasTesla International B.V. Netherlands","Tesla Energia Macau Limitada MacauTesla Energy d.o.o. SloveniaTesla Energy Operations,Inc. DelawareTesla Finance LLC DelawareTesla Financial Leasing (China) Co.,Ltd. ChinaTesla Financial Services GmbH GermanyTesla Financial Services Holdings B.V. NetherlandsTesla Financial Services Limited United KingdomTesla France S.a r.l. FranceTesla Germany GmbH GermanyTesla Greece Single Member P.C. GreeceTesla Hrvatska d.o.o. CroatiaTesla Hungary Kft. HungaryTesla India Motors and Energy Private Limited IndiaTesla Insurance Brokers Co., Ltd. ChinaTesla Insurance Holdings, LLC DelawareTesla Insurance, Inc. DelawareTeesla Insurance Ltd. MaltaTesla Insurance Services, Inc. CaliforniaTesla Insurance Services of Texas,Inc. TexasTesla International B.V. Netherlands","Tesla Energia Macau Limitada MacauTesla Energy d.o.o. SloveniaTesla Energy Operations,Inc. DelawareTesla Finance LLC DelawareTesla Financial Leasing (China) Co.,Ltd. ChinaTesla Financial Services GmbH GermanyTesla Financial Services Holdings B.V. NetherlandsTesla Financial Services Limited United KingdomTesla France S.a r.l. FranceTesla Germany GmbH GermanyTesla Greece Single Member P.C. GreeceTesla Hrvatska d.o.o. CroatiaTesla Hungary Kft. HungaryTesla India Motors and Energy Private Limited IndiaTesla Insurance Brokers Co., Ltd. ChinaTesla Insurance Holdings, LLC DelawareTesla Insurance, Inc. DelawareTeesla Insurance Ltd. MaltaTesla Insurance Services, Inc. CaliforniaTesla Insurance Services of Texas,Inc. TexasTesla International B.V. Netherlands","Tesla Energia Macau Limitada MacauTesla Energy d.o.o. SloveniaTesla Energy Operations,Inc. DelawareTesla Finance LLC DelawareTesla Financial Leasing (China) Co.,Ltd. ChinaTesla Financial Services GmbH GermanyTesla Financial Services Holdings B.V. NetherlandsTesla Financial Services Limited United KingdomTesla France S.a r.l. FranceTesla Germany GmbH GermanyTesla Greece Single Member P.C. GreeceTesla Hrvatska d.o.o. CroatiaTesla Hungary Kft. HungaryTesla India Motors and Energy Private Limited IndiaTesla Insurance Brokers Co., Ltd. ChinaTesla Insurance Holdings, LLC DelawareTesla Insurance, Inc. DelawareTeesla Insurance Ltd. MaltaTesla Insurance Services, Inc. CaliforniaTesla Insurance Services of Texas,Inc. TexasTesla International B.V. Netherlands","Tesla Energia Macau Limitada MacauTesla Energy d.o.o. SloveniaTesla Energy Operations,Inc. DelawareTesla Finance LLC DelawareTesla Financial Leasing (China) Co.,Ltd. ChinaTesla Financial Services GmbH GermanyTesla Financial Services Holdings B.V. NetherlandsTesla Financial Services Limited United KingdomTesla France S.a r.l. FranceTesla Germany GmbH GermanyTesla Greece Single Member P.C. GreeceTesla Hrvatska d.o.o. CroatiaTesla Hungary Kft. HungaryTesla India Motors and Energy Private Limited IndiaTesla Insurance Brokers Co., Ltd. ChinaTesla Insurance Holdings, LLC DelawareTesla Insurance, Inc. DelawareTeesla Insurance Ltd. MaltaTesla Insurance Services, Inc. CaliforniaTesla Insurance Services of Texas,Inc. TexasTesla International B.V. Netherlands","Tesla Energia Macau Limitada MacauTesla Energy d.o.o. SloveniaTesla Energy Operations,Inc. DelawareTesla Finance LLC DelawareTesla Financial Leasing (China) Co.,Ltd. ChinaTesla Financial Services GmbH GermanyTesla Financial Services Holdings B.V. NetherlandsTesla Financial Services Limited United KingdomTesla France S.a r.l. FranceTesla Germany GmbH GermanyTesla Greece Single Member P.C. GreeceTesla Hrvatska d.o.o. CroatiaTesla Hungary Kft. HungaryTesla India Motors and Energy Private Limited IndiaTesla Insurance Brokers Co., Ltd. ChinaTesla Insurance Holdings, LLC DelawareTesla Insurance, Inc. DelawareTeesla Insurance Ltd. MaltaTesla Insurance Services, Inc. CaliforniaTesla Insurance Services of Texas,Inc. TexasTesla International B.V. Netherlands","Tesla Energia Macau Limitada MacauTesla Energy d.o.o. SloveniaTesla Energy Operations,Inc. DelawareTesla Finance LLC DelawareTesla Financial Leasing (China) Co.,Ltd. ChinaTesla Financial Services GmbH GermanyTesla Financial Services Holdings B.V. NetherlandsTesla Financial Services Limited United KingdomTesla France S.a r.l. FranceTesla Germany GmbH GermanyTesla Greece Single Member P.C. GreeceTesla Hrvatska d.o.o. CroatiaTesla Hungary Kft. HungaryTesla India Motors and Energy Private Limited IndiaTesla Insurance Brokers Co., Ltd. ChinaTesla Insurance Holdings, LLC DelawareTesla Insurance, Inc. DelawareTeesla Insurance Ltd. MaltaTesla Insurance Services, Inc. CaliforniaTesla Insurance Services of Texas,Inc. TexasTesla International B.V. Netherlands","Tesla Energia Macau Limitada MacauTesla Energy d.o.o. SloveniaTesla Energy Operations,Inc. DelawareTesla Finance LLC DelawareTesla Financial Leasing (China) Co.,Ltd. ChinaTesla Financial Services GmbH GermanyTesla Financial Services Holdings B.V. NetherlandsTesla Financial Services Limited United KingdomTesla France S.a r.l. FranceTesla Germany GmbH GermanyTesla Greece Single Member P.C. GreeceTesla Hrvatska d.o.o. CroatiaTesla Hungary Kft. HungaryTesla India Motors and Energy Private Limited IndiaTesla Insurance Brokers Co., Ltd. ChinaTesla Insurance Holdings, LLC DelawareTesla Insurance, Inc. DelawareTeesla Insurance Ltd. MaltaTesla Insurance Services, Inc. CaliforniaTesla Insurance Services of Texas,Inc. TexasTesla International B.V. Netherlands","Tesla Energia Macau Limitada MacauTesla Energy d.o.o. SloveniaTesla Energy Operations,Inc. DelawareTesla Finance LLC DelawareTesla Financial Leasing (China) Co.,Ltd. ChinaTesla Financial Services GmbH GermanyTesla Financial Services Holdings B.V. NetherlandsTesla Financial Services Limited United KingdomTesla France S.a r.l. FranceTesla Germany GmbH GermanyTesla Greece Single Member P.C. GreeceTesla Hrvatska d.o.o. CroatiaTesla Hungary Kft. HungaryTesla India Motors and Energy Private Limited IndiaTesla Insurance Brokers Co., Ltd. ChinaTesla Insurance Holdings, LLC DelawareTesla Insurance, Inc. DelawareTeesla Insurance Ltd. MaltaTesla Insurance Services, Inc. CaliforniaTesla Insurance Services of Texas,Inc. TexasTesla International B.V. Netherlands","Tesla Energia Macau Limitada MacauTesla Energy d.o.o. SloveniaTesla Energy Operations,Inc. DelawareTesla Finance LLC DelawareTesla Financial Leasing (China) Co.,Ltd. ChinaTesla Financial Services GmbH GermanyTesla Financial Services Holdings B.V. NetherlandsTesla Financial Services Limited United KingdomTesla France S.a r.l. FranceTesla Germany GmbH GermanyTesla Greece Single Member P.C. GreeceTesla Hrvatska d.o.o. CroatiaTesla Hungary Kft. HungaryTesla India Motors and Energy Private Limited IndiaTesla Insurance Brokers Co., Ltd. ChinaTesla Insurance Holdings, LLC DelawareTesla Insurance, Inc. DelawareTeesla Insurance Ltd. MaltaTesla Insurance Services, Inc. CaliforniaTesla Insurance Services of Texas,Inc. TexasTesla International B.V. Netherlands","Tesla Energia Macau Limitada MacauTesla Energy d.o.o. SloveniaTesla Energy Operations,Inc. DelawareTesla Finance LLC DelawareTesla Financial Leasing (China) Co.,Ltd. ChinaTesla Financial Services GmbH GermanyTesla Financial Services Holdings B.V. NetherlandsTesla Financial Services Limited United KingdomTesla France S.a r.l. FranceTesla Germany GmbH GermanyTesla Greece Single Member P.C. GreeceTesla Hrvatska d.o.o. CroatiaTesla Hungary Kft. HungaryTesla India Motors and Energy Private Limited IndiaTesla Insurance Brokers Co., Ltd. ChinaTesla Insurance Holdings, LLC DelawareTesla Insurance, Inc. DelawareTeesla Insurance Ltd. MaltaTesla Insurance Services, Inc. CaliforniaTesla Insurance Services of Texas,Inc. TexasTesla International B.V. Netherlands",,,,,,,,Germany,,,,,,,,,,,,,,
"Tesla Energia Macau Limitada MacauTesla Energy d.o.o. SloveniaTesla Energy Operations,Inc. DelawareTesla Finance LLC DelawareTesla Financial Leasing (China) Co.,Ltd. ChinaTesla Financial Services GmbH GermanyTesla Financial Services Holdings B.V. NetherlandsTesla Financial Services Limited United KingdomTesla France S.a r.l. FranceTesla Germany GmbH GermanyTesla Greece Single Member P.C. GreeceTesla Hrvatska d.o.o. CroatiaTesla Hungary Kft. HungaryTesla India Motors and Energy Private Limited IndiaTesla Insurance Brokers Co., Ltd. ChinaTesla Insurance Holdings, LLC DelawareTesla Insurance, Inc. DelawareTeesla Insurance Ltd. MaltaTesla Insurance Services, Inc. CaliforniaTesla Insurance Services of Texas,Inc. TexasTesla International B.V. Netherlands","Tesla Energia Macau Limitada MacauTesla Energy d.o.o. SloveniaTesla Energy Operations,Inc. DelawareTesla Finance LLC DelawareTesla Financial Leasing (China) Co.,Ltd. ChinaTesla Financial Services GmbH GermanyTesla Financial Services Holdings B.V. NetherlandsTesla Financial Services Limited United KingdomTesla France S.a r.l. FranceTesla Germany GmbH GermanyTesla Greece Single Member P.C. GreeceTesla Hrvatska d.o.o. CroatiaTesla Hungary Kft. HungaryTesla India Motors and Energy Private Limited IndiaTesla Insurance Brokers Co., Ltd. ChinaTesla Insurance Holdings, LLC DelawareTesla Insurance, Inc. DelawareTeesla Insurance Ltd. MaltaTesla Insurance Services, Inc. CaliforniaTesla Insurance Services of Texas,Inc. TexasTesla International B.V. Netherlands","Tesla Energia Macau Limitada MacauTesla Energy d.o.o. SloveniaTesla Energy Operations,Inc. DelawareTesla Finance LLC DelawareTesla Financial Leasing (China) Co.,Ltd. ChinaTesla Financial Services GmbH GermanyTesla Financial Services Holdings B.V. NetherlandsTesla Financial Services Limited United KingdomTesla France S.a r.l. FranceTesla Germany GmbH GermanyTesla Greece Single Member P.C. GreeceTesla Hrvatska d.o.o. CroatiaTesla Hungary Kft. HungaryTesla India Motors and Energy Private Limited IndiaTesla Insurance Brokers Co., Ltd. ChinaTesla Insurance Holdings, LLC DelawareTesla Insurance, Inc. DelawareTeesla Insurance Ltd. MaltaTesla Insurance Services, Inc. CaliforniaTesla Insurance Services of Texas,Inc. TexasTesla International B.V. Netherlands","Tesla Energia Macau Limitada MacauTesla Energy d.o.o. SloveniaTesla Energy Operations,Inc. DelawareTesla Finance LLC DelawareTesla Financial Leasing (China) Co.,Ltd. ChinaTesla Financial Services GmbH GermanyTesla Financial Services Holdings B.V. NetherlandsTesla Financial Services Limited United KingdomTesla France S.a r.l. FranceTesla Germany GmbH GermanyTesla Greece Single Member P.C. GreeceTesla Hrvatska d.o.o. CroatiaTesla Hungary Kft. HungaryTesla India Motors and Energy Private Limited IndiaTesla Insurance Brokers Co., Ltd. ChinaTesla Insurance Holdings, LLC DelawareTesla Insurance, Inc. DelawareTeesla Insurance Ltd. MaltaTesla Insurance Services, Inc. CaliforniaTesla Insurance Services of Texas,Inc. TexasTesla International B.V. Netherlands","Tesla Energia Macau Limitada MacauTesla Energy d.o.o. SloveniaTesla Energy Operations,Inc. DelawareTesla Finance LLC DelawareTesla Financial Leasing (China) Co.,Ltd. ChinaTesla Financial Services GmbH GermanyTesla Financial Services Holdings B.V. NetherlandsTesla Financial Services Limited United KingdomTesla France S.a r.l. FranceTesla Germany GmbH GermanyTesla Greece Single Member P.C. GreeceTesla Hrvatska d.o.o. CroatiaTesla Hungary Kft. HungaryTesla India Motors and Energy Private Limited IndiaTesla Insurance Brokers Co., Ltd. ChinaTesla Insurance Holdings, LLC DelawareTesla Insurance, Inc. DelawareTeesla Insurance Ltd. MaltaTesla Insurance Services, Inc. CaliforniaTesla Insurance Services of Texas,Inc. TexasTesla International B.V. Netherlands","Tesla Energia Macau Limitada MacauTesla Energy d.o.o. SloveniaTesla Energy Operations,Inc. DelawareTesla Finance LLC DelawareTesla Financial Leasing (China) Co.,Ltd. ChinaTesla Financial Services GmbH GermanyTesla Financial Services Holdings B.V. NetherlandsTesla Financial Services Limited United KingdomTesla France S.a r.l. FranceTesla Germany GmbH GermanyTesla Greece Single Member P.C. GreeceTesla Hrvatska d.o.o. CroatiaTesla Hungary Kft. HungaryTesla India Motors and Energy Private Limited IndiaTesla Insurance Brokers Co., Ltd. ChinaTesla Insurance Holdings, LLC DelawareTesla Insurance, Inc. DelawareTeesla Insurance Ltd. MaltaTesla Insurance Services, Inc. CaliforniaTesla Insurance Services of Texas,Inc. TexasTesla International B.V. Netherlands","Tesla Energia Macau Limitada MacauTesla Energy d.o.o. SloveniaTesla Energy Operations,Inc. DelawareTesla Finance LLC DelawareTesla Financial Leasing (China) Co.,Ltd. ChinaTesla Financial Services GmbH GermanyTesla Financial Services Holdings B.V. NetherlandsTesla Financial Services Limited United KingdomTesla France S.a r.l. FranceTesla Germany GmbH GermanyTesla Greece Single Member P.C. GreeceTesla Hrvatska d.o.o. CroatiaTesla Hungary Kft. HungaryTesla India Motors and Energy Private Limited IndiaTesla Insurance Brokers Co., Ltd. ChinaTesla Insurance Holdings, LLC DelawareTesla Insurance, Inc. DelawareTeesla Insurance Ltd. MaltaTesla Insurance Services, Inc. CaliforniaTesla Insurance Services of Texas,Inc. TexasTesla International B.V. Netherlands","Tesla Energia Macau Limitada MacauTesla Energy d.o.o. SloveniaTesla Energy Operations,Inc. DelawareTesla Finance LLC DelawareTesla Financial Leasing (China) Co.,Ltd. ChinaTesla Financial Services GmbH GermanyTesla Financial Services Holdings B.V. NetherlandsTesla Financial Services Limited United KingdomTesla France S.a r.l. FranceTesla Germany GmbH GermanyTesla Greece Single Member P.C. GreeceTesla Hrvatska d.o.o. CroatiaTesla Hungary Kft. HungaryTesla India Motors and Energy Private Limited IndiaTesla Insurance Brokers Co., Ltd. ChinaTesla Insurance Holdings, LLC DelawareTesla Insurance, Inc. DelawareTeesla Insurance Ltd. MaltaTesla Insurance Services, Inc. CaliforniaTesla Insurance Services of Texas,Inc. TexasTesla International B.V. Netherlands","Tesla Energia Macau Limitada MacauTesla Energy d.o.o. SloveniaTesla Energy Operations,Inc. DelawareTesla Finance LLC DelawareTesla Financial Leasing (China) Co.,Ltd. ChinaTesla Financial Services GmbH GermanyTesla Financial Services Holdings B.V. NetherlandsTesla Financial Services Limited United KingdomTesla France S.a r.l. FranceTesla Germany GmbH GermanyTesla Greece Single Member P.C. GreeceTesla Hrvatska d.o.o. CroatiaTesla Hungary Kft. HungaryTesla India Motors and Energy Private Limited IndiaTesla Insurance Brokers Co., Ltd. ChinaTesla Insurance Holdings, LLC DelawareTesla Insurance, Inc. DelawareTeesla Insurance Ltd. MaltaTesla Insurance Services, Inc. CaliforniaTesla Insurance Services of Texas,Inc. TexasTesla International B.V. Netherlands","Tesla Energia Macau Limitada MacauTesla Energy d.o.o. SloveniaTesla Energy Operations,Inc. DelawareTesla Finance LLC DelawareTesla Financial Leasing (China) Co.,Ltd. ChinaTesla Financial Services GmbH GermanyTesla Financial Services Holdings B.V. NetherlandsTesla Financial Services Limited United KingdomTesla France S.a r.l. FranceTesla Germany GmbH GermanyTesla Greece Single Member P.C. GreeceTesla Hrvatska d.o.o. CroatiaTesla Hungary Kft. HungaryTesla India Motors and Energy Private Limited IndiaTesla Insurance Brokers Co., Ltd. ChinaTesla Insurance Holdings, LLC DelawareTesla Insurance, Inc. DelawareTeesla Insurance Ltd. MaltaTesla Insurance Services, Inc. CaliforniaTesla Insurance Services of Texas,Inc. TexasTesla International B.V. Netherlands","Tesla Energia Macau Limitada MacauTesla Energy d.o.o. SloveniaTesla Energy Operations,Inc. DelawareTesla Finance LLC DelawareTesla Financial Leasing (China) Co.,Ltd. ChinaTesla Financial Services GmbH GermanyTesla Financial Services Holdings B.V. NetherlandsTesla Financial Services Limited United KingdomTesla France S.a r.l. FranceTesla Germany GmbH GermanyTesla Greece Single Member P.C. GreeceTesla Hrvatska d.o.o. CroatiaTesla Hungary Kft. HungaryTesla India Motors and Energy Private Limited IndiaTesla Insurance Brokers Co., Ltd. ChinaTesla Insurance Holdings, LLC DelawareTesla Insurance, Inc. DelawareTeesla Insurance Ltd. MaltaTesla Insurance Services, Inc. CaliforniaTesla Insurance Services of Texas,Inc. TexasTesla International B.V. Netherlands","Tesla Energia Macau Limitada MacauTesla Energy d.o.o. SloveniaTesla Energy Operations,Inc. DelawareTesla Finance LLC DelawareTesla Financial Leasing (China) Co.,Ltd. ChinaTesla Financial Services GmbH GermanyTesla Financial Services Holdings B.V. NetherlandsTesla Financial Services Limited United KingdomTesla France S.a r.l. FranceTesla Germany GmbH GermanyTesla Greece Single Member P.C. GreeceTesla Hrvatska d.o.o. CroatiaTesla Hungary Kft. HungaryTesla India Motors and Energy Private Limited IndiaTesla Insurance Brokers Co., Ltd. ChinaTesla Insurance Holdings, LLC DelawareTesla Insurance, Inc. DelawareTeesla Insurance Ltd. MaltaTesla Insurance Services, Inc. CaliforniaTesla Insurance Services of Texas,Inc. TexasTesla International B.V. Netherlands","Tesla Energia Macau Limitada MacauTesla Energy d.o.o. SloveniaTesla Energy Operations,Inc. DelawareTesla Finance LLC DelawareTesla Financial Leasing (China) Co.,Ltd. ChinaTesla Financial Services GmbH GermanyTesla Financial Services Holdings B.V. NetherlandsTesla Financial Services Limited United KingdomTesla France S.a r.l. FranceTesla Germany GmbH GermanyTesla Greece Single Member P.C. GreeceTesla Hrvatska d.o.o. CroatiaTesla Hungary Kft. HungaryTesla India Motors and Energy Private Limited IndiaTesla Insurance Brokers Co., Ltd. ChinaTesla Insurance Holdings, LLC DelawareTesla Insurance, Inc. DelawareTeesla Insurance Ltd. MaltaTesla Insurance Services, Inc. CaliforniaTesla Insurance Services of Texas,Inc. TexasTesla International B.V. Netherlands","Tesla Energia Macau Limitada MacauTesla Energy d.o.o. SloveniaTesla Energy Operations,Inc. DelawareTesla Finance LLC DelawareTesla Financial Leasing (China) Co.,Ltd. ChinaTesla Financial Services GmbH GermanyTesla Financial Services Holdings B.V. NetherlandsTesla Financial Services Limited United KingdomTesla France S.a r.l. FranceTesla Germany GmbH GermanyTesla Greece Single Member P.C. GreeceTesla Hrvatska d.o.o. CroatiaTesla Hungary Kft. HungaryTesla India Motors and Energy Private Limited IndiaTesla Insurance Brokers Co., Ltd. ChinaTesla Insurance Holdings, LLC DelawareTesla Insurance, Inc. DelawareTeesla Insurance Ltd. MaltaTesla Insurance Services, Inc. CaliforniaTesla Insurance Services of Texas,Inc. TexasTesla International B.V. Netherlands","Tesla Energia Macau Limitada MacauTesla Energy d.o.o. SloveniaTesla Energy Operations,Inc. DelawareTesla Finance LLC DelawareTesla Financial Leasing (China) Co.,Ltd. ChinaTesla Financial Services GmbH GermanyTesla Financial Services Holdings B.V. NetherlandsTesla Financial Services Limited United KingdomTesla France S.a r.l. FranceTesla Germany GmbH GermanyTesla Greece Single Member P.C. GreeceTesla Hrvatska d.o.o. CroatiaTesla Hungary Kft. HungaryTesla India Motors and Energy Private Limited IndiaTesla Insurance Brokers Co., Ltd. ChinaTesla Insurance Holdings, LLC DelawareTesla Insurance, Inc. DelawareTeesla Insurance Ltd. MaltaTesla Insurance Services, Inc. CaliforniaTesla Insurance Services of Texas,Inc. TexasTesla International B.V. Netherlands","Tesla Energia Macau Limitada MacauTesla Energy d.o.o. SloveniaTesla Energy Operations,Inc. DelawareTesla Finance LLC DelawareTesla Financial Leasing (China) Co.,Ltd. ChinaTesla Financial Services GmbH GermanyTesla Financial Services Holdings B.V. NetherlandsTesla Financial Services Limited United KingdomTesla France S.a r.l. FranceTesla Germany GmbH GermanyTesla Greece Single Member P.C. GreeceTesla Hrvatska d.o.o. CroatiaTesla Hungary Kft. HungaryTesla India Motors and Energy Private Limited IndiaTesla Insurance Brokers Co., Ltd. ChinaTesla Insurance Holdings, LLC DelawareTesla Insurance, Inc. DelawareTeesla Insurance Ltd. MaltaTesla Insurance Services, Inc. CaliforniaTesla Insurance Services of Texas,Inc. TexasTesla International B.V. Netherlands","Tesla Energia Macau Limitada MacauTesla Energy d.o.o. SloveniaTesla Energy Operations,Inc. DelawareTesla Finance LLC DelawareTesla Financial Leasing (China) Co.,Ltd. ChinaTesla Financial Services GmbH GermanyTesla Financial Services Holdings B.V. NetherlandsTesla Financial Services Limited United KingdomTesla France S.a r.l. FranceTesla Germany GmbH GermanyTesla Greece Single Member P.C. GreeceTesla Hrvatska d.o.o. CroatiaTesla Hungary Kft. HungaryTesla India Motors and Energy Private Limited IndiaTesla Insurance Brokers Co., Ltd. ChinaTesla Insurance Holdings, LLC DelawareTesla Insurance, Inc. DelawareTeesla Insurance Ltd. MaltaTesla Insurance Services, Inc. CaliforniaTesla Insurance Services of Texas,Inc. TexasTesla International B.V. Netherlands","Tesla Energia Macau Limitada MacauTesla Energy d.o.o. SloveniaTesla Energy Operations,Inc. DelawareTesla Finance LLC DelawareTesla Financial Leasing (China) Co.,Ltd. ChinaTesla Financial Services GmbH GermanyTesla Financial Services Holdings B.V. NetherlandsTesla Financial Services Limited United KingdomTesla France S.a r.l. FranceTesla Germany GmbH GermanyTesla Greece Single Member P.C. GreeceTesla Hrvatska d.o.o. CroatiaTesla Hungary Kft. HungaryTesla India Motors and Energy Private Limited IndiaTesla Insurance Brokers Co., Ltd. ChinaTesla Insurance Holdings, LLC DelawareTesla Insurance, Inc. DelawareTeesla Insurance Ltd. MaltaTesla Insurance Services, Inc. CaliforniaTesla Insurance Services of Texas,Inc. TexasTesla International B.V. Netherlands","Tesla Energia Macau Limitada MacauTesla Energy d.o.o. SloveniaTesla Energy Operations,Inc. DelawareTesla Finance LLC DelawareTesla Financial Leasing (China) Co.,Ltd. ChinaTesla Financial Services GmbH GermanyTesla Financial Services Holdings B.V. NetherlandsTesla Financial Services Limited United KingdomTesla France S.a r.l. FranceTesla Germany GmbH GermanyTesla Greece Single Member P.C. GreeceTesla Hrvatska d.o.o. CroatiaTesla Hungary Kft. HungaryTesla India Motors and Energy Private Limited IndiaTesla Insurance Brokers Co., Ltd. ChinaTesla Insurance Holdings, LLC DelawareTesla Insurance, Inc. DelawareTeesla Insurance Ltd. MaltaTesla Insurance Services, Inc. CaliforniaTesla Insurance Services of Texas,Inc. TexasTesla International B.V. Netherlands","Tesla Energia Macau Limitada MacauTesla Energy d.o.o. SloveniaTesla Energy Operations,Inc. DelawareTesla Finance LLC DelawareTesla Financial Leasing (China) Co.,Ltd. ChinaTesla Financial Services GmbH GermanyTesla Financial Services Holdings B.V. NetherlandsTesla Financial Services Limited United KingdomTesla France S.a r.l. FranceTesla Germany GmbH GermanyTesla Greece Single Member P.C. GreeceTesla Hrvatska d.o.o. CroatiaTesla Hungary Kft. HungaryTesla India Motors and Energy Private Limited IndiaTesla Insurance Brokers Co., Ltd. ChinaTesla Insurance Holdings, LLC DelawareTesla Insurance, Inc. DelawareTeesla Insurance Ltd. MaltaTesla Insurance Services, Inc. CaliforniaTesla Insurance Services of Texas,Inc. TexasTesla International B.V. Netherlands","Tesla Energia Macau Limitada MacauTesla Energy d.o.o. SloveniaTesla Energy Operations,Inc. DelawareTesla Finance LLC DelawareTesla Financial Leasing (China) Co.,Ltd. ChinaTesla Financial Services GmbH GermanyTesla Financial Services Holdings B.V. NetherlandsTesla Financial Services Limited United KingdomTesla France S.a r.l. FranceTesla Germany GmbH GermanyTesla Greece Single Member P.C. GreeceTesla Hrvatska d.o.o. CroatiaTesla Hungary Kft. HungaryTesla India Motors and Energy Private Limited IndiaTesla Insurance Brokers Co., Ltd. ChinaTesla Insurance Holdings, LLC DelawareTesla Insurance, Inc. DelawareTeesla Insurance Ltd. MaltaTesla Insurance Services, Inc. CaliforniaTesla Insurance Services of Texas,Inc. TexasTesla International B.V. Netherlands","Tesla Energia Macau Limitada MacauTesla Energy d.o.o. SloveniaTesla Energy Operations,Inc. DelawareTesla Finance LLC DelawareTesla Financial Leasing (China) Co.,Ltd. ChinaTesla Financial Services GmbH GermanyTesla Financial Services Holdings B.V. NetherlandsTesla Financial Services Limited United KingdomTesla France S.a r.l. FranceTesla Germany GmbH GermanyTesla Greece Single Member P.C. GreeceTesla Hrvatska d.o.o. CroatiaTesla Hungary Kft. HungaryTesla India Motors and Energy Private Limited IndiaTesla Insurance Brokers Co., Ltd. ChinaTesla Insurance Holdings, LLC DelawareTesla Insurance, Inc. DelawareTeesla Insurance Ltd. MaltaTesla Insurance Services, Inc. CaliforniaTesla Insurance Services of Texas,Inc. TexasTesla International B.V. Netherlands","Tesla Energia Macau Limitada MacauTesla Energy d.o.o. SloveniaTesla Energy Operations,Inc. DelawareTesla Finance LLC DelawareTesla Financial Leasing (China) Co.,Ltd. ChinaTesla Financial Services GmbH GermanyTesla Financial Services Holdings B.V. NetherlandsTesla Financial Services Limited United KingdomTesla France S.a r.l. FranceTesla Germany GmbH GermanyTesla Greece Single Member P.C. GreeceTesla Hrvatska d.o.o. CroatiaTesla Hungary Kft. HungaryTesla India Motors and Energy Private Limited IndiaTesla Insurance Brokers Co., Ltd. ChinaTesla Insurance Holdings, LLC DelawareTesla Insurance, Inc. DelawareTeesla Insurance Ltd. MaltaTesla Insurance Services, Inc. CaliforniaTesla Insurance Services of Texas,Inc. TexasTesla International B.V. Netherlands","Tesla Energia Macau Limitada MacauTesla Energy d.o.o. SloveniaTesla Energy Operations,Inc. DelawareTesla Finance LLC DelawareTesla Financial Leasing (China) Co.,Ltd. ChinaTesla Financial Services GmbH GermanyTesla Financial Services Holdings B.V. NetherlandsTesla Financial Services Limited United KingdomTesla France S.a r.l. FranceTesla Germany GmbH GermanyTesla Greece Single Member P.C. GreeceTesla Hrvatska d.o.o. CroatiaTesla Hungary Kft. HungaryTesla India Motors and Energy Private Limited IndiaTesla Insurance Brokers Co., Ltd. ChinaTesla Insurance Holdings, LLC DelawareTesla Insurance, Inc. DelawareTeesla Insurance Ltd. MaltaTesla Insurance Services, Inc. CaliforniaTesla Insurance Services of Texas,Inc. TexasTesla International B.V. Netherlands","Tesla Energia Macau Limitada MacauTesla Energy d.o.o. SloveniaTesla Energy Operations,Inc. DelawareTesla Finance LLC DelawareTesla Financial Leasing (China) Co.,Ltd. ChinaTesla Financial Services GmbH GermanyTesla Financial Services Holdings B.V. NetherlandsTesla Financial Services Limited United KingdomTesla France S.a r.l. FranceTesla Germany GmbH GermanyTesla Greece Single Member P.C. GreeceTesla Hrvatska d.o.o. CroatiaTesla Hungary Kft. HungaryTesla India Motors and Energy Private Limited IndiaTesla Insurance Brokers Co., Ltd. ChinaTesla Insurance Holdings, LLC DelawareTesla Insurance, Inc. DelawareTeesla Insurance Ltd. MaltaTesla Insurance Services, Inc. CaliforniaTesla Insurance Services of Texas,Inc. TexasTesla International B.V. Netherlands","Tesla Energia Macau Limitada MacauTesla Energy d.o.o. SloveniaTesla Energy Operations,Inc. DelawareTesla Finance LLC DelawareTesla Financial Leasing (China) Co.,Ltd. ChinaTesla Financial Services GmbH GermanyTesla Financial Services Holdings B.V. NetherlandsTesla Financial Services Limited United KingdomTesla France S.a r.l. FranceTesla Germany GmbH GermanyTesla Greece Single Member P.C. GreeceTesla Hrvatska d.o.o. CroatiaTesla Hungary Kft. HungaryTesla India Motors and Energy Private Limited IndiaTesla Insurance Brokers Co., Ltd. ChinaTesla Insurance Holdings, LLC DelawareTesla Insurance, Inc. DelawareTeesla Insurance Ltd. MaltaTesla Insurance Services, Inc. CaliforniaTesla Insurance Services of Texas,Inc. TexasTesla International B.V. Netherlands","Tesla Energia Macau Limitada MacauTesla Energy d.o.o. SloveniaTesla Energy Operations,Inc. DelawareTesla Finance LLC DelawareTesla Financial Leasing (China) Co.,Ltd. ChinaTesla Financial Services GmbH GermanyTesla Financial Services Holdings B.V. NetherlandsTesla Financial Services Limited United KingdomTesla France S.a r.l. FranceTesla Germany GmbH GermanyTesla Greece Single Member P.C. GreeceTesla Hrvatska d.o.o. CroatiaTesla Hungary Kft. HungaryTesla India Motors and Energy Private Limited IndiaTesla Insurance Brokers Co., Ltd. ChinaTesla Insurance Holdings, LLC DelawareTesla Insurance, Inc. DelawareTeesla Insurance Ltd. MaltaTesla Insurance Services, Inc. CaliforniaTesla Insurance Services of Texas,Inc. TexasTesla International B.V. Netherlands","Tesla Energia Macau Limitada MacauTesla Energy d.o.o. SloveniaTesla Energy Operations,Inc. DelawareTesla Finance LLC DelawareTesla Financial Leasing (China) Co.,Ltd. ChinaTesla Financial Services GmbH GermanyTesla Financial Services Holdings B.V. NetherlandsTesla Financial Services Limited United KingdomTesla France S.a r.l. FranceTesla Germany GmbH GermanyTesla Greece Single Member P.C. GreeceTesla Hrvatska d.o.o. CroatiaTesla Hungary Kft. HungaryTesla India Motors and Energy Private Limited IndiaTesla Insurance Brokers Co., Ltd. ChinaTesla Insurance Holdings, LLC DelawareTesla Insurance, Inc. DelawareTeesla Insurance Ltd. MaltaTesla Insurance Services, Inc. CaliforniaTesla Insurance Services of Texas,Inc. TexasTesla International B.V. Netherlands",Netherlands,,,,,,,,,,,,,,,,,,,,,
"Tesla Energia Macau Limitada MacauTesla Energy d.o.o. SloveniaTesla Energy Operations,Inc. DelawareTesla Finance LLC DelawareTesla Financial Leasing (China) Co.,Ltd. ChinaTesla Financial Services GmbH GermanyTesla Financial Services Holdings B.V. NetherlandsTesla Financial Services Limited United KingdomTesla France S.a r.l. FranceTesla Germany GmbH GermanyTesla Greece Single Member P.C. GreeceTesla Hrvatska d.o.o. CroatiaTesla Hungary Kft. HungaryTesla India Motors and Energy Private Limited IndiaTesla Insurance Brokers Co., Ltd. ChinaTesla Insurance Holdings, LLC DelawareTesla Insurance, Inc. DelawareTeesla Insurance Ltd. MaltaTesla Insurance Services, Inc. CaliforniaTesla Insurance Services of Texas,Inc. TexasTesla International B.V. Netherlands","Tesla Energia Macau Limitada MacauTesla Energy d.o.o. SloveniaTesla Energy Operations,Inc. DelawareTesla Finance LLC DelawareTesla Financial Leasing (China) Co.,Ltd. ChinaTesla Financial Services GmbH GermanyTesla Financial Services Holdings B.V. NetherlandsTesla Financial Services Limited United KingdomTesla France S.a r.l. FranceTesla Germany GmbH GermanyTesla Greece Single Member P.C. GreeceTesla Hrvatska d.o.o. CroatiaTesla Hungary Kft. HungaryTesla India Motors and Energy Private Limited IndiaTesla Insurance Brokers Co., Ltd. ChinaTesla Insurance Holdings, LLC DelawareTesla Insurance, Inc. DelawareTeesla Insurance Ltd. MaltaTesla Insurance Services, Inc. CaliforniaTesla Insurance Services of Texas,Inc. TexasTesla International B.V. Netherlands","Tesla Energia Macau Limitada MacauTesla Energy d.o.o. SloveniaTesla Energy Operations,Inc. DelawareTesla Finance LLC DelawareTesla Financial Leasing (China) Co.,Ltd. ChinaTesla Financial Services GmbH GermanyTesla Financial Services Holdings B.V. NetherlandsTesla Financial Services Limited United KingdomTesla France S.a r.l. FranceTesla Germany GmbH GermanyTesla Greece Single Member P.C. GreeceTesla Hrvatska d.o.o. CroatiaTesla Hungary Kft. HungaryTesla India Motors and Energy Private Limited IndiaTesla Insurance Brokers Co., Ltd. ChinaTesla Insurance Holdings, LLC DelawareTesla Insurance, Inc. DelawareTeesla Insurance Ltd. MaltaTesla Insurance Services, Inc. CaliforniaTesla Insurance Services of Texas,Inc. TexasTesla International B.V. Netherlands","Tesla Energia Macau Limitada MacauTesla Energy d.o.o. SloveniaTesla Energy Operations,Inc. DelawareTesla Finance LLC DelawareTesla Financial Leasing (China) Co.,Ltd. ChinaTesla Financial Services GmbH GermanyTesla Financial Services Holdings B.V. NetherlandsTesla Financial Services Limited United KingdomTesla France S.a r.l. FranceTesla Germany GmbH GermanyTesla Greece Single Member P.C. GreeceTesla Hrvatska d.o.o. CroatiaTesla Hungary Kft. HungaryTesla India Motors and Energy Private Limited IndiaTesla Insurance Brokers Co., Ltd. ChinaTesla Insurance Holdings, LLC DelawareTesla Insurance, Inc. DelawareTeesla Insurance Ltd. MaltaTesla Insurance Services, Inc. CaliforniaTesla Insurance Services of Texas,Inc. TexasTesla International B.V. Netherlands","Tesla Energia Macau Limitada MacauTesla Energy d.o.o. SloveniaTesla Energy Operations,Inc. DelawareTesla Finance LLC DelawareTesla Financial Leasing (China) Co.,Ltd. ChinaTesla Financial Services GmbH GermanyTesla Financial Services Holdings B.V. NetherlandsTesla Financial Services Limited United KingdomTesla France S.a r.l. FranceTesla Germany GmbH GermanyTesla Greece Single Member P.C. GreeceTesla Hrvatska d.o.o. CroatiaTesla Hungary Kft. HungaryTesla India Motors and Energy Private Limited IndiaTesla Insurance Brokers Co., Ltd. ChinaTesla Insurance Holdings, LLC DelawareTesla Insurance, Inc. DelawareTeesla Insurance Ltd. MaltaTesla Insurance Services, Inc. CaliforniaTesla Insurance Services of Texas,Inc. TexasTesla International B.V. Netherlands","Tesla Energia Macau Limitada MacauTesla Energy d.o.o. SloveniaTesla Energy Operations,Inc. DelawareTesla Finance LLC DelawareTesla Financial Leasing (China) Co.,Ltd. ChinaTesla Financial Services GmbH GermanyTesla Financial Services Holdings B.V. NetherlandsTesla Financial Services Limited United KingdomTesla France S.a r.l. FranceTesla Germany GmbH GermanyTesla Greece Single Member P.C. GreeceTesla Hrvatska d.o.o. CroatiaTesla Hungary Kft. HungaryTesla India Motors and Energy Private Limited IndiaTesla Insurance Brokers Co., Ltd. ChinaTesla Insurance Holdings, LLC DelawareTesla Insurance, Inc. DelawareTeesla Insurance Ltd. MaltaTesla Insurance Services, Inc. CaliforniaTesla Insurance Services of Texas,Inc. TexasTesla International B.V. Netherlands","Tesla Energia Macau Limitada MacauTesla Energy d.o.o. SloveniaTesla Energy Operations,Inc. DelawareTesla Finance LLC DelawareTesla Financial Leasing (China) Co.,Ltd. ChinaTesla Financial Services GmbH GermanyTesla Financial Services Holdings B.V. NetherlandsTesla Financial Services Limited United KingdomTesla France S.a r.l. FranceTesla Germany GmbH GermanyTesla Greece Single Member P.C. GreeceTesla Hrvatska d.o.o. CroatiaTesla Hungary Kft. HungaryTesla India Motors and Energy Private Limited IndiaTesla Insurance Brokers Co., Ltd. ChinaTesla Insurance Holdings, LLC DelawareTesla Insurance, Inc. DelawareTeesla Insurance Ltd. MaltaTesla Insurance Services, Inc. CaliforniaTesla Insurance Services of Texas,Inc. TexasTesla International B.V. Netherlands","Tesla Energia Macau Limitada MacauTesla Energy d.o.o. SloveniaTesla Energy Operations,Inc. DelawareTesla Finance LLC DelawareTesla Financial Leasing (China) Co.,Ltd. ChinaTesla Financial Services GmbH GermanyTesla Financial Services Holdings B.V. NetherlandsTesla Financial Services Limited United KingdomTesla France S.a r.l. FranceTesla Germany GmbH GermanyTesla Greece Single Member P.C. GreeceTesla Hrvatska d.o.o. CroatiaTesla Hungary Kft. HungaryTesla India Motors and Energy Private Limited IndiaTesla Insurance Brokers Co., Ltd. ChinaTesla Insurance Holdings, LLC DelawareTesla Insurance, Inc. DelawareTeesla Insurance Ltd. MaltaTesla Insurance Services, Inc. CaliforniaTesla Insurance Services of Texas,Inc. TexasTesla International B.V. Netherlands","Tesla Energia Macau Limitada MacauTesla Energy d.o.o. SloveniaTesla Energy Operations,Inc. DelawareTesla Finance LLC DelawareTesla Financial Leasing (China) Co.,Ltd. ChinaTesla Financial Services GmbH GermanyTesla Financial Services Holdings B.V. NetherlandsTesla Financial Services Limited United KingdomTesla France S.a r.l. FranceTesla Germany GmbH GermanyTesla Greece Single Member P.C. GreeceTesla Hrvatska d.o.o. CroatiaTesla Hungary Kft. HungaryTesla India Motors and Energy Private Limited IndiaTesla Insurance Brokers Co., Ltd. ChinaTesla Insurance Holdings, LLC DelawareTesla Insurance, Inc. DelawareTeesla Insurance Ltd. MaltaTesla Insurance Services, Inc. CaliforniaTesla Insurance Services of Texas,Inc. TexasTesla International B.V. Netherlands","Tesla Energia Macau Limitada MacauTesla Energy d.o.o. SloveniaTesla Energy Operations,Inc. DelawareTesla Finance LLC DelawareTesla Financial Leasing (China) Co.,Ltd. ChinaTesla Financial Services GmbH GermanyTesla Financial Services Holdings B.V. NetherlandsTesla Financial Services Limited United KingdomTesla France S.a r.l. FranceTesla Germany GmbH GermanyTesla Greece Single Member P.C. GreeceTesla Hrvatska d.o.o. CroatiaTesla Hungary Kft. HungaryTesla India Motors and Energy Private Limited IndiaTesla Insurance Brokers Co., Ltd. ChinaTesla Insurance Holdings, LLC DelawareTesla Insurance, Inc. DelawareTeesla Insurance Ltd. MaltaTesla Insurance Services, Inc. CaliforniaTesla Insurance Services of Texas,Inc. TexasTesla International B.V. Netherlands","Tesla Energia Macau Limitada MacauTesla Energy d.o.o. SloveniaTesla Energy Operations,Inc. DelawareTesla Finance LLC DelawareTesla Financial Leasing (China) Co.,Ltd. ChinaTesla Financial Services GmbH GermanyTesla Financial Services Holdings B.V. NetherlandsTesla Financial Services Limited United KingdomTesla France S.a r.l. FranceTesla Germany GmbH GermanyTesla Greece Single Member P.C. GreeceTesla Hrvatska d.o.o. CroatiaTesla Hungary Kft. HungaryTesla India Motors and Energy Private Limited IndiaTesla Insurance Brokers Co., Ltd. ChinaTesla Insurance Holdings, LLC DelawareTesla Insurance, Inc. DelawareTeesla Insurance Ltd. MaltaTesla Insurance Services, Inc. CaliforniaTesla Insurance Services of Texas,Inc. TexasTesla International B.V. Netherlands","Tesla Energia Macau Limitada MacauTesla Energy d.o.o. SloveniaTesla Energy Operations,Inc. DelawareTesla Finance LLC DelawareTesla Financial Leasing (China) Co.,Ltd. ChinaTesla Financial Services GmbH GermanyTesla Financial Services Holdings B.V. NetherlandsTesla Financial Services Limited United KingdomTesla France S.a r.l. FranceTesla Germany GmbH GermanyTesla Greece Single Member P.C. GreeceTesla Hrvatska d.o.o. CroatiaTesla Hungary Kft. HungaryTesla India Motors and Energy Private Limited IndiaTesla Insurance Brokers Co., Ltd. ChinaTesla Insurance Holdings, LLC DelawareTesla Insurance, Inc. DelawareTeesla Insurance Ltd. MaltaTesla Insurance Services, Inc. CaliforniaTesla Insurance Services of Texas,Inc. TexasTesla International B.V. Netherlands","Tesla Energia Macau Limitada MacauTesla Energy d.o.o. SloveniaTesla Energy Operations,Inc. DelawareTesla Finance LLC DelawareTesla Financial Leasing (China) Co.,Ltd. ChinaTesla Financial Services GmbH GermanyTesla Financial Services Holdings B.V. NetherlandsTesla Financial Services Limited United KingdomTesla France S.a r.l. FranceTesla Germany GmbH GermanyTesla Greece Single Member P.C. GreeceTesla Hrvatska d.o.o. CroatiaTesla Hungary Kft. HungaryTesla India Motors and Energy Private Limited IndiaTesla Insurance Brokers Co., Ltd. ChinaTesla Insurance Holdings, LLC DelawareTesla Insurance, Inc. DelawareTeesla Insurance Ltd. MaltaTesla Insurance Services, Inc. CaliforniaTesla Insurance Services of Texas,Inc. TexasTesla International B.V. Netherlands","Tesla Energia Macau Limitada MacauTesla Energy d.o.o. SloveniaTesla Energy Operations,Inc. DelawareTesla Finance LLC DelawareTesla Financial Leasing (China) Co.,Ltd. ChinaTesla Financial Services GmbH GermanyTesla Financial Services Holdings B.V. NetherlandsTesla Financial Services Limited United KingdomTesla France S.a r.l. FranceTesla Germany GmbH GermanyTesla Greece Single Member P.C. GreeceTesla Hrvatska d.o.o. CroatiaTesla Hungary Kft. HungaryTesla India Motors and Energy Private Limited IndiaTesla Insurance Brokers Co., Ltd. ChinaTesla Insurance Holdings, LLC DelawareTesla Insurance, Inc. DelawareTeesla Insurance Ltd. MaltaTesla Insurance Services, Inc. CaliforniaTesla Insurance Services of Texas,Inc. TexasTesla International B.V. Netherlands","Tesla Energia Macau Limitada MacauTesla Energy d.o.o. SloveniaTesla Energy Operations,Inc. DelawareTesla Finance LLC DelawareTesla Financial Leasing (China) Co.,Ltd. ChinaTesla Financial Services GmbH GermanyTesla Financial Services Holdings B.V. NetherlandsTesla Financial Services Limited United KingdomTesla France S.a r.l. FranceTesla Germany GmbH GermanyTesla Greece Single Member P.C. GreeceTesla Hrvatska d.o.o. CroatiaTesla Hungary Kft. HungaryTesla India Motors and Energy Private Limited IndiaTesla Insurance Brokers Co., Ltd. ChinaTesla Insurance Holdings, LLC DelawareTesla Insurance, Inc. DelawareTeesla Insurance Ltd. MaltaTesla Insurance Services, Inc. CaliforniaTesla Insurance Services of Texas,Inc. TexasTesla International B.V. Netherlands","Tesla Energia Macau Limitada MacauTesla Energy d.o.o. SloveniaTesla Energy Operations,Inc. DelawareTesla Finance LLC DelawareTesla Financial Leasing (China) Co.,Ltd. ChinaTesla Financial Services GmbH GermanyTesla Financial Services Holdings B.V. NetherlandsTesla Financial Services Limited United KingdomTesla France S.a r.l. FranceTesla Germany GmbH GermanyTesla Greece Single Member P.C. GreeceTesla Hrvatska d.o.o. CroatiaTesla Hungary Kft. HungaryTesla India Motors and Energy Private Limited IndiaTesla Insurance Brokers Co., Ltd. ChinaTesla Insurance Holdings, LLC DelawareTesla Insurance, Inc. DelawareTeesla Insurance Ltd. MaltaTesla Insurance Services, Inc. CaliforniaTesla Insurance Services of Texas,Inc. TexasTesla International B.V. Netherlands","Tesla Energia Macau Limitada MacauTesla Energy d.o.o. SloveniaTesla Energy Operations,Inc. DelawareTesla Finance LLC DelawareTesla Financial Leasing (China) Co.,Ltd. ChinaTesla Financial Services GmbH GermanyTesla Financial Services Holdings B.V. NetherlandsTesla Financial Services Limited United KingdomTesla France S.a r.l. FranceTesla Germany GmbH GermanyTesla Greece Single Member P.C. GreeceTesla Hrvatska d.o.o. CroatiaTesla Hungary Kft. HungaryTesla India Motors and Energy Private Limited IndiaTesla Insurance Brokers Co., Ltd. ChinaTesla Insurance Holdings, LLC DelawareTesla Insurance, Inc. DelawareTeesla Insurance Ltd. MaltaTesla Insurance Services, Inc. CaliforniaTesla Insurance Services of Texas,Inc. TexasTesla International B.V. Netherlands","Tesla Energia Macau Limitada MacauTesla Energy d.o.o. SloveniaTesla Energy Operations,Inc. DelawareTesla Finance LLC DelawareTesla Financial Leasing (China) Co.,Ltd. ChinaTesla Financial Services GmbH GermanyTesla Financial Services Holdings B.V. NetherlandsTesla Financial Services Limited United KingdomTesla France S.a r.l. FranceTesla Germany GmbH GermanyTesla Greece Single Member P.C. GreeceTesla Hrvatska d.o.o. CroatiaTesla Hungary Kft. HungaryTesla India Motors and Energy Private Limited IndiaTesla Insurance Brokers Co., Ltd. ChinaTesla Insurance Holdings, LLC DelawareTesla Insurance, Inc. DelawareTeesla Insurance Ltd. MaltaTesla Insurance Services, Inc. CaliforniaTesla Insurance Services of Texas,Inc. TexasTesla International B.V. Netherlands","Tesla Energia Macau Limitada MacauTesla Energy d.o.o. SloveniaTesla Energy Operations,Inc. DelawareTesla Finance LLC DelawareTesla Financial Leasing (China) Co.,Ltd. ChinaTesla Financial Services GmbH GermanyTesla Financial Services Holdings B.V. NetherlandsTesla Financial Services Limited United KingdomTesla France S.a r.l. FranceTesla Germany GmbH GermanyTesla Greece Single Member P.C. GreeceTesla Hrvatska d.o.o. CroatiaTesla Hungary Kft. HungaryTesla India Motors and Energy Private Limited IndiaTesla Insurance Brokers Co., Ltd. ChinaTesla Insurance Holdings, LLC DelawareTesla Insurance, Inc. DelawareTeesla Insurance Ltd. MaltaTesla Insurance Services, Inc. CaliforniaTesla Insurance Services of Texas,Inc. TexasTesla International B.V. Netherlands","Tesla Energia Macau Limitada MacauTesla Energy d.o.o. SloveniaTesla Energy Operations,Inc. DelawareTesla Finance LLC DelawareTesla Financial Leasing (China) Co.,Ltd. ChinaTesla Financial Services GmbH GermanyTesla Financial Services Holdings B.V. NetherlandsTesla Financial Services Limited United KingdomTesla France S.a r.l. FranceTesla Germany GmbH GermanyTesla Greece Single Member P.C. GreeceTesla Hrvatska d.o.o. CroatiaTesla Hungary Kft. HungaryTesla India Motors and Energy Private Limited IndiaTesla Insurance Brokers Co., Ltd. ChinaTesla Insurance Holdings, LLC DelawareTesla Insurance, Inc. DelawareTeesla Insurance Ltd. MaltaTesla Insurance Services, Inc. CaliforniaTesla Insurance Services of Texas,Inc. TexasTesla International B.V. Netherlands","Tesla Energia Macau Limitada MacauTesla Energy d.o.o. SloveniaTesla Energy Operations,Inc. DelawareTesla Finance LLC DelawareTesla Financial Leasing (China) Co.,Ltd. ChinaTesla Financial Services GmbH GermanyTesla Financial Services Holdings B.V. NetherlandsTesla Financial Services Limited United KingdomTesla France S.a r.l. FranceTesla Germany GmbH GermanyTesla Greece Single Member P.C. GreeceTesla Hrvatska d.o.o. CroatiaTesla Hungary Kft. HungaryTesla India Motors and Energy Private Limited IndiaTesla Insurance Brokers Co., Ltd. ChinaTesla Insurance Holdings, LLC DelawareTesla Insurance, Inc. DelawareTeesla Insurance Ltd. MaltaTesla Insurance Services, Inc. CaliforniaTesla Insurance Services of Texas,Inc. TexasTesla International B.V. Netherlands","Tesla Energia Macau Limitada MacauTesla Energy d.o.o. SloveniaTesla Energy Operations,Inc. DelawareTesla Finance LLC DelawareTesla Financial Leasing (China) Co.,Ltd. ChinaTesla Financial Services GmbH GermanyTesla Financial Services Holdings B.V. NetherlandsTesla Financial Services Limited United KingdomTesla France S.a r.l. FranceTesla Germany GmbH GermanyTesla Greece Single Member P.C. GreeceTesla Hrvatska d.o.o. CroatiaTesla Hungary Kft. HungaryTesla India Motors and Energy Private Limited IndiaTesla Insurance Brokers Co., Ltd. ChinaTesla Insurance Holdings, LLC DelawareTesla Insurance, Inc. DelawareTeesla Insurance Ltd. MaltaTesla Insurance Services, Inc. CaliforniaTesla Insurance Services of Texas,Inc. TexasTesla International B.V. Netherlands","Tesla Energia Macau Limitada MacauTesla Energy d.o.o. SloveniaTesla Energy Operations,Inc. DelawareTesla Finance LLC DelawareTesla Financial Leasing (China) Co.,Ltd. ChinaTesla Financial Services GmbH GermanyTesla Financial Services Holdings B.V. NetherlandsTesla Financial Services Limited United KingdomTesla France S.a r.l. FranceTesla Germany GmbH GermanyTesla Greece Single Member P.C. GreeceTesla Hrvatska d.o.o. CroatiaTesla Hungary Kft. HungaryTesla India Motors and Energy Private Limited IndiaTesla Insurance Brokers Co., Ltd. ChinaTesla Insurance Holdings, LLC DelawareTesla Insurance, Inc. DelawareTeesla Insurance Ltd. MaltaTesla Insurance Services, Inc. CaliforniaTesla Insurance Services of Texas,Inc. TexasTesla International B.V. Netherlands","Tesla Energia Macau Limitada MacauTesla Energy d.o.o. SloveniaTesla Energy Operations,Inc. DelawareTesla Finance LLC DelawareTesla Financial Leasing (China) Co.,Ltd. ChinaTesla Financial Services GmbH GermanyTesla Financial Services Holdings B.V. NetherlandsTesla Financial Services Limited United KingdomTesla France S.a r.l. FranceTesla Germany GmbH GermanyTesla Greece Single Member P.C. GreeceTesla Hrvatska d.o.o. CroatiaTesla Hungary Kft. HungaryTesla India Motors and Energy Private Limited IndiaTesla Insurance Brokers Co., Ltd. ChinaTesla Insurance Holdings, LLC DelawareTesla Insurance, Inc. DelawareTeesla Insurance Ltd. MaltaTesla Insurance Services, Inc. CaliforniaTesla Insurance Services of Texas,Inc. TexasTesla International B.V. Netherlands","Tesla Energia Macau Limitada MacauTesla Energy d.o.o. SloveniaTesla Energy Operations,Inc. DelawareTesla Finance LLC DelawareTesla Financial Leasing (China) Co.,Ltd. ChinaTesla Financial Services GmbH GermanyTesla Financial Services Holdings B.V. NetherlandsTesla Financial Services Limited United KingdomTesla France S.a r.l. FranceTesla Germany GmbH GermanyTesla Greece Single Member P.C. GreeceTesla Hrvatska d.o.o. CroatiaTesla Hungary Kft. HungaryTesla India Motors and Energy Private Limited IndiaTesla Insurance Brokers Co., Ltd. ChinaTesla Insurance Holdings, LLC DelawareTesla Insurance, Inc. DelawareTeesla Insurance Ltd. MaltaTesla Insurance Services, Inc. CaliforniaTesla Insurance Services of Texas,Inc. TexasTesla International B.V. Netherlands","Tesla Energia Macau Limitada MacauTesla Energy d.o.o. SloveniaTesla Energy Operations,Inc. DelawareTesla Finance LLC DelawareTesla Financial Leasing (China) Co.,Ltd. ChinaTesla Financial Services GmbH GermanyTesla Financial Services Holdings B.V. NetherlandsTesla Financial Services Limited United KingdomTesla France S.a r.l. FranceTesla Germany GmbH GermanyTesla Greece Single Member P.C. GreeceTesla Hrvatska d.o.o. CroatiaTesla Hungary Kft. HungaryTesla India Motors and Energy Private Limited IndiaTesla Insurance Brokers Co., Ltd. ChinaTesla Insurance Holdings, LLC DelawareTesla Insurance, Inc. DelawareTeesla Insurance Ltd. MaltaTesla Insurance Services, Inc. CaliforniaTesla Insurance Services of Texas,Inc. TexasTesla International B.V. Netherlands","Tesla Energia Macau Limitada MacauTesla Energy d.o.o. SloveniaTesla Energy Operations,Inc. DelawareTesla Finance LLC DelawareTesla Financial Leasing (China) Co.,Ltd. ChinaTesla Financial Services GmbH GermanyTesla Financial Services Holdings B.V. NetherlandsTesla Financial Services Limited United KingdomTesla France S.a r.l. FranceTesla Germany GmbH GermanyTesla Greece Single Member P.C. GreeceTesla Hrvatska d.o.o. CroatiaTesla Hungary Kft. HungaryTesla India Motors and Energy Private Limited IndiaTesla Insurance Brokers Co., Ltd. ChinaTesla Insurance Holdings, LLC DelawareTesla Insurance, Inc. DelawareTeesla Insurance Ltd. MaltaTesla Insurance Services, Inc. CaliforniaTesla Insurance Services of Texas,Inc. TexasTesla International B.V. Netherlands","Tesla Energia Macau Limitada MacauTesla Energy d.o.o. SloveniaTesla Energy Operations,Inc. DelawareTesla Finance LLC DelawareTesla Financial Leasing (China) Co.,Ltd. ChinaTesla Financial Services GmbH GermanyTesla Financial Services Holdings B.V. NetherlandsTesla Financial Services Limited United KingdomTesla France S.a r.l. FranceTesla Germany GmbH GermanyTesla Greece Single Member P.C. GreeceTesla Hrvatska d.o.o. CroatiaTesla Hungary Kft. HungaryTesla India Motors and Energy Private Limited IndiaTesla Insurance Brokers Co., Ltd. ChinaTesla Insurance Holdings, LLC DelawareTesla Insurance, Inc. DelawareTeesla Insurance Ltd. MaltaTesla Insurance Services, Inc. CaliforniaTesla Insurance Services of Texas,Inc. TexasTesla International B.V. Netherlands",United Kingdom,,,,,,,,,,,,,,,,,,,,,
"Tesla Energia Macau Limitada MacauTesla Energy d.o.o. SloveniaTesla Energy Operations,Inc. DelawareTesla Finance LLC DelawareTesla Financial Leasing (China) Co.,Ltd. ChinaTesla Financial Services GmbH GermanyTesla Financial Services Holdings B.V. NetherlandsTesla Financial Services Limited United KingdomTesla France S.a r.l. FranceTesla Germany GmbH GermanyTesla Greece Single Member P.C. GreeceTesla Hrvatska d.o.o. CroatiaTesla Hungary Kft. HungaryTesla India Motors and Energy Private Limited IndiaTesla Insurance Brokers Co., Ltd. ChinaTesla Insurance Holdings, LLC DelawareTesla Insurance, Inc. DelawareTeesla Insurance Ltd. MaltaTesla Insurance Services, Inc. CaliforniaTesla Insurance Services of Texas,Inc. TexasTesla International B.V. Netherlands","Tesla Energia Macau Limitada MacauTesla Energy d.o.o. SloveniaTesla Energy Operations,Inc. DelawareTesla Finance LLC DelawareTesla Financial Leasing (China) Co.,Ltd. ChinaTesla Financial Services GmbH GermanyTesla Financial Services Holdings B.V. NetherlandsTesla Financial Services Limited United KingdomTesla France S.a r.l. FranceTesla Germany GmbH GermanyTesla Greece Single Member P.C. GreeceTesla Hrvatska d.o.o. CroatiaTesla Hungary Kft. HungaryTesla India Motors and Energy Private Limited IndiaTesla Insurance Brokers Co., Ltd. ChinaTesla Insurance Holdings, LLC DelawareTesla Insurance, Inc. DelawareTeesla Insurance Ltd. MaltaTesla Insurance Services, Inc. CaliforniaTesla Insurance Services of Texas,Inc. TexasTesla International B.V. Netherlands","Tesla Energia Macau Limitada MacauTesla Energy d.o.o. SloveniaTesla Energy Operations,Inc. DelawareTesla Finance LLC DelawareTesla Financial Leasing (China) Co.,Ltd. ChinaTesla Financial Services GmbH GermanyTesla Financial Services Holdings B.V. NetherlandsTesla Financial Services Limited United KingdomTesla France S.a r.l. FranceTesla Germany GmbH GermanyTesla Greece Single Member P.C. GreeceTesla Hrvatska d.o.o. CroatiaTesla Hungary Kft. HungaryTesla India Motors and Energy Private Limited IndiaTesla Insurance Brokers Co., Ltd. ChinaTesla Insurance Holdings, LLC DelawareTesla Insurance, Inc. DelawareTeesla Insurance Ltd. MaltaTesla Insurance Services, Inc. CaliforniaTesla Insurance Services of Texas,Inc. TexasTesla International B.V. Netherlands","Tesla Energia Macau Limitada MacauTesla Energy d.o.o. SloveniaTesla Energy Operations,Inc. DelawareTesla Finance LLC DelawareTesla Financial Leasing (China) Co.,Ltd. ChinaTesla Financial Services GmbH GermanyTesla Financial Services Holdings B.V. NetherlandsTesla Financial Services Limited United KingdomTesla France S.a r.l. FranceTesla Germany GmbH GermanyTesla Greece Single Member P.C. GreeceTesla Hrvatska d.o.o. CroatiaTesla Hungary Kft. HungaryTesla India Motors and Energy Private Limited IndiaTesla Insurance Brokers Co., Ltd. ChinaTesla Insurance Holdings, LLC DelawareTesla Insurance, Inc. DelawareTeesla Insurance Ltd. MaltaTesla Insurance Services, Inc. CaliforniaTesla Insurance Services of Texas,Inc. TexasTesla International B.V. Netherlands","Tesla Energia Macau Limitada MacauTesla Energy d.o.o. SloveniaTesla Energy Operations,Inc. DelawareTesla Finance LLC DelawareTesla Financial Leasing (China) Co.,Ltd. ChinaTesla Financial Services GmbH GermanyTesla Financial Services Holdings B.V. NetherlandsTesla Financial Services Limited United KingdomTesla France S.a r.l. FranceTesla Germany GmbH GermanyTesla Greece Single Member P.C. GreeceTesla Hrvatska d.o.o. CroatiaTesla Hungary Kft. HungaryTesla India Motors and Energy Private Limited IndiaTesla Insurance Brokers Co., Ltd. ChinaTesla Insurance Holdings, LLC DelawareTesla Insurance, Inc. DelawareTeesla Insurance Ltd. MaltaTesla Insurance Services, Inc. CaliforniaTesla Insurance Services of Texas,Inc. TexasTesla International B.V. Netherlands","Tesla Energia Macau Limitada MacauTesla Energy d.o.o. SloveniaTesla Energy Operations,Inc. DelawareTesla Finance LLC DelawareTesla Financial Leasing (China) Co.,Ltd. ChinaTesla Financial Services GmbH GermanyTesla Financial Services Holdings B.V. NetherlandsTesla Financial Services Limited United KingdomTesla France S.a r.l. FranceTesla Germany GmbH GermanyTesla Greece Single Member P.C. GreeceTesla Hrvatska d.o.o. CroatiaTesla Hungary Kft. HungaryTesla India Motors and Energy Private Limited IndiaTesla Insurance Brokers Co., Ltd. ChinaTesla Insurance Holdings, LLC DelawareTesla Insurance, Inc. DelawareTeesla Insurance Ltd. MaltaTesla Insurance Services, Inc. CaliforniaTesla Insurance Services of Texas,Inc. TexasTesla International B.V. Netherlands","Tesla Energia Macau Limitada MacauTesla Energy d.o.o. SloveniaTesla Energy Operations,Inc. DelawareTesla Finance LLC DelawareTesla Financial Leasing (China) Co.,Ltd. ChinaTesla Financial Services GmbH GermanyTesla Financial Services Holdings B.V. NetherlandsTesla Financial Services Limited United KingdomTesla France S.a r.l. FranceTesla Germany GmbH GermanyTesla Greece Single Member P.C. GreeceTesla Hrvatska d.o.o. CroatiaTesla Hungary Kft. HungaryTesla India Motors and Energy Private Limited IndiaTesla Insurance Brokers Co., Ltd. ChinaTesla Insurance Holdings, LLC DelawareTesla Insurance, Inc. DelawareTeesla Insurance Ltd. MaltaTesla Insurance Services, Inc. CaliforniaTesla Insurance Services of Texas,Inc. TexasTesla International B.V. Netherlands","Tesla Energia Macau Limitada MacauTesla Energy d.o.o. SloveniaTesla Energy Operations,Inc. DelawareTesla Finance LLC DelawareTesla Financial Leasing (China) Co.,Ltd. ChinaTesla Financial Services GmbH GermanyTesla Financial Services Holdings B.V. NetherlandsTesla Financial Services Limited United KingdomTesla France S.a r.l. FranceTesla Germany GmbH GermanyTesla Greece Single Member P.C. GreeceTesla Hrvatska d.o.o. CroatiaTesla Hungary Kft. HungaryTesla India Motors and Energy Private Limited IndiaTesla Insurance Brokers Co., Ltd. ChinaTesla Insurance Holdings, LLC DelawareTesla Insurance, Inc. DelawareTeesla Insurance Ltd. MaltaTesla Insurance Services, Inc. CaliforniaTesla Insurance Services of Texas,Inc. TexasTesla International B.V. Netherlands","Tesla Energia Macau Limitada MacauTesla Energy d.o.o. SloveniaTesla Energy Operations,Inc. DelawareTesla Finance LLC DelawareTesla Financial Leasing (China) Co.,Ltd. ChinaTesla Financial Services GmbH GermanyTesla Financial Services Holdings B.V. NetherlandsTesla Financial Services Limited United KingdomTesla France S.a r.l. FranceTesla Germany GmbH GermanyTesla Greece Single Member P.C. GreeceTesla Hrvatska d.o.o. CroatiaTesla Hungary Kft. HungaryTesla India Motors and Energy Private Limited IndiaTesla Insurance Brokers Co., Ltd. ChinaTesla Insurance Holdings, LLC DelawareTesla Insurance, Inc. DelawareTeesla Insurance Ltd. MaltaTesla Insurance Services, Inc. CaliforniaTesla Insurance Services of Texas,Inc. TexasTesla International B.V. Netherlands","Tesla Energia Macau Limitada MacauTesla Energy d.o.o. SloveniaTesla Energy Operations,Inc. DelawareTesla Finance LLC DelawareTesla Financial Leasing (China) Co.,Ltd. ChinaTesla Financial Services GmbH GermanyTesla Financial Services Holdings B.V. NetherlandsTesla Financial Services Limited United KingdomTesla France S.a r.l. FranceTesla Germany GmbH GermanyTesla Greece Single Member P.C. GreeceTesla Hrvatska d.o.o. CroatiaTesla Hungary Kft. HungaryTesla India Motors and Energy Private Limited IndiaTesla Insurance Brokers Co., Ltd. ChinaTesla Insurance Holdings, LLC DelawareTesla Insurance, Inc. DelawareTeesla Insurance Ltd. MaltaTesla Insurance Services, Inc. CaliforniaTesla Insurance Services of Texas,Inc. TexasTesla International B.V. Netherlands","Tesla Energia Macau Limitada MacauTesla Energy d.o.o. SloveniaTesla Energy Operations,Inc. DelawareTesla Finance LLC DelawareTesla Financial Leasing (China) Co.,Ltd. ChinaTesla Financial Services GmbH GermanyTesla Financial Services Holdings B.V. NetherlandsTesla Financial Services Limited United KingdomTesla France S.a r.l. FranceTesla Germany GmbH GermanyTesla Greece Single Member P.C. GreeceTesla Hrvatska d.o.o. CroatiaTesla Hungary Kft. HungaryTesla India Motors and Energy Private Limited IndiaTesla Insurance Brokers Co., Ltd. ChinaTesla Insurance Holdings, LLC DelawareTesla Insurance, Inc. DelawareTeesla Insurance Ltd. MaltaTesla Insurance Services, Inc. CaliforniaTesla Insurance Services of Texas,Inc. TexasTesla International B.V. Netherlands","Tesla Energia Macau Limitada MacauTesla Energy d.o.o. SloveniaTesla Energy Operations,Inc. DelawareTesla Finance LLC DelawareTesla Financial Leasing (China) Co.,Ltd. ChinaTesla Financial Services GmbH GermanyTesla Financial Services Holdings B.V. NetherlandsTesla Financial Services Limited United KingdomTesla France S.a r.l. FranceTesla Germany GmbH GermanyTesla Greece Single Member P.C. GreeceTesla Hrvatska d.o.o. CroatiaTesla Hungary Kft. HungaryTesla India Motors and Energy Private Limited IndiaTesla Insurance Brokers Co., Ltd. ChinaTesla Insurance Holdings, LLC DelawareTesla Insurance, Inc. DelawareTeesla Insurance Ltd. MaltaTesla Insurance Services, Inc. CaliforniaTesla Insurance Services of Texas,Inc. TexasTesla International B.V. Netherlands","Tesla Energia Macau Limitada MacauTesla Energy d.o.o. SloveniaTesla Energy Operations,Inc. DelawareTesla Finance LLC DelawareTesla Financial Leasing (China) Co.,Ltd. ChinaTesla Financial Services GmbH GermanyTesla Financial Services Holdings B.V. NetherlandsTesla Financial Services Limited United KingdomTesla France S.a r.l. FranceTesla Germany GmbH GermanyTesla Greece Single Member P.C. GreeceTesla Hrvatska d.o.o. CroatiaTesla Hungary Kft. HungaryTesla India Motors and Energy Private Limited IndiaTesla Insurance Brokers Co., Ltd. ChinaTesla Insurance Holdings, LLC DelawareTesla Insurance, Inc. DelawareTeesla Insurance Ltd. MaltaTesla Insurance Services, Inc. CaliforniaTesla Insurance Services of Texas,Inc. TexasTesla International B.V. Netherlands","Tesla Energia Macau Limitada MacauTesla Energy d.o.o. SloveniaTesla Energy Operations,Inc. DelawareTesla Finance LLC DelawareTesla Financial Leasing (China) Co.,Ltd. ChinaTesla Financial Services GmbH GermanyTesla Financial Services Holdings B.V. NetherlandsTesla Financial Services Limited United KingdomTesla France S.a r.l. FranceTesla Germany GmbH GermanyTesla Greece Single Member P.C. GreeceTesla Hrvatska d.o.o. CroatiaTesla Hungary Kft. HungaryTesla India Motors and Energy Private Limited IndiaTesla Insurance Brokers Co., Ltd. ChinaTesla Insurance Holdings, LLC DelawareTesla Insurance, Inc. DelawareTeesla Insurance Ltd. MaltaTesla Insurance Services, Inc. CaliforniaTesla Insurance Services of Texas,Inc. TexasTesla International B.V. Netherlands","Tesla Energia Macau Limitada MacauTesla Energy d.o.o. SloveniaTesla Energy Operations,Inc. DelawareTesla Finance LLC DelawareTesla Financial Leasing (China) Co.,Ltd. ChinaTesla Financial Services GmbH GermanyTesla Financial Services Holdings B.V. NetherlandsTesla Financial Services Limited United KingdomTesla France S.a r.l. FranceTesla Germany GmbH GermanyTesla Greece Single Member P.C. GreeceTesla Hrvatska d.o.o. CroatiaTesla Hungary Kft. HungaryTesla India Motors and Energy Private Limited IndiaTesla Insurance Brokers Co., Ltd. ChinaTesla Insurance Holdings, LLC DelawareTesla Insurance, Inc. DelawareTeesla Insurance Ltd. MaltaTesla Insurance Services, Inc. CaliforniaTesla Insurance Services of Texas,Inc. TexasTesla International B.V. Netherlands","Tesla Energia Macau Limitada MacauTesla Energy d.o.o. SloveniaTesla Energy Operations,Inc. DelawareTesla Finance LLC DelawareTesla Financial Leasing (China) Co.,Ltd. ChinaTesla Financial Services GmbH GermanyTesla Financial Services Holdings B.V. NetherlandsTesla Financial Services Limited United KingdomTesla France S.a r.l. FranceTesla Germany GmbH GermanyTesla Greece Single Member P.C. GreeceTesla Hrvatska d.o.o. CroatiaTesla Hungary Kft. HungaryTesla India Motors and Energy Private Limited IndiaTesla Insurance Brokers Co., Ltd. ChinaTesla Insurance Holdings, LLC DelawareTesla Insurance, Inc. DelawareTeesla Insurance Ltd. MaltaTesla Insurance Services, Inc. CaliforniaTesla Insurance Services of Texas,Inc. TexasTesla International B.V. Netherlands","Tesla Energia Macau Limitada MacauTesla Energy d.o.o. SloveniaTesla Energy Operations,Inc. DelawareTesla Finance LLC DelawareTesla Financial Leasing (China) Co.,Ltd. ChinaTesla Financial Services GmbH GermanyTesla Financial Services Holdings B.V. NetherlandsTesla Financial Services Limited United KingdomTesla France S.a r.l. FranceTesla Germany GmbH GermanyTesla Greece Single Member P.C. GreeceTesla Hrvatska d.o.o. CroatiaTesla Hungary Kft. HungaryTesla India Motors and Energy Private Limited IndiaTesla Insurance Brokers Co., Ltd. ChinaTesla Insurance Holdings, LLC DelawareTesla Insurance, Inc. DelawareTeesla Insurance Ltd. MaltaTesla Insurance Services, Inc. CaliforniaTesla Insurance Services of Texas,Inc. TexasTesla International B.V. Netherlands","Tesla Energia Macau Limitada MacauTesla Energy d.o.o. SloveniaTesla Energy Operations,Inc. DelawareTesla Finance LLC DelawareTesla Financial Leasing (China) Co.,Ltd. ChinaTesla Financial Services GmbH GermanyTesla Financial Services Holdings B.V. NetherlandsTesla Financial Services Limited United KingdomTesla France S.a r.l. FranceTesla Germany GmbH GermanyTesla Greece Single Member P.C. GreeceTesla Hrvatska d.o.o. CroatiaTesla Hungary Kft. HungaryTesla India Motors and Energy Private Limited IndiaTesla Insurance Brokers Co., Ltd. ChinaTesla Insurance Holdings, LLC DelawareTesla Insurance, Inc. DelawareTeesla Insurance Ltd. MaltaTesla Insurance Services, Inc. CaliforniaTesla Insurance Services of Texas,Inc. TexasTesla International B.V. Netherlands","Tesla Energia Macau Limitada MacauTesla Energy d.o.o. SloveniaTesla Energy Operations,Inc. DelawareTesla Finance LLC DelawareTesla Financial Leasing (China) Co.,Ltd. ChinaTesla Financial Services GmbH GermanyTesla Financial Services Holdings B.V. NetherlandsTesla Financial Services Limited United KingdomTesla France S.a r.l. FranceTesla Germany GmbH GermanyTesla Greece Single Member P.C. GreeceTesla Hrvatska d.o.o. CroatiaTesla Hungary Kft. HungaryTesla India Motors and Energy Private Limited IndiaTesla Insurance Brokers Co., Ltd. ChinaTesla Insurance Holdings, LLC DelawareTesla Insurance, Inc. DelawareTeesla Insurance Ltd. MaltaTesla Insurance Services, Inc. CaliforniaTesla Insurance Services of Texas,Inc. TexasTesla International B.V. Netherlands","Tesla Energia Macau Limitada MacauTesla Energy d.o.o. SloveniaTesla Energy Operations,Inc. DelawareTesla Finance LLC DelawareTesla Financial Leasing (China) Co.,Ltd. ChinaTesla Financial Services GmbH GermanyTesla Financial Services Holdings B.V. NetherlandsTesla Financial Services Limited United KingdomTesla France S.a r.l. FranceTesla Germany GmbH GermanyTesla Greece Single Member P.C. GreeceTesla Hrvatska d.o.o. CroatiaTesla Hungary Kft. HungaryTesla India Motors and Energy Private Limited IndiaTesla Insurance Brokers Co., Ltd. ChinaTesla Insurance Holdings, LLC DelawareTesla Insurance, Inc. DelawareTeesla Insurance Ltd. MaltaTesla Insurance Services, Inc. CaliforniaTesla Insurance Services of Texas,Inc. TexasTesla International B.V. Netherlands","Tesla Energia Macau Limitada MacauTesla Energy d.o.o. SloveniaTesla Energy Operations,Inc. DelawareTesla Finance LLC DelawareTesla Financial Leasing (China) Co.,Ltd. ChinaTesla Financial Services GmbH GermanyTesla Financial Services Holdings B.V. NetherlandsTesla Financial Services Limited United KingdomTesla France S.a r.l. FranceTesla Germany GmbH GermanyTesla Greece Single Member P.C. GreeceTesla Hrvatska d.o.o. CroatiaTesla Hungary Kft. HungaryTesla India Motors and Energy Private Limited IndiaTesla Insurance Brokers Co., Ltd. ChinaTesla Insurance Holdings, LLC DelawareTesla Insurance, Inc. DelawareTeesla Insurance Ltd. MaltaTesla Insurance Services, Inc. CaliforniaTesla Insurance Services of Texas,Inc. TexasTesla International B.V. Netherlands","Tesla Energia Macau Limitada MacauTesla Energy d.o.o. SloveniaTesla Energy Operations,Inc. DelawareTesla Finance LLC DelawareTesla Financial Leasing (China) Co.,Ltd. ChinaTesla Financial Services GmbH GermanyTesla Financial Services Holdings B.V. NetherlandsTesla Financial Services Limited United KingdomTesla France S.a r.l. FranceTesla Germany GmbH GermanyTesla Greece Single Member P.C. GreeceTesla Hrvatska d.o.o. CroatiaTesla Hungary Kft. HungaryTesla India Motors and Energy Private Limited IndiaTesla Insurance Brokers Co., Ltd. ChinaTesla Insurance Holdings, LLC DelawareTesla Insurance, Inc. DelawareTeesla Insurance Ltd. MaltaTesla Insurance Services, Inc. CaliforniaTesla Insurance Services of Texas,Inc. TexasTesla International B.V. Netherlands","Tesla Energia Macau Limitada MacauTesla Energy d.o.o. SloveniaTesla Energy Operations,Inc. DelawareTesla Finance LLC DelawareTesla Financial Leasing (China) Co.,Ltd. ChinaTesla Financial Services GmbH GermanyTesla Financial Services Holdings B.V. NetherlandsTesla Financial Services Limited United KingdomTesla France S.a r.l. FranceTesla Germany GmbH GermanyTesla Greece Single Member P.C. GreeceTesla Hrvatska d.o.o. CroatiaTesla Hungary Kft. HungaryTesla India Motors and Energy Private Limited IndiaTesla Insurance Brokers Co., Ltd. ChinaTesla Insurance Holdings, LLC DelawareTesla Insurance, Inc. DelawareTeesla Insurance Ltd. MaltaTesla Insurance Services, Inc. CaliforniaTesla Insurance Services of Texas,Inc. TexasTesla International B.V. Netherlands","Tesla Energia Macau Limitada MacauTesla Energy d.o.o. SloveniaTesla Energy Operations,Inc. DelawareTesla Finance LLC DelawareTesla Financial Leasing (China) Co.,Ltd. ChinaTesla Financial Services GmbH GermanyTesla Financial Services Holdings B.V. NetherlandsTesla Financial Services Limited United KingdomTesla France S.a r.l. FranceTesla Germany GmbH GermanyTesla Greece Single Member P.C. GreeceTesla Hrvatska d.o.o. CroatiaTesla Hungary Kft. HungaryTesla India Motors and Energy Private Limited IndiaTesla Insurance Brokers Co., Ltd. ChinaTesla Insurance Holdings, LLC DelawareTesla Insurance, Inc. DelawareTeesla Insurance Ltd. MaltaTesla Insurance Services, Inc. CaliforniaTesla Insurance Services of Texas,Inc. TexasTesla International B.V. Netherlands","Tesla Energia Macau Limitada MacauTesla Energy d.o.o. SloveniaTesla Energy Operations,Inc. DelawareTesla Finance LLC DelawareTesla Financial Leasing (China) Co.,Ltd. ChinaTesla Financial Services GmbH GermanyTesla Financial Services Holdings B.V. NetherlandsTesla Financial Services Limited United KingdomTesla France S.a r.l. FranceTesla Germany GmbH GermanyTesla Greece Single Member P.C. GreeceTesla Hrvatska d.o.o. CroatiaTesla Hungary Kft. HungaryTesla India Motors and Energy Private Limited IndiaTesla Insurance Brokers Co., Ltd. ChinaTesla Insurance Holdings, LLC DelawareTesla Insurance, Inc. DelawareTeesla Insurance Ltd. MaltaTesla Insurance Services, Inc. CaliforniaTesla Insurance Services of Texas,Inc. TexasTesla International B.V. Netherlands","Tesla Energia Macau Limitada MacauTesla Energy d.o.o. SloveniaTesla Energy Operations,Inc. DelawareTesla Finance LLC DelawareTesla Financial Leasing (China) Co.,Ltd. ChinaTesla Financial Services GmbH GermanyTesla Financial Services Holdings B.V. NetherlandsTesla Financial Services Limited United KingdomTesla France S.a r.l. FranceTesla Germany GmbH GermanyTesla Greece Single Member P.C. GreeceTesla Hrvatska d.o.o. CroatiaTesla Hungary Kft. HungaryTesla India Motors and Energy Private Limited IndiaTesla Insurance Brokers Co., Ltd. ChinaTesla Insurance Holdings, LLC DelawareTesla Insurance, Inc. DelawareTeesla Insurance Ltd. MaltaTesla Insurance Services, Inc. CaliforniaTesla Insurance Services of Texas,Inc. TexasTesla International B.V. Netherlands","Tesla Energia Macau Limitada MacauTesla Energy d.o.o. SloveniaTesla Energy Operations,Inc. DelawareTesla Finance LLC DelawareTesla Financial Leasing (China) Co.,Ltd. ChinaTesla Financial Services GmbH GermanyTesla Financial Services Holdings B.V. NetherlandsTesla Financial Services Limited United KingdomTesla France S.a r.l. FranceTesla Germany GmbH GermanyTesla Greece Single Member P.C. GreeceTesla Hrvatska d.o.o. CroatiaTesla Hungary Kft. HungaryTesla India Motors and Energy Private Limited IndiaTesla Insurance Brokers Co., Ltd. ChinaTesla Insurance Holdings, LLC DelawareTesla Insurance, Inc. DelawareTeesla Insurance Ltd. MaltaTesla Insurance Services, Inc. CaliforniaTesla Insurance Services of Texas,Inc. TexasTesla International B.V. Netherlands","Tesla Energia Macau Limitada MacauTesla Energy d.o.o. SloveniaTesla Energy Operations,Inc. DelawareTesla Finance LLC DelawareTesla Financial Leasing (China) Co.,Ltd. ChinaTesla Financial Services GmbH GermanyTesla Financial Services Holdings B.V. NetherlandsTesla Financial Services Limited United KingdomTesla France S.a r.l. FranceTesla Germany GmbH GermanyTesla Greece Single Member P.C. GreeceTesla Hrvatska d.o.o. CroatiaTesla Hungary Kft. HungaryTesla India Motors and Energy Private Limited IndiaTesla Insurance Brokers Co., Ltd. ChinaTesla Insurance Holdings, LLC DelawareTesla Insurance, Inc. DelawareTeesla Insurance Ltd. MaltaTesla Insurance Services, Inc. CaliforniaTesla Insurance Services of Texas,Inc. TexasTesla International B.V. Netherlands",France,,,,,,,,,,,,,,,,,,,,,
"Tesla Energia Macau Limitada MacauTesla Energy d.o.o. SloveniaTesla Energy Operations,Inc. DelawareTesla Finance LLC DelawareTesla Financial Leasing (China) Co.,Ltd. ChinaTesla Financial Services GmbH GermanyTesla Financial Services Holdings B.V. NetherlandsTesla Financial Services Limited United KingdomTesla France S.a r.l. FranceTesla Germany GmbH GermanyTesla Greece Single Member P.C. GreeceTesla Hrvatska d.o.o. CroatiaTesla Hungary Kft. HungaryTesla India Motors and Energy Private Limited IndiaTesla Insurance Brokers Co., Ltd. ChinaTesla Insurance Holdings, LLC DelawareTesla Insurance, Inc. DelawareTeesla Insurance Ltd. MaltaTesla Insurance Services, Inc. CaliforniaTesla Insurance Services of Texas,Inc. TexasTesla International B.V. Netherlands","Tesla Energia Macau Limitada MacauTesla Energy d.o.o. SloveniaTesla Energy Operations,Inc. DelawareTesla Finance LLC DelawareTesla Financial Leasing (China) Co.,Ltd. ChinaTesla Financial Services GmbH GermanyTesla Financial Services Holdings B.V. NetherlandsTesla Financial Services Limited United KingdomTesla France S.a r.l. FranceTesla Germany GmbH GermanyTesla Greece Single Member P.C. GreeceTesla Hrvatska d.o.o. CroatiaTesla Hungary Kft. HungaryTesla India Motors and Energy Private Limited IndiaTesla Insurance Brokers Co., Ltd. ChinaTesla Insurance Holdings, LLC DelawareTesla Insurance, Inc. DelawareTeesla Insurance Ltd. MaltaTesla Insurance Services, Inc. CaliforniaTesla Insurance Services of Texas,Inc. TexasTesla International B.V. Netherlands","Tesla Energia Macau Limitada MacauTesla Energy d.o.o. SloveniaTesla Energy Operations,Inc. DelawareTesla Finance LLC DelawareTesla Financial Leasing (China) Co.,Ltd. ChinaTesla Financial Services GmbH GermanyTesla Financial Services Holdings B.V. NetherlandsTesla Financial Services Limited United KingdomTesla France S.a r.l. FranceTesla Germany GmbH GermanyTesla Greece Single Member P.C. GreeceTesla Hrvatska d.o.o. CroatiaTesla Hungary Kft. HungaryTesla India Motors and Energy Private Limited IndiaTesla Insurance Brokers Co., Ltd. ChinaTesla Insurance Holdings, LLC DelawareTesla Insurance, Inc. DelawareTeesla Insurance Ltd. MaltaTesla Insurance Services, Inc. CaliforniaTesla Insurance Services of Texas,Inc. TexasTesla International B.V. Netherlands","Tesla Energia Macau Limitada MacauTesla Energy d.o.o. SloveniaTesla Energy Operations,Inc. DelawareTesla Finance LLC DelawareTesla Financial Leasing (China) Co.,Ltd. ChinaTesla Financial Services GmbH GermanyTesla Financial Services Holdings B.V. NetherlandsTesla Financial Services Limited United KingdomTesla France S.a r.l. FranceTesla Germany GmbH GermanyTesla Greece Single Member P.C. GreeceTesla Hrvatska d.o.o. CroatiaTesla Hungary Kft. HungaryTesla India Motors and Energy Private Limited IndiaTesla Insurance Brokers Co., Ltd. ChinaTesla Insurance Holdings, LLC DelawareTesla Insurance, Inc. DelawareTeesla Insurance Ltd. MaltaTesla Insurance Services, Inc. CaliforniaTesla Insurance Services of Texas,Inc. TexasTesla International B.V. Netherlands","Tesla Energia Macau Limitada MacauTesla Energy d.o.o. SloveniaTesla Energy Operations,Inc. DelawareTesla Finance LLC DelawareTesla Financial Leasing (China) Co.,Ltd. ChinaTesla Financial Services GmbH GermanyTesla Financial Services Holdings B.V. NetherlandsTesla Financial Services Limited United KingdomTesla France S.a r.l. FranceTesla Germany GmbH GermanyTesla Greece Single Member P.C. GreeceTesla Hrvatska d.o.o. CroatiaTesla Hungary Kft. HungaryTesla India Motors and Energy Private Limited IndiaTesla Insurance Brokers Co., Ltd. ChinaTesla Insurance Holdings, LLC DelawareTesla Insurance, Inc. DelawareTeesla Insurance Ltd. MaltaTesla Insurance Services, Inc. CaliforniaTesla Insurance Services of Texas,Inc. TexasTesla International B.V. Netherlands","Tesla Energia Macau Limitada MacauTesla Energy d.o.o. SloveniaTesla Energy Operations,Inc. DelawareTesla Finance LLC DelawareTesla Financial Leasing (China) Co.,Ltd. ChinaTesla Financial Services GmbH GermanyTesla Financial Services Holdings B.V. NetherlandsTesla Financial Services Limited United KingdomTesla France S.a r.l. FranceTesla Germany GmbH GermanyTesla Greece Single Member P.C. GreeceTesla Hrvatska d.o.o. CroatiaTesla Hungary Kft. HungaryTesla India Motors and Energy Private Limited IndiaTesla Insurance Brokers Co., Ltd. ChinaTesla Insurance Holdings, LLC DelawareTesla Insurance, Inc. DelawareTeesla Insurance Ltd. MaltaTesla Insurance Services, Inc. CaliforniaTesla Insurance Services of Texas,Inc. TexasTesla International B.V. Netherlands","Tesla Energia Macau Limitada MacauTesla Energy d.o.o. SloveniaTesla Energy Operations,Inc. DelawareTesla Finance LLC DelawareTesla Financial Leasing (China) Co.,Ltd. ChinaTesla Financial Services GmbH GermanyTesla Financial Services Holdings B.V. NetherlandsTesla Financial Services Limited United KingdomTesla France S.a r.l. FranceTesla Germany GmbH GermanyTesla Greece Single Member P.C. GreeceTesla Hrvatska d.o.o. CroatiaTesla Hungary Kft. HungaryTesla India Motors and Energy Private Limited IndiaTesla Insurance Brokers Co., Ltd. ChinaTesla Insurance Holdings, LLC DelawareTesla Insurance, Inc. DelawareTeesla Insurance Ltd. MaltaTesla Insurance Services, Inc. CaliforniaTesla Insurance Services of Texas,Inc. TexasTesla International B.V. Netherlands","Tesla Energia Macau Limitada MacauTesla Energy d.o.o. SloveniaTesla Energy Operations,Inc. DelawareTesla Finance LLC DelawareTesla Financial Leasing (China) Co.,Ltd. ChinaTesla Financial Services GmbH GermanyTesla Financial Services Holdings B.V. NetherlandsTesla Financial Services Limited United KingdomTesla France S.a r.l. FranceTesla Germany GmbH GermanyTesla Greece Single Member P.C. GreeceTesla Hrvatska d.o.o. CroatiaTesla Hungary Kft. HungaryTesla India Motors and Energy Private Limited IndiaTesla Insurance Brokers Co., Ltd. ChinaTesla Insurance Holdings, LLC DelawareTesla Insurance, Inc. DelawareTeesla Insurance Ltd. MaltaTesla Insurance Services, Inc. CaliforniaTesla Insurance Services of Texas,Inc. TexasTesla International B.V. Netherlands","Tesla Energia Macau Limitada MacauTesla Energy d.o.o. SloveniaTesla Energy Operations,Inc. DelawareTesla Finance LLC DelawareTesla Financial Leasing (China) Co.,Ltd. ChinaTesla Financial Services GmbH GermanyTesla Financial Services Holdings B.V. NetherlandsTesla Financial Services Limited United KingdomTesla France S.a r.l. FranceTesla Germany GmbH GermanyTesla Greece Single Member P.C. GreeceTesla Hrvatska d.o.o. CroatiaTesla Hungary Kft. HungaryTesla India Motors and Energy Private Limited IndiaTesla Insurance Brokers Co., Ltd. ChinaTesla Insurance Holdings, LLC DelawareTesla Insurance, Inc. DelawareTeesla Insurance Ltd. MaltaTesla Insurance Services, Inc. CaliforniaTesla Insurance Services of Texas,Inc. TexasTesla International B.V. Netherlands","Tesla Energia Macau Limitada MacauTesla Energy d.o.o. SloveniaTesla Energy Operations,Inc. DelawareTesla Finance LLC DelawareTesla Financial Leasing (China) Co.,Ltd. ChinaTesla Financial Services GmbH GermanyTesla Financial Services Holdings B.V. NetherlandsTesla Financial Services Limited United KingdomTesla France S.a r.l. FranceTesla Germany GmbH GermanyTesla Greece Single Member P.C. GreeceTesla Hrvatska d.o.o. CroatiaTesla Hungary Kft. HungaryTesla India Motors and Energy Private Limited IndiaTesla Insurance Brokers Co., Ltd. ChinaTesla Insurance Holdings, LLC DelawareTesla Insurance, Inc. DelawareTeesla Insurance Ltd. MaltaTesla Insurance Services, Inc. CaliforniaTesla Insurance Services of Texas,Inc. TexasTesla International B.V. Netherlands","Tesla Energia Macau Limitada MacauTesla Energy d.o.o. SloveniaTesla Energy Operations,Inc. DelawareTesla Finance LLC DelawareTesla Financial Leasing (China) Co.,Ltd. ChinaTesla Financial Services GmbH GermanyTesla Financial Services Holdings B.V. NetherlandsTesla Financial Services Limited United KingdomTesla France S.a r.l. FranceTesla Germany GmbH GermanyTesla Greece Single Member P.C. GreeceTesla Hrvatska d.o.o. CroatiaTesla Hungary Kft. HungaryTesla India Motors and Energy Private Limited IndiaTesla Insurance Brokers Co., Ltd. ChinaTesla Insurance Holdings, LLC DelawareTesla Insurance, Inc. DelawareTeesla Insurance Ltd. MaltaTesla Insurance Services, Inc. CaliforniaTesla Insurance Services of Texas,Inc. TexasTesla International B.V. Netherlands","Tesla Energia Macau Limitada MacauTesla Energy d.o.o. SloveniaTesla Energy Operations,Inc. DelawareTesla Finance LLC DelawareTesla Financial Leasing (China) Co.,Ltd. ChinaTesla Financial Services GmbH GermanyTesla Financial Services Holdings B.V. NetherlandsTesla Financial Services Limited United KingdomTesla France S.a r.l. FranceTesla Germany GmbH GermanyTesla Greece Single Member P.C. GreeceTesla Hrvatska d.o.o. CroatiaTesla Hungary Kft. HungaryTesla India Motors and Energy Private Limited IndiaTesla Insurance Brokers Co., Ltd. ChinaTesla Insurance Holdings, LLC DelawareTesla Insurance, Inc. DelawareTeesla Insurance Ltd. MaltaTesla Insurance Services, Inc. CaliforniaTesla Insurance Services of Texas,Inc. TexasTesla International B.V. Netherlands","Tesla Energia Macau Limitada MacauTesla Energy d.o.o. SloveniaTesla Energy Operations,Inc. DelawareTesla Finance LLC DelawareTesla Financial Leasing (China) Co.,Ltd. ChinaTesla Financial Services GmbH GermanyTesla Financial Services Holdings B.V. NetherlandsTesla Financial Services Limited United KingdomTesla France S.a r.l. FranceTesla Germany GmbH GermanyTesla Greece Single Member P.C. GreeceTesla Hrvatska d.o.o. CroatiaTesla Hungary Kft. HungaryTesla India Motors and Energy Private Limited IndiaTesla Insurance Brokers Co., Ltd. ChinaTesla Insurance Holdings, LLC DelawareTesla Insurance, Inc. DelawareTeesla Insurance Ltd. MaltaTesla Insurance Services, Inc. CaliforniaTesla Insurance Services of Texas,Inc. TexasTesla International B.V. Netherlands","Tesla Energia Macau Limitada MacauTesla Energy d.o.o. SloveniaTesla Energy Operations,Inc. DelawareTesla Finance LLC DelawareTesla Financial Leasing (China) Co.,Ltd. ChinaTesla Financial Services GmbH GermanyTesla Financial Services Holdings B.V. NetherlandsTesla Financial Services Limited United KingdomTesla France S.a r.l. FranceTesla Germany GmbH GermanyTesla Greece Single Member P.C. GreeceTesla Hrvatska d.o.o. CroatiaTesla Hungary Kft. HungaryTesla India Motors and Energy Private Limited IndiaTesla Insurance Brokers Co., Ltd. ChinaTesla Insurance Holdings, LLC DelawareTesla Insurance, Inc. DelawareTeesla Insurance Ltd. MaltaTesla Insurance Services, Inc. CaliforniaTesla Insurance Services of Texas,Inc. TexasTesla International B.V. Netherlands","Tesla Energia Macau Limitada MacauTesla Energy d.o.o. SloveniaTesla Energy Operations,Inc. DelawareTesla Finance LLC DelawareTesla Financial Leasing (China) Co.,Ltd. ChinaTesla Financial Services GmbH GermanyTesla Financial Services Holdings B.V. NetherlandsTesla Financial Services Limited United KingdomTesla France S.a r.l. FranceTesla Germany GmbH GermanyTesla Greece Single Member P.C. GreeceTesla Hrvatska d.o.o. CroatiaTesla Hungary Kft. HungaryTesla India Motors and Energy Private Limited IndiaTesla Insurance Brokers Co., Ltd. ChinaTesla Insurance Holdings, LLC DelawareTesla Insurance, Inc. DelawareTeesla Insurance Ltd. MaltaTesla Insurance Services, Inc. CaliforniaTesla Insurance Services of Texas,Inc. TexasTesla International B.V. Netherlands","Tesla Energia Macau Limitada MacauTesla Energy d.o.o. SloveniaTesla Energy Operations,Inc. DelawareTesla Finance LLC DelawareTesla Financial Leasing (China) Co.,Ltd. ChinaTesla Financial Services GmbH GermanyTesla Financial Services Holdings B.V. NetherlandsTesla Financial Services Limited United KingdomTesla France S.a r.l. FranceTesla Germany GmbH GermanyTesla Greece Single Member P.C. GreeceTesla Hrvatska d.o.o. CroatiaTesla Hungary Kft. HungaryTesla India Motors and Energy Private Limited IndiaTesla Insurance Brokers Co., Ltd. ChinaTesla Insurance Holdings, LLC DelawareTesla Insurance, Inc. DelawareTeesla Insurance Ltd. MaltaTesla Insurance Services, Inc. CaliforniaTesla Insurance Services of Texas,Inc. TexasTesla International B.V. Netherlands","Tesla Energia Macau Limitada MacauTesla Energy d.o.o. SloveniaTesla Energy Operations,Inc. DelawareTesla Finance LLC DelawareTesla Financial Leasing (China) Co.,Ltd. ChinaTesla Financial Services GmbH GermanyTesla Financial Services Holdings B.V. NetherlandsTesla Financial Services Limited United KingdomTesla France S.a r.l. FranceTesla Germany GmbH GermanyTesla Greece Single Member P.C. GreeceTesla Hrvatska d.o.o. CroatiaTesla Hungary Kft. HungaryTesla India Motors and Energy Private Limited IndiaTesla Insurance Brokers Co., Ltd. ChinaTesla Insurance Holdings, LLC DelawareTesla Insurance, Inc. DelawareTeesla Insurance Ltd. MaltaTesla Insurance Services, Inc. CaliforniaTesla Insurance Services of Texas,Inc. TexasTesla International B.V. Netherlands","Tesla Energia Macau Limitada MacauTesla Energy d.o.o. SloveniaTesla Energy Operations,Inc. DelawareTesla Finance LLC DelawareTesla Financial Leasing (China) Co.,Ltd. ChinaTesla Financial Services GmbH GermanyTesla Financial Services Holdings B.V. NetherlandsTesla Financial Services Limited United KingdomTesla France S.a r.l. FranceTesla Germany GmbH GermanyTesla Greece Single Member P.C. GreeceTesla Hrvatska d.o.o. CroatiaTesla Hungary Kft. HungaryTesla India Motors and Energy Private Limited IndiaTesla Insurance Brokers Co., Ltd. ChinaTesla Insurance Holdings, LLC DelawareTesla Insurance, Inc. DelawareTeesla Insurance Ltd. MaltaTesla Insurance Services, Inc. CaliforniaTesla Insurance Services of Texas,Inc. TexasTesla International B.V. Netherlands","Tesla Energia Macau Limitada MacauTesla Energy d.o.o. SloveniaTesla Energy Operations,Inc. DelawareTesla Finance LLC DelawareTesla Financial Leasing (China) Co.,Ltd. ChinaTesla Financial Services GmbH GermanyTesla Financial Services Holdings B.V. NetherlandsTesla Financial Services Limited United KingdomTesla France S.a r.l. FranceTesla Germany GmbH GermanyTesla Greece Single Member P.C. GreeceTesla Hrvatska d.o.o. CroatiaTesla Hungary Kft. HungaryTesla India Motors and Energy Private Limited IndiaTesla Insurance Brokers Co., Ltd. ChinaTesla Insurance Holdings, LLC DelawareTesla Insurance, Inc. DelawareTeesla Insurance Ltd. MaltaTesla Insurance Services, Inc. CaliforniaTesla Insurance Services of Texas,Inc. TexasTesla International B.V. Netherlands","Tesla Energia Macau Limitada MacauTesla Energy d.o.o. SloveniaTesla Energy Operations,Inc. DelawareTesla Finance LLC DelawareTesla Financial Leasing (China) Co.,Ltd. ChinaTesla Financial Services GmbH GermanyTesla Financial Services Holdings B.V. NetherlandsTesla Financial Services Limited United KingdomTesla France S.a r.l. FranceTesla Germany GmbH GermanyTesla Greece Single Member P.C. GreeceTesla Hrvatska d.o.o. CroatiaTesla Hungary Kft. HungaryTesla India Motors and Energy Private Limited IndiaTesla Insurance Brokers Co., Ltd. ChinaTesla Insurance Holdings, LLC DelawareTesla Insurance, Inc. DelawareTeesla Insurance Ltd. MaltaTesla Insurance Services, Inc. CaliforniaTesla Insurance Services of Texas,Inc. TexasTesla International B.V. Netherlands","Tesla Energia Macau Limitada MacauTesla Energy d.o.o. SloveniaTesla Energy Operations,Inc. DelawareTesla Finance LLC DelawareTesla Financial Leasing (China) Co.,Ltd. ChinaTesla Financial Services GmbH GermanyTesla Financial Services Holdings B.V. NetherlandsTesla Financial Services Limited United KingdomTesla France S.a r.l. FranceTesla Germany GmbH GermanyTesla Greece Single Member P.C. GreeceTesla Hrvatska d.o.o. CroatiaTesla Hungary Kft. HungaryTesla India Motors and Energy Private Limited IndiaTesla Insurance Brokers Co., Ltd. ChinaTesla Insurance Holdings, LLC DelawareTesla Insurance, Inc. DelawareTeesla Insurance Ltd. MaltaTesla Insurance Services, Inc. CaliforniaTesla Insurance Services of Texas,Inc. TexasTesla International B.V. Netherlands","Tesla Energia Macau Limitada MacauTesla Energy d.o.o. SloveniaTesla Energy Operations,Inc. DelawareTesla Finance LLC DelawareTesla Financial Leasing (China) Co.,Ltd. ChinaTesla Financial Services GmbH GermanyTesla Financial Services Holdings B.V. NetherlandsTesla Financial Services Limited United KingdomTesla France S.a r.l. FranceTesla Germany GmbH GermanyTesla Greece Single Member P.C. GreeceTesla Hrvatska d.o.o. CroatiaTesla Hungary Kft. HungaryTesla India Motors and Energy Private Limited IndiaTesla Insurance Brokers Co., Ltd. ChinaTesla Insurance Holdings, LLC DelawareTesla Insurance, Inc. DelawareTeesla Insurance Ltd. MaltaTesla Insurance Services, Inc. CaliforniaTesla Insurance Services of Texas,Inc. TexasTesla International B.V. Netherlands","Tesla Energia Macau Limitada MacauTesla Energy d.o.o. SloveniaTesla Energy Operations,Inc. DelawareTesla Finance LLC DelawareTesla Financial Leasing (China) Co.,Ltd. ChinaTesla Financial Services GmbH GermanyTesla Financial Services Holdings B.V. NetherlandsTesla Financial Services Limited United KingdomTesla France S.a r.l. FranceTesla Germany GmbH GermanyTesla Greece Single Member P.C. GreeceTesla Hrvatska d.o.o. CroatiaTesla Hungary Kft. HungaryTesla India Motors and Energy Private Limited IndiaTesla Insurance Brokers Co., Ltd. ChinaTesla Insurance Holdings, LLC DelawareTesla Insurance, Inc. DelawareTeesla Insurance Ltd. MaltaTesla Insurance Services, Inc. CaliforniaTesla Insurance Services of Texas,Inc. TexasTesla International B.V. Netherlands","Tesla Energia Macau Limitada MacauTesla Energy d.o.o. SloveniaTesla Energy Operations,Inc. DelawareTesla Finance LLC DelawareTesla Financial Leasing (China) Co.,Ltd. ChinaTesla Financial Services GmbH GermanyTesla Financial Services Holdings B.V. NetherlandsTesla Financial Services Limited United KingdomTesla France S.a r.l. FranceTesla Germany GmbH GermanyTesla Greece Single Member P.C. GreeceTesla Hrvatska d.o.o. CroatiaTesla Hungary Kft. HungaryTesla India Motors and Energy Private Limited IndiaTesla Insurance Brokers Co., Ltd. ChinaTesla Insurance Holdings, LLC DelawareTesla Insurance, Inc. DelawareTeesla Insurance Ltd. MaltaTesla Insurance Services, Inc. CaliforniaTesla Insurance Services of Texas,Inc. TexasTesla International B.V. Netherlands","Tesla Energia Macau Limitada MacauTesla Energy d.o.o. SloveniaTesla Energy Operations,Inc. DelawareTesla Finance LLC DelawareTesla Financial Leasing (China) Co.,Ltd. ChinaTesla Financial Services GmbH GermanyTesla Financial Services Holdings B.V. NetherlandsTesla Financial Services Limited United KingdomTesla France S.a r.l. FranceTesla Germany GmbH GermanyTesla Greece Single Member P.C. GreeceTesla Hrvatska d.o.o. CroatiaTesla Hungary Kft. HungaryTesla India Motors and Energy Private Limited IndiaTesla Insurance Brokers Co., Ltd. ChinaTesla Insurance Holdings, LLC DelawareTesla Insurance, Inc. DelawareTeesla Insurance Ltd. MaltaTesla Insurance Services, Inc. CaliforniaTesla Insurance Services of Texas,Inc. TexasTesla International B.V. Netherlands","Tesla Energia Macau Limitada MacauTesla Energy d.o.o. SloveniaTesla Energy Operations,Inc. DelawareTesla Finance LLC DelawareTesla Financial Leasing (China) Co.,Ltd. ChinaTesla Financial Services GmbH GermanyTesla Financial Services Holdings B.V. NetherlandsTesla Financial Services Limited United KingdomTesla France S.a r.l. FranceTesla Germany GmbH GermanyTesla Greece Single Member P.C. GreeceTesla Hrvatska d.o.o. CroatiaTesla Hungary Kft. HungaryTesla India Motors and Energy Private Limited IndiaTesla Insurance Brokers Co., Ltd. ChinaTesla Insurance Holdings, LLC DelawareTesla Insurance, Inc. DelawareTeesla Insurance Ltd. MaltaTesla Insurance Services, Inc. CaliforniaTesla Insurance Services of Texas,Inc. TexasTesla International B.V. Netherlands","Tesla Energia Macau Limitada MacauTesla Energy d.o.o. SloveniaTesla Energy Operations,Inc. DelawareTesla Finance LLC DelawareTesla Financial Leasing (China) Co.,Ltd. ChinaTesla Financial Services GmbH GermanyTesla Financial Services Holdings B.V. NetherlandsTesla Financial Services Limited United KingdomTesla France S.a r.l. FranceTesla Germany GmbH GermanyTesla Greece Single Member P.C. GreeceTesla Hrvatska d.o.o. CroatiaTesla Hungary Kft. HungaryTesla India Motors and Energy Private Limited IndiaTesla Insurance Brokers Co., Ltd. ChinaTesla Insurance Holdings, LLC DelawareTesla Insurance, Inc. DelawareTeesla Insurance Ltd. MaltaTesla Insurance Services, Inc. CaliforniaTesla Insurance Services of Texas,Inc. TexasTesla International B.V. Netherlands","Tesla Energia Macau Limitada MacauTesla Energy d.o.o. SloveniaTesla Energy Operations,Inc. DelawareTesla Finance LLC DelawareTesla Financial Leasing (China) Co.,Ltd. ChinaTesla Financial Services GmbH GermanyTesla Financial Services Holdings B.V. NetherlandsTesla Financial Services Limited United KingdomTesla France S.a r.l. FranceTesla Germany GmbH GermanyTesla Greece Single Member P.C. GreeceTesla Hrvatska d.o.o. CroatiaTesla Hungary Kft. HungaryTesla India Motors and Energy Private Limited IndiaTesla Insurance Brokers Co., Ltd. ChinaTesla Insurance Holdings, LLC DelawareTesla Insurance, Inc. DelawareTeesla Insurance Ltd. MaltaTesla Insurance Services, Inc. CaliforniaTesla Insurance Services of Texas,Inc. TexasTesla International B.V. Netherlands",Germany,,,,,,,,,,,,,,,,,,,,,
"Tesla Energia Macau Limitada MacauTesla Energy d.o.o. SloveniaTesla Energy Operations,Inc. DelawareTesla Finance LLC DelawareTesla Financial Leasing (China) Co.,Ltd. ChinaTesla Financial Services GmbH GermanyTesla Financial Services Holdings B.V. NetherlandsTesla Financial Services Limited United KingdomTesla France S.a r.l. FranceTesla Germany GmbH GermanyTesla Greece Single Member P.C. GreeceTesla Hrvatska d.o.o. CroatiaTesla Hungary Kft. HungaryTesla India Motors and Energy Private Limited IndiaTesla Insurance Brokers Co., Ltd. ChinaTesla Insurance Holdings, LLC DelawareTesla Insurance, Inc. DelawareTeesla Insurance Ltd. MaltaTesla Insurance Services, Inc. CaliforniaTesla Insurance Services of Texas,Inc. TexasTesla International B.V. Netherlands","Tesla Energia Macau Limitada MacauTesla Energy d.o.o. SloveniaTesla Energy Operations,Inc. DelawareTesla Finance LLC DelawareTesla Financial Leasing (China) Co.,Ltd. ChinaTesla Financial Services GmbH GermanyTesla Financial Services Holdings B.V. NetherlandsTesla Financial Services Limited United KingdomTesla France S.a r.l. FranceTesla Germany GmbH GermanyTesla Greece Single Member P.C. GreeceTesla Hrvatska d.o.o. CroatiaTesla Hungary Kft. HungaryTesla India Motors and Energy Private Limited IndiaTesla Insurance Brokers Co., Ltd. ChinaTesla Insurance Holdings, LLC DelawareTesla Insurance, Inc. DelawareTeesla Insurance Ltd. MaltaTesla Insurance Services, Inc. CaliforniaTesla Insurance Services of Texas,Inc. TexasTesla International B.V. Netherlands","Tesla Energia Macau Limitada MacauTesla Energy d.o.o. SloveniaTesla Energy Operations,Inc. DelawareTesla Finance LLC DelawareTesla Financial Leasing (China) Co.,Ltd. ChinaTesla Financial Services GmbH GermanyTesla Financial Services Holdings B.V. NetherlandsTesla Financial Services Limited United KingdomTesla France S.a r.l. FranceTesla Germany GmbH GermanyTesla Greece Single Member P.C. GreeceTesla Hrvatska d.o.o. CroatiaTesla Hungary Kft. HungaryTesla India Motors and Energy Private Limited IndiaTesla Insurance Brokers Co., Ltd. ChinaTesla Insurance Holdings, LLC DelawareTesla Insurance, Inc. DelawareTeesla Insurance Ltd. MaltaTesla Insurance Services, Inc. CaliforniaTesla Insurance Services of Texas,Inc. TexasTesla International B.V. Netherlands","Tesla Energia Macau Limitada MacauTesla Energy d.o.o. SloveniaTesla Energy Operations,Inc. DelawareTesla Finance LLC DelawareTesla Financial Leasing (China) Co.,Ltd. ChinaTesla Financial Services GmbH GermanyTesla Financial Services Holdings B.V. NetherlandsTesla Financial Services Limited United KingdomTesla France S.a r.l. FranceTesla Germany GmbH GermanyTesla Greece Single Member P.C. GreeceTesla Hrvatska d.o.o. CroatiaTesla Hungary Kft. HungaryTesla India Motors and Energy Private Limited IndiaTesla Insurance Brokers Co., Ltd. ChinaTesla Insurance Holdings, LLC DelawareTesla Insurance, Inc. DelawareTeesla Insurance Ltd. MaltaTesla Insurance Services, Inc. CaliforniaTesla Insurance Services of Texas,Inc. TexasTesla International B.V. Netherlands","Tesla Energia Macau Limitada MacauTesla Energy d.o.o. SloveniaTesla Energy Operations,Inc. DelawareTesla Finance LLC DelawareTesla Financial Leasing (China) Co.,Ltd. ChinaTesla Financial Services GmbH GermanyTesla Financial Services Holdings B.V. NetherlandsTesla Financial Services Limited United KingdomTesla France S.a r.l. FranceTesla Germany GmbH GermanyTesla Greece Single Member P.C. GreeceTesla Hrvatska d.o.o. CroatiaTesla Hungary Kft. HungaryTesla India Motors and Energy Private Limited IndiaTesla Insurance Brokers Co., Ltd. ChinaTesla Insurance Holdings, LLC DelawareTesla Insurance, Inc. DelawareTeesla Insurance Ltd. MaltaTesla Insurance Services, Inc. CaliforniaTesla Insurance Services of Texas,Inc. TexasTesla International B.V. Netherlands","Tesla Energia Macau Limitada MacauTesla Energy d.o.o. SloveniaTesla Energy Operations,Inc. DelawareTesla Finance LLC DelawareTesla Financial Leasing (China) Co.,Ltd. ChinaTesla Financial Services GmbH GermanyTesla Financial Services Holdings B.V. NetherlandsTesla Financial Services Limited United KingdomTesla France S.a r.l. FranceTesla Germany GmbH GermanyTesla Greece Single Member P.C. GreeceTesla Hrvatska d.o.o. CroatiaTesla Hungary Kft. HungaryTesla India Motors and Energy Private Limited IndiaTesla Insurance Brokers Co., Ltd. ChinaTesla Insurance Holdings, LLC DelawareTesla Insurance, Inc. DelawareTeesla Insurance Ltd. MaltaTesla Insurance Services, Inc. CaliforniaTesla Insurance Services of Texas,Inc. TexasTesla International B.V. Netherlands","Tesla Energia Macau Limitada MacauTesla Energy d.o.o. SloveniaTesla Energy Operations,Inc. DelawareTesla Finance LLC DelawareTesla Financial Leasing (China) Co.,Ltd. ChinaTesla Financial Services GmbH GermanyTesla Financial Services Holdings B.V. NetherlandsTesla Financial Services Limited United KingdomTesla France S.a r.l. FranceTesla Germany GmbH GermanyTesla Greece Single Member P.C. GreeceTesla Hrvatska d.o.o. CroatiaTesla Hungary Kft. HungaryTesla India Motors and Energy Private Limited IndiaTesla Insurance Brokers Co., Ltd. ChinaTesla Insurance Holdings, LLC DelawareTesla Insurance, Inc. DelawareTeesla Insurance Ltd. MaltaTesla Insurance Services, Inc. CaliforniaTesla Insurance Services of Texas,Inc. TexasTesla International B.V. Netherlands","Tesla Energia Macau Limitada MacauTesla Energy d.o.o. SloveniaTesla Energy Operations,Inc. DelawareTesla Finance LLC DelawareTesla Financial Leasing (China) Co.,Ltd. ChinaTesla Financial Services GmbH GermanyTesla Financial Services Holdings B.V. NetherlandsTesla Financial Services Limited United KingdomTesla France S.a r.l. FranceTesla Germany GmbH GermanyTesla Greece Single Member P.C. GreeceTesla Hrvatska d.o.o. CroatiaTesla Hungary Kft. HungaryTesla India Motors and Energy Private Limited IndiaTesla Insurance Brokers Co., Ltd. ChinaTesla Insurance Holdings, LLC DelawareTesla Insurance, Inc. DelawareTeesla Insurance Ltd. MaltaTesla Insurance Services, Inc. CaliforniaTesla Insurance Services of Texas,Inc. TexasTesla International B.V. Netherlands","Tesla Energia Macau Limitada MacauTesla Energy d.o.o. SloveniaTesla Energy Operations,Inc. DelawareTesla Finance LLC DelawareTesla Financial Leasing (China) Co.,Ltd. ChinaTesla Financial Services GmbH GermanyTesla Financial Services Holdings B.V. NetherlandsTesla Financial Services Limited United KingdomTesla France S.a r.l. FranceTesla Germany GmbH GermanyTesla Greece Single Member P.C. GreeceTesla Hrvatska d.o.o. CroatiaTesla Hungary Kft. HungaryTesla India Motors and Energy Private Limited IndiaTesla Insurance Brokers Co., Ltd. ChinaTesla Insurance Holdings, LLC DelawareTesla Insurance, Inc. DelawareTeesla Insurance Ltd. MaltaTesla Insurance Services, Inc. CaliforniaTesla Insurance Services of Texas,Inc. TexasTesla International B.V. Netherlands","Tesla Energia Macau Limitada MacauTesla Energy d.o.o. SloveniaTesla Energy Operations,Inc. DelawareTesla Finance LLC DelawareTesla Financial Leasing (China) Co.,Ltd. ChinaTesla Financial Services GmbH GermanyTesla Financial Services Holdings B.V. NetherlandsTesla Financial Services Limited United KingdomTesla France S.a r.l. FranceTesla Germany GmbH GermanyTesla Greece Single Member P.C. GreeceTesla Hrvatska d.o.o. CroatiaTesla Hungary Kft. HungaryTesla India Motors and Energy Private Limited IndiaTesla Insurance Brokers Co., Ltd. ChinaTesla Insurance Holdings, LLC DelawareTesla Insurance, Inc. DelawareTeesla Insurance Ltd. MaltaTesla Insurance Services, Inc. CaliforniaTesla Insurance Services of Texas,Inc. TexasTesla International B.V. Netherlands","Tesla Energia Macau Limitada MacauTesla Energy d.o.o. SloveniaTesla Energy Operations,Inc. DelawareTesla Finance LLC DelawareTesla Financial Leasing (China) Co.,Ltd. ChinaTesla Financial Services GmbH GermanyTesla Financial Services Holdings B.V. NetherlandsTesla Financial Services Limited United KingdomTesla France S.a r.l. FranceTesla Germany GmbH GermanyTesla Greece Single Member P.C. GreeceTesla Hrvatska d.o.o. CroatiaTesla Hungary Kft. HungaryTesla India Motors and Energy Private Limited IndiaTesla Insurance Brokers Co., Ltd. ChinaTesla Insurance Holdings, LLC DelawareTesla Insurance, Inc. DelawareTeesla Insurance Ltd. MaltaTesla Insurance Services, Inc. CaliforniaTesla Insurance Services of Texas,Inc. TexasTesla International B.V. Netherlands","Tesla Energia Macau Limitada MacauTesla Energy d.o.o. SloveniaTesla Energy Operations,Inc. DelawareTesla Finance LLC DelawareTesla Financial Leasing (China) Co.,Ltd. ChinaTesla Financial Services GmbH GermanyTesla Financial Services Holdings B.V. NetherlandsTesla Financial Services Limited United KingdomTesla France S.a r.l. FranceTesla Germany GmbH GermanyTesla Greece Single Member P.C. GreeceTesla Hrvatska d.o.o. CroatiaTesla Hungary Kft. HungaryTesla India Motors and Energy Private Limited IndiaTesla Insurance Brokers Co., Ltd. ChinaTesla Insurance Holdings, LLC DelawareTesla Insurance, Inc. DelawareTeesla Insurance Ltd. MaltaTesla Insurance Services, Inc. CaliforniaTesla Insurance Services of Texas,Inc. TexasTesla International B.V. Netherlands","Tesla Energia Macau Limitada MacauTesla Energy d.o.o. SloveniaTesla Energy Operations,Inc. DelawareTesla Finance LLC DelawareTesla Financial Leasing (China) Co.,Ltd. ChinaTesla Financial Services GmbH GermanyTesla Financial Services Holdings B.V. NetherlandsTesla Financial Services Limited United KingdomTesla France S.a r.l. FranceTesla Germany GmbH GermanyTesla Greece Single Member P.C. GreeceTesla Hrvatska d.o.o. CroatiaTesla Hungary Kft. HungaryTesla India Motors and Energy Private Limited IndiaTesla Insurance Brokers Co., Ltd. ChinaTesla Insurance Holdings, LLC DelawareTesla Insurance, Inc. DelawareTeesla Insurance Ltd. MaltaTesla Insurance Services, Inc. CaliforniaTesla Insurance Services of Texas,Inc. TexasTesla International B.V. Netherlands","Tesla Energia Macau Limitada MacauTesla Energy d.o.o. SloveniaTesla Energy Operations,Inc. DelawareTesla Finance LLC DelawareTesla Financial Leasing (China) Co.,Ltd. ChinaTesla Financial Services GmbH GermanyTesla Financial Services Holdings B.V. NetherlandsTesla Financial Services Limited United KingdomTesla France S.a r.l. FranceTesla Germany GmbH GermanyTesla Greece Single Member P.C. GreeceTesla Hrvatska d.o.o. CroatiaTesla Hungary Kft. HungaryTesla India Motors and Energy Private Limited IndiaTesla Insurance Brokers Co., Ltd. ChinaTesla Insurance Holdings, LLC DelawareTesla Insurance, Inc. DelawareTeesla Insurance Ltd. MaltaTesla Insurance Services, Inc. CaliforniaTesla Insurance Services of Texas,Inc. TexasTesla International B.V. Netherlands","Tesla Energia Macau Limitada MacauTesla Energy d.o.o. SloveniaTesla Energy Operations,Inc. DelawareTesla Finance LLC DelawareTesla Financial Leasing (China) Co.,Ltd. ChinaTesla Financial Services GmbH GermanyTesla Financial Services Holdings B.V. NetherlandsTesla Financial Services Limited United KingdomTesla France S.a r.l. FranceTesla Germany GmbH GermanyTesla Greece Single Member P.C. GreeceTesla Hrvatska d.o.o. CroatiaTesla Hungary Kft. HungaryTesla India Motors and Energy Private Limited IndiaTesla Insurance Brokers Co., Ltd. ChinaTesla Insurance Holdings, LLC DelawareTesla Insurance, Inc. DelawareTeesla Insurance Ltd. MaltaTesla Insurance Services, Inc. CaliforniaTesla Insurance Services of Texas,Inc. TexasTesla International B.V. Netherlands","Tesla Energia Macau Limitada MacauTesla Energy d.o.o. SloveniaTesla Energy Operations,Inc. DelawareTesla Finance LLC DelawareTesla Financial Leasing (China) Co.,Ltd. ChinaTesla Financial Services GmbH GermanyTesla Financial Services Holdings B.V. NetherlandsTesla Financial Services Limited United KingdomTesla France S.a r.l. FranceTesla Germany GmbH GermanyTesla Greece Single Member P.C. GreeceTesla Hrvatska d.o.o. CroatiaTesla Hungary Kft. HungaryTesla India Motors and Energy Private Limited IndiaTesla Insurance Brokers Co., Ltd. ChinaTesla Insurance Holdings, LLC DelawareTesla Insurance, Inc. DelawareTeesla Insurance Ltd. MaltaTesla Insurance Services, Inc. CaliforniaTesla Insurance Services of Texas,Inc. TexasTesla International B.V. Netherlands","Tesla Energia Macau Limitada MacauTesla Energy d.o.o. SloveniaTesla Energy Operations,Inc. DelawareTesla Finance LLC DelawareTesla Financial Leasing (China) Co.,Ltd. ChinaTesla Financial Services GmbH GermanyTesla Financial Services Holdings B.V. NetherlandsTesla Financial Services Limited United KingdomTesla France S.a r.l. FranceTesla Germany GmbH GermanyTesla Greece Single Member P.C. GreeceTesla Hrvatska d.o.o. CroatiaTesla Hungary Kft. HungaryTesla India Motors and Energy Private Limited IndiaTesla Insurance Brokers Co., Ltd. ChinaTesla Insurance Holdings, LLC DelawareTesla Insurance, Inc. DelawareTeesla Insurance Ltd. MaltaTesla Insurance Services, Inc. CaliforniaTesla Insurance Services of Texas,Inc. TexasTesla International B.V. Netherlands","Tesla Energia Macau Limitada MacauTesla Energy d.o.o. SloveniaTesla Energy Operations,Inc. DelawareTesla Finance LLC DelawareTesla Financial Leasing (China) Co.,Ltd. ChinaTesla Financial Services GmbH GermanyTesla Financial Services Holdings B.V. NetherlandsTesla Financial Services Limited United KingdomTesla France S.a r.l. FranceTesla Germany GmbH GermanyTesla Greece Single Member P.C. GreeceTesla Hrvatska d.o.o. CroatiaTesla Hungary Kft. HungaryTesla India Motors and Energy Private Limited IndiaTesla Insurance Brokers Co., Ltd. ChinaTesla Insurance Holdings, LLC DelawareTesla Insurance, Inc. DelawareTeesla Insurance Ltd. MaltaTesla Insurance Services, Inc. CaliforniaTesla Insurance Services of Texas,Inc. TexasTesla International B.V. Netherlands","Tesla Energia Macau Limitada MacauTesla Energy d.o.o. SloveniaTesla Energy Operations,Inc. DelawareTesla Finance LLC DelawareTesla Financial Leasing (China) Co.,Ltd. ChinaTesla Financial Services GmbH GermanyTesla Financial Services Holdings B.V. NetherlandsTesla Financial Services Limited United KingdomTesla France S.a r.l. FranceTesla Germany GmbH GermanyTesla Greece Single Member P.C. GreeceTesla Hrvatska d.o.o. CroatiaTesla Hungary Kft. HungaryTesla India Motors and Energy Private Limited IndiaTesla Insurance Brokers Co., Ltd. ChinaTesla Insurance Holdings, LLC DelawareTesla Insurance, Inc. DelawareTeesla Insurance Ltd. MaltaTesla Insurance Services, Inc. CaliforniaTesla Insurance Services of Texas,Inc. TexasTesla International B.V. Netherlands","Tesla Energia Macau Limitada MacauTesla Energy d.o.o. SloveniaTesla Energy Operations,Inc. DelawareTesla Finance LLC DelawareTesla Financial Leasing (China) Co.,Ltd. ChinaTesla Financial Services GmbH GermanyTesla Financial Services Holdings B.V. NetherlandsTesla Financial Services Limited United KingdomTesla France S.a r.l. FranceTesla Germany GmbH GermanyTesla Greece Single Member P.C. GreeceTesla Hrvatska d.o.o. CroatiaTesla Hungary Kft. HungaryTesla India Motors and Energy Private Limited IndiaTesla Insurance Brokers Co., Ltd. ChinaTesla Insurance Holdings, LLC DelawareTesla Insurance, Inc. DelawareTeesla Insurance Ltd. MaltaTesla Insurance Services, Inc. CaliforniaTesla Insurance Services of Texas,Inc. TexasTesla International B.V. Netherlands","Tesla Energia Macau Limitada MacauTesla Energy d.o.o. SloveniaTesla Energy Operations,Inc. DelawareTesla Finance LLC DelawareTesla Financial Leasing (China) Co.,Ltd. ChinaTesla Financial Services GmbH GermanyTesla Financial Services Holdings B.V. NetherlandsTesla Financial Services Limited United KingdomTesla France S.a r.l. FranceTesla Germany GmbH GermanyTesla Greece Single Member P.C. GreeceTesla Hrvatska d.o.o. CroatiaTesla Hungary Kft. HungaryTesla India Motors and Energy Private Limited IndiaTesla Insurance Brokers Co., Ltd. ChinaTesla Insurance Holdings, LLC DelawareTesla Insurance, Inc. DelawareTeesla Insurance Ltd. MaltaTesla Insurance Services, Inc. CaliforniaTesla Insurance Services of Texas,Inc. TexasTesla International B.V. Netherlands","Tesla Energia Macau Limitada MacauTesla Energy d.o.o. SloveniaTesla Energy Operations,Inc. DelawareTesla Finance LLC DelawareTesla Financial Leasing (China) Co.,Ltd. ChinaTesla Financial Services GmbH GermanyTesla Financial Services Holdings B.V. NetherlandsTesla Financial Services Limited United KingdomTesla France S.a r.l. FranceTesla Germany GmbH GermanyTesla Greece Single Member P.C. GreeceTesla Hrvatska d.o.o. CroatiaTesla Hungary Kft. HungaryTesla India Motors and Energy Private Limited IndiaTesla Insurance Brokers Co., Ltd. ChinaTesla Insurance Holdings, LLC DelawareTesla Insurance, Inc. DelawareTeesla Insurance Ltd. MaltaTesla Insurance Services, Inc. CaliforniaTesla Insurance Services of Texas,Inc. TexasTesla International B.V. Netherlands","Tesla Energia Macau Limitada MacauTesla Energy d.o.o. SloveniaTesla Energy Operations,Inc. DelawareTesla Finance LLC DelawareTesla Financial Leasing (China) Co.,Ltd. ChinaTesla Financial Services GmbH GermanyTesla Financial Services Holdings B.V. NetherlandsTesla Financial Services Limited United KingdomTesla France S.a r.l. FranceTesla Germany GmbH GermanyTesla Greece Single Member P.C. GreeceTesla Hrvatska d.o.o. CroatiaTesla Hungary Kft. HungaryTesla India Motors and Energy Private Limited IndiaTesla Insurance Brokers Co., Ltd. ChinaTesla Insurance Holdings, LLC DelawareTesla Insurance, Inc. DelawareTeesla Insurance Ltd. MaltaTesla Insurance Services, Inc. CaliforniaTesla Insurance Services of Texas,Inc. TexasTesla International B.V. Netherlands","Tesla Energia Macau Limitada MacauTesla Energy d.o.o. SloveniaTesla Energy Operations,Inc. DelawareTesla Finance LLC DelawareTesla Financial Leasing (China) Co.,Ltd. ChinaTesla Financial Services GmbH GermanyTesla Financial Services Holdings B.V. NetherlandsTesla Financial Services Limited United KingdomTesla France S.a r.l. FranceTesla Germany GmbH GermanyTesla Greece Single Member P.C. GreeceTesla Hrvatska d.o.o. CroatiaTesla Hungary Kft. HungaryTesla India Motors and Energy Private Limited IndiaTesla Insurance Brokers Co., Ltd. ChinaTesla Insurance Holdings, LLC DelawareTesla Insurance, Inc. DelawareTeesla Insurance Ltd. MaltaTesla Insurance Services, Inc. CaliforniaTesla Insurance Services of Texas,Inc. TexasTesla International B.V. Netherlands","Tesla Energia Macau Limitada MacauTesla Energy d.o.o. SloveniaTesla Energy Operations,Inc. DelawareTesla Finance LLC DelawareTesla Financial Leasing (China) Co.,Ltd. ChinaTesla Financial Services GmbH GermanyTesla Financial Services Holdings B.V. NetherlandsTesla Financial Services Limited United KingdomTesla France S.a r.l. FranceTesla Germany GmbH GermanyTesla Greece Single Member P.C. GreeceTesla Hrvatska d.o.o. CroatiaTesla Hungary Kft. HungaryTesla India Motors and Energy Private Limited IndiaTesla Insurance Brokers Co., Ltd. ChinaTesla Insurance Holdings, LLC DelawareTesla Insurance, Inc. DelawareTeesla Insurance Ltd. MaltaTesla Insurance Services, Inc. CaliforniaTesla Insurance Services of Texas,Inc. TexasTesla International B.V. Netherlands","Tesla Energia Macau Limitada MacauTesla Energy d.o.o. SloveniaTesla Energy Operations,Inc. DelawareTesla Finance LLC DelawareTesla Financial Leasing (China) Co.,Ltd. ChinaTesla Financial Services GmbH GermanyTesla Financial Services Holdings B.V. NetherlandsTesla Financial Services Limited United KingdomTesla France S.a r.l. FranceTesla Germany GmbH GermanyTesla Greece Single Member P.C. GreeceTesla Hrvatska d.o.o. CroatiaTesla Hungary Kft. HungaryTesla India Motors and Energy Private Limited IndiaTesla Insurance Brokers Co., Ltd. ChinaTesla Insurance Holdings, LLC DelawareTesla Insurance, Inc. DelawareTeesla Insurance Ltd. MaltaTesla Insurance Services, Inc. CaliforniaTesla Insurance Services of Texas,Inc. TexasTesla International B.V. Netherlands","Tesla Energia Macau Limitada MacauTesla Energy d.o.o. SloveniaTesla Energy Operations,Inc. DelawareTesla Finance LLC DelawareTesla Financial Leasing (China) Co.,Ltd. ChinaTesla Financial Services GmbH GermanyTesla Financial Services Holdings B.V. NetherlandsTesla Financial Services Limited United KingdomTesla France S.a r.l. FranceTesla Germany GmbH GermanyTesla Greece Single Member P.C. GreeceTesla Hrvatska d.o.o. CroatiaTesla Hungary Kft. HungaryTesla India Motors and Energy Private Limited IndiaTesla Insurance Brokers Co., Ltd. ChinaTesla Insurance Holdings, LLC DelawareTesla Insurance, Inc. DelawareTeesla Insurance Ltd. MaltaTesla Insurance Services, Inc. CaliforniaTesla Insurance Services of Texas,Inc. TexasTesla International B.V. Netherlands","Tesla Energia Macau Limitada MacauTesla Energy d.o.o. SloveniaTesla Energy Operations,Inc. DelawareTesla Finance LLC DelawareTesla Financial Leasing (China) Co.,Ltd. ChinaTesla Financial Services GmbH GermanyTesla Financial Services Holdings B.V. NetherlandsTesla Financial Services Limited United KingdomTesla France S.a r.l. FranceTesla Germany GmbH GermanyTesla Greece Single Member P.C. GreeceTesla Hrvatska d.o.o. CroatiaTesla Hungary Kft. HungaryTesla India Motors and Energy Private Limited IndiaTesla Insurance Brokers Co., Ltd. ChinaTesla Insurance Holdings, LLC DelawareTesla Insurance, Inc. DelawareTeesla Insurance Ltd. MaltaTesla Insurance Services, Inc. CaliforniaTesla Insurance Services of Texas,Inc. TexasTesla International B.V. Netherlands",Greece,,,,,,,,,,,,,,,,,,,,,
"Tesla Energia Macau Limitada MacauTesla Energy d.o.o. SloveniaTesla Energy Operations,Inc. DelawareTesla Finance LLC DelawareTesla Financial Leasing (China) Co.,Ltd. ChinaTesla Financial Services GmbH GermanyTesla Financial Services Holdings B.V. NetherlandsTesla Financial Services Limited United KingdomTesla France S.a r.l. FranceTesla Germany GmbH GermanyTesla Greece Single Member P.C. GreeceTesla Hrvatska d.o.o. CroatiaTesla Hungary Kft. HungaryTesla India Motors and Energy Private Limited IndiaTesla Insurance Brokers Co., Ltd. ChinaTesla Insurance Holdings, LLC DelawareTesla Insurance, Inc. DelawareTeesla Insurance Ltd. MaltaTesla Insurance Services, Inc. CaliforniaTesla Insurance Services of Texas,Inc. TexasTesla International B.V. Netherlands","Tesla Energia Macau Limitada MacauTesla Energy d.o.o. SloveniaTesla Energy Operations,Inc. DelawareTesla Finance LLC DelawareTesla Financial Leasing (China) Co.,Ltd. ChinaTesla Financial Services GmbH GermanyTesla Financial Services Holdings B.V. NetherlandsTesla Financial Services Limited United KingdomTesla France S.a r.l. FranceTesla Germany GmbH GermanyTesla Greece Single Member P.C. GreeceTesla Hrvatska d.o.o. CroatiaTesla Hungary Kft. HungaryTesla India Motors and Energy Private Limited IndiaTesla Insurance Brokers Co., Ltd. ChinaTesla Insurance Holdings, LLC DelawareTesla Insurance, Inc. DelawareTeesla Insurance Ltd. MaltaTesla Insurance Services, Inc. CaliforniaTesla Insurance Services of Texas,Inc. TexasTesla International B.V. Netherlands","Tesla Energia Macau Limitada MacauTesla Energy d.o.o. SloveniaTesla Energy Operations,Inc. DelawareTesla Finance LLC DelawareTesla Financial Leasing (China) Co.,Ltd. ChinaTesla Financial Services GmbH GermanyTesla Financial Services Holdings B.V. NetherlandsTesla Financial Services Limited United KingdomTesla France S.a r.l. FranceTesla Germany GmbH GermanyTesla Greece Single Member P.C. GreeceTesla Hrvatska d.o.o. CroatiaTesla Hungary Kft. HungaryTesla India Motors and Energy Private Limited IndiaTesla Insurance Brokers Co., Ltd. ChinaTesla Insurance Holdings, LLC DelawareTesla Insurance, Inc. DelawareTeesla Insurance Ltd. MaltaTesla Insurance Services, Inc. CaliforniaTesla Insurance Services of Texas,Inc. TexasTesla International B.V. Netherlands","Tesla Energia Macau Limitada MacauTesla Energy d.o.o. SloveniaTesla Energy Operations,Inc. DelawareTesla Finance LLC DelawareTesla Financial Leasing (China) Co.,Ltd. ChinaTesla Financial Services GmbH GermanyTesla Financial Services Holdings B.V. NetherlandsTesla Financial Services Limited United KingdomTesla France S.a r.l. FranceTesla Germany GmbH GermanyTesla Greece Single Member P.C. GreeceTesla Hrvatska d.o.o. CroatiaTesla Hungary Kft. HungaryTesla India Motors and Energy Private Limited IndiaTesla Insurance Brokers Co., Ltd. ChinaTesla Insurance Holdings, LLC DelawareTesla Insurance, Inc. DelawareTeesla Insurance Ltd. MaltaTesla Insurance Services, Inc. CaliforniaTesla Insurance Services of Texas,Inc. TexasTesla International B.V. Netherlands","Tesla Energia Macau Limitada MacauTesla Energy d.o.o. SloveniaTesla Energy Operations,Inc. DelawareTesla Finance LLC DelawareTesla Financial Leasing (China) Co.,Ltd. ChinaTesla Financial Services GmbH GermanyTesla Financial Services Holdings B.V. NetherlandsTesla Financial Services Limited United KingdomTesla France S.a r.l. FranceTesla Germany GmbH GermanyTesla Greece Single Member P.C. GreeceTesla Hrvatska d.o.o. CroatiaTesla Hungary Kft. HungaryTesla India Motors and Energy Private Limited IndiaTesla Insurance Brokers Co., Ltd. ChinaTesla Insurance Holdings, LLC DelawareTesla Insurance, Inc. DelawareTeesla Insurance Ltd. MaltaTesla Insurance Services, Inc. CaliforniaTesla Insurance Services of Texas,Inc. TexasTesla International B.V. Netherlands","Tesla Energia Macau Limitada MacauTesla Energy d.o.o. SloveniaTesla Energy Operations,Inc. DelawareTesla Finance LLC DelawareTesla Financial Leasing (China) Co.,Ltd. ChinaTesla Financial Services GmbH GermanyTesla Financial Services Holdings B.V. NetherlandsTesla Financial Services Limited United KingdomTesla France S.a r.l. FranceTesla Germany GmbH GermanyTesla Greece Single Member P.C. GreeceTesla Hrvatska d.o.o. CroatiaTesla Hungary Kft. HungaryTesla India Motors and Energy Private Limited IndiaTesla Insurance Brokers Co., Ltd. ChinaTesla Insurance Holdings, LLC DelawareTesla Insurance, Inc. DelawareTeesla Insurance Ltd. MaltaTesla Insurance Services, Inc. CaliforniaTesla Insurance Services of Texas,Inc. TexasTesla International B.V. Netherlands","Tesla Energia Macau Limitada MacauTesla Energy d.o.o. SloveniaTesla Energy Operations,Inc. DelawareTesla Finance LLC DelawareTesla Financial Leasing (China) Co.,Ltd. ChinaTesla Financial Services GmbH GermanyTesla Financial Services Holdings B.V. NetherlandsTesla Financial Services Limited United KingdomTesla France S.a r.l. FranceTesla Germany GmbH GermanyTesla Greece Single Member P.C. GreeceTesla Hrvatska d.o.o. CroatiaTesla Hungary Kft. HungaryTesla India Motors and Energy Private Limited IndiaTesla Insurance Brokers Co., Ltd. ChinaTesla Insurance Holdings, LLC DelawareTesla Insurance, Inc. DelawareTeesla Insurance Ltd. MaltaTesla Insurance Services, Inc. CaliforniaTesla Insurance Services of Texas,Inc. TexasTesla International B.V. Netherlands","Tesla Energia Macau Limitada MacauTesla Energy d.o.o. SloveniaTesla Energy Operations,Inc. DelawareTesla Finance LLC DelawareTesla Financial Leasing (China) Co.,Ltd. ChinaTesla Financial Services GmbH GermanyTesla Financial Services Holdings B.V. NetherlandsTesla Financial Services Limited United KingdomTesla France S.a r.l. FranceTesla Germany GmbH GermanyTesla Greece Single Member P.C. GreeceTesla Hrvatska d.o.o. CroatiaTesla Hungary Kft. HungaryTesla India Motors and Energy Private Limited IndiaTesla Insurance Brokers Co., Ltd. ChinaTesla Insurance Holdings, LLC DelawareTesla Insurance, Inc. DelawareTeesla Insurance Ltd. MaltaTesla Insurance Services, Inc. CaliforniaTesla Insurance Services of Texas,Inc. TexasTesla International B.V. Netherlands","Tesla Energia Macau Limitada MacauTesla Energy d.o.o. SloveniaTesla Energy Operations,Inc. DelawareTesla Finance LLC DelawareTesla Financial Leasing (China) Co.,Ltd. ChinaTesla Financial Services GmbH GermanyTesla Financial Services Holdings B.V. NetherlandsTesla Financial Services Limited United KingdomTesla France S.a r.l. FranceTesla Germany GmbH GermanyTesla Greece Single Member P.C. GreeceTesla Hrvatska d.o.o. CroatiaTesla Hungary Kft. HungaryTesla India Motors and Energy Private Limited IndiaTesla Insurance Brokers Co., Ltd. ChinaTesla Insurance Holdings, LLC DelawareTesla Insurance, Inc. DelawareTeesla Insurance Ltd. MaltaTesla Insurance Services, Inc. CaliforniaTesla Insurance Services of Texas,Inc. TexasTesla International B.V. Netherlands","Tesla Energia Macau Limitada MacauTesla Energy d.o.o. SloveniaTesla Energy Operations,Inc. DelawareTesla Finance LLC DelawareTesla Financial Leasing (China) Co.,Ltd. ChinaTesla Financial Services GmbH GermanyTesla Financial Services Holdings B.V. NetherlandsTesla Financial Services Limited United KingdomTesla France S.a r.l. FranceTesla Germany GmbH GermanyTesla Greece Single Member P.C. GreeceTesla Hrvatska d.o.o. CroatiaTesla Hungary Kft. HungaryTesla India Motors and Energy Private Limited IndiaTesla Insurance Brokers Co., Ltd. ChinaTesla Insurance Holdings, LLC DelawareTesla Insurance, Inc. DelawareTeesla Insurance Ltd. MaltaTesla Insurance Services, Inc. CaliforniaTesla Insurance Services of Texas,Inc. TexasTesla International B.V. Netherlands","Tesla Energia Macau Limitada MacauTesla Energy d.o.o. SloveniaTesla Energy Operations,Inc. DelawareTesla Finance LLC DelawareTesla Financial Leasing (China) Co.,Ltd. ChinaTesla Financial Services GmbH GermanyTesla Financial Services Holdings B.V. NetherlandsTesla Financial Services Limited United KingdomTesla France S.a r.l. FranceTesla Germany GmbH GermanyTesla Greece Single Member P.C. GreeceTesla Hrvatska d.o.o. CroatiaTesla Hungary Kft. HungaryTesla India Motors and Energy Private Limited IndiaTesla Insurance Brokers Co., Ltd. ChinaTesla Insurance Holdings, LLC DelawareTesla Insurance, Inc. DelawareTeesla Insurance Ltd. MaltaTesla Insurance Services, Inc. CaliforniaTesla Insurance Services of Texas,Inc. TexasTesla International B.V. Netherlands","Tesla Energia Macau Limitada MacauTesla Energy d.o.o. SloveniaTesla Energy Operations,Inc. DelawareTesla Finance LLC DelawareTesla Financial Leasing (China) Co.,Ltd. ChinaTesla Financial Services GmbH GermanyTesla Financial Services Holdings B.V. NetherlandsTesla Financial Services Limited United KingdomTesla France S.a r.l. FranceTesla Germany GmbH GermanyTesla Greece Single Member P.C. GreeceTesla Hrvatska d.o.o. CroatiaTesla Hungary Kft. HungaryTesla India Motors and Energy Private Limited IndiaTesla Insurance Brokers Co., Ltd. ChinaTesla Insurance Holdings, LLC DelawareTesla Insurance, Inc. DelawareTeesla Insurance Ltd. MaltaTesla Insurance Services, Inc. CaliforniaTesla Insurance Services of Texas,Inc. TexasTesla International B.V. Netherlands","Tesla Energia Macau Limitada MacauTesla Energy d.o.o. SloveniaTesla Energy Operations,Inc. DelawareTesla Finance LLC DelawareTesla Financial Leasing (China) Co.,Ltd. ChinaTesla Financial Services GmbH GermanyTesla Financial Services Holdings B.V. NetherlandsTesla Financial Services Limited United KingdomTesla France S.a r.l. FranceTesla Germany GmbH GermanyTesla Greece Single Member P.C. GreeceTesla Hrvatska d.o.o. CroatiaTesla Hungary Kft. HungaryTesla India Motors and Energy Private Limited IndiaTesla Insurance Brokers Co., Ltd. ChinaTesla Insurance Holdings, LLC DelawareTesla Insurance, Inc. DelawareTeesla Insurance Ltd. MaltaTesla Insurance Services, Inc. CaliforniaTesla Insurance Services of Texas,Inc. TexasTesla International B.V. Netherlands","Tesla Energia Macau Limitada MacauTesla Energy d.o.o. SloveniaTesla Energy Operations,Inc. DelawareTesla Finance LLC DelawareTesla Financial Leasing (China) Co.,Ltd. ChinaTesla Financial Services GmbH GermanyTesla Financial Services Holdings B.V. NetherlandsTesla Financial Services Limited United KingdomTesla France S.a r.l. FranceTesla Germany GmbH GermanyTesla Greece Single Member P.C. GreeceTesla Hrvatska d.o.o. CroatiaTesla Hungary Kft. HungaryTesla India Motors and Energy Private Limited IndiaTesla Insurance Brokers Co., Ltd. ChinaTesla Insurance Holdings, LLC DelawareTesla Insurance, Inc. DelawareTeesla Insurance Ltd. MaltaTesla Insurance Services, Inc. CaliforniaTesla Insurance Services of Texas,Inc. TexasTesla International B.V. Netherlands","Tesla Energia Macau Limitada MacauTesla Energy d.o.o. SloveniaTesla Energy Operations,Inc. DelawareTesla Finance LLC DelawareTesla Financial Leasing (China) Co.,Ltd. ChinaTesla Financial Services GmbH GermanyTesla Financial Services Holdings B.V. NetherlandsTesla Financial Services Limited United KingdomTesla France S.a r.l. FranceTesla Germany GmbH GermanyTesla Greece Single Member P.C. GreeceTesla Hrvatska d.o.o. CroatiaTesla Hungary Kft. HungaryTesla India Motors and Energy Private Limited IndiaTesla Insurance Brokers Co., Ltd. ChinaTesla Insurance Holdings, LLC DelawareTesla Insurance, Inc. DelawareTeesla Insurance Ltd. MaltaTesla Insurance Services, Inc. CaliforniaTesla Insurance Services of Texas,Inc. TexasTesla International B.V. Netherlands","Tesla Energia Macau Limitada MacauTesla Energy d.o.o. SloveniaTesla Energy Operations,Inc. DelawareTesla Finance LLC DelawareTesla Financial Leasing (China) Co.,Ltd. ChinaTesla Financial Services GmbH GermanyTesla Financial Services Holdings B.V. NetherlandsTesla Financial Services Limited United KingdomTesla France S.a r.l. FranceTesla Germany GmbH GermanyTesla Greece Single Member P.C. GreeceTesla Hrvatska d.o.o. CroatiaTesla Hungary Kft. HungaryTesla India Motors and Energy Private Limited IndiaTesla Insurance Brokers Co., Ltd. ChinaTesla Insurance Holdings, LLC DelawareTesla Insurance, Inc. DelawareTeesla Insurance Ltd. MaltaTesla Insurance Services, Inc. CaliforniaTesla Insurance Services of Texas,Inc. TexasTesla International B.V. Netherlands","Tesla Energia Macau Limitada MacauTesla Energy d.o.o. SloveniaTesla Energy Operations,Inc. DelawareTesla Finance LLC DelawareTesla Financial Leasing (China) Co.,Ltd. ChinaTesla Financial Services GmbH GermanyTesla Financial Services Holdings B.V. NetherlandsTesla Financial Services Limited United KingdomTesla France S.a r.l. FranceTesla Germany GmbH GermanyTesla Greece Single Member P.C. GreeceTesla Hrvatska d.o.o. CroatiaTesla Hungary Kft. HungaryTesla India Motors and Energy Private Limited IndiaTesla Insurance Brokers Co., Ltd. ChinaTesla Insurance Holdings, LLC DelawareTesla Insurance, Inc. DelawareTeesla Insurance Ltd. MaltaTesla Insurance Services, Inc. CaliforniaTesla Insurance Services of Texas,Inc. TexasTesla International B.V. Netherlands","Tesla Energia Macau Limitada MacauTesla Energy d.o.o. SloveniaTesla Energy Operations,Inc. DelawareTesla Finance LLC DelawareTesla Financial Leasing (China) Co.,Ltd. ChinaTesla Financial Services GmbH GermanyTesla Financial Services Holdings B.V. NetherlandsTesla Financial Services Limited United KingdomTesla France S.a r.l. FranceTesla Germany GmbH GermanyTesla Greece Single Member P.C. GreeceTesla Hrvatska d.o.o. CroatiaTesla Hungary Kft. HungaryTesla India Motors and Energy Private Limited IndiaTesla Insurance Brokers Co., Ltd. ChinaTesla Insurance Holdings, LLC DelawareTesla Insurance, Inc. DelawareTeesla Insurance Ltd. MaltaTesla Insurance Services, Inc. CaliforniaTesla Insurance Services of Texas,Inc. TexasTesla International B.V. Netherlands","Tesla Energia Macau Limitada MacauTesla Energy d.o.o. SloveniaTesla Energy Operations,Inc. DelawareTesla Finance LLC DelawareTesla Financial Leasing (China) Co.,Ltd. ChinaTesla Financial Services GmbH GermanyTesla Financial Services Holdings B.V. NetherlandsTesla Financial Services Limited United KingdomTesla France S.a r.l. FranceTesla Germany GmbH GermanyTesla Greece Single Member P.C. GreeceTesla Hrvatska d.o.o. CroatiaTesla Hungary Kft. HungaryTesla India Motors and Energy Private Limited IndiaTesla Insurance Brokers Co., Ltd. ChinaTesla Insurance Holdings, LLC DelawareTesla Insurance, Inc. DelawareTeesla Insurance Ltd. MaltaTesla Insurance Services, Inc. CaliforniaTesla Insurance Services of Texas,Inc. TexasTesla International B.V. Netherlands","Tesla Energia Macau Limitada MacauTesla Energy d.o.o. SloveniaTesla Energy Operations,Inc. DelawareTesla Finance LLC DelawareTesla Financial Leasing (China) Co.,Ltd. ChinaTesla Financial Services GmbH GermanyTesla Financial Services Holdings B.V. NetherlandsTesla Financial Services Limited United KingdomTesla France S.a r.l. FranceTesla Germany GmbH GermanyTesla Greece Single Member P.C. GreeceTesla Hrvatska d.o.o. CroatiaTesla Hungary Kft. HungaryTesla India Motors and Energy Private Limited IndiaTesla Insurance Brokers Co., Ltd. ChinaTesla Insurance Holdings, LLC DelawareTesla Insurance, Inc. DelawareTeesla Insurance Ltd. MaltaTesla Insurance Services, Inc. CaliforniaTesla Insurance Services of Texas,Inc. TexasTesla International B.V. Netherlands","Tesla Energia Macau Limitada MacauTesla Energy d.o.o. SloveniaTesla Energy Operations,Inc. DelawareTesla Finance LLC DelawareTesla Financial Leasing (China) Co.,Ltd. ChinaTesla Financial Services GmbH GermanyTesla Financial Services Holdings B.V. NetherlandsTesla Financial Services Limited United KingdomTesla France S.a r.l. FranceTesla Germany GmbH GermanyTesla Greece Single Member P.C. GreeceTesla Hrvatska d.o.o. CroatiaTesla Hungary Kft. HungaryTesla India Motors and Energy Private Limited IndiaTesla Insurance Brokers Co., Ltd. ChinaTesla Insurance Holdings, LLC DelawareTesla Insurance, Inc. DelawareTeesla Insurance Ltd. MaltaTesla Insurance Services, Inc. CaliforniaTesla Insurance Services of Texas,Inc. TexasTesla International B.V. Netherlands","Tesla Energia Macau Limitada MacauTesla Energy d.o.o. SloveniaTesla Energy Operations,Inc. DelawareTesla Finance LLC DelawareTesla Financial Leasing (China) Co.,Ltd. ChinaTesla Financial Services GmbH GermanyTesla Financial Services Holdings B.V. NetherlandsTesla Financial Services Limited United KingdomTesla France S.a r.l. FranceTesla Germany GmbH GermanyTesla Greece Single Member P.C. GreeceTesla Hrvatska d.o.o. CroatiaTesla Hungary Kft. HungaryTesla India Motors and Energy Private Limited IndiaTesla Insurance Brokers Co., Ltd. ChinaTesla Insurance Holdings, LLC DelawareTesla Insurance, Inc. DelawareTeesla Insurance Ltd. MaltaTesla Insurance Services, Inc. CaliforniaTesla Insurance Services of Texas,Inc. TexasTesla International B.V. Netherlands","Tesla Energia Macau Limitada MacauTesla Energy d.o.o. SloveniaTesla Energy Operations,Inc. DelawareTesla Finance LLC DelawareTesla Financial Leasing (China) Co.,Ltd. ChinaTesla Financial Services GmbH GermanyTesla Financial Services Holdings B.V. NetherlandsTesla Financial Services Limited United KingdomTesla France S.a r.l. FranceTesla Germany GmbH GermanyTesla Greece Single Member P.C. GreeceTesla Hrvatska d.o.o. CroatiaTesla Hungary Kft. HungaryTesla India Motors and Energy Private Limited IndiaTesla Insurance Brokers Co., Ltd. ChinaTesla Insurance Holdings, LLC DelawareTesla Insurance, Inc. DelawareTeesla Insurance Ltd. MaltaTesla Insurance Services, Inc. CaliforniaTesla Insurance Services of Texas,Inc. TexasTesla International B.V. Netherlands","Tesla Energia Macau Limitada MacauTesla Energy d.o.o. SloveniaTesla Energy Operations,Inc. DelawareTesla Finance LLC DelawareTesla Financial Leasing (China) Co.,Ltd. ChinaTesla Financial Services GmbH GermanyTesla Financial Services Holdings B.V. NetherlandsTesla Financial Services Limited United KingdomTesla France S.a r.l. FranceTesla Germany GmbH GermanyTesla Greece Single Member P.C. GreeceTesla Hrvatska d.o.o. CroatiaTesla Hungary Kft. HungaryTesla India Motors and Energy Private Limited IndiaTesla Insurance Brokers Co., Ltd. ChinaTesla Insurance Holdings, LLC DelawareTesla Insurance, Inc. DelawareTeesla Insurance Ltd. MaltaTesla Insurance Services, Inc. CaliforniaTesla Insurance Services of Texas,Inc. TexasTesla International B.V. Netherlands","Tesla Energia Macau Limitada MacauTesla Energy d.o.o. SloveniaTesla Energy Operations,Inc. DelawareTesla Finance LLC DelawareTesla Financial Leasing (China) Co.,Ltd. ChinaTesla Financial Services GmbH GermanyTesla Financial Services Holdings B.V. NetherlandsTesla Financial Services Limited United KingdomTesla France S.a r.l. FranceTesla Germany GmbH GermanyTesla Greece Single Member P.C. GreeceTesla Hrvatska d.o.o. CroatiaTesla Hungary Kft. HungaryTesla India Motors and Energy Private Limited IndiaTesla Insurance Brokers Co., Ltd. ChinaTesla Insurance Holdings, LLC DelawareTesla Insurance, Inc. DelawareTeesla Insurance Ltd. MaltaTesla Insurance Services, Inc. CaliforniaTesla Insurance Services of Texas,Inc. TexasTesla International B.V. Netherlands","Tesla Energia Macau Limitada MacauTesla Energy d.o.o. SloveniaTesla Energy Operations,Inc. DelawareTesla Finance LLC DelawareTesla Financial Leasing (China) Co.,Ltd. ChinaTesla Financial Services GmbH GermanyTesla Financial Services Holdings B.V. NetherlandsTesla Financial Services Limited United KingdomTesla France S.a r.l. FranceTesla Germany GmbH GermanyTesla Greece Single Member P.C. GreeceTesla Hrvatska d.o.o. CroatiaTesla Hungary Kft. HungaryTesla India Motors and Energy Private Limited IndiaTesla Insurance Brokers Co., Ltd. ChinaTesla Insurance Holdings, LLC DelawareTesla Insurance, Inc. DelawareTeesla Insurance Ltd. MaltaTesla Insurance Services, Inc. CaliforniaTesla Insurance Services of Texas,Inc. TexasTesla International B.V. Netherlands","Tesla Energia Macau Limitada MacauTesla Energy d.o.o. SloveniaTesla Energy Operations,Inc. DelawareTesla Finance LLC DelawareTesla Financial Leasing (China) Co.,Ltd. ChinaTesla Financial Services GmbH GermanyTesla Financial Services Holdings B.V. NetherlandsTesla Financial Services Limited United KingdomTesla France S.a r.l. FranceTesla Germany GmbH GermanyTesla Greece Single Member P.C. GreeceTesla Hrvatska d.o.o. CroatiaTesla Hungary Kft. HungaryTesla India Motors and Energy Private Limited IndiaTesla Insurance Brokers Co., Ltd. ChinaTesla Insurance Holdings, LLC DelawareTesla Insurance, Inc. DelawareTeesla Insurance Ltd. MaltaTesla Insurance Services, Inc. CaliforniaTesla Insurance Services of Texas,Inc. TexasTesla International B.V. Netherlands","Tesla Energia Macau Limitada MacauTesla Energy d.o.o. SloveniaTesla Energy Operations,Inc. DelawareTesla Finance LLC DelawareTesla Financial Leasing (China) Co.,Ltd. ChinaTesla Financial Services GmbH GermanyTesla Financial Services Holdings B.V. NetherlandsTesla Financial Services Limited United KingdomTesla France S.a r.l. FranceTesla Germany GmbH GermanyTesla Greece Single Member P.C. GreeceTesla Hrvatska d.o.o. CroatiaTesla Hungary Kft. HungaryTesla India Motors and Energy Private Limited IndiaTesla Insurance Brokers Co., Ltd. ChinaTesla Insurance Holdings, LLC DelawareTesla Insurance, Inc. DelawareTeesla Insurance Ltd. MaltaTesla Insurance Services, Inc. CaliforniaTesla Insurance Services of Texas,Inc. TexasTesla International B.V. Netherlands",Croatia,,,,,,,,,,,,,,,,,,,,,
"Tesla Energia Macau Limitada MacauTesla Energy d.o.o. SloveniaTesla Energy Operations,Inc. DelawareTesla Finance LLC DelawareTesla Financial Leasing (China) Co.,Ltd. ChinaTesla Financial Services GmbH GermanyTesla Financial Services Holdings B.V. NetherlandsTesla Financial Services Limited United KingdomTesla France S.a r.l. FranceTesla Germany GmbH GermanyTesla Greece Single Member P.C. GreeceTesla Hrvatska d.o.o. CroatiaTesla Hungary Kft. HungaryTesla India Motors and Energy Private Limited IndiaTesla Insurance Brokers Co., Ltd. ChinaTesla Insurance Holdings, LLC DelawareTesla Insurance, Inc. DelawareTeesla Insurance Ltd. MaltaTesla Insurance Services, Inc. CaliforniaTesla Insurance Services of Texas,Inc. TexasTesla International B.V. Netherlands","Tesla Energia Macau Limitada MacauTesla Energy d.o.o. SloveniaTesla Energy Operations,Inc. DelawareTesla Finance LLC DelawareTesla Financial Leasing (China) Co.,Ltd. ChinaTesla Financial Services GmbH GermanyTesla Financial Services Holdings B.V. NetherlandsTesla Financial Services Limited United KingdomTesla France S.a r.l. FranceTesla Germany GmbH GermanyTesla Greece Single Member P.C. GreeceTesla Hrvatska d.o.o. CroatiaTesla Hungary Kft. HungaryTesla India Motors and Energy Private Limited IndiaTesla Insurance Brokers Co., Ltd. ChinaTesla Insurance Holdings, LLC DelawareTesla Insurance, Inc. DelawareTeesla Insurance Ltd. MaltaTesla Insurance Services, Inc. CaliforniaTesla Insurance Services of Texas,Inc. TexasTesla International B.V. Netherlands","Tesla Energia Macau Limitada MacauTesla Energy d.o.o. SloveniaTesla Energy Operations,Inc. DelawareTesla Finance LLC DelawareTesla Financial Leasing (China) Co.,Ltd. ChinaTesla Financial Services GmbH GermanyTesla Financial Services Holdings B.V. NetherlandsTesla Financial Services Limited United KingdomTesla France S.a r.l. FranceTesla Germany GmbH GermanyTesla Greece Single Member P.C. GreeceTesla Hrvatska d.o.o. CroatiaTesla Hungary Kft. HungaryTesla India Motors and Energy Private Limited IndiaTesla Insurance Brokers Co., Ltd. ChinaTesla Insurance Holdings, LLC DelawareTesla Insurance, Inc. DelawareTeesla Insurance Ltd. MaltaTesla Insurance Services, Inc. CaliforniaTesla Insurance Services of Texas,Inc. TexasTesla International B.V. Netherlands","Tesla Energia Macau Limitada MacauTesla Energy d.o.o. SloveniaTesla Energy Operations,Inc. DelawareTesla Finance LLC DelawareTesla Financial Leasing (China) Co.,Ltd. ChinaTesla Financial Services GmbH GermanyTesla Financial Services Holdings B.V. NetherlandsTesla Financial Services Limited United KingdomTesla France S.a r.l. FranceTesla Germany GmbH GermanyTesla Greece Single Member P.C. GreeceTesla Hrvatska d.o.o. CroatiaTesla Hungary Kft. HungaryTesla India Motors and Energy Private Limited IndiaTesla Insurance Brokers Co., Ltd. ChinaTesla Insurance Holdings, LLC DelawareTesla Insurance, Inc. DelawareTeesla Insurance Ltd. MaltaTesla Insurance Services, Inc. CaliforniaTesla Insurance Services of Texas,Inc. TexasTesla International B.V. Netherlands","Tesla Energia Macau Limitada MacauTesla Energy d.o.o. SloveniaTesla Energy Operations,Inc. DelawareTesla Finance LLC DelawareTesla Financial Leasing (China) Co.,Ltd. ChinaTesla Financial Services GmbH GermanyTesla Financial Services Holdings B.V. NetherlandsTesla Financial Services Limited United KingdomTesla France S.a r.l. FranceTesla Germany GmbH GermanyTesla Greece Single Member P.C. GreeceTesla Hrvatska d.o.o. CroatiaTesla Hungary Kft. HungaryTesla India Motors and Energy Private Limited IndiaTesla Insurance Brokers Co., Ltd. ChinaTesla Insurance Holdings, LLC DelawareTesla Insurance, Inc. DelawareTeesla Insurance Ltd. MaltaTesla Insurance Services, Inc. CaliforniaTesla Insurance Services of Texas,Inc. TexasTesla International B.V. Netherlands","Tesla Energia Macau Limitada MacauTesla Energy d.o.o. SloveniaTesla Energy Operations,Inc. DelawareTesla Finance LLC DelawareTesla Financial Leasing (China) Co.,Ltd. ChinaTesla Financial Services GmbH GermanyTesla Financial Services Holdings B.V. NetherlandsTesla Financial Services Limited United KingdomTesla France S.a r.l. FranceTesla Germany GmbH GermanyTesla Greece Single Member P.C. GreeceTesla Hrvatska d.o.o. CroatiaTesla Hungary Kft. HungaryTesla India Motors and Energy Private Limited IndiaTesla Insurance Brokers Co., Ltd. ChinaTesla Insurance Holdings, LLC DelawareTesla Insurance, Inc. DelawareTeesla Insurance Ltd. MaltaTesla Insurance Services, Inc. CaliforniaTesla Insurance Services of Texas,Inc. TexasTesla International B.V. Netherlands","Tesla Energia Macau Limitada MacauTesla Energy d.o.o. SloveniaTesla Energy Operations,Inc. DelawareTesla Finance LLC DelawareTesla Financial Leasing (China) Co.,Ltd. ChinaTesla Financial Services GmbH GermanyTesla Financial Services Holdings B.V. NetherlandsTesla Financial Services Limited United KingdomTesla France S.a r.l. FranceTesla Germany GmbH GermanyTesla Greece Single Member P.C. GreeceTesla Hrvatska d.o.o. CroatiaTesla Hungary Kft. HungaryTesla India Motors and Energy Private Limited IndiaTesla Insurance Brokers Co., Ltd. ChinaTesla Insurance Holdings, LLC DelawareTesla Insurance, Inc. DelawareTeesla Insurance Ltd. MaltaTesla Insurance Services, Inc. CaliforniaTesla Insurance Services of Texas,Inc. TexasTesla International B.V. Netherlands","Tesla Energia Macau Limitada MacauTesla Energy d.o.o. SloveniaTesla Energy Operations,Inc. DelawareTesla Finance LLC DelawareTesla Financial Leasing (China) Co.,Ltd. ChinaTesla Financial Services GmbH GermanyTesla Financial Services Holdings B.V. NetherlandsTesla Financial Services Limited United KingdomTesla France S.a r.l. FranceTesla Germany GmbH GermanyTesla Greece Single Member P.C. GreeceTesla Hrvatska d.o.o. CroatiaTesla Hungary Kft. HungaryTesla India Motors and Energy Private Limited IndiaTesla Insurance Brokers Co., Ltd. ChinaTesla Insurance Holdings, LLC DelawareTesla Insurance, Inc. DelawareTeesla Insurance Ltd. MaltaTesla Insurance Services, Inc. CaliforniaTesla Insurance Services of Texas,Inc. TexasTesla International B.V. Netherlands","Tesla Energia Macau Limitada MacauTesla Energy d.o.o. SloveniaTesla Energy Operations,Inc. DelawareTesla Finance LLC DelawareTesla Financial Leasing (China) Co.,Ltd. ChinaTesla Financial Services GmbH GermanyTesla Financial Services Holdings B.V. NetherlandsTesla Financial Services Limited United KingdomTesla France S.a r.l. FranceTesla Germany GmbH GermanyTesla Greece Single Member P.C. GreeceTesla Hrvatska d.o.o. CroatiaTesla Hungary Kft. HungaryTesla India Motors and Energy Private Limited IndiaTesla Insurance Brokers Co., Ltd. ChinaTesla Insurance Holdings, LLC DelawareTesla Insurance, Inc. DelawareTeesla Insurance Ltd. MaltaTesla Insurance Services, Inc. CaliforniaTesla Insurance Services of Texas,Inc. TexasTesla International B.V. Netherlands","Tesla Energia Macau Limitada MacauTesla Energy d.o.o. SloveniaTesla Energy Operations,Inc. DelawareTesla Finance LLC DelawareTesla Financial Leasing (China) Co.,Ltd. ChinaTesla Financial Services GmbH GermanyTesla Financial Services Holdings B.V. NetherlandsTesla Financial Services Limited United KingdomTesla France S.a r.l. FranceTesla Germany GmbH GermanyTesla Greece Single Member P.C. GreeceTesla Hrvatska d.o.o. CroatiaTesla Hungary Kft. HungaryTesla India Motors and Energy Private Limited IndiaTesla Insurance Brokers Co., Ltd. ChinaTesla Insurance Holdings, LLC DelawareTesla Insurance, Inc. DelawareTeesla Insurance Ltd. MaltaTesla Insurance Services, Inc. CaliforniaTesla Insurance Services of Texas,Inc. TexasTesla International B.V. Netherlands","Tesla Energia Macau Limitada MacauTesla Energy d.o.o. SloveniaTesla Energy Operations,Inc. DelawareTesla Finance LLC DelawareTesla Financial Leasing (China) Co.,Ltd. ChinaTesla Financial Services GmbH GermanyTesla Financial Services Holdings B.V. NetherlandsTesla Financial Services Limited United KingdomTesla France S.a r.l. FranceTesla Germany GmbH GermanyTesla Greece Single Member P.C. GreeceTesla Hrvatska d.o.o. CroatiaTesla Hungary Kft. HungaryTesla India Motors and Energy Private Limited IndiaTesla Insurance Brokers Co., Ltd. ChinaTesla Insurance Holdings, LLC DelawareTesla Insurance, Inc. DelawareTeesla Insurance Ltd. MaltaTesla Insurance Services, Inc. CaliforniaTesla Insurance Services of Texas,Inc. TexasTesla International B.V. Netherlands","Tesla Energia Macau Limitada MacauTesla Energy d.o.o. SloveniaTesla Energy Operations,Inc. DelawareTesla Finance LLC DelawareTesla Financial Leasing (China) Co.,Ltd. ChinaTesla Financial Services GmbH GermanyTesla Financial Services Holdings B.V. NetherlandsTesla Financial Services Limited United KingdomTesla France S.a r.l. FranceTesla Germany GmbH GermanyTesla Greece Single Member P.C. GreeceTesla Hrvatska d.o.o. CroatiaTesla Hungary Kft. HungaryTesla India Motors and Energy Private Limited IndiaTesla Insurance Brokers Co., Ltd. ChinaTesla Insurance Holdings, LLC DelawareTesla Insurance, Inc. DelawareTeesla Insurance Ltd. MaltaTesla Insurance Services, Inc. CaliforniaTesla Insurance Services of Texas,Inc. TexasTesla International B.V. Netherlands","Tesla Energia Macau Limitada MacauTesla Energy d.o.o. SloveniaTesla Energy Operations,Inc. DelawareTesla Finance LLC DelawareTesla Financial Leasing (China) Co.,Ltd. ChinaTesla Financial Services GmbH GermanyTesla Financial Services Holdings B.V. NetherlandsTesla Financial Services Limited United KingdomTesla France S.a r.l. FranceTesla Germany GmbH GermanyTesla Greece Single Member P.C. GreeceTesla Hrvatska d.o.o. CroatiaTesla Hungary Kft. HungaryTesla India Motors and Energy Private Limited IndiaTesla Insurance Brokers Co., Ltd. ChinaTesla Insurance Holdings, LLC DelawareTesla Insurance, Inc. DelawareTeesla Insurance Ltd. MaltaTesla Insurance Services, Inc. CaliforniaTesla Insurance Services of Texas,Inc. TexasTesla International B.V. Netherlands","Tesla Energia Macau Limitada MacauTesla Energy d.o.o. SloveniaTesla Energy Operations,Inc. DelawareTesla Finance LLC DelawareTesla Financial Leasing (China) Co.,Ltd. ChinaTesla Financial Services GmbH GermanyTesla Financial Services Holdings B.V. NetherlandsTesla Financial Services Limited United KingdomTesla France S.a r.l. FranceTesla Germany GmbH GermanyTesla Greece Single Member P.C. GreeceTesla Hrvatska d.o.o. CroatiaTesla Hungary Kft. HungaryTesla India Motors and Energy Private Limited IndiaTesla Insurance Brokers Co., Ltd. ChinaTesla Insurance Holdings, LLC DelawareTesla Insurance, Inc. DelawareTeesla Insurance Ltd. MaltaTesla Insurance Services, Inc. CaliforniaTesla Insurance Services of Texas,Inc. TexasTesla International B.V. Netherlands","Tesla Energia Macau Limitada MacauTesla Energy d.o.o. SloveniaTesla Energy Operations,Inc. DelawareTesla Finance LLC DelawareTesla Financial Leasing (China) Co.,Ltd. ChinaTesla Financial Services GmbH GermanyTesla Financial Services Holdings B.V. NetherlandsTesla Financial Services Limited United KingdomTesla France S.a r.l. FranceTesla Germany GmbH GermanyTesla Greece Single Member P.C. GreeceTesla Hrvatska d.o.o. CroatiaTesla Hungary Kft. HungaryTesla India Motors and Energy Private Limited IndiaTesla Insurance Brokers Co., Ltd. ChinaTesla Insurance Holdings, LLC DelawareTesla Insurance, Inc. DelawareTeesla Insurance Ltd. MaltaTesla Insurance Services, Inc. CaliforniaTesla Insurance Services of Texas,Inc. TexasTesla International B.V. Netherlands","Tesla Energia Macau Limitada MacauTesla Energy d.o.o. SloveniaTesla Energy Operations,Inc. DelawareTesla Finance LLC DelawareTesla Financial Leasing (China) Co.,Ltd. ChinaTesla Financial Services GmbH GermanyTesla Financial Services Holdings B.V. NetherlandsTesla Financial Services Limited United KingdomTesla France S.a r.l. FranceTesla Germany GmbH GermanyTesla Greece Single Member P.C. GreeceTesla Hrvatska d.o.o. CroatiaTesla Hungary Kft. HungaryTesla India Motors and Energy Private Limited IndiaTesla Insurance Brokers Co., Ltd. ChinaTesla Insurance Holdings, LLC DelawareTesla Insurance, Inc. DelawareTeesla Insurance Ltd. MaltaTesla Insurance Services, Inc. CaliforniaTesla Insurance Services of Texas,Inc. TexasTesla International B.V. Netherlands","Tesla Energia Macau Limitada MacauTesla Energy d.o.o. SloveniaTesla Energy Operations,Inc. DelawareTesla Finance LLC DelawareTesla Financial Leasing (China) Co.,Ltd. ChinaTesla Financial Services GmbH GermanyTesla Financial Services Holdings B.V. NetherlandsTesla Financial Services Limited United KingdomTesla France S.a r.l. FranceTesla Germany GmbH GermanyTesla Greece Single Member P.C. GreeceTesla Hrvatska d.o.o. CroatiaTesla Hungary Kft. HungaryTesla India Motors and Energy Private Limited IndiaTesla Insurance Brokers Co., Ltd. ChinaTesla Insurance Holdings, LLC DelawareTesla Insurance, Inc. DelawareTeesla Insurance Ltd. MaltaTesla Insurance Services, Inc. CaliforniaTesla Insurance Services of Texas,Inc. TexasTesla International B.V. Netherlands","Tesla Energia Macau Limitada MacauTesla Energy d.o.o. SloveniaTesla Energy Operations,Inc. DelawareTesla Finance LLC DelawareTesla Financial Leasing (China) Co.,Ltd. ChinaTesla Financial Services GmbH GermanyTesla Financial Services Holdings B.V. NetherlandsTesla Financial Services Limited United KingdomTesla France S.a r.l. FranceTesla Germany GmbH GermanyTesla Greece Single Member P.C. GreeceTesla Hrvatska d.o.o. CroatiaTesla Hungary Kft. HungaryTesla India Motors and Energy Private Limited IndiaTesla Insurance Brokers Co., Ltd. ChinaTesla Insurance Holdings, LLC DelawareTesla Insurance, Inc. DelawareTeesla Insurance Ltd. MaltaTesla Insurance Services, Inc. CaliforniaTesla Insurance Services of Texas,Inc. TexasTesla International B.V. Netherlands","Tesla Energia Macau Limitada MacauTesla Energy d.o.o. SloveniaTesla Energy Operations,Inc. DelawareTesla Finance LLC DelawareTesla Financial Leasing (China) Co.,Ltd. ChinaTesla Financial Services GmbH GermanyTesla Financial Services Holdings B.V. NetherlandsTesla Financial Services Limited United KingdomTesla France S.a r.l. FranceTesla Germany GmbH GermanyTesla Greece Single Member P.C. GreeceTesla Hrvatska d.o.o. CroatiaTesla Hungary Kft. HungaryTesla India Motors and Energy Private Limited IndiaTesla Insurance Brokers Co., Ltd. ChinaTesla Insurance Holdings, LLC DelawareTesla Insurance, Inc. DelawareTeesla Insurance Ltd. MaltaTesla Insurance Services, Inc. CaliforniaTesla Insurance Services of Texas,Inc. TexasTesla International B.V. Netherlands","Tesla Energia Macau Limitada MacauTesla Energy d.o.o. SloveniaTesla Energy Operations,Inc. DelawareTesla Finance LLC DelawareTesla Financial Leasing (China) Co.,Ltd. ChinaTesla Financial Services GmbH GermanyTesla Financial Services Holdings B.V. NetherlandsTesla Financial Services Limited United KingdomTesla France S.a r.l. FranceTesla Germany GmbH GermanyTesla Greece Single Member P.C. GreeceTesla Hrvatska d.o.o. CroatiaTesla Hungary Kft. HungaryTesla India Motors and Energy Private Limited IndiaTesla Insurance Brokers Co., Ltd. ChinaTesla Insurance Holdings, LLC DelawareTesla Insurance, Inc. DelawareTeesla Insurance Ltd. MaltaTesla Insurance Services, Inc. CaliforniaTesla Insurance Services of Texas,Inc. TexasTesla International B.V. Netherlands","Tesla Energia Macau Limitada MacauTesla Energy d.o.o. SloveniaTesla Energy Operations,Inc. DelawareTesla Finance LLC DelawareTesla Financial Leasing (China) Co.,Ltd. ChinaTesla Financial Services GmbH GermanyTesla Financial Services Holdings B.V. NetherlandsTesla Financial Services Limited United KingdomTesla France S.a r.l. FranceTesla Germany GmbH GermanyTesla Greece Single Member P.C. GreeceTesla Hrvatska d.o.o. CroatiaTesla Hungary Kft. HungaryTesla India Motors and Energy Private Limited IndiaTesla Insurance Brokers Co., Ltd. ChinaTesla Insurance Holdings, LLC DelawareTesla Insurance, Inc. DelawareTeesla Insurance Ltd. MaltaTesla Insurance Services, Inc. CaliforniaTesla Insurance Services of Texas,Inc. TexasTesla International B.V. Netherlands","Tesla Energia Macau Limitada MacauTesla Energy d.o.o. SloveniaTesla Energy Operations,Inc. DelawareTesla Finance LLC DelawareTesla Financial Leasing (China) Co.,Ltd. ChinaTesla Financial Services GmbH GermanyTesla Financial Services Holdings B.V. NetherlandsTesla Financial Services Limited United KingdomTesla France S.a r.l. FranceTesla Germany GmbH GermanyTesla Greece Single Member P.C. GreeceTesla Hrvatska d.o.o. CroatiaTesla Hungary Kft. HungaryTesla India Motors and Energy Private Limited IndiaTesla Insurance Brokers Co., Ltd. ChinaTesla Insurance Holdings, LLC DelawareTesla Insurance, Inc. DelawareTeesla Insurance Ltd. MaltaTesla Insurance Services, Inc. CaliforniaTesla Insurance Services of Texas,Inc. TexasTesla International B.V. Netherlands","Tesla Energia Macau Limitada MacauTesla Energy d.o.o. SloveniaTesla Energy Operations,Inc. DelawareTesla Finance LLC DelawareTesla Financial Leasing (China) Co.,Ltd. ChinaTesla Financial Services GmbH GermanyTesla Financial Services Holdings B.V. NetherlandsTesla Financial Services Limited United KingdomTesla France S.a r.l. FranceTesla Germany GmbH GermanyTesla Greece Single Member P.C. GreeceTesla Hrvatska d.o.o. CroatiaTesla Hungary Kft. HungaryTesla India Motors and Energy Private Limited IndiaTesla Insurance Brokers Co., Ltd. ChinaTesla Insurance Holdings, LLC DelawareTesla Insurance, Inc. DelawareTeesla Insurance Ltd. MaltaTesla Insurance Services, Inc. CaliforniaTesla Insurance Services of Texas,Inc. TexasTesla International B.V. Netherlands","Tesla Energia Macau Limitada MacauTesla Energy d.o.o. SloveniaTesla Energy Operations,Inc. DelawareTesla Finance LLC DelawareTesla Financial Leasing (China) Co.,Ltd. ChinaTesla Financial Services GmbH GermanyTesla Financial Services Holdings B.V. NetherlandsTesla Financial Services Limited United KingdomTesla France S.a r.l. FranceTesla Germany GmbH GermanyTesla Greece Single Member P.C. GreeceTesla Hrvatska d.o.o. CroatiaTesla Hungary Kft. HungaryTesla India Motors and Energy Private Limited IndiaTesla Insurance Brokers Co., Ltd. ChinaTesla Insurance Holdings, LLC DelawareTesla Insurance, Inc. DelawareTeesla Insurance Ltd. MaltaTesla Insurance Services, Inc. CaliforniaTesla Insurance Services of Texas,Inc. TexasTesla International B.V. Netherlands","Tesla Energia Macau Limitada MacauTesla Energy d.o.o. SloveniaTesla Energy Operations,Inc. DelawareTesla Finance LLC DelawareTesla Financial Leasing (China) Co.,Ltd. ChinaTesla Financial Services GmbH GermanyTesla Financial Services Holdings B.V. NetherlandsTesla Financial Services Limited United KingdomTesla France S.a r.l. FranceTesla Germany GmbH GermanyTesla Greece Single Member P.C. GreeceTesla Hrvatska d.o.o. CroatiaTesla Hungary Kft. HungaryTesla India Motors and Energy Private Limited IndiaTesla Insurance Brokers Co., Ltd. ChinaTesla Insurance Holdings, LLC DelawareTesla Insurance, Inc. DelawareTeesla Insurance Ltd. MaltaTesla Insurance Services, Inc. CaliforniaTesla Insurance Services of Texas,Inc. TexasTesla International B.V. Netherlands","Tesla Energia Macau Limitada MacauTesla Energy d.o.o. SloveniaTesla Energy Operations,Inc. DelawareTesla Finance LLC DelawareTesla Financial Leasing (China) Co.,Ltd. ChinaTesla Financial Services GmbH GermanyTesla Financial Services Holdings B.V. NetherlandsTesla Financial Services Limited United KingdomTesla France S.a r.l. FranceTesla Germany GmbH GermanyTesla Greece Single Member P.C. GreeceTesla Hrvatska d.o.o. CroatiaTesla Hungary Kft. HungaryTesla India Motors and Energy Private Limited IndiaTesla Insurance Brokers Co., Ltd. ChinaTesla Insurance Holdings, LLC DelawareTesla Insurance, Inc. DelawareTeesla Insurance Ltd. MaltaTesla Insurance Services, Inc. CaliforniaTesla Insurance Services of Texas,Inc. TexasTesla International B.V. Netherlands","Tesla Energia Macau Limitada MacauTesla Energy d.o.o. SloveniaTesla Energy Operations,Inc. DelawareTesla Finance LLC DelawareTesla Financial Leasing (China) Co.,Ltd. ChinaTesla Financial Services GmbH GermanyTesla Financial Services Holdings B.V. NetherlandsTesla Financial Services Limited United KingdomTesla France S.a r.l. FranceTesla Germany GmbH GermanyTesla Greece Single Member P.C. GreeceTesla Hrvatska d.o.o. CroatiaTesla Hungary Kft. HungaryTesla India Motors and Energy Private Limited IndiaTesla Insurance Brokers Co., Ltd. ChinaTesla Insurance Holdings, LLC DelawareTesla Insurance, Inc. DelawareTeesla Insurance Ltd. MaltaTesla Insurance Services, Inc. CaliforniaTesla Insurance Services of Texas,Inc. TexasTesla International B.V. Netherlands","Tesla Energia Macau Limitada MacauTesla Energy d.o.o. SloveniaTesla Energy Operations,Inc. DelawareTesla Finance LLC DelawareTesla Financial Leasing (China) Co.,Ltd. ChinaTesla Financial Services GmbH GermanyTesla Financial Services Holdings B.V. NetherlandsTesla Financial Services Limited United KingdomTesla France S.a r.l. FranceTesla Germany GmbH GermanyTesla Greece Single Member P.C. GreeceTesla Hrvatska d.o.o. CroatiaTesla Hungary Kft. HungaryTesla India Motors and Energy Private Limited IndiaTesla Insurance Brokers Co., Ltd. ChinaTesla Insurance Holdings, LLC DelawareTesla Insurance, Inc. DelawareTeesla Insurance Ltd. MaltaTesla Insurance Services, Inc. CaliforniaTesla Insurance Services of Texas,Inc. TexasTesla International B.V. Netherlands",Hungary,,,,,,,,,,,,,,,,,,,,,
"Tesla Energia Macau Limitada MacauTesla Energy d.o.o. SloveniaTesla Energy Operations,Inc. DelawareTesla Finance LLC DelawareTesla Financial Leasing (China) Co.,Ltd. ChinaTesla Financial Services GmbH GermanyTesla Financial Services Holdings B.V. NetherlandsTesla Financial Services Limited United KingdomTesla France S.a r.l. FranceTesla Germany GmbH GermanyTesla Greece Single Member P.C. GreeceTesla Hrvatska d.o.o. CroatiaTesla Hungary Kft. HungaryTesla India Motors and Energy Private Limited IndiaTesla Insurance Brokers Co., Ltd. ChinaTesla Insurance Holdings, LLC DelawareTesla Insurance, Inc. DelawareTeesla Insurance Ltd. MaltaTesla Insurance Services, Inc. CaliforniaTesla Insurance Services of Texas,Inc. TexasTesla International B.V. Netherlands","Tesla Energia Macau Limitada MacauTesla Energy d.o.o. SloveniaTesla Energy Operations,Inc. DelawareTesla Finance LLC DelawareTesla Financial Leasing (China) Co.,Ltd. ChinaTesla Financial Services GmbH GermanyTesla Financial Services Holdings B.V. NetherlandsTesla Financial Services Limited United KingdomTesla France S.a r.l. FranceTesla Germany GmbH GermanyTesla Greece Single Member P.C. GreeceTesla Hrvatska d.o.o. CroatiaTesla Hungary Kft. HungaryTesla India Motors and Energy Private Limited IndiaTesla Insurance Brokers Co., Ltd. ChinaTesla Insurance Holdings, LLC DelawareTesla Insurance, Inc. DelawareTeesla Insurance Ltd. MaltaTesla Insurance Services, Inc. CaliforniaTesla Insurance Services of Texas,Inc. TexasTesla International B.V. Netherlands","Tesla Energia Macau Limitada MacauTesla Energy d.o.o. SloveniaTesla Energy Operations,Inc. DelawareTesla Finance LLC DelawareTesla Financial Leasing (China) Co.,Ltd. ChinaTesla Financial Services GmbH GermanyTesla Financial Services Holdings B.V. NetherlandsTesla Financial Services Limited United KingdomTesla France S.a r.l. FranceTesla Germany GmbH GermanyTesla Greece Single Member P.C. GreeceTesla Hrvatska d.o.o. CroatiaTesla Hungary Kft. HungaryTesla India Motors and Energy Private Limited IndiaTesla Insurance Brokers Co., Ltd. ChinaTesla Insurance Holdings, LLC DelawareTesla Insurance, Inc. DelawareTeesla Insurance Ltd. MaltaTesla Insurance Services, Inc. CaliforniaTesla Insurance Services of Texas,Inc. TexasTesla International B.V. Netherlands","Tesla Energia Macau Limitada MacauTesla Energy d.o.o. SloveniaTesla Energy Operations,Inc. DelawareTesla Finance LLC DelawareTesla Financial Leasing (China) Co.,Ltd. ChinaTesla Financial Services GmbH GermanyTesla Financial Services Holdings B.V. NetherlandsTesla Financial Services Limited United KingdomTesla France S.a r.l. FranceTesla Germany GmbH GermanyTesla Greece Single Member P.C. GreeceTesla Hrvatska d.o.o. CroatiaTesla Hungary Kft. HungaryTesla India Motors and Energy Private Limited IndiaTesla Insurance Brokers Co., Ltd. ChinaTesla Insurance Holdings, LLC DelawareTesla Insurance, Inc. DelawareTeesla Insurance Ltd. MaltaTesla Insurance Services, Inc. CaliforniaTesla Insurance Services of Texas,Inc. TexasTesla International B.V. Netherlands","Tesla Energia Macau Limitada MacauTesla Energy d.o.o. SloveniaTesla Energy Operations,Inc. DelawareTesla Finance LLC DelawareTesla Financial Leasing (China) Co.,Ltd. ChinaTesla Financial Services GmbH GermanyTesla Financial Services Holdings B.V. NetherlandsTesla Financial Services Limited United KingdomTesla France S.a r.l. FranceTesla Germany GmbH GermanyTesla Greece Single Member P.C. GreeceTesla Hrvatska d.o.o. CroatiaTesla Hungary Kft. HungaryTesla India Motors and Energy Private Limited IndiaTesla Insurance Brokers Co., Ltd. ChinaTesla Insurance Holdings, LLC DelawareTesla Insurance, Inc. DelawareTeesla Insurance Ltd. MaltaTesla Insurance Services, Inc. CaliforniaTesla Insurance Services of Texas,Inc. TexasTesla International B.V. Netherlands","Tesla Energia Macau Limitada MacauTesla Energy d.o.o. SloveniaTesla Energy Operations,Inc. DelawareTesla Finance LLC DelawareTesla Financial Leasing (China) Co.,Ltd. ChinaTesla Financial Services GmbH GermanyTesla Financial Services Holdings B.V. NetherlandsTesla Financial Services Limited United KingdomTesla France S.a r.l. FranceTesla Germany GmbH GermanyTesla Greece Single Member P.C. GreeceTesla Hrvatska d.o.o. CroatiaTesla Hungary Kft. HungaryTesla India Motors and Energy Private Limited IndiaTesla Insurance Brokers Co., Ltd. ChinaTesla Insurance Holdings, LLC DelawareTesla Insurance, Inc. DelawareTeesla Insurance Ltd. MaltaTesla Insurance Services, Inc. CaliforniaTesla Insurance Services of Texas,Inc. TexasTesla International B.V. Netherlands","Tesla Energia Macau Limitada MacauTesla Energy d.o.o. SloveniaTesla Energy Operations,Inc. DelawareTesla Finance LLC DelawareTesla Financial Leasing (China) Co.,Ltd. ChinaTesla Financial Services GmbH GermanyTesla Financial Services Holdings B.V. NetherlandsTesla Financial Services Limited United KingdomTesla France S.a r.l. FranceTesla Germany GmbH GermanyTesla Greece Single Member P.C. GreeceTesla Hrvatska d.o.o. CroatiaTesla Hungary Kft. HungaryTesla India Motors and Energy Private Limited IndiaTesla Insurance Brokers Co., Ltd. ChinaTesla Insurance Holdings, LLC DelawareTesla Insurance, Inc. DelawareTeesla Insurance Ltd. MaltaTesla Insurance Services, Inc. CaliforniaTesla Insurance Services of Texas,Inc. TexasTesla International B.V. Netherlands","Tesla Energia Macau Limitada MacauTesla Energy d.o.o. SloveniaTesla Energy Operations,Inc. DelawareTesla Finance LLC DelawareTesla Financial Leasing (China) Co.,Ltd. ChinaTesla Financial Services GmbH GermanyTesla Financial Services Holdings B.V. NetherlandsTesla Financial Services Limited United KingdomTesla France S.a r.l. FranceTesla Germany GmbH GermanyTesla Greece Single Member P.C. GreeceTesla Hrvatska d.o.o. CroatiaTesla Hungary Kft. HungaryTesla India Motors and Energy Private Limited IndiaTesla Insurance Brokers Co., Ltd. ChinaTesla Insurance Holdings, LLC DelawareTesla Insurance, Inc. DelawareTeesla Insurance Ltd. MaltaTesla Insurance Services, Inc. CaliforniaTesla Insurance Services of Texas,Inc. TexasTesla International B.V. Netherlands","Tesla Energia Macau Limitada MacauTesla Energy d.o.o. SloveniaTesla Energy Operations,Inc. DelawareTesla Finance LLC DelawareTesla Financial Leasing (China) Co.,Ltd. ChinaTesla Financial Services GmbH GermanyTesla Financial Services Holdings B.V. NetherlandsTesla Financial Services Limited United KingdomTesla France S.a r.l. FranceTesla Germany GmbH GermanyTesla Greece Single Member P.C. GreeceTesla Hrvatska d.o.o. CroatiaTesla Hungary Kft. HungaryTesla India Motors and Energy Private Limited IndiaTesla Insurance Brokers Co., Ltd. ChinaTesla Insurance Holdings, LLC DelawareTesla Insurance, Inc. DelawareTeesla Insurance Ltd. MaltaTesla Insurance Services, Inc. CaliforniaTesla Insurance Services of Texas,Inc. TexasTesla International B.V. Netherlands","Tesla Energia Macau Limitada MacauTesla Energy d.o.o. SloveniaTesla Energy Operations,Inc. DelawareTesla Finance LLC DelawareTesla Financial Leasing (China) Co.,Ltd. ChinaTesla Financial Services GmbH GermanyTesla Financial Services Holdings B.V. NetherlandsTesla Financial Services Limited United KingdomTesla France S.a r.l. FranceTesla Germany GmbH GermanyTesla Greece Single Member P.C. GreeceTesla Hrvatska d.o.o. CroatiaTesla Hungary Kft. HungaryTesla India Motors and Energy Private Limited IndiaTesla Insurance Brokers Co., Ltd. ChinaTesla Insurance Holdings, LLC DelawareTesla Insurance, Inc. DelawareTeesla Insurance Ltd. MaltaTesla Insurance Services, Inc. CaliforniaTesla Insurance Services of Texas,Inc. TexasTesla International B.V. Netherlands","Tesla Energia Macau Limitada MacauTesla Energy d.o.o. SloveniaTesla Energy Operations,Inc. DelawareTesla Finance LLC DelawareTesla Financial Leasing (China) Co.,Ltd. ChinaTesla Financial Services GmbH GermanyTesla Financial Services Holdings B.V. NetherlandsTesla Financial Services Limited United KingdomTesla France S.a r.l. FranceTesla Germany GmbH GermanyTesla Greece Single Member P.C. GreeceTesla Hrvatska d.o.o. CroatiaTesla Hungary Kft. HungaryTesla India Motors and Energy Private Limited IndiaTesla Insurance Brokers Co., Ltd. ChinaTesla Insurance Holdings, LLC DelawareTesla Insurance, Inc. DelawareTeesla Insurance Ltd. MaltaTesla Insurance Services, Inc. CaliforniaTesla Insurance Services of Texas,Inc. TexasTesla International B.V. Netherlands","Tesla Energia Macau Limitada MacauTesla Energy d.o.o. SloveniaTesla Energy Operations,Inc. DelawareTesla Finance LLC DelawareTesla Financial Leasing (China) Co.,Ltd. ChinaTesla Financial Services GmbH GermanyTesla Financial Services Holdings B.V. NetherlandsTesla Financial Services Limited United KingdomTesla France S.a r.l. FranceTesla Germany GmbH GermanyTesla Greece Single Member P.C. GreeceTesla Hrvatska d.o.o. CroatiaTesla Hungary Kft. HungaryTesla India Motors and Energy Private Limited IndiaTesla Insurance Brokers Co., Ltd. ChinaTesla Insurance Holdings, LLC DelawareTesla Insurance, Inc. DelawareTeesla Insurance Ltd. MaltaTesla Insurance Services, Inc. CaliforniaTesla Insurance Services of Texas,Inc. TexasTesla International B.V. Netherlands","Tesla Energia Macau Limitada MacauTesla Energy d.o.o. SloveniaTesla Energy Operations,Inc. DelawareTesla Finance LLC DelawareTesla Financial Leasing (China) Co.,Ltd. ChinaTesla Financial Services GmbH GermanyTesla Financial Services Holdings B.V. NetherlandsTesla Financial Services Limited United KingdomTesla France S.a r.l. FranceTesla Germany GmbH GermanyTesla Greece Single Member P.C. GreeceTesla Hrvatska d.o.o. CroatiaTesla Hungary Kft. HungaryTesla India Motors and Energy Private Limited IndiaTesla Insurance Brokers Co., Ltd. ChinaTesla Insurance Holdings, LLC DelawareTesla Insurance, Inc. DelawareTeesla Insurance Ltd. MaltaTesla Insurance Services, Inc. CaliforniaTesla Insurance Services of Texas,Inc. TexasTesla International B.V. Netherlands","Tesla Energia Macau Limitada MacauTesla Energy d.o.o. SloveniaTesla Energy Operations,Inc. DelawareTesla Finance LLC DelawareTesla Financial Leasing (China) Co.,Ltd. ChinaTesla Financial Services GmbH GermanyTesla Financial Services Holdings B.V. NetherlandsTesla Financial Services Limited United KingdomTesla France S.a r.l. FranceTesla Germany GmbH GermanyTesla Greece Single Member P.C. GreeceTesla Hrvatska d.o.o. CroatiaTesla Hungary Kft. HungaryTesla India Motors and Energy Private Limited IndiaTesla Insurance Brokers Co., Ltd. ChinaTesla Insurance Holdings, LLC DelawareTesla Insurance, Inc. DelawareTeesla Insurance Ltd. MaltaTesla Insurance Services, Inc. CaliforniaTesla Insurance Services of Texas,Inc. TexasTesla International B.V. Netherlands","Tesla Energia Macau Limitada MacauTesla Energy d.o.o. SloveniaTesla Energy Operations,Inc. DelawareTesla Finance LLC DelawareTesla Financial Leasing (China) Co.,Ltd. ChinaTesla Financial Services GmbH GermanyTesla Financial Services Holdings B.V. NetherlandsTesla Financial Services Limited United KingdomTesla France S.a r.l. FranceTesla Germany GmbH GermanyTesla Greece Single Member P.C. GreeceTesla Hrvatska d.o.o. CroatiaTesla Hungary Kft. HungaryTesla India Motors and Energy Private Limited IndiaTesla Insurance Brokers Co., Ltd. ChinaTesla Insurance Holdings, LLC DelawareTesla Insurance, Inc. DelawareTeesla Insurance Ltd. MaltaTesla Insurance Services, Inc. CaliforniaTesla Insurance Services of Texas,Inc. TexasTesla International B.V. Netherlands","Tesla Energia Macau Limitada MacauTesla Energy d.o.o. SloveniaTesla Energy Operations,Inc. DelawareTesla Finance LLC DelawareTesla Financial Leasing (China) Co.,Ltd. ChinaTesla Financial Services GmbH GermanyTesla Financial Services Holdings B.V. NetherlandsTesla Financial Services Limited United KingdomTesla France S.a r.l. FranceTesla Germany GmbH GermanyTesla Greece Single Member P.C. GreeceTesla Hrvatska d.o.o. CroatiaTesla Hungary Kft. HungaryTesla India Motors and Energy Private Limited IndiaTesla Insurance Brokers Co., Ltd. ChinaTesla Insurance Holdings, LLC DelawareTesla Insurance, Inc. DelawareTeesla Insurance Ltd. MaltaTesla Insurance Services, Inc. CaliforniaTesla Insurance Services of Texas,Inc. TexasTesla International B.V. Netherlands","Tesla Energia Macau Limitada MacauTesla Energy d.o.o. SloveniaTesla Energy Operations,Inc. DelawareTesla Finance LLC DelawareTesla Financial Leasing (China) Co.,Ltd. ChinaTesla Financial Services GmbH GermanyTesla Financial Services Holdings B.V. NetherlandsTesla Financial Services Limited United KingdomTesla France S.a r.l. FranceTesla Germany GmbH GermanyTesla Greece Single Member P.C. GreeceTesla Hrvatska d.o.o. CroatiaTesla Hungary Kft. HungaryTesla India Motors and Energy Private Limited IndiaTesla Insurance Brokers Co., Ltd. ChinaTesla Insurance Holdings, LLC DelawareTesla Insurance, Inc. DelawareTeesla Insurance Ltd. MaltaTesla Insurance Services, Inc. CaliforniaTesla Insurance Services of Texas,Inc. TexasTesla International B.V. Netherlands","Tesla Energia Macau Limitada MacauTesla Energy d.o.o. SloveniaTesla Energy Operations,Inc. DelawareTesla Finance LLC DelawareTesla Financial Leasing (China) Co.,Ltd. ChinaTesla Financial Services GmbH GermanyTesla Financial Services Holdings B.V. NetherlandsTesla Financial Services Limited United KingdomTesla France S.a r.l. FranceTesla Germany GmbH GermanyTesla Greece Single Member P.C. GreeceTesla Hrvatska d.o.o. CroatiaTesla Hungary Kft. HungaryTesla India Motors and Energy Private Limited IndiaTesla Insurance Brokers Co., Ltd. ChinaTesla Insurance Holdings, LLC DelawareTesla Insurance, Inc. DelawareTeesla Insurance Ltd. MaltaTesla Insurance Services, Inc. CaliforniaTesla Insurance Services of Texas,Inc. TexasTesla International B.V. Netherlands","Tesla Energia Macau Limitada MacauTesla Energy d.o.o. SloveniaTesla Energy Operations,Inc. DelawareTesla Finance LLC DelawareTesla Financial Leasing (China) Co.,Ltd. ChinaTesla Financial Services GmbH GermanyTesla Financial Services Holdings B.V. NetherlandsTesla Financial Services Limited United KingdomTesla France S.a r.l. FranceTesla Germany GmbH GermanyTesla Greece Single Member P.C. GreeceTesla Hrvatska d.o.o. CroatiaTesla Hungary Kft. HungaryTesla India Motors and Energy Private Limited IndiaTesla Insurance Brokers Co., Ltd. ChinaTesla Insurance Holdings, LLC DelawareTesla Insurance, Inc. DelawareTeesla Insurance Ltd. MaltaTesla Insurance Services, Inc. CaliforniaTesla Insurance Services of Texas,Inc. TexasTesla International B.V. Netherlands","Tesla Energia Macau Limitada MacauTesla Energy d.o.o. SloveniaTesla Energy Operations,Inc. DelawareTesla Finance LLC DelawareTesla Financial Leasing (China) Co.,Ltd. ChinaTesla Financial Services GmbH GermanyTesla Financial Services Holdings B.V. NetherlandsTesla Financial Services Limited United KingdomTesla France S.a r.l. FranceTesla Germany GmbH GermanyTesla Greece Single Member P.C. GreeceTesla Hrvatska d.o.o. CroatiaTesla Hungary Kft. HungaryTesla India Motors and Energy Private Limited IndiaTesla Insurance Brokers Co., Ltd. ChinaTesla Insurance Holdings, LLC DelawareTesla Insurance, Inc. DelawareTeesla Insurance Ltd. MaltaTesla Insurance Services, Inc. CaliforniaTesla Insurance Services of Texas,Inc. TexasTesla International B.V. Netherlands","Tesla Energia Macau Limitada MacauTesla Energy d.o.o. SloveniaTesla Energy Operations,Inc. DelawareTesla Finance LLC DelawareTesla Financial Leasing (China) Co.,Ltd. ChinaTesla Financial Services GmbH GermanyTesla Financial Services Holdings B.V. NetherlandsTesla Financial Services Limited United KingdomTesla France S.a r.l. FranceTesla Germany GmbH GermanyTesla Greece Single Member P.C. GreeceTesla Hrvatska d.o.o. CroatiaTesla Hungary Kft. HungaryTesla India Motors and Energy Private Limited IndiaTesla Insurance Brokers Co., Ltd. ChinaTesla Insurance Holdings, LLC DelawareTesla Insurance, Inc. DelawareTeesla Insurance Ltd. MaltaTesla Insurance Services, Inc. CaliforniaTesla Insurance Services of Texas,Inc. TexasTesla International B.V. Netherlands","Tesla Energia Macau Limitada MacauTesla Energy d.o.o. SloveniaTesla Energy Operations,Inc. DelawareTesla Finance LLC DelawareTesla Financial Leasing (China) Co.,Ltd. ChinaTesla Financial Services GmbH GermanyTesla Financial Services Holdings B.V. NetherlandsTesla Financial Services Limited United KingdomTesla France S.a r.l. FranceTesla Germany GmbH GermanyTesla Greece Single Member P.C. GreeceTesla Hrvatska d.o.o. CroatiaTesla Hungary Kft. HungaryTesla India Motors and Energy Private Limited IndiaTesla Insurance Brokers Co., Ltd. ChinaTesla Insurance Holdings, LLC DelawareTesla Insurance, Inc. DelawareTeesla Insurance Ltd. MaltaTesla Insurance Services, Inc. CaliforniaTesla Insurance Services of Texas,Inc. TexasTesla International B.V. Netherlands","Tesla Energia Macau Limitada MacauTesla Energy d.o.o. SloveniaTesla Energy Operations,Inc. DelawareTesla Finance LLC DelawareTesla Financial Leasing (China) Co.,Ltd. ChinaTesla Financial Services GmbH GermanyTesla Financial Services Holdings B.V. NetherlandsTesla Financial Services Limited United KingdomTesla France S.a r.l. FranceTesla Germany GmbH GermanyTesla Greece Single Member P.C. GreeceTesla Hrvatska d.o.o. CroatiaTesla Hungary Kft. HungaryTesla India Motors and Energy Private Limited IndiaTesla Insurance Brokers Co., Ltd. ChinaTesla Insurance Holdings, LLC DelawareTesla Insurance, Inc. DelawareTeesla Insurance Ltd. MaltaTesla Insurance Services, Inc. CaliforniaTesla Insurance Services of Texas,Inc. TexasTesla International B.V. Netherlands","Tesla Energia Macau Limitada MacauTesla Energy d.o.o. SloveniaTesla Energy Operations,Inc. DelawareTesla Finance LLC DelawareTesla Financial Leasing (China) Co.,Ltd. ChinaTesla Financial Services GmbH GermanyTesla Financial Services Holdings B.V. NetherlandsTesla Financial Services Limited United KingdomTesla France S.a r.l. FranceTesla Germany GmbH GermanyTesla Greece Single Member P.C. GreeceTesla Hrvatska d.o.o. CroatiaTesla Hungary Kft. HungaryTesla India Motors and Energy Private Limited IndiaTesla Insurance Brokers Co., Ltd. ChinaTesla Insurance Holdings, LLC DelawareTesla Insurance, Inc. DelawareTeesla Insurance Ltd. MaltaTesla Insurance Services, Inc. CaliforniaTesla Insurance Services of Texas,Inc. TexasTesla International B.V. Netherlands","Tesla Energia Macau Limitada MacauTesla Energy d.o.o. SloveniaTesla Energy Operations,Inc. DelawareTesla Finance LLC DelawareTesla Financial Leasing (China) Co.,Ltd. ChinaTesla Financial Services GmbH GermanyTesla Financial Services Holdings B.V. NetherlandsTesla Financial Services Limited United KingdomTesla France S.a r.l. FranceTesla Germany GmbH GermanyTesla Greece Single Member P.C. GreeceTesla Hrvatska d.o.o. CroatiaTesla Hungary Kft. HungaryTesla India Motors and Energy Private Limited IndiaTesla Insurance Brokers Co., Ltd. ChinaTesla Insurance Holdings, LLC DelawareTesla Insurance, Inc. DelawareTeesla Insurance Ltd. MaltaTesla Insurance Services, Inc. CaliforniaTesla Insurance Services of Texas,Inc. TexasTesla International B.V. Netherlands","Tesla Energia Macau Limitada MacauTesla Energy d.o.o. SloveniaTesla Energy Operations,Inc. DelawareTesla Finance LLC DelawareTesla Financial Leasing (China) Co.,Ltd. ChinaTesla Financial Services GmbH GermanyTesla Financial Services Holdings B.V. NetherlandsTesla Financial Services Limited United KingdomTesla France S.a r.l. FranceTesla Germany GmbH GermanyTesla Greece Single Member P.C. GreeceTesla Hrvatska d.o.o. CroatiaTesla Hungary Kft. HungaryTesla India Motors and Energy Private Limited IndiaTesla Insurance Brokers Co., Ltd. ChinaTesla Insurance Holdings, LLC DelawareTesla Insurance, Inc. DelawareTeesla Insurance Ltd. MaltaTesla Insurance Services, Inc. CaliforniaTesla Insurance Services of Texas,Inc. TexasTesla International B.V. Netherlands","Tesla Energia Macau Limitada MacauTesla Energy d.o.o. SloveniaTesla Energy Operations,Inc. DelawareTesla Finance LLC DelawareTesla Financial Leasing (China) Co.,Ltd. ChinaTesla Financial Services GmbH GermanyTesla Financial Services Holdings B.V. NetherlandsTesla Financial Services Limited United KingdomTesla France S.a r.l. FranceTesla Germany GmbH GermanyTesla Greece Single Member P.C. GreeceTesla Hrvatska d.o.o. CroatiaTesla Hungary Kft. HungaryTesla India Motors and Energy Private Limited IndiaTesla Insurance Brokers Co., Ltd. ChinaTesla Insurance Holdings, LLC DelawareTesla Insurance, Inc. DelawareTeesla Insurance Ltd. MaltaTesla Insurance Services, Inc. CaliforniaTesla Insurance Services of Texas,Inc. TexasTesla International B.V. Netherlands","Tesla Energia Macau Limitada MacauTesla Energy d.o.o. SloveniaTesla Energy Operations,Inc. DelawareTesla Finance LLC DelawareTesla Financial Leasing (China) Co.,Ltd. ChinaTesla Financial Services GmbH GermanyTesla Financial Services Holdings B.V. NetherlandsTesla Financial Services Limited United KingdomTesla France S.a r.l. FranceTesla Germany GmbH GermanyTesla Greece Single Member P.C. GreeceTesla Hrvatska d.o.o. CroatiaTesla Hungary Kft. HungaryTesla India Motors and Energy Private Limited IndiaTesla Insurance Brokers Co., Ltd. ChinaTesla Insurance Holdings, LLC DelawareTesla Insurance, Inc. DelawareTeesla Insurance Ltd. MaltaTesla Insurance Services, Inc. CaliforniaTesla Insurance Services of Texas,Inc. TexasTesla International B.V. Netherlands",India,,,,,,,,,,,,,,,,,,,,,
"Tesla Energia Macau Limitada MacauTesla Energy d.o.o. SloveniaTesla Energy Operations,Inc. DelawareTesla Finance LLC DelawareTesla Financial Leasing (China) Co.,Ltd. ChinaTesla Financial Services GmbH GermanyTesla Financial Services Holdings B.V. NetherlandsTesla Financial Services Limited United KingdomTesla France S.a r.l. FranceTesla Germany GmbH GermanyTesla Greece Single Member P.C. GreeceTesla Hrvatska d.o.o. CroatiaTesla Hungary Kft. HungaryTesla India Motors and Energy Private Limited IndiaTesla Insurance Brokers Co., Ltd. ChinaTesla Insurance Holdings, LLC DelawareTesla Insurance, Inc. DelawareTeesla Insurance Ltd. MaltaTesla Insurance Services, Inc. CaliforniaTesla Insurance Services of Texas,Inc. TexasTesla International B.V. Netherlands","Tesla Energia Macau Limitada MacauTesla Energy d.o.o. SloveniaTesla Energy Operations,Inc. DelawareTesla Finance LLC DelawareTesla Financial Leasing (China) Co.,Ltd. ChinaTesla Financial Services GmbH GermanyTesla Financial Services Holdings B.V. NetherlandsTesla Financial Services Limited United KingdomTesla France S.a r.l. FranceTesla Germany GmbH GermanyTesla Greece Single Member P.C. GreeceTesla Hrvatska d.o.o. CroatiaTesla Hungary Kft. HungaryTesla India Motors and Energy Private Limited IndiaTesla Insurance Brokers Co., Ltd. ChinaTesla Insurance Holdings, LLC DelawareTesla Insurance, Inc. DelawareTeesla Insurance Ltd. MaltaTesla Insurance Services, Inc. CaliforniaTesla Insurance Services of Texas,Inc. TexasTesla International B.V. Netherlands","Tesla Energia Macau Limitada MacauTesla Energy d.o.o. SloveniaTesla Energy Operations,Inc. DelawareTesla Finance LLC DelawareTesla Financial Leasing (China) Co.,Ltd. ChinaTesla Financial Services GmbH GermanyTesla Financial Services Holdings B.V. NetherlandsTesla Financial Services Limited United KingdomTesla France S.a r.l. FranceTesla Germany GmbH GermanyTesla Greece Single Member P.C. GreeceTesla Hrvatska d.o.o. CroatiaTesla Hungary Kft. HungaryTesla India Motors and Energy Private Limited IndiaTesla Insurance Brokers Co., Ltd. ChinaTesla Insurance Holdings, LLC DelawareTesla Insurance, Inc. DelawareTeesla Insurance Ltd. MaltaTesla Insurance Services, Inc. CaliforniaTesla Insurance Services of Texas,Inc. TexasTesla International B.V. Netherlands","Tesla Energia Macau Limitada MacauTesla Energy d.o.o. SloveniaTesla Energy Operations,Inc. DelawareTesla Finance LLC DelawareTesla Financial Leasing (China) Co.,Ltd. ChinaTesla Financial Services GmbH GermanyTesla Financial Services Holdings B.V. NetherlandsTesla Financial Services Limited United KingdomTesla France S.a r.l. FranceTesla Germany GmbH GermanyTesla Greece Single Member P.C. GreeceTesla Hrvatska d.o.o. CroatiaTesla Hungary Kft. HungaryTesla India Motors and Energy Private Limited IndiaTesla Insurance Brokers Co., Ltd. ChinaTesla Insurance Holdings, LLC DelawareTesla Insurance, Inc. DelawareTeesla Insurance Ltd. MaltaTesla Insurance Services, Inc. CaliforniaTesla Insurance Services of Texas,Inc. TexasTesla International B.V. Netherlands","Tesla Energia Macau Limitada MacauTesla Energy d.o.o. SloveniaTesla Energy Operations,Inc. DelawareTesla Finance LLC DelawareTesla Financial Leasing (China) Co.,Ltd. ChinaTesla Financial Services GmbH GermanyTesla Financial Services Holdings B.V. NetherlandsTesla Financial Services Limited United KingdomTesla France S.a r.l. FranceTesla Germany GmbH GermanyTesla Greece Single Member P.C. GreeceTesla Hrvatska d.o.o. CroatiaTesla Hungary Kft. HungaryTesla India Motors and Energy Private Limited IndiaTesla Insurance Brokers Co., Ltd. ChinaTesla Insurance Holdings, LLC DelawareTesla Insurance, Inc. DelawareTeesla Insurance Ltd. MaltaTesla Insurance Services, Inc. CaliforniaTesla Insurance Services of Texas,Inc. TexasTesla International B.V. Netherlands","Tesla Energia Macau Limitada MacauTesla Energy d.o.o. SloveniaTesla Energy Operations,Inc. DelawareTesla Finance LLC DelawareTesla Financial Leasing (China) Co.,Ltd. ChinaTesla Financial Services GmbH GermanyTesla Financial Services Holdings B.V. NetherlandsTesla Financial Services Limited United KingdomTesla France S.a r.l. FranceTesla Germany GmbH GermanyTesla Greece Single Member P.C. GreeceTesla Hrvatska d.o.o. CroatiaTesla Hungary Kft. HungaryTesla India Motors and Energy Private Limited IndiaTesla Insurance Brokers Co., Ltd. ChinaTesla Insurance Holdings, LLC DelawareTesla Insurance, Inc. DelawareTeesla Insurance Ltd. MaltaTesla Insurance Services, Inc. CaliforniaTesla Insurance Services of Texas,Inc. TexasTesla International B.V. Netherlands","Tesla Energia Macau Limitada MacauTesla Energy d.o.o. SloveniaTesla Energy Operations,Inc. DelawareTesla Finance LLC DelawareTesla Financial Leasing (China) Co.,Ltd. ChinaTesla Financial Services GmbH GermanyTesla Financial Services Holdings B.V. NetherlandsTesla Financial Services Limited United KingdomTesla France S.a r.l. FranceTesla Germany GmbH GermanyTesla Greece Single Member P.C. GreeceTesla Hrvatska d.o.o. CroatiaTesla Hungary Kft. HungaryTesla India Motors and Energy Private Limited IndiaTesla Insurance Brokers Co., Ltd. ChinaTesla Insurance Holdings, LLC DelawareTesla Insurance, Inc. DelawareTeesla Insurance Ltd. MaltaTesla Insurance Services, Inc. CaliforniaTesla Insurance Services of Texas,Inc. TexasTesla International B.V. Netherlands","Tesla Energia Macau Limitada MacauTesla Energy d.o.o. SloveniaTesla Energy Operations,Inc. DelawareTesla Finance LLC DelawareTesla Financial Leasing (China) Co.,Ltd. ChinaTesla Financial Services GmbH GermanyTesla Financial Services Holdings B.V. NetherlandsTesla Financial Services Limited United KingdomTesla France S.a r.l. FranceTesla Germany GmbH GermanyTesla Greece Single Member P.C. GreeceTesla Hrvatska d.o.o. CroatiaTesla Hungary Kft. HungaryTesla India Motors and Energy Private Limited IndiaTesla Insurance Brokers Co., Ltd. ChinaTesla Insurance Holdings, LLC DelawareTesla Insurance, Inc. DelawareTeesla Insurance Ltd. MaltaTesla Insurance Services, Inc. CaliforniaTesla Insurance Services of Texas,Inc. TexasTesla International B.V. Netherlands","Tesla Energia Macau Limitada MacauTesla Energy d.o.o. SloveniaTesla Energy Operations,Inc. DelawareTesla Finance LLC DelawareTesla Financial Leasing (China) Co.,Ltd. ChinaTesla Financial Services GmbH GermanyTesla Financial Services Holdings B.V. NetherlandsTesla Financial Services Limited United KingdomTesla France S.a r.l. FranceTesla Germany GmbH GermanyTesla Greece Single Member P.C. GreeceTesla Hrvatska d.o.o. CroatiaTesla Hungary Kft. HungaryTesla India Motors and Energy Private Limited IndiaTesla Insurance Brokers Co., Ltd. ChinaTesla Insurance Holdings, LLC DelawareTesla Insurance, Inc. DelawareTeesla Insurance Ltd. MaltaTesla Insurance Services, Inc. CaliforniaTesla Insurance Services of Texas,Inc. TexasTesla International B.V. Netherlands","Tesla Energia Macau Limitada MacauTesla Energy d.o.o. SloveniaTesla Energy Operations,Inc. DelawareTesla Finance LLC DelawareTesla Financial Leasing (China) Co.,Ltd. ChinaTesla Financial Services GmbH GermanyTesla Financial Services Holdings B.V. NetherlandsTesla Financial Services Limited United KingdomTesla France S.a r.l. FranceTesla Germany GmbH GermanyTesla Greece Single Member P.C. GreeceTesla Hrvatska d.o.o. CroatiaTesla Hungary Kft. HungaryTesla India Motors and Energy Private Limited IndiaTesla Insurance Brokers Co., Ltd. ChinaTesla Insurance Holdings, LLC DelawareTesla Insurance, Inc. DelawareTeesla Insurance Ltd. MaltaTesla Insurance Services, Inc. CaliforniaTesla Insurance Services of Texas,Inc. TexasTesla International B.V. Netherlands","Tesla Energia Macau Limitada MacauTesla Energy d.o.o. SloveniaTesla Energy Operations,Inc. DelawareTesla Finance LLC DelawareTesla Financial Leasing (China) Co.,Ltd. ChinaTesla Financial Services GmbH GermanyTesla Financial Services Holdings B.V. NetherlandsTesla Financial Services Limited United KingdomTesla France S.a r.l. FranceTesla Germany GmbH GermanyTesla Greece Single Member P.C. GreeceTesla Hrvatska d.o.o. CroatiaTesla Hungary Kft. HungaryTesla India Motors and Energy Private Limited IndiaTesla Insurance Brokers Co., Ltd. ChinaTesla Insurance Holdings, LLC DelawareTesla Insurance, Inc. DelawareTeesla Insurance Ltd. MaltaTesla Insurance Services, Inc. CaliforniaTesla Insurance Services of Texas,Inc. TexasTesla International B.V. Netherlands","Tesla Energia Macau Limitada MacauTesla Energy d.o.o. SloveniaTesla Energy Operations,Inc. DelawareTesla Finance LLC DelawareTesla Financial Leasing (China) Co.,Ltd. ChinaTesla Financial Services GmbH GermanyTesla Financial Services Holdings B.V. NetherlandsTesla Financial Services Limited United KingdomTesla France S.a r.l. FranceTesla Germany GmbH GermanyTesla Greece Single Member P.C. GreeceTesla Hrvatska d.o.o. CroatiaTesla Hungary Kft. HungaryTesla India Motors and Energy Private Limited IndiaTesla Insurance Brokers Co., Ltd. ChinaTesla Insurance Holdings, LLC DelawareTesla Insurance, Inc. DelawareTeesla Insurance Ltd. MaltaTesla Insurance Services, Inc. CaliforniaTesla Insurance Services of Texas,Inc. TexasTesla International B.V. Netherlands","Tesla Energia Macau Limitada MacauTesla Energy d.o.o. SloveniaTesla Energy Operations,Inc. DelawareTesla Finance LLC DelawareTesla Financial Leasing (China) Co.,Ltd. ChinaTesla Financial Services GmbH GermanyTesla Financial Services Holdings B.V. NetherlandsTesla Financial Services Limited United KingdomTesla France S.a r.l. FranceTesla Germany GmbH GermanyTesla Greece Single Member P.C. GreeceTesla Hrvatska d.o.o. CroatiaTesla Hungary Kft. HungaryTesla India Motors and Energy Private Limited IndiaTesla Insurance Brokers Co., Ltd. ChinaTesla Insurance Holdings, LLC DelawareTesla Insurance, Inc. DelawareTeesla Insurance Ltd. MaltaTesla Insurance Services, Inc. CaliforniaTesla Insurance Services of Texas,Inc. TexasTesla International B.V. Netherlands","Tesla Energia Macau Limitada MacauTesla Energy d.o.o. SloveniaTesla Energy Operations,Inc. DelawareTesla Finance LLC DelawareTesla Financial Leasing (China) Co.,Ltd. ChinaTesla Financial Services GmbH GermanyTesla Financial Services Holdings B.V. NetherlandsTesla Financial Services Limited United KingdomTesla France S.a r.l. FranceTesla Germany GmbH GermanyTesla Greece Single Member P.C. GreeceTesla Hrvatska d.o.o. CroatiaTesla Hungary Kft. HungaryTesla India Motors and Energy Private Limited IndiaTesla Insurance Brokers Co., Ltd. ChinaTesla Insurance Holdings, LLC DelawareTesla Insurance, Inc. DelawareTeesla Insurance Ltd. MaltaTesla Insurance Services, Inc. CaliforniaTesla Insurance Services of Texas,Inc. TexasTesla International B.V. Netherlands","Tesla Energia Macau Limitada MacauTesla Energy d.o.o. SloveniaTesla Energy Operations,Inc. DelawareTesla Finance LLC DelawareTesla Financial Leasing (China) Co.,Ltd. ChinaTesla Financial Services GmbH GermanyTesla Financial Services Holdings B.V. NetherlandsTesla Financial Services Limited United KingdomTesla France S.a r.l. FranceTesla Germany GmbH GermanyTesla Greece Single Member P.C. GreeceTesla Hrvatska d.o.o. CroatiaTesla Hungary Kft. HungaryTesla India Motors and Energy Private Limited IndiaTesla Insurance Brokers Co., Ltd. ChinaTesla Insurance Holdings, LLC DelawareTesla Insurance, Inc. DelawareTeesla Insurance Ltd. MaltaTesla Insurance Services, Inc. CaliforniaTesla Insurance Services of Texas,Inc. TexasTesla International B.V. Netherlands","Tesla Energia Macau Limitada MacauTesla Energy d.o.o. SloveniaTesla Energy Operations,Inc. DelawareTesla Finance LLC DelawareTesla Financial Leasing (China) Co.,Ltd. ChinaTesla Financial Services GmbH GermanyTesla Financial Services Holdings B.V. NetherlandsTesla Financial Services Limited United KingdomTesla France S.a r.l. FranceTesla Germany GmbH GermanyTesla Greece Single Member P.C. GreeceTesla Hrvatska d.o.o. CroatiaTesla Hungary Kft. HungaryTesla India Motors and Energy Private Limited IndiaTesla Insurance Brokers Co., Ltd. ChinaTesla Insurance Holdings, LLC DelawareTesla Insurance, Inc. DelawareTeesla Insurance Ltd. MaltaTesla Insurance Services, Inc. CaliforniaTesla Insurance Services of Texas,Inc. TexasTesla International B.V. Netherlands","Tesla Energia Macau Limitada MacauTesla Energy d.o.o. SloveniaTesla Energy Operations,Inc. DelawareTesla Finance LLC DelawareTesla Financial Leasing (China) Co.,Ltd. ChinaTesla Financial Services GmbH GermanyTesla Financial Services Holdings B.V. NetherlandsTesla Financial Services Limited United KingdomTesla France S.a r.l. FranceTesla Germany GmbH GermanyTesla Greece Single Member P.C. GreeceTesla Hrvatska d.o.o. CroatiaTesla Hungary Kft. HungaryTesla India Motors and Energy Private Limited IndiaTesla Insurance Brokers Co., Ltd. ChinaTesla Insurance Holdings, LLC DelawareTesla Insurance, Inc. DelawareTeesla Insurance Ltd. MaltaTesla Insurance Services, Inc. CaliforniaTesla Insurance Services of Texas,Inc. TexasTesla International B.V. Netherlands","Tesla Energia Macau Limitada MacauTesla Energy d.o.o. SloveniaTesla Energy Operations,Inc. DelawareTesla Finance LLC DelawareTesla Financial Leasing (China) Co.,Ltd. ChinaTesla Financial Services GmbH GermanyTesla Financial Services Holdings B.V. NetherlandsTesla Financial Services Limited United KingdomTesla France S.a r.l. FranceTesla Germany GmbH GermanyTesla Greece Single Member P.C. GreeceTesla Hrvatska d.o.o. CroatiaTesla Hungary Kft. HungaryTesla India Motors and Energy Private Limited IndiaTesla Insurance Brokers Co., Ltd. ChinaTesla Insurance Holdings, LLC DelawareTesla Insurance, Inc. DelawareTeesla Insurance Ltd. MaltaTesla Insurance Services, Inc. CaliforniaTesla Insurance Services of Texas,Inc. TexasTesla International B.V. Netherlands","Tesla Energia Macau Limitada MacauTesla Energy d.o.o. SloveniaTesla Energy Operations,Inc. DelawareTesla Finance LLC DelawareTesla Financial Leasing (China) Co.,Ltd. ChinaTesla Financial Services GmbH GermanyTesla Financial Services Holdings B.V. NetherlandsTesla Financial Services Limited United KingdomTesla France S.a r.l. FranceTesla Germany GmbH GermanyTesla Greece Single Member P.C. GreeceTesla Hrvatska d.o.o. CroatiaTesla Hungary Kft. HungaryTesla India Motors and Energy Private Limited IndiaTesla Insurance Brokers Co., Ltd. ChinaTesla Insurance Holdings, LLC DelawareTesla Insurance, Inc. DelawareTeesla Insurance Ltd. MaltaTesla Insurance Services, Inc. CaliforniaTesla Insurance Services of Texas,Inc. TexasTesla International B.V. Netherlands","Tesla Energia Macau Limitada MacauTesla Energy d.o.o. SloveniaTesla Energy Operations,Inc. DelawareTesla Finance LLC DelawareTesla Financial Leasing (China) Co.,Ltd. ChinaTesla Financial Services GmbH GermanyTesla Financial Services Holdings B.V. NetherlandsTesla Financial Services Limited United KingdomTesla France S.a r.l. FranceTesla Germany GmbH GermanyTesla Greece Single Member P.C. GreeceTesla Hrvatska d.o.o. CroatiaTesla Hungary Kft. HungaryTesla India Motors and Energy Private Limited IndiaTesla Insurance Brokers Co., Ltd. ChinaTesla Insurance Holdings, LLC DelawareTesla Insurance, Inc. DelawareTeesla Insurance Ltd. MaltaTesla Insurance Services, Inc. CaliforniaTesla Insurance Services of Texas,Inc. TexasTesla International B.V. Netherlands","Tesla Energia Macau Limitada MacauTesla Energy d.o.o. SloveniaTesla Energy Operations,Inc. DelawareTesla Finance LLC DelawareTesla Financial Leasing (China) Co.,Ltd. ChinaTesla Financial Services GmbH GermanyTesla Financial Services Holdings B.V. NetherlandsTesla Financial Services Limited United KingdomTesla France S.a r.l. FranceTesla Germany GmbH GermanyTesla Greece Single Member P.C. GreeceTesla Hrvatska d.o.o. CroatiaTesla Hungary Kft. HungaryTesla India Motors and Energy Private Limited IndiaTesla Insurance Brokers Co., Ltd. ChinaTesla Insurance Holdings, LLC DelawareTesla Insurance, Inc. DelawareTeesla Insurance Ltd. MaltaTesla Insurance Services, Inc. CaliforniaTesla Insurance Services of Texas,Inc. TexasTesla International B.V. Netherlands","Tesla Energia Macau Limitada MacauTesla Energy d.o.o. SloveniaTesla Energy Operations,Inc. DelawareTesla Finance LLC DelawareTesla Financial Leasing (China) Co.,Ltd. ChinaTesla Financial Services GmbH GermanyTesla Financial Services Holdings B.V. NetherlandsTesla Financial Services Limited United KingdomTesla France S.a r.l. FranceTesla Germany GmbH GermanyTesla Greece Single Member P.C. GreeceTesla Hrvatska d.o.o. CroatiaTesla Hungary Kft. HungaryTesla India Motors and Energy Private Limited IndiaTesla Insurance Brokers Co., Ltd. ChinaTesla Insurance Holdings, LLC DelawareTesla Insurance, Inc. DelawareTeesla Insurance Ltd. MaltaTesla Insurance Services, Inc. CaliforniaTesla Insurance Services of Texas,Inc. TexasTesla International B.V. Netherlands","Tesla Energia Macau Limitada MacauTesla Energy d.o.o. SloveniaTesla Energy Operations,Inc. DelawareTesla Finance LLC DelawareTesla Financial Leasing (China) Co.,Ltd. ChinaTesla Financial Services GmbH GermanyTesla Financial Services Holdings B.V. NetherlandsTesla Financial Services Limited United KingdomTesla France S.a r.l. FranceTesla Germany GmbH GermanyTesla Greece Single Member P.C. GreeceTesla Hrvatska d.o.o. CroatiaTesla Hungary Kft. HungaryTesla India Motors and Energy Private Limited IndiaTesla Insurance Brokers Co., Ltd. ChinaTesla Insurance Holdings, LLC DelawareTesla Insurance, Inc. DelawareTeesla Insurance Ltd. MaltaTesla Insurance Services, Inc. CaliforniaTesla Insurance Services of Texas,Inc. TexasTesla International B.V. Netherlands","Tesla Energia Macau Limitada MacauTesla Energy d.o.o. SloveniaTesla Energy Operations,Inc. DelawareTesla Finance LLC DelawareTesla Financial Leasing (China) Co.,Ltd. ChinaTesla Financial Services GmbH GermanyTesla Financial Services Holdings B.V. NetherlandsTesla Financial Services Limited United KingdomTesla France S.a r.l. FranceTesla Germany GmbH GermanyTesla Greece Single Member P.C. GreeceTesla Hrvatska d.o.o. CroatiaTesla Hungary Kft. HungaryTesla India Motors and Energy Private Limited IndiaTesla Insurance Brokers Co., Ltd. ChinaTesla Insurance Holdings, LLC DelawareTesla Insurance, Inc. DelawareTeesla Insurance Ltd. MaltaTesla Insurance Services, Inc. CaliforniaTesla Insurance Services of Texas,Inc. TexasTesla International B.V. Netherlands","Tesla Energia Macau Limitada MacauTesla Energy d.o.o. SloveniaTesla Energy Operations,Inc. DelawareTesla Finance LLC DelawareTesla Financial Leasing (China) Co.,Ltd. ChinaTesla Financial Services GmbH GermanyTesla Financial Services Holdings B.V. NetherlandsTesla Financial Services Limited United KingdomTesla France S.a r.l. FranceTesla Germany GmbH GermanyTesla Greece Single Member P.C. GreeceTesla Hrvatska d.o.o. CroatiaTesla Hungary Kft. HungaryTesla India Motors and Energy Private Limited IndiaTesla Insurance Brokers Co., Ltd. ChinaTesla Insurance Holdings, LLC DelawareTesla Insurance, Inc. DelawareTeesla Insurance Ltd. MaltaTesla Insurance Services, Inc. CaliforniaTesla Insurance Services of Texas,Inc. TexasTesla International B.V. Netherlands","Tesla Energia Macau Limitada MacauTesla Energy d.o.o. SloveniaTesla Energy Operations,Inc. DelawareTesla Finance LLC DelawareTesla Financial Leasing (China) Co.,Ltd. ChinaTesla Financial Services GmbH GermanyTesla Financial Services Holdings B.V. NetherlandsTesla Financial Services Limited United KingdomTesla France S.a r.l. FranceTesla Germany GmbH GermanyTesla Greece Single Member P.C. GreeceTesla Hrvatska d.o.o. CroatiaTesla Hungary Kft. HungaryTesla India Motors and Energy Private Limited IndiaTesla Insurance Brokers Co., Ltd. ChinaTesla Insurance Holdings, LLC DelawareTesla Insurance, Inc. DelawareTeesla Insurance Ltd. MaltaTesla Insurance Services, Inc. CaliforniaTesla Insurance Services of Texas,Inc. TexasTesla International B.V. Netherlands","Tesla Energia Macau Limitada MacauTesla Energy d.o.o. SloveniaTesla Energy Operations,Inc. DelawareTesla Finance LLC DelawareTesla Financial Leasing (China) Co.,Ltd. ChinaTesla Financial Services GmbH GermanyTesla Financial Services Holdings B.V. NetherlandsTesla Financial Services Limited United KingdomTesla France S.a r.l. FranceTesla Germany GmbH GermanyTesla Greece Single Member P.C. GreeceTesla Hrvatska d.o.o. CroatiaTesla Hungary Kft. HungaryTesla India Motors and Energy Private Limited IndiaTesla Insurance Brokers Co., Ltd. ChinaTesla Insurance Holdings, LLC DelawareTesla Insurance, Inc. DelawareTeesla Insurance Ltd. MaltaTesla Insurance Services, Inc. CaliforniaTesla Insurance Services of Texas,Inc. TexasTesla International B.V. Netherlands","Tesla Energia Macau Limitada MacauTesla Energy d.o.o. SloveniaTesla Energy Operations,Inc. DelawareTesla Finance LLC DelawareTesla Financial Leasing (China) Co.,Ltd. ChinaTesla Financial Services GmbH GermanyTesla Financial Services Holdings B.V. NetherlandsTesla Financial Services Limited United KingdomTesla France S.a r.l. FranceTesla Germany GmbH GermanyTesla Greece Single Member P.C. GreeceTesla Hrvatska d.o.o. CroatiaTesla Hungary Kft. HungaryTesla India Motors and Energy Private Limited IndiaTesla Insurance Brokers Co., Ltd. ChinaTesla Insurance Holdings, LLC DelawareTesla Insurance, Inc. DelawareTeesla Insurance Ltd. MaltaTesla Insurance Services, Inc. CaliforniaTesla Insurance Services of Texas,Inc. TexasTesla International B.V. Netherlands",,,,,,,,,,,,,,,,,,,,,,
"Tesla Energia Macau Limitada MacauTesla Energy d.o.o. SloveniaTesla Energy Operations,Inc. DelawareTesla Finance LLC DelawareTesla Financial Leasing (China) Co.,Ltd. ChinaTesla Financial Services GmbH GermanyTesla Financial Services Holdings B.V. NetherlandsTesla Financial Services Limited United KingdomTesla France S.a r.l. FranceTesla Germany GmbH GermanyTesla Greece Single Member P.C. GreeceTesla Hrvatska d.o.o. CroatiaTesla Hungary Kft. HungaryTesla India Motors and Energy Private Limited IndiaTesla Insurance Brokers Co., Ltd. ChinaTesla Insurance Holdings, LLC DelawareTesla Insurance, Inc. DelawareTeesla Insurance Ltd. MaltaTesla Insurance Services, Inc. CaliforniaTesla Insurance Services of Texas,Inc. TexasTesla International B.V. Netherlands","Tesla Energia Macau Limitada MacauTesla Energy d.o.o. SloveniaTesla Energy Operations,Inc. DelawareTesla Finance LLC DelawareTesla Financial Leasing (China) Co.,Ltd. ChinaTesla Financial Services GmbH GermanyTesla Financial Services Holdings B.V. NetherlandsTesla Financial Services Limited United KingdomTesla France S.a r.l. FranceTesla Germany GmbH GermanyTesla Greece Single Member P.C. GreeceTesla Hrvatska d.o.o. CroatiaTesla Hungary Kft. HungaryTesla India Motors and Energy Private Limited IndiaTesla Insurance Brokers Co., Ltd. ChinaTesla Insurance Holdings, LLC DelawareTesla Insurance, Inc. DelawareTeesla Insurance Ltd. MaltaTesla Insurance Services, Inc. CaliforniaTesla Insurance Services of Texas,Inc. TexasTesla International B.V. Netherlands","Tesla Energia Macau Limitada MacauTesla Energy d.o.o. SloveniaTesla Energy Operations,Inc. DelawareTesla Finance LLC DelawareTesla Financial Leasing (China) Co.,Ltd. ChinaTesla Financial Services GmbH GermanyTesla Financial Services Holdings B.V. NetherlandsTesla Financial Services Limited United KingdomTesla France S.a r.l. FranceTesla Germany GmbH GermanyTesla Greece Single Member P.C. GreeceTesla Hrvatska d.o.o. CroatiaTesla Hungary Kft. HungaryTesla India Motors and Energy Private Limited IndiaTesla Insurance Brokers Co., Ltd. ChinaTesla Insurance Holdings, LLC DelawareTesla Insurance, Inc. DelawareTeesla Insurance Ltd. MaltaTesla Insurance Services, Inc. CaliforniaTesla Insurance Services of Texas,Inc. TexasTesla International B.V. Netherlands","Tesla Energia Macau Limitada MacauTesla Energy d.o.o. SloveniaTesla Energy Operations,Inc. DelawareTesla Finance LLC DelawareTesla Financial Leasing (China) Co.,Ltd. ChinaTesla Financial Services GmbH GermanyTesla Financial Services Holdings B.V. NetherlandsTesla Financial Services Limited United KingdomTesla France S.a r.l. FranceTesla Germany GmbH GermanyTesla Greece Single Member P.C. GreeceTesla Hrvatska d.o.o. CroatiaTesla Hungary Kft. HungaryTesla India Motors and Energy Private Limited IndiaTesla Insurance Brokers Co., Ltd. ChinaTesla Insurance Holdings, LLC DelawareTesla Insurance, Inc. DelawareTeesla Insurance Ltd. MaltaTesla Insurance Services, Inc. CaliforniaTesla Insurance Services of Texas,Inc. TexasTesla International B.V. Netherlands","Tesla Energia Macau Limitada MacauTesla Energy d.o.o. SloveniaTesla Energy Operations,Inc. DelawareTesla Finance LLC DelawareTesla Financial Leasing (China) Co.,Ltd. ChinaTesla Financial Services GmbH GermanyTesla Financial Services Holdings B.V. NetherlandsTesla Financial Services Limited United KingdomTesla France S.a r.l. FranceTesla Germany GmbH GermanyTesla Greece Single Member P.C. GreeceTesla Hrvatska d.o.o. CroatiaTesla Hungary Kft. HungaryTesla India Motors and Energy Private Limited IndiaTesla Insurance Brokers Co., Ltd. ChinaTesla Insurance Holdings, LLC DelawareTesla Insurance, Inc. DelawareTeesla Insurance Ltd. MaltaTesla Insurance Services, Inc. CaliforniaTesla Insurance Services of Texas,Inc. TexasTesla International B.V. Netherlands","Tesla Energia Macau Limitada MacauTesla Energy d.o.o. SloveniaTesla Energy Operations,Inc. DelawareTesla Finance LLC DelawareTesla Financial Leasing (China) Co.,Ltd. ChinaTesla Financial Services GmbH GermanyTesla Financial Services Holdings B.V. NetherlandsTesla Financial Services Limited United KingdomTesla France S.a r.l. FranceTesla Germany GmbH GermanyTesla Greece Single Member P.C. GreeceTesla Hrvatska d.o.o. CroatiaTesla Hungary Kft. HungaryTesla India Motors and Energy Private Limited IndiaTesla Insurance Brokers Co., Ltd. ChinaTesla Insurance Holdings, LLC DelawareTesla Insurance, Inc. DelawareTeesla Insurance Ltd. MaltaTesla Insurance Services, Inc. CaliforniaTesla Insurance Services of Texas,Inc. TexasTesla International B.V. Netherlands","Tesla Energia Macau Limitada MacauTesla Energy d.o.o. SloveniaTesla Energy Operations,Inc. DelawareTesla Finance LLC DelawareTesla Financial Leasing (China) Co.,Ltd. ChinaTesla Financial Services GmbH GermanyTesla Financial Services Holdings B.V. NetherlandsTesla Financial Services Limited United KingdomTesla France S.a r.l. FranceTesla Germany GmbH GermanyTesla Greece Single Member P.C. GreeceTesla Hrvatska d.o.o. CroatiaTesla Hungary Kft. HungaryTesla India Motors and Energy Private Limited IndiaTesla Insurance Brokers Co., Ltd. ChinaTesla Insurance Holdings, LLC DelawareTesla Insurance, Inc. DelawareTeesla Insurance Ltd. MaltaTesla Insurance Services, Inc. CaliforniaTesla Insurance Services of Texas,Inc. TexasTesla International B.V. Netherlands","Tesla Energia Macau Limitada MacauTesla Energy d.o.o. SloveniaTesla Energy Operations,Inc. DelawareTesla Finance LLC DelawareTesla Financial Leasing (China) Co.,Ltd. ChinaTesla Financial Services GmbH GermanyTesla Financial Services Holdings B.V. NetherlandsTesla Financial Services Limited United KingdomTesla France S.a r.l. FranceTesla Germany GmbH GermanyTesla Greece Single Member P.C. GreeceTesla Hrvatska d.o.o. CroatiaTesla Hungary Kft. HungaryTesla India Motors and Energy Private Limited IndiaTesla Insurance Brokers Co., Ltd. ChinaTesla Insurance Holdings, LLC DelawareTesla Insurance, Inc. DelawareTeesla Insurance Ltd. MaltaTesla Insurance Services, Inc. CaliforniaTesla Insurance Services of Texas,Inc. TexasTesla International B.V. Netherlands","Tesla Energia Macau Limitada MacauTesla Energy d.o.o. SloveniaTesla Energy Operations,Inc. DelawareTesla Finance LLC DelawareTesla Financial Leasing (China) Co.,Ltd. ChinaTesla Financial Services GmbH GermanyTesla Financial Services Holdings B.V. NetherlandsTesla Financial Services Limited United KingdomTesla France S.a r.l. FranceTesla Germany GmbH GermanyTesla Greece Single Member P.C. GreeceTesla Hrvatska d.o.o. CroatiaTesla Hungary Kft. HungaryTesla India Motors and Energy Private Limited IndiaTesla Insurance Brokers Co., Ltd. ChinaTesla Insurance Holdings, LLC DelawareTesla Insurance, Inc. DelawareTeesla Insurance Ltd. MaltaTesla Insurance Services, Inc. CaliforniaTesla Insurance Services of Texas,Inc. TexasTesla International B.V. Netherlands","Tesla Energia Macau Limitada MacauTesla Energy d.o.o. SloveniaTesla Energy Operations,Inc. DelawareTesla Finance LLC DelawareTesla Financial Leasing (China) Co.,Ltd. ChinaTesla Financial Services GmbH GermanyTesla Financial Services Holdings B.V. NetherlandsTesla Financial Services Limited United KingdomTesla France S.a r.l. FranceTesla Germany GmbH GermanyTesla Greece Single Member P.C. GreeceTesla Hrvatska d.o.o. CroatiaTesla Hungary Kft. HungaryTesla India Motors and Energy Private Limited IndiaTesla Insurance Brokers Co., Ltd. ChinaTesla Insurance Holdings, LLC DelawareTesla Insurance, Inc. DelawareTeesla Insurance Ltd. MaltaTesla Insurance Services, Inc. CaliforniaTesla Insurance Services of Texas,Inc. TexasTesla International B.V. Netherlands","Tesla Energia Macau Limitada MacauTesla Energy d.o.o. SloveniaTesla Energy Operations,Inc. DelawareTesla Finance LLC DelawareTesla Financial Leasing (China) Co.,Ltd. ChinaTesla Financial Services GmbH GermanyTesla Financial Services Holdings B.V. NetherlandsTesla Financial Services Limited United KingdomTesla France S.a r.l. FranceTesla Germany GmbH GermanyTesla Greece Single Member P.C. GreeceTesla Hrvatska d.o.o. CroatiaTesla Hungary Kft. HungaryTesla India Motors and Energy Private Limited IndiaTesla Insurance Brokers Co., Ltd. ChinaTesla Insurance Holdings, LLC DelawareTesla Insurance, Inc. DelawareTeesla Insurance Ltd. MaltaTesla Insurance Services, Inc. CaliforniaTesla Insurance Services of Texas,Inc. TexasTesla International B.V. Netherlands","Tesla Energia Macau Limitada MacauTesla Energy d.o.o. SloveniaTesla Energy Operations,Inc. DelawareTesla Finance LLC DelawareTesla Financial Leasing (China) Co.,Ltd. ChinaTesla Financial Services GmbH GermanyTesla Financial Services Holdings B.V. NetherlandsTesla Financial Services Limited United KingdomTesla France S.a r.l. FranceTesla Germany GmbH GermanyTesla Greece Single Member P.C. GreeceTesla Hrvatska d.o.o. CroatiaTesla Hungary Kft. HungaryTesla India Motors and Energy Private Limited IndiaTesla Insurance Brokers Co., Ltd. ChinaTesla Insurance Holdings, LLC DelawareTesla Insurance, Inc. DelawareTeesla Insurance Ltd. MaltaTesla Insurance Services, Inc. CaliforniaTesla Insurance Services of Texas,Inc. TexasTesla International B.V. Netherlands","Tesla Energia Macau Limitada MacauTesla Energy d.o.o. SloveniaTesla Energy Operations,Inc. DelawareTesla Finance LLC DelawareTesla Financial Leasing (China) Co.,Ltd. ChinaTesla Financial Services GmbH GermanyTesla Financial Services Holdings B.V. NetherlandsTesla Financial Services Limited United KingdomTesla France S.a r.l. FranceTesla Germany GmbH GermanyTesla Greece Single Member P.C. GreeceTesla Hrvatska d.o.o. CroatiaTesla Hungary Kft. HungaryTesla India Motors and Energy Private Limited IndiaTesla Insurance Brokers Co., Ltd. ChinaTesla Insurance Holdings, LLC DelawareTesla Insurance, Inc. DelawareTeesla Insurance Ltd. MaltaTesla Insurance Services, Inc. CaliforniaTesla Insurance Services of Texas,Inc. TexasTesla International B.V. Netherlands","Tesla Energia Macau Limitada MacauTesla Energy d.o.o. SloveniaTesla Energy Operations,Inc. DelawareTesla Finance LLC DelawareTesla Financial Leasing (China) Co.,Ltd. ChinaTesla Financial Services GmbH GermanyTesla Financial Services Holdings B.V. NetherlandsTesla Financial Services Limited United KingdomTesla France S.a r.l. FranceTesla Germany GmbH GermanyTesla Greece Single Member P.C. GreeceTesla Hrvatska d.o.o. CroatiaTesla Hungary Kft. HungaryTesla India Motors and Energy Private Limited IndiaTesla Insurance Brokers Co., Ltd. ChinaTesla Insurance Holdings, LLC DelawareTesla Insurance, Inc. DelawareTeesla Insurance Ltd. MaltaTesla Insurance Services, Inc. CaliforniaTesla Insurance Services of Texas,Inc. TexasTesla International B.V. Netherlands","Tesla Energia Macau Limitada MacauTesla Energy d.o.o. SloveniaTesla Energy Operations,Inc. DelawareTesla Finance LLC DelawareTesla Financial Leasing (China) Co.,Ltd. ChinaTesla Financial Services GmbH GermanyTesla Financial Services Holdings B.V. NetherlandsTesla Financial Services Limited United KingdomTesla France S.a r.l. FranceTesla Germany GmbH GermanyTesla Greece Single Member P.C. GreeceTesla Hrvatska d.o.o. CroatiaTesla Hungary Kft. HungaryTesla India Motors and Energy Private Limited IndiaTesla Insurance Brokers Co., Ltd. ChinaTesla Insurance Holdings, LLC DelawareTesla Insurance, Inc. DelawareTeesla Insurance Ltd. MaltaTesla Insurance Services, Inc. CaliforniaTesla Insurance Services of Texas,Inc. TexasTesla International B.V. Netherlands","Tesla Energia Macau Limitada MacauTesla Energy d.o.o. SloveniaTesla Energy Operations,Inc. DelawareTesla Finance LLC DelawareTesla Financial Leasing (China) Co.,Ltd. ChinaTesla Financial Services GmbH GermanyTesla Financial Services Holdings B.V. NetherlandsTesla Financial Services Limited United KingdomTesla France S.a r.l. FranceTesla Germany GmbH GermanyTesla Greece Single Member P.C. GreeceTesla Hrvatska d.o.o. CroatiaTesla Hungary Kft. HungaryTesla India Motors and Energy Private Limited IndiaTesla Insurance Brokers Co., Ltd. ChinaTesla Insurance Holdings, LLC DelawareTesla Insurance, Inc. DelawareTeesla Insurance Ltd. MaltaTesla Insurance Services, Inc. CaliforniaTesla Insurance Services of Texas,Inc. TexasTesla International B.V. Netherlands","Tesla Energia Macau Limitada MacauTesla Energy d.o.o. SloveniaTesla Energy Operations,Inc. DelawareTesla Finance LLC DelawareTesla Financial Leasing (China) Co.,Ltd. ChinaTesla Financial Services GmbH GermanyTesla Financial Services Holdings B.V. NetherlandsTesla Financial Services Limited United KingdomTesla France S.a r.l. FranceTesla Germany GmbH GermanyTesla Greece Single Member P.C. GreeceTesla Hrvatska d.o.o. CroatiaTesla Hungary Kft. HungaryTesla India Motors and Energy Private Limited IndiaTesla Insurance Brokers Co., Ltd. ChinaTesla Insurance Holdings, LLC DelawareTesla Insurance, Inc. DelawareTeesla Insurance Ltd. MaltaTesla Insurance Services, Inc. CaliforniaTesla Insurance Services of Texas,Inc. TexasTesla International B.V. Netherlands","Tesla Energia Macau Limitada MacauTesla Energy d.o.o. SloveniaTesla Energy Operations,Inc. DelawareTesla Finance LLC DelawareTesla Financial Leasing (China) Co.,Ltd. ChinaTesla Financial Services GmbH GermanyTesla Financial Services Holdings B.V. NetherlandsTesla Financial Services Limited United KingdomTesla France S.a r.l. FranceTesla Germany GmbH GermanyTesla Greece Single Member P.C. GreeceTesla Hrvatska d.o.o. CroatiaTesla Hungary Kft. HungaryTesla India Motors and Energy Private Limited IndiaTesla Insurance Brokers Co., Ltd. ChinaTesla Insurance Holdings, LLC DelawareTesla Insurance, Inc. DelawareTeesla Insurance Ltd. MaltaTesla Insurance Services, Inc. CaliforniaTesla Insurance Services of Texas,Inc. TexasTesla International B.V. Netherlands","Tesla Energia Macau Limitada MacauTesla Energy d.o.o. SloveniaTesla Energy Operations,Inc. DelawareTesla Finance LLC DelawareTesla Financial Leasing (China) Co.,Ltd. ChinaTesla Financial Services GmbH GermanyTesla Financial Services Holdings B.V. NetherlandsTesla Financial Services Limited United KingdomTesla France S.a r.l. FranceTesla Germany GmbH GermanyTesla Greece Single Member P.C. GreeceTesla Hrvatska d.o.o. CroatiaTesla Hungary Kft. HungaryTesla India Motors and Energy Private Limited IndiaTesla Insurance Brokers Co., Ltd. ChinaTesla Insurance Holdings, LLC DelawareTesla Insurance, Inc. DelawareTeesla Insurance Ltd. MaltaTesla Insurance Services, Inc. CaliforniaTesla Insurance Services of Texas,Inc. TexasTesla International B.V. Netherlands","Tesla Energia Macau Limitada MacauTesla Energy d.o.o. SloveniaTesla Energy Operations,Inc. DelawareTesla Finance LLC DelawareTesla Financial Leasing (China) Co.,Ltd. ChinaTesla Financial Services GmbH GermanyTesla Financial Services Holdings B.V. NetherlandsTesla Financial Services Limited United KingdomTesla France S.a r.l. FranceTesla Germany GmbH GermanyTesla Greece Single Member P.C. GreeceTesla Hrvatska d.o.o. CroatiaTesla Hungary Kft. HungaryTesla India Motors and Energy Private Limited IndiaTesla Insurance Brokers Co., Ltd. ChinaTesla Insurance Holdings, LLC DelawareTesla Insurance, Inc. DelawareTeesla Insurance Ltd. MaltaTesla Insurance Services, Inc. CaliforniaTesla Insurance Services of Texas,Inc. TexasTesla International B.V. Netherlands","Tesla Energia Macau Limitada MacauTesla Energy d.o.o. SloveniaTesla Energy Operations,Inc. DelawareTesla Finance LLC DelawareTesla Financial Leasing (China) Co.,Ltd. ChinaTesla Financial Services GmbH GermanyTesla Financial Services Holdings B.V. NetherlandsTesla Financial Services Limited United KingdomTesla France S.a r.l. FranceTesla Germany GmbH GermanyTesla Greece Single Member P.C. GreeceTesla Hrvatska d.o.o. CroatiaTesla Hungary Kft. HungaryTesla India Motors and Energy Private Limited IndiaTesla Insurance Brokers Co., Ltd. ChinaTesla Insurance Holdings, LLC DelawareTesla Insurance, Inc. DelawareTeesla Insurance Ltd. MaltaTesla Insurance Services, Inc. CaliforniaTesla Insurance Services of Texas,Inc. TexasTesla International B.V. Netherlands","Tesla Energia Macau Limitada MacauTesla Energy d.o.o. SloveniaTesla Energy Operations,Inc. DelawareTesla Finance LLC DelawareTesla Financial Leasing (China) Co.,Ltd. ChinaTesla Financial Services GmbH GermanyTesla Financial Services Holdings B.V. NetherlandsTesla Financial Services Limited United KingdomTesla France S.a r.l. FranceTesla Germany GmbH GermanyTesla Greece Single Member P.C. GreeceTesla Hrvatska d.o.o. CroatiaTesla Hungary Kft. HungaryTesla India Motors and Energy Private Limited IndiaTesla Insurance Brokers Co., Ltd. ChinaTesla Insurance Holdings, LLC DelawareTesla Insurance, Inc. DelawareTeesla Insurance Ltd. MaltaTesla Insurance Services, Inc. CaliforniaTesla Insurance Services of Texas,Inc. TexasTesla International B.V. Netherlands","Tesla Energia Macau Limitada MacauTesla Energy d.o.o. SloveniaTesla Energy Operations,Inc. DelawareTesla Finance LLC DelawareTesla Financial Leasing (China) Co.,Ltd. ChinaTesla Financial Services GmbH GermanyTesla Financial Services Holdings B.V. NetherlandsTesla Financial Services Limited United KingdomTesla France S.a r.l. FranceTesla Germany GmbH GermanyTesla Greece Single Member P.C. GreeceTesla Hrvatska d.o.o. CroatiaTesla Hungary Kft. HungaryTesla India Motors and Energy Private Limited IndiaTesla Insurance Brokers Co., Ltd. ChinaTesla Insurance Holdings, LLC DelawareTesla Insurance, Inc. DelawareTeesla Insurance Ltd. MaltaTesla Insurance Services, Inc. CaliforniaTesla Insurance Services of Texas,Inc. TexasTesla International B.V. Netherlands","Tesla Energia Macau Limitada MacauTesla Energy d.o.o. SloveniaTesla Energy Operations,Inc. DelawareTesla Finance LLC DelawareTesla Financial Leasing (China) Co.,Ltd. ChinaTesla Financial Services GmbH GermanyTesla Financial Services Holdings B.V. NetherlandsTesla Financial Services Limited United KingdomTesla France S.a r.l. FranceTesla Germany GmbH GermanyTesla Greece Single Member P.C. GreeceTesla Hrvatska d.o.o. CroatiaTesla Hungary Kft. HungaryTesla India Motors and Energy Private Limited IndiaTesla Insurance Brokers Co., Ltd. ChinaTesla Insurance Holdings, LLC DelawareTesla Insurance, Inc. DelawareTeesla Insurance Ltd. MaltaTesla Insurance Services, Inc. CaliforniaTesla Insurance Services of Texas,Inc. TexasTesla International B.V. Netherlands","Tesla Energia Macau Limitada MacauTesla Energy d.o.o. SloveniaTesla Energy Operations,Inc. DelawareTesla Finance LLC DelawareTesla Financial Leasing (China) Co.,Ltd. ChinaTesla Financial Services GmbH GermanyTesla Financial Services Holdings B.V. NetherlandsTesla Financial Services Limited United KingdomTesla France S.a r.l. FranceTesla Germany GmbH GermanyTesla Greece Single Member P.C. GreeceTesla Hrvatska d.o.o. CroatiaTesla Hungary Kft. HungaryTesla India Motors and Energy Private Limited IndiaTesla Insurance Brokers Co., Ltd. ChinaTesla Insurance Holdings, LLC DelawareTesla Insurance, Inc. DelawareTeesla Insurance Ltd. MaltaTesla Insurance Services, Inc. CaliforniaTesla Insurance Services of Texas,Inc. TexasTesla International B.V. Netherlands","Tesla Energia Macau Limitada MacauTesla Energy d.o.o. SloveniaTesla Energy Operations,Inc. DelawareTesla Finance LLC DelawareTesla Financial Leasing (China) Co.,Ltd. ChinaTesla Financial Services GmbH GermanyTesla Financial Services Holdings B.V. NetherlandsTesla Financial Services Limited United KingdomTesla France S.a r.l. FranceTesla Germany GmbH GermanyTesla Greece Single Member P.C. GreeceTesla Hrvatska d.o.o. CroatiaTesla Hungary Kft. HungaryTesla India Motors and Energy Private Limited IndiaTesla Insurance Brokers Co., Ltd. ChinaTesla Insurance Holdings, LLC DelawareTesla Insurance, Inc. DelawareTeesla Insurance Ltd. MaltaTesla Insurance Services, Inc. CaliforniaTesla Insurance Services of Texas,Inc. TexasTesla International B.V. Netherlands","Tesla Energia Macau Limitada MacauTesla Energy d.o.o. SloveniaTesla Energy Operations,Inc. DelawareTesla Finance LLC DelawareTesla Financial Leasing (China) Co.,Ltd. ChinaTesla Financial Services GmbH GermanyTesla Financial Services Holdings B.V. NetherlandsTesla Financial Services Limited United KingdomTesla France S.a r.l. FranceTesla Germany GmbH GermanyTesla Greece Single Member P.C. GreeceTesla Hrvatska d.o.o. CroatiaTesla Hungary Kft. HungaryTesla India Motors and Energy Private Limited IndiaTesla Insurance Brokers Co., Ltd. ChinaTesla Insurance Holdings, LLC DelawareTesla Insurance, Inc. DelawareTeesla Insurance Ltd. MaltaTesla Insurance Services, Inc. CaliforniaTesla Insurance Services of Texas,Inc. TexasTesla International B.V. Netherlands","Tesla Energia Macau Limitada MacauTesla Energy d.o.o. SloveniaTesla Energy Operations,Inc. DelawareTesla Finance LLC DelawareTesla Financial Leasing (China) Co.,Ltd. ChinaTesla Financial Services GmbH GermanyTesla Financial Services Holdings B.V. NetherlandsTesla Financial Services Limited United KingdomTesla France S.a r.l. FranceTesla Germany GmbH GermanyTesla Greece Single Member P.C. GreeceTesla Hrvatska d.o.o. CroatiaTesla Hungary Kft. HungaryTesla India Motors and Energy Private Limited IndiaTesla Insurance Brokers Co., Ltd. ChinaTesla Insurance Holdings, LLC DelawareTesla Insurance, Inc. DelawareTeesla Insurance Ltd. MaltaTesla Insurance Services, Inc. CaliforniaTesla Insurance Services of Texas,Inc. TexasTesla International B.V. Netherlands",,,,China,,,,,,,,,,,,,,,,,,
"Tesla Energia Macau Limitada MacauTesla Energy d.o.o. SloveniaTesla Energy Operations,Inc. DelawareTesla Finance LLC DelawareTesla Financial Leasing (China) Co.,Ltd. ChinaTesla Financial Services GmbH GermanyTesla Financial Services Holdings B.V. NetherlandsTesla Financial Services Limited United KingdomTesla France S.a r.l. FranceTesla Germany GmbH GermanyTesla Greece Single Member P.C. GreeceTesla Hrvatska d.o.o. CroatiaTesla Hungary Kft. HungaryTesla India Motors and Energy Private Limited IndiaTesla Insurance Brokers Co., Ltd. ChinaTesla Insurance Holdings, LLC DelawareTesla Insurance, Inc. DelawareTeesla Insurance Ltd. MaltaTesla Insurance Services, Inc. CaliforniaTesla Insurance Services of Texas,Inc. TexasTesla International B.V. Netherlands","Tesla Energia Macau Limitada MacauTesla Energy d.o.o. SloveniaTesla Energy Operations,Inc. DelawareTesla Finance LLC DelawareTesla Financial Leasing (China) Co.,Ltd. ChinaTesla Financial Services GmbH GermanyTesla Financial Services Holdings B.V. NetherlandsTesla Financial Services Limited United KingdomTesla France S.a r.l. FranceTesla Germany GmbH GermanyTesla Greece Single Member P.C. GreeceTesla Hrvatska d.o.o. CroatiaTesla Hungary Kft. HungaryTesla India Motors and Energy Private Limited IndiaTesla Insurance Brokers Co., Ltd. ChinaTesla Insurance Holdings, LLC DelawareTesla Insurance, Inc. DelawareTeesla Insurance Ltd. MaltaTesla Insurance Services, Inc. CaliforniaTesla Insurance Services of Texas,Inc. TexasTesla International B.V. Netherlands","Tesla Energia Macau Limitada MacauTesla Energy d.o.o. SloveniaTesla Energy Operations,Inc. DelawareTesla Finance LLC DelawareTesla Financial Leasing (China) Co.,Ltd. ChinaTesla Financial Services GmbH GermanyTesla Financial Services Holdings B.V. NetherlandsTesla Financial Services Limited United KingdomTesla France S.a r.l. FranceTesla Germany GmbH GermanyTesla Greece Single Member P.C. GreeceTesla Hrvatska d.o.o. CroatiaTesla Hungary Kft. HungaryTesla India Motors and Energy Private Limited IndiaTesla Insurance Brokers Co., Ltd. ChinaTesla Insurance Holdings, LLC DelawareTesla Insurance, Inc. DelawareTeesla Insurance Ltd. MaltaTesla Insurance Services, Inc. CaliforniaTesla Insurance Services of Texas,Inc. TexasTesla International B.V. Netherlands","Tesla Energia Macau Limitada MacauTesla Energy d.o.o. SloveniaTesla Energy Operations,Inc. DelawareTesla Finance LLC DelawareTesla Financial Leasing (China) Co.,Ltd. ChinaTesla Financial Services GmbH GermanyTesla Financial Services Holdings B.V. NetherlandsTesla Financial Services Limited United KingdomTesla France S.a r.l. FranceTesla Germany GmbH GermanyTesla Greece Single Member P.C. GreeceTesla Hrvatska d.o.o. CroatiaTesla Hungary Kft. HungaryTesla India Motors and Energy Private Limited IndiaTesla Insurance Brokers Co., Ltd. ChinaTesla Insurance Holdings, LLC DelawareTesla Insurance, Inc. DelawareTeesla Insurance Ltd. MaltaTesla Insurance Services, Inc. CaliforniaTesla Insurance Services of Texas,Inc. TexasTesla International B.V. Netherlands","Tesla Energia Macau Limitada MacauTesla Energy d.o.o. SloveniaTesla Energy Operations,Inc. DelawareTesla Finance LLC DelawareTesla Financial Leasing (China) Co.,Ltd. ChinaTesla Financial Services GmbH GermanyTesla Financial Services Holdings B.V. NetherlandsTesla Financial Services Limited United KingdomTesla France S.a r.l. FranceTesla Germany GmbH GermanyTesla Greece Single Member P.C. GreeceTesla Hrvatska d.o.o. CroatiaTesla Hungary Kft. HungaryTesla India Motors and Energy Private Limited IndiaTesla Insurance Brokers Co., Ltd. ChinaTesla Insurance Holdings, LLC DelawareTesla Insurance, Inc. DelawareTeesla Insurance Ltd. MaltaTesla Insurance Services, Inc. CaliforniaTesla Insurance Services of Texas,Inc. TexasTesla International B.V. Netherlands","Tesla Energia Macau Limitada MacauTesla Energy d.o.o. SloveniaTesla Energy Operations,Inc. DelawareTesla Finance LLC DelawareTesla Financial Leasing (China) Co.,Ltd. ChinaTesla Financial Services GmbH GermanyTesla Financial Services Holdings B.V. NetherlandsTesla Financial Services Limited United KingdomTesla France S.a r.l. FranceTesla Germany GmbH GermanyTesla Greece Single Member P.C. GreeceTesla Hrvatska d.o.o. CroatiaTesla Hungary Kft. HungaryTesla India Motors and Energy Private Limited IndiaTesla Insurance Brokers Co., Ltd. ChinaTesla Insurance Holdings, LLC DelawareTesla Insurance, Inc. DelawareTeesla Insurance Ltd. MaltaTesla Insurance Services, Inc. CaliforniaTesla Insurance Services of Texas,Inc. TexasTesla International B.V. Netherlands","Tesla Energia Macau Limitada MacauTesla Energy d.o.o. SloveniaTesla Energy Operations,Inc. DelawareTesla Finance LLC DelawareTesla Financial Leasing (China) Co.,Ltd. ChinaTesla Financial Services GmbH GermanyTesla Financial Services Holdings B.V. NetherlandsTesla Financial Services Limited United KingdomTesla France S.a r.l. FranceTesla Germany GmbH GermanyTesla Greece Single Member P.C. GreeceTesla Hrvatska d.o.o. CroatiaTesla Hungary Kft. HungaryTesla India Motors and Energy Private Limited IndiaTesla Insurance Brokers Co., Ltd. ChinaTesla Insurance Holdings, LLC DelawareTesla Insurance, Inc. DelawareTeesla Insurance Ltd. MaltaTesla Insurance Services, Inc. CaliforniaTesla Insurance Services of Texas,Inc. TexasTesla International B.V. Netherlands","Tesla Energia Macau Limitada MacauTesla Energy d.o.o. SloveniaTesla Energy Operations,Inc. DelawareTesla Finance LLC DelawareTesla Financial Leasing (China) Co.,Ltd. ChinaTesla Financial Services GmbH GermanyTesla Financial Services Holdings B.V. NetherlandsTesla Financial Services Limited United KingdomTesla France S.a r.l. FranceTesla Germany GmbH GermanyTesla Greece Single Member P.C. GreeceTesla Hrvatska d.o.o. CroatiaTesla Hungary Kft. HungaryTesla India Motors and Energy Private Limited IndiaTesla Insurance Brokers Co., Ltd. ChinaTesla Insurance Holdings, LLC DelawareTesla Insurance, Inc. DelawareTeesla Insurance Ltd. MaltaTesla Insurance Services, Inc. CaliforniaTesla Insurance Services of Texas,Inc. TexasTesla International B.V. Netherlands","Tesla Energia Macau Limitada MacauTesla Energy d.o.o. SloveniaTesla Energy Operations,Inc. DelawareTesla Finance LLC DelawareTesla Financial Leasing (China) Co.,Ltd. ChinaTesla Financial Services GmbH GermanyTesla Financial Services Holdings B.V. NetherlandsTesla Financial Services Limited United KingdomTesla France S.a r.l. FranceTesla Germany GmbH GermanyTesla Greece Single Member P.C. GreeceTesla Hrvatska d.o.o. CroatiaTesla Hungary Kft. HungaryTesla India Motors and Energy Private Limited IndiaTesla Insurance Brokers Co., Ltd. ChinaTesla Insurance Holdings, LLC DelawareTesla Insurance, Inc. DelawareTeesla Insurance Ltd. MaltaTesla Insurance Services, Inc. CaliforniaTesla Insurance Services of Texas,Inc. TexasTesla International B.V. Netherlands","Tesla Energia Macau Limitada MacauTesla Energy d.o.o. SloveniaTesla Energy Operations,Inc. DelawareTesla Finance LLC DelawareTesla Financial Leasing (China) Co.,Ltd. ChinaTesla Financial Services GmbH GermanyTesla Financial Services Holdings B.V. NetherlandsTesla Financial Services Limited United KingdomTesla France S.a r.l. FranceTesla Germany GmbH GermanyTesla Greece Single Member P.C. GreeceTesla Hrvatska d.o.o. CroatiaTesla Hungary Kft. HungaryTesla India Motors and Energy Private Limited IndiaTesla Insurance Brokers Co., Ltd. ChinaTesla Insurance Holdings, LLC DelawareTesla Insurance, Inc. DelawareTeesla Insurance Ltd. MaltaTesla Insurance Services, Inc. CaliforniaTesla Insurance Services of Texas,Inc. TexasTesla International B.V. Netherlands","Tesla Energia Macau Limitada MacauTesla Energy d.o.o. SloveniaTesla Energy Operations,Inc. DelawareTesla Finance LLC DelawareTesla Financial Leasing (China) Co.,Ltd. ChinaTesla Financial Services GmbH GermanyTesla Financial Services Holdings B.V. NetherlandsTesla Financial Services Limited United KingdomTesla France S.a r.l. FranceTesla Germany GmbH GermanyTesla Greece Single Member P.C. GreeceTesla Hrvatska d.o.o. CroatiaTesla Hungary Kft. HungaryTesla India Motors and Energy Private Limited IndiaTesla Insurance Brokers Co., Ltd. ChinaTesla Insurance Holdings, LLC DelawareTesla Insurance, Inc. DelawareTeesla Insurance Ltd. MaltaTesla Insurance Services, Inc. CaliforniaTesla Insurance Services of Texas,Inc. TexasTesla International B.V. Netherlands","Tesla Energia Macau Limitada MacauTesla Energy d.o.o. SloveniaTesla Energy Operations,Inc. DelawareTesla Finance LLC DelawareTesla Financial Leasing (China) Co.,Ltd. ChinaTesla Financial Services GmbH GermanyTesla Financial Services Holdings B.V. NetherlandsTesla Financial Services Limited United KingdomTesla France S.a r.l. FranceTesla Germany GmbH GermanyTesla Greece Single Member P.C. GreeceTesla Hrvatska d.o.o. CroatiaTesla Hungary Kft. HungaryTesla India Motors and Energy Private Limited IndiaTesla Insurance Brokers Co., Ltd. ChinaTesla Insurance Holdings, LLC DelawareTesla Insurance, Inc. DelawareTeesla Insurance Ltd. MaltaTesla Insurance Services, Inc. CaliforniaTesla Insurance Services of Texas,Inc. TexasTesla International B.V. Netherlands","Tesla Energia Macau Limitada MacauTesla Energy d.o.o. SloveniaTesla Energy Operations,Inc. DelawareTesla Finance LLC DelawareTesla Financial Leasing (China) Co.,Ltd. ChinaTesla Financial Services GmbH GermanyTesla Financial Services Holdings B.V. NetherlandsTesla Financial Services Limited United KingdomTesla France S.a r.l. FranceTesla Germany GmbH GermanyTesla Greece Single Member P.C. GreeceTesla Hrvatska d.o.o. CroatiaTesla Hungary Kft. HungaryTesla India Motors and Energy Private Limited IndiaTesla Insurance Brokers Co., Ltd. ChinaTesla Insurance Holdings, LLC DelawareTesla Insurance, Inc. DelawareTeesla Insurance Ltd. MaltaTesla Insurance Services, Inc. CaliforniaTesla Insurance Services of Texas,Inc. TexasTesla International B.V. Netherlands","Tesla Energia Macau Limitada MacauTesla Energy d.o.o. SloveniaTesla Energy Operations,Inc. DelawareTesla Finance LLC DelawareTesla Financial Leasing (China) Co.,Ltd. ChinaTesla Financial Services GmbH GermanyTesla Financial Services Holdings B.V. NetherlandsTesla Financial Services Limited United KingdomTesla France S.a r.l. FranceTesla Germany GmbH GermanyTesla Greece Single Member P.C. GreeceTesla Hrvatska d.o.o. CroatiaTesla Hungary Kft. HungaryTesla India Motors and Energy Private Limited IndiaTesla Insurance Brokers Co., Ltd. ChinaTesla Insurance Holdings, LLC DelawareTesla Insurance, Inc. DelawareTeesla Insurance Ltd. MaltaTesla Insurance Services, Inc. CaliforniaTesla Insurance Services of Texas,Inc. TexasTesla International B.V. Netherlands","Tesla Energia Macau Limitada MacauTesla Energy d.o.o. SloveniaTesla Energy Operations,Inc. DelawareTesla Finance LLC DelawareTesla Financial Leasing (China) Co.,Ltd. ChinaTesla Financial Services GmbH GermanyTesla Financial Services Holdings B.V. NetherlandsTesla Financial Services Limited United KingdomTesla France S.a r.l. FranceTesla Germany GmbH GermanyTesla Greece Single Member P.C. GreeceTesla Hrvatska d.o.o. CroatiaTesla Hungary Kft. HungaryTesla India Motors and Energy Private Limited IndiaTesla Insurance Brokers Co., Ltd. ChinaTesla Insurance Holdings, LLC DelawareTesla Insurance, Inc. DelawareTeesla Insurance Ltd. MaltaTesla Insurance Services, Inc. CaliforniaTesla Insurance Services of Texas,Inc. TexasTesla International B.V. Netherlands","Tesla Energia Macau Limitada MacauTesla Energy d.o.o. SloveniaTesla Energy Operations,Inc. DelawareTesla Finance LLC DelawareTesla Financial Leasing (China) Co.,Ltd. ChinaTesla Financial Services GmbH GermanyTesla Financial Services Holdings B.V. NetherlandsTesla Financial Services Limited United KingdomTesla France S.a r.l. FranceTesla Germany GmbH GermanyTesla Greece Single Member P.C. GreeceTesla Hrvatska d.o.o. CroatiaTesla Hungary Kft. HungaryTesla India Motors and Energy Private Limited IndiaTesla Insurance Brokers Co., Ltd. ChinaTesla Insurance Holdings, LLC DelawareTesla Insurance, Inc. DelawareTeesla Insurance Ltd. MaltaTesla Insurance Services, Inc. CaliforniaTesla Insurance Services of Texas,Inc. TexasTesla International B.V. Netherlands","Tesla Energia Macau Limitada MacauTesla Energy d.o.o. SloveniaTesla Energy Operations,Inc. DelawareTesla Finance LLC DelawareTesla Financial Leasing (China) Co.,Ltd. ChinaTesla Financial Services GmbH GermanyTesla Financial Services Holdings B.V. NetherlandsTesla Financial Services Limited United KingdomTesla France S.a r.l. FranceTesla Germany GmbH GermanyTesla Greece Single Member P.C. GreeceTesla Hrvatska d.o.o. CroatiaTesla Hungary Kft. HungaryTesla India Motors and Energy Private Limited IndiaTesla Insurance Brokers Co., Ltd. ChinaTesla Insurance Holdings, LLC DelawareTesla Insurance, Inc. DelawareTeesla Insurance Ltd. MaltaTesla Insurance Services, Inc. CaliforniaTesla Insurance Services of Texas,Inc. TexasTesla International B.V. Netherlands","Tesla Energia Macau Limitada MacauTesla Energy d.o.o. SloveniaTesla Energy Operations,Inc. DelawareTesla Finance LLC DelawareTesla Financial Leasing (China) Co.,Ltd. ChinaTesla Financial Services GmbH GermanyTesla Financial Services Holdings B.V. NetherlandsTesla Financial Services Limited United KingdomTesla France S.a r.l. FranceTesla Germany GmbH GermanyTesla Greece Single Member P.C. GreeceTesla Hrvatska d.o.o. CroatiaTesla Hungary Kft. HungaryTesla India Motors and Energy Private Limited IndiaTesla Insurance Brokers Co., Ltd. ChinaTesla Insurance Holdings, LLC DelawareTesla Insurance, Inc. DelawareTeesla Insurance Ltd. MaltaTesla Insurance Services, Inc. CaliforniaTesla Insurance Services of Texas,Inc. TexasTesla International B.V. Netherlands","Tesla Energia Macau Limitada MacauTesla Energy d.o.o. SloveniaTesla Energy Operations,Inc. DelawareTesla Finance LLC DelawareTesla Financial Leasing (China) Co.,Ltd. ChinaTesla Financial Services GmbH GermanyTesla Financial Services Holdings B.V. NetherlandsTesla Financial Services Limited United KingdomTesla France S.a r.l. FranceTesla Germany GmbH GermanyTesla Greece Single Member P.C. GreeceTesla Hrvatska d.o.o. CroatiaTesla Hungary Kft. HungaryTesla India Motors and Energy Private Limited IndiaTesla Insurance Brokers Co., Ltd. ChinaTesla Insurance Holdings, LLC DelawareTesla Insurance, Inc. DelawareTeesla Insurance Ltd. MaltaTesla Insurance Services, Inc. CaliforniaTesla Insurance Services of Texas,Inc. TexasTesla International B.V. Netherlands","Tesla Energia Macau Limitada MacauTesla Energy d.o.o. SloveniaTesla Energy Operations,Inc. DelawareTesla Finance LLC DelawareTesla Financial Leasing (China) Co.,Ltd. ChinaTesla Financial Services GmbH GermanyTesla Financial Services Holdings B.V. NetherlandsTesla Financial Services Limited United KingdomTesla France S.a r.l. FranceTesla Germany GmbH GermanyTesla Greece Single Member P.C. GreeceTesla Hrvatska d.o.o. CroatiaTesla Hungary Kft. HungaryTesla India Motors and Energy Private Limited IndiaTesla Insurance Brokers Co., Ltd. ChinaTesla Insurance Holdings, LLC DelawareTesla Insurance, Inc. DelawareTeesla Insurance Ltd. MaltaTesla Insurance Services, Inc. CaliforniaTesla Insurance Services of Texas,Inc. TexasTesla International B.V. Netherlands","Tesla Energia Macau Limitada MacauTesla Energy d.o.o. SloveniaTesla Energy Operations,Inc. DelawareTesla Finance LLC DelawareTesla Financial Leasing (China) Co.,Ltd. ChinaTesla Financial Services GmbH GermanyTesla Financial Services Holdings B.V. NetherlandsTesla Financial Services Limited United KingdomTesla France S.a r.l. FranceTesla Germany GmbH GermanyTesla Greece Single Member P.C. GreeceTesla Hrvatska d.o.o. CroatiaTesla Hungary Kft. HungaryTesla India Motors and Energy Private Limited IndiaTesla Insurance Brokers Co., Ltd. ChinaTesla Insurance Holdings, LLC DelawareTesla Insurance, Inc. DelawareTeesla Insurance Ltd. MaltaTesla Insurance Services, Inc. CaliforniaTesla Insurance Services of Texas,Inc. TexasTesla International B.V. Netherlands","Tesla Energia Macau Limitada MacauTesla Energy d.o.o. SloveniaTesla Energy Operations,Inc. DelawareTesla Finance LLC DelawareTesla Financial Leasing (China) Co.,Ltd. ChinaTesla Financial Services GmbH GermanyTesla Financial Services Holdings B.V. NetherlandsTesla Financial Services Limited United KingdomTesla France S.a r.l. FranceTesla Germany GmbH GermanyTesla Greece Single Member P.C. GreeceTesla Hrvatska d.o.o. CroatiaTesla Hungary Kft. HungaryTesla India Motors and Energy Private Limited IndiaTesla Insurance Brokers Co., Ltd. ChinaTesla Insurance Holdings, LLC DelawareTesla Insurance, Inc. DelawareTeesla Insurance Ltd. MaltaTesla Insurance Services, Inc. CaliforniaTesla Insurance Services of Texas,Inc. TexasTesla International B.V. Netherlands","Tesla Energia Macau Limitada MacauTesla Energy d.o.o. SloveniaTesla Energy Operations,Inc. DelawareTesla Finance LLC DelawareTesla Financial Leasing (China) Co.,Ltd. ChinaTesla Financial Services GmbH GermanyTesla Financial Services Holdings B.V. NetherlandsTesla Financial Services Limited United KingdomTesla France S.a r.l. FranceTesla Germany GmbH GermanyTesla Greece Single Member P.C. GreeceTesla Hrvatska d.o.o. CroatiaTesla Hungary Kft. HungaryTesla India Motors and Energy Private Limited IndiaTesla Insurance Brokers Co., Ltd. ChinaTesla Insurance Holdings, LLC DelawareTesla Insurance, Inc. DelawareTeesla Insurance Ltd. MaltaTesla Insurance Services, Inc. CaliforniaTesla Insurance Services of Texas,Inc. TexasTesla International B.V. Netherlands","Tesla Energia Macau Limitada MacauTesla Energy d.o.o. SloveniaTesla Energy Operations,Inc. DelawareTesla Finance LLC DelawareTesla Financial Leasing (China) Co.,Ltd. ChinaTesla Financial Services GmbH GermanyTesla Financial Services Holdings B.V. NetherlandsTesla Financial Services Limited United KingdomTesla France S.a r.l. FranceTesla Germany GmbH GermanyTesla Greece Single Member P.C. GreeceTesla Hrvatska d.o.o. CroatiaTesla Hungary Kft. HungaryTesla India Motors and Energy Private Limited IndiaTesla Insurance Brokers Co., Ltd. ChinaTesla Insurance Holdings, LLC DelawareTesla Insurance, Inc. DelawareTeesla Insurance Ltd. MaltaTesla Insurance Services, Inc. CaliforniaTesla Insurance Services of Texas,Inc. TexasTesla International B.V. Netherlands","Tesla Energia Macau Limitada MacauTesla Energy d.o.o. SloveniaTesla Energy Operations,Inc. DelawareTesla Finance LLC DelawareTesla Financial Leasing (China) Co.,Ltd. ChinaTesla Financial Services GmbH GermanyTesla Financial Services Holdings B.V. NetherlandsTesla Financial Services Limited United KingdomTesla France S.a r.l. FranceTesla Germany GmbH GermanyTesla Greece Single Member P.C. GreeceTesla Hrvatska d.o.o. CroatiaTesla Hungary Kft. HungaryTesla India Motors and Energy Private Limited IndiaTesla Insurance Brokers Co., Ltd. ChinaTesla Insurance Holdings, LLC DelawareTesla Insurance, Inc. DelawareTeesla Insurance Ltd. MaltaTesla Insurance Services, Inc. CaliforniaTesla Insurance Services of Texas,Inc. TexasTesla International B.V. Netherlands","Tesla Energia Macau Limitada MacauTesla Energy d.o.o. SloveniaTesla Energy Operations,Inc. DelawareTesla Finance LLC DelawareTesla Financial Leasing (China) Co.,Ltd. ChinaTesla Financial Services GmbH GermanyTesla Financial Services Holdings B.V. NetherlandsTesla Financial Services Limited United KingdomTesla France S.a r.l. FranceTesla Germany GmbH GermanyTesla Greece Single Member P.C. GreeceTesla Hrvatska d.o.o. CroatiaTesla Hungary Kft. HungaryTesla India Motors and Energy Private Limited IndiaTesla Insurance Brokers Co., Ltd. ChinaTesla Insurance Holdings, LLC DelawareTesla Insurance, Inc. DelawareTeesla Insurance Ltd. MaltaTesla Insurance Services, Inc. CaliforniaTesla Insurance Services of Texas,Inc. TexasTesla International B.V. Netherlands","Tesla Energia Macau Limitada MacauTesla Energy d.o.o. SloveniaTesla Energy Operations,Inc. DelawareTesla Finance LLC DelawareTesla Financial Leasing (China) Co.,Ltd. ChinaTesla Financial Services GmbH GermanyTesla Financial Services Holdings B.V. NetherlandsTesla Financial Services Limited United KingdomTesla France S.a r.l. FranceTesla Germany GmbH GermanyTesla Greece Single Member P.C. GreeceTesla Hrvatska d.o.o. CroatiaTesla Hungary Kft. HungaryTesla India Motors and Energy Private Limited IndiaTesla Insurance Brokers Co., Ltd. ChinaTesla Insurance Holdings, LLC DelawareTesla Insurance, Inc. DelawareTeesla Insurance Ltd. MaltaTesla Insurance Services, Inc. CaliforniaTesla Insurance Services of Texas,Inc. TexasTesla International B.V. Netherlands","Tesla Energia Macau Limitada MacauTesla Energy d.o.o. SloveniaTesla Energy Operations,Inc. DelawareTesla Finance LLC DelawareTesla Financial Leasing (China) Co.,Ltd. ChinaTesla Financial Services GmbH GermanyTesla Financial Services Holdings B.V. NetherlandsTesla Financial Services Limited United KingdomTesla France S.a r.l. FranceTesla Germany GmbH GermanyTesla Greece Single Member P.C. GreeceTesla Hrvatska d.o.o. CroatiaTesla Hungary Kft. HungaryTesla India Motors and Energy Private Limited IndiaTesla Insurance Brokers Co., Ltd. ChinaTesla Insurance Holdings, LLC DelawareTesla Insurance, Inc. DelawareTeesla Insurance Ltd. MaltaTesla Insurance Services, Inc. CaliforniaTesla Insurance Services of Texas,Inc. TexasTesla International B.V. Netherlands",,,,Delaware,,,,,,,,,,,,,,,,,,
"Tesla Energia Macau Limitada MacauTesla Energy d.o.o. SloveniaTesla Energy Operations,Inc. DelawareTesla Finance LLC DelawareTesla Financial Leasing (China) Co.,Ltd. ChinaTesla Financial Services GmbH GermanyTesla Financial Services Holdings B.V. NetherlandsTesla Financial Services Limited United KingdomTesla France S.a r.l. FranceTesla Germany GmbH GermanyTesla Greece Single Member P.C. GreeceTesla Hrvatska d.o.o. CroatiaTesla Hungary Kft. HungaryTesla India Motors and Energy Private Limited IndiaTesla Insurance Brokers Co., Ltd. ChinaTesla Insurance Holdings, LLC DelawareTesla Insurance, Inc. DelawareTeesla Insurance Ltd. MaltaTesla Insurance Services, Inc. CaliforniaTesla Insurance Services of Texas,Inc. TexasTesla International B.V. Netherlands","Tesla Energia Macau Limitada MacauTesla Energy d.o.o. SloveniaTesla Energy Operations,Inc. DelawareTesla Finance LLC DelawareTesla Financial Leasing (China) Co.,Ltd. ChinaTesla Financial Services GmbH GermanyTesla Financial Services Holdings B.V. NetherlandsTesla Financial Services Limited United KingdomTesla France S.a r.l. FranceTesla Germany GmbH GermanyTesla Greece Single Member P.C. GreeceTesla Hrvatska d.o.o. CroatiaTesla Hungary Kft. HungaryTesla India Motors and Energy Private Limited IndiaTesla Insurance Brokers Co., Ltd. ChinaTesla Insurance Holdings, LLC DelawareTesla Insurance, Inc. DelawareTeesla Insurance Ltd. MaltaTesla Insurance Services, Inc. CaliforniaTesla Insurance Services of Texas,Inc. TexasTesla International B.V. Netherlands","Tesla Energia Macau Limitada MacauTesla Energy d.o.o. SloveniaTesla Energy Operations,Inc. DelawareTesla Finance LLC DelawareTesla Financial Leasing (China) Co.,Ltd. ChinaTesla Financial Services GmbH GermanyTesla Financial Services Holdings B.V. NetherlandsTesla Financial Services Limited United KingdomTesla France S.a r.l. FranceTesla Germany GmbH GermanyTesla Greece Single Member P.C. GreeceTesla Hrvatska d.o.o. CroatiaTesla Hungary Kft. HungaryTesla India Motors and Energy Private Limited IndiaTesla Insurance Brokers Co., Ltd. ChinaTesla Insurance Holdings, LLC DelawareTesla Insurance, Inc. DelawareTeesla Insurance Ltd. MaltaTesla Insurance Services, Inc. CaliforniaTesla Insurance Services of Texas,Inc. TexasTesla International B.V. Netherlands","Tesla Energia Macau Limitada MacauTesla Energy d.o.o. SloveniaTesla Energy Operations,Inc. DelawareTesla Finance LLC DelawareTesla Financial Leasing (China) Co.,Ltd. ChinaTesla Financial Services GmbH GermanyTesla Financial Services Holdings B.V. NetherlandsTesla Financial Services Limited United KingdomTesla France S.a r.l. FranceTesla Germany GmbH GermanyTesla Greece Single Member P.C. GreeceTesla Hrvatska d.o.o. CroatiaTesla Hungary Kft. HungaryTesla India Motors and Energy Private Limited IndiaTesla Insurance Brokers Co., Ltd. ChinaTesla Insurance Holdings, LLC DelawareTesla Insurance, Inc. DelawareTeesla Insurance Ltd. MaltaTesla Insurance Services, Inc. CaliforniaTesla Insurance Services of Texas,Inc. TexasTesla International B.V. Netherlands","Tesla Energia Macau Limitada MacauTesla Energy d.o.o. SloveniaTesla Energy Operations,Inc. DelawareTesla Finance LLC DelawareTesla Financial Leasing (China) Co.,Ltd. ChinaTesla Financial Services GmbH GermanyTesla Financial Services Holdings B.V. NetherlandsTesla Financial Services Limited United KingdomTesla France S.a r.l. FranceTesla Germany GmbH GermanyTesla Greece Single Member P.C. GreeceTesla Hrvatska d.o.o. CroatiaTesla Hungary Kft. HungaryTesla India Motors and Energy Private Limited IndiaTesla Insurance Brokers Co., Ltd. ChinaTesla Insurance Holdings, LLC DelawareTesla Insurance, Inc. DelawareTeesla Insurance Ltd. MaltaTesla Insurance Services, Inc. CaliforniaTesla Insurance Services of Texas,Inc. TexasTesla International B.V. Netherlands","Tesla Energia Macau Limitada MacauTesla Energy d.o.o. SloveniaTesla Energy Operations,Inc. DelawareTesla Finance LLC DelawareTesla Financial Leasing (China) Co.,Ltd. ChinaTesla Financial Services GmbH GermanyTesla Financial Services Holdings B.V. NetherlandsTesla Financial Services Limited United KingdomTesla France S.a r.l. FranceTesla Germany GmbH GermanyTesla Greece Single Member P.C. GreeceTesla Hrvatska d.o.o. CroatiaTesla Hungary Kft. HungaryTesla India Motors and Energy Private Limited IndiaTesla Insurance Brokers Co., Ltd. ChinaTesla Insurance Holdings, LLC DelawareTesla Insurance, Inc. DelawareTeesla Insurance Ltd. MaltaTesla Insurance Services, Inc. CaliforniaTesla Insurance Services of Texas,Inc. TexasTesla International B.V. Netherlands","Tesla Energia Macau Limitada MacauTesla Energy d.o.o. SloveniaTesla Energy Operations,Inc. DelawareTesla Finance LLC DelawareTesla Financial Leasing (China) Co.,Ltd. ChinaTesla Financial Services GmbH GermanyTesla Financial Services Holdings B.V. NetherlandsTesla Financial Services Limited United KingdomTesla France S.a r.l. FranceTesla Germany GmbH GermanyTesla Greece Single Member P.C. GreeceTesla Hrvatska d.o.o. CroatiaTesla Hungary Kft. HungaryTesla India Motors and Energy Private Limited IndiaTesla Insurance Brokers Co., Ltd. ChinaTesla Insurance Holdings, LLC DelawareTesla Insurance, Inc. DelawareTeesla Insurance Ltd. MaltaTesla Insurance Services, Inc. CaliforniaTesla Insurance Services of Texas,Inc. TexasTesla International B.V. Netherlands","Tesla Energia Macau Limitada MacauTesla Energy d.o.o. SloveniaTesla Energy Operations,Inc. DelawareTesla Finance LLC DelawareTesla Financial Leasing (China) Co.,Ltd. ChinaTesla Financial Services GmbH GermanyTesla Financial Services Holdings B.V. NetherlandsTesla Financial Services Limited United KingdomTesla France S.a r.l. FranceTesla Germany GmbH GermanyTesla Greece Single Member P.C. GreeceTesla Hrvatska d.o.o. CroatiaTesla Hungary Kft. HungaryTesla India Motors and Energy Private Limited IndiaTesla Insurance Brokers Co., Ltd. ChinaTesla Insurance Holdings, LLC DelawareTesla Insurance, Inc. DelawareTeesla Insurance Ltd. MaltaTesla Insurance Services, Inc. CaliforniaTesla Insurance Services of Texas,Inc. TexasTesla International B.V. Netherlands","Tesla Energia Macau Limitada MacauTesla Energy d.o.o. SloveniaTesla Energy Operations,Inc. DelawareTesla Finance LLC DelawareTesla Financial Leasing (China) Co.,Ltd. ChinaTesla Financial Services GmbH GermanyTesla Financial Services Holdings B.V. NetherlandsTesla Financial Services Limited United KingdomTesla France S.a r.l. FranceTesla Germany GmbH GermanyTesla Greece Single Member P.C. GreeceTesla Hrvatska d.o.o. CroatiaTesla Hungary Kft. HungaryTesla India Motors and Energy Private Limited IndiaTesla Insurance Brokers Co., Ltd. ChinaTesla Insurance Holdings, LLC DelawareTesla Insurance, Inc. DelawareTeesla Insurance Ltd. MaltaTesla Insurance Services, Inc. CaliforniaTesla Insurance Services of Texas,Inc. TexasTesla International B.V. Netherlands","Tesla Energia Macau Limitada MacauTesla Energy d.o.o. SloveniaTesla Energy Operations,Inc. DelawareTesla Finance LLC DelawareTesla Financial Leasing (China) Co.,Ltd. ChinaTesla Financial Services GmbH GermanyTesla Financial Services Holdings B.V. NetherlandsTesla Financial Services Limited United KingdomTesla France S.a r.l. FranceTesla Germany GmbH GermanyTesla Greece Single Member P.C. GreeceTesla Hrvatska d.o.o. CroatiaTesla Hungary Kft. HungaryTesla India Motors and Energy Private Limited IndiaTesla Insurance Brokers Co., Ltd. ChinaTesla Insurance Holdings, LLC DelawareTesla Insurance, Inc. DelawareTeesla Insurance Ltd. MaltaTesla Insurance Services, Inc. CaliforniaTesla Insurance Services of Texas,Inc. TexasTesla International B.V. Netherlands","Tesla Energia Macau Limitada MacauTesla Energy d.o.o. SloveniaTesla Energy Operations,Inc. DelawareTesla Finance LLC DelawareTesla Financial Leasing (China) Co.,Ltd. ChinaTesla Financial Services GmbH GermanyTesla Financial Services Holdings B.V. NetherlandsTesla Financial Services Limited United KingdomTesla France S.a r.l. FranceTesla Germany GmbH GermanyTesla Greece Single Member P.C. GreeceTesla Hrvatska d.o.o. CroatiaTesla Hungary Kft. HungaryTesla India Motors and Energy Private Limited IndiaTesla Insurance Brokers Co., Ltd. ChinaTesla Insurance Holdings, LLC DelawareTesla Insurance, Inc. DelawareTeesla Insurance Ltd. MaltaTesla Insurance Services, Inc. CaliforniaTesla Insurance Services of Texas,Inc. TexasTesla International B.V. Netherlands","Tesla Energia Macau Limitada MacauTesla Energy d.o.o. SloveniaTesla Energy Operations,Inc. DelawareTesla Finance LLC DelawareTesla Financial Leasing (China) Co.,Ltd. ChinaTesla Financial Services GmbH GermanyTesla Financial Services Holdings B.V. NetherlandsTesla Financial Services Limited United KingdomTesla France S.a r.l. FranceTesla Germany GmbH GermanyTesla Greece Single Member P.C. GreeceTesla Hrvatska d.o.o. CroatiaTesla Hungary Kft. HungaryTesla India Motors and Energy Private Limited IndiaTesla Insurance Brokers Co., Ltd. ChinaTesla Insurance Holdings, LLC DelawareTesla Insurance, Inc. DelawareTeesla Insurance Ltd. MaltaTesla Insurance Services, Inc. CaliforniaTesla Insurance Services of Texas,Inc. TexasTesla International B.V. Netherlands","Tesla Energia Macau Limitada MacauTesla Energy d.o.o. SloveniaTesla Energy Operations,Inc. DelawareTesla Finance LLC DelawareTesla Financial Leasing (China) Co.,Ltd. ChinaTesla Financial Services GmbH GermanyTesla Financial Services Holdings B.V. NetherlandsTesla Financial Services Limited United KingdomTesla France S.a r.l. FranceTesla Germany GmbH GermanyTesla Greece Single Member P.C. GreeceTesla Hrvatska d.o.o. CroatiaTesla Hungary Kft. HungaryTesla India Motors and Energy Private Limited IndiaTesla Insurance Brokers Co., Ltd. ChinaTesla Insurance Holdings, LLC DelawareTesla Insurance, Inc. DelawareTeesla Insurance Ltd. MaltaTesla Insurance Services, Inc. CaliforniaTesla Insurance Services of Texas,Inc. TexasTesla International B.V. Netherlands","Tesla Energia Macau Limitada MacauTesla Energy d.o.o. SloveniaTesla Energy Operations,Inc. DelawareTesla Finance LLC DelawareTesla Financial Leasing (China) Co.,Ltd. ChinaTesla Financial Services GmbH GermanyTesla Financial Services Holdings B.V. NetherlandsTesla Financial Services Limited United KingdomTesla France S.a r.l. FranceTesla Germany GmbH GermanyTesla Greece Single Member P.C. GreeceTesla Hrvatska d.o.o. CroatiaTesla Hungary Kft. HungaryTesla India Motors and Energy Private Limited IndiaTesla Insurance Brokers Co., Ltd. ChinaTesla Insurance Holdings, LLC DelawareTesla Insurance, Inc. DelawareTeesla Insurance Ltd. MaltaTesla Insurance Services, Inc. CaliforniaTesla Insurance Services of Texas,Inc. TexasTesla International B.V. Netherlands","Tesla Energia Macau Limitada MacauTesla Energy d.o.o. SloveniaTesla Energy Operations,Inc. DelawareTesla Finance LLC DelawareTesla Financial Leasing (China) Co.,Ltd. ChinaTesla Financial Services GmbH GermanyTesla Financial Services Holdings B.V. NetherlandsTesla Financial Services Limited United KingdomTesla France S.a r.l. FranceTesla Germany GmbH GermanyTesla Greece Single Member P.C. GreeceTesla Hrvatska d.o.o. CroatiaTesla Hungary Kft. HungaryTesla India Motors and Energy Private Limited IndiaTesla Insurance Brokers Co., Ltd. ChinaTesla Insurance Holdings, LLC DelawareTesla Insurance, Inc. DelawareTeesla Insurance Ltd. MaltaTesla Insurance Services, Inc. CaliforniaTesla Insurance Services of Texas,Inc. TexasTesla International B.V. Netherlands","Tesla Energia Macau Limitada MacauTesla Energy d.o.o. SloveniaTesla Energy Operations,Inc. DelawareTesla Finance LLC DelawareTesla Financial Leasing (China) Co.,Ltd. ChinaTesla Financial Services GmbH GermanyTesla Financial Services Holdings B.V. NetherlandsTesla Financial Services Limited United KingdomTesla France S.a r.l. FranceTesla Germany GmbH GermanyTesla Greece Single Member P.C. GreeceTesla Hrvatska d.o.o. CroatiaTesla Hungary Kft. HungaryTesla India Motors and Energy Private Limited IndiaTesla Insurance Brokers Co., Ltd. ChinaTesla Insurance Holdings, LLC DelawareTesla Insurance, Inc. DelawareTeesla Insurance Ltd. MaltaTesla Insurance Services, Inc. CaliforniaTesla Insurance Services of Texas,Inc. TexasTesla International B.V. Netherlands","Tesla Energia Macau Limitada MacauTesla Energy d.o.o. SloveniaTesla Energy Operations,Inc. DelawareTesla Finance LLC DelawareTesla Financial Leasing (China) Co.,Ltd. ChinaTesla Financial Services GmbH GermanyTesla Financial Services Holdings B.V. NetherlandsTesla Financial Services Limited United KingdomTesla France S.a r.l. FranceTesla Germany GmbH GermanyTesla Greece Single Member P.C. GreeceTesla Hrvatska d.o.o. CroatiaTesla Hungary Kft. HungaryTesla India Motors and Energy Private Limited IndiaTesla Insurance Brokers Co., Ltd. ChinaTesla Insurance Holdings, LLC DelawareTesla Insurance, Inc. DelawareTeesla Insurance Ltd. MaltaTesla Insurance Services, Inc. CaliforniaTesla Insurance Services of Texas,Inc. TexasTesla International B.V. Netherlands","Tesla Energia Macau Limitada MacauTesla Energy d.o.o. SloveniaTesla Energy Operations,Inc. DelawareTesla Finance LLC DelawareTesla Financial Leasing (China) Co.,Ltd. ChinaTesla Financial Services GmbH GermanyTesla Financial Services Holdings B.V. NetherlandsTesla Financial Services Limited United KingdomTesla France S.a r.l. FranceTesla Germany GmbH GermanyTesla Greece Single Member P.C. GreeceTesla Hrvatska d.o.o. CroatiaTesla Hungary Kft. HungaryTesla India Motors and Energy Private Limited IndiaTesla Insurance Brokers Co., Ltd. ChinaTesla Insurance Holdings, LLC DelawareTesla Insurance, Inc. DelawareTeesla Insurance Ltd. MaltaTesla Insurance Services, Inc. CaliforniaTesla Insurance Services of Texas,Inc. TexasTesla International B.V. Netherlands","Tesla Energia Macau Limitada MacauTesla Energy d.o.o. SloveniaTesla Energy Operations,Inc. DelawareTesla Finance LLC DelawareTesla Financial Leasing (China) Co.,Ltd. ChinaTesla Financial Services GmbH GermanyTesla Financial Services Holdings B.V. NetherlandsTesla Financial Services Limited United KingdomTesla France S.a r.l. FranceTesla Germany GmbH GermanyTesla Greece Single Member P.C. GreeceTesla Hrvatska d.o.o. CroatiaTesla Hungary Kft. HungaryTesla India Motors and Energy Private Limited IndiaTesla Insurance Brokers Co., Ltd. ChinaTesla Insurance Holdings, LLC DelawareTesla Insurance, Inc. DelawareTeesla Insurance Ltd. MaltaTesla Insurance Services, Inc. CaliforniaTesla Insurance Services of Texas,Inc. TexasTesla International B.V. Netherlands","Tesla Energia Macau Limitada MacauTesla Energy d.o.o. SloveniaTesla Energy Operations,Inc. DelawareTesla Finance LLC DelawareTesla Financial Leasing (China) Co.,Ltd. ChinaTesla Financial Services GmbH GermanyTesla Financial Services Holdings B.V. NetherlandsTesla Financial Services Limited United KingdomTesla France S.a r.l. FranceTesla Germany GmbH GermanyTesla Greece Single Member P.C. GreeceTesla Hrvatska d.o.o. CroatiaTesla Hungary Kft. HungaryTesla India Motors and Energy Private Limited IndiaTesla Insurance Brokers Co., Ltd. ChinaTesla Insurance Holdings, LLC DelawareTesla Insurance, Inc. DelawareTeesla Insurance Ltd. MaltaTesla Insurance Services, Inc. CaliforniaTesla Insurance Services of Texas,Inc. TexasTesla International B.V. Netherlands","Tesla Energia Macau Limitada MacauTesla Energy d.o.o. SloveniaTesla Energy Operations,Inc. DelawareTesla Finance LLC DelawareTesla Financial Leasing (China) Co.,Ltd. ChinaTesla Financial Services GmbH GermanyTesla Financial Services Holdings B.V. NetherlandsTesla Financial Services Limited United KingdomTesla France S.a r.l. FranceTesla Germany GmbH GermanyTesla Greece Single Member P.C. GreeceTesla Hrvatska d.o.o. CroatiaTesla Hungary Kft. HungaryTesla India Motors and Energy Private Limited IndiaTesla Insurance Brokers Co., Ltd. ChinaTesla Insurance Holdings, LLC DelawareTesla Insurance, Inc. DelawareTeesla Insurance Ltd. MaltaTesla Insurance Services, Inc. CaliforniaTesla Insurance Services of Texas,Inc. TexasTesla International B.V. Netherlands","Tesla Energia Macau Limitada MacauTesla Energy d.o.o. SloveniaTesla Energy Operations,Inc. DelawareTesla Finance LLC DelawareTesla Financial Leasing (China) Co.,Ltd. ChinaTesla Financial Services GmbH GermanyTesla Financial Services Holdings B.V. NetherlandsTesla Financial Services Limited United KingdomTesla France S.a r.l. FranceTesla Germany GmbH GermanyTesla Greece Single Member P.C. GreeceTesla Hrvatska d.o.o. CroatiaTesla Hungary Kft. HungaryTesla India Motors and Energy Private Limited IndiaTesla Insurance Brokers Co., Ltd. ChinaTesla Insurance Holdings, LLC DelawareTesla Insurance, Inc. DelawareTeesla Insurance Ltd. MaltaTesla Insurance Services, Inc. CaliforniaTesla Insurance Services of Texas,Inc. TexasTesla International B.V. Netherlands","Tesla Energia Macau Limitada MacauTesla Energy d.o.o. SloveniaTesla Energy Operations,Inc. DelawareTesla Finance LLC DelawareTesla Financial Leasing (China) Co.,Ltd. ChinaTesla Financial Services GmbH GermanyTesla Financial Services Holdings B.V. NetherlandsTesla Financial Services Limited United KingdomTesla France S.a r.l. FranceTesla Germany GmbH GermanyTesla Greece Single Member P.C. GreeceTesla Hrvatska d.o.o. CroatiaTesla Hungary Kft. HungaryTesla India Motors and Energy Private Limited IndiaTesla Insurance Brokers Co., Ltd. ChinaTesla Insurance Holdings, LLC DelawareTesla Insurance, Inc. DelawareTeesla Insurance Ltd. MaltaTesla Insurance Services, Inc. CaliforniaTesla Insurance Services of Texas,Inc. TexasTesla International B.V. Netherlands","Tesla Energia Macau Limitada MacauTesla Energy d.o.o. SloveniaTesla Energy Operations,Inc. DelawareTesla Finance LLC DelawareTesla Financial Leasing (China) Co.,Ltd. ChinaTesla Financial Services GmbH GermanyTesla Financial Services Holdings B.V. NetherlandsTesla Financial Services Limited United KingdomTesla France S.a r.l. FranceTesla Germany GmbH GermanyTesla Greece Single Member P.C. GreeceTesla Hrvatska d.o.o. CroatiaTesla Hungary Kft. HungaryTesla India Motors and Energy Private Limited IndiaTesla Insurance Brokers Co., Ltd. ChinaTesla Insurance Holdings, LLC DelawareTesla Insurance, Inc. DelawareTeesla Insurance Ltd. MaltaTesla Insurance Services, Inc. CaliforniaTesla Insurance Services of Texas,Inc. TexasTesla International B.V. Netherlands","Tesla Energia Macau Limitada MacauTesla Energy d.o.o. SloveniaTesla Energy Operations,Inc. DelawareTesla Finance LLC DelawareTesla Financial Leasing (China) Co.,Ltd. ChinaTesla Financial Services GmbH GermanyTesla Financial Services Holdings B.V. NetherlandsTesla Financial Services Limited United KingdomTesla France S.a r.l. FranceTesla Germany GmbH GermanyTesla Greece Single Member P.C. GreeceTesla Hrvatska d.o.o. CroatiaTesla Hungary Kft. HungaryTesla India Motors and Energy Private Limited IndiaTesla Insurance Brokers Co., Ltd. ChinaTesla Insurance Holdings, LLC DelawareTesla Insurance, Inc. DelawareTeesla Insurance Ltd. MaltaTesla Insurance Services, Inc. CaliforniaTesla Insurance Services of Texas,Inc. TexasTesla International B.V. Netherlands","Tesla Energia Macau Limitada MacauTesla Energy d.o.o. SloveniaTesla Energy Operations,Inc. DelawareTesla Finance LLC DelawareTesla Financial Leasing (China) Co.,Ltd. ChinaTesla Financial Services GmbH GermanyTesla Financial Services Holdings B.V. NetherlandsTesla Financial Services Limited United KingdomTesla France S.a r.l. FranceTesla Germany GmbH GermanyTesla Greece Single Member P.C. GreeceTesla Hrvatska d.o.o. CroatiaTesla Hungary Kft. HungaryTesla India Motors and Energy Private Limited IndiaTesla Insurance Brokers Co., Ltd. ChinaTesla Insurance Holdings, LLC DelawareTesla Insurance, Inc. DelawareTeesla Insurance Ltd. MaltaTesla Insurance Services, Inc. CaliforniaTesla Insurance Services of Texas,Inc. TexasTesla International B.V. Netherlands","Tesla Energia Macau Limitada MacauTesla Energy d.o.o. SloveniaTesla Energy Operations,Inc. DelawareTesla Finance LLC DelawareTesla Financial Leasing (China) Co.,Ltd. ChinaTesla Financial Services GmbH GermanyTesla Financial Services Holdings B.V. NetherlandsTesla Financial Services Limited United KingdomTesla France S.a r.l. FranceTesla Germany GmbH GermanyTesla Greece Single Member P.C. GreeceTesla Hrvatska d.o.o. CroatiaTesla Hungary Kft. HungaryTesla India Motors and Energy Private Limited IndiaTesla Insurance Brokers Co., Ltd. ChinaTesla Insurance Holdings, LLC DelawareTesla Insurance, Inc. DelawareTeesla Insurance Ltd. MaltaTesla Insurance Services, Inc. CaliforniaTesla Insurance Services of Texas,Inc. TexasTesla International B.V. Netherlands","Tesla Energia Macau Limitada MacauTesla Energy d.o.o. SloveniaTesla Energy Operations,Inc. DelawareTesla Finance LLC DelawareTesla Financial Leasing (China) Co.,Ltd. ChinaTesla Financial Services GmbH GermanyTesla Financial Services Holdings B.V. NetherlandsTesla Financial Services Limited United KingdomTesla France S.a r.l. FranceTesla Germany GmbH GermanyTesla Greece Single Member P.C. GreeceTesla Hrvatska d.o.o. CroatiaTesla Hungary Kft. HungaryTesla India Motors and Energy Private Limited IndiaTesla Insurance Brokers Co., Ltd. ChinaTesla Insurance Holdings, LLC DelawareTesla Insurance, Inc. DelawareTeesla Insurance Ltd. MaltaTesla Insurance Services, Inc. CaliforniaTesla Insurance Services of Texas,Inc. TexasTesla International B.V. Netherlands",Delaware,,,,,,,,,,,,,,,,,,,,,