ExhibitNumber,ExhibitNumber,ExhibitNumber,Incorporated byReference FiledExhibit Description Form FileNo. Exhibit Filing Date Herewith,Incorporated byReference FiledExhibit Description Form FileNo. Exhibit Filing Date Herewith,Incorporated byReference FiledExhibit Description Form FileNo. Exhibit Filing Date Herewith,Incorporated byReference FiledExhibit Description Form FileNo. Exhibit Filing Date Herewith,Incorporated byReference FiledExhibit Description Form FileNo. Exhibit Filing Date Herewith,Incorporated byReference FiledExhibit Description Form FileNo. Exhibit Filing Date Herewith,Incorporated byReference FiledExhibit Description Form FileNo. Exhibit Filing Date Herewith,Incorporated byReference FiledExhibit Description Form FileNo. Exhibit Filing Date Herewith,Incorporated byReference FiledExhibit Description Form FileNo. Exhibit Filing Date Herewith,Incorporated byReference FiledExhibit Description Form FileNo. Exhibit Filing Date Herewith,Incorporated byReference FiledExhibit Description Form FileNo. Exhibit Filing Date Herewith,Incorporated byReference FiledExhibit Description Form FileNo. Exhibit Filing Date Herewith,Incorporated byReference FiledExhibit Description Form FileNo. Exhibit Filing Date Herewith,Incorporated byReference FiledExhibit Description Form FileNo. Exhibit Filing Date Herewith,Incorporated byReference FiledExhibit Description Form FileNo. Exhibit Filing Date Herewith,Incorporated byReference FiledExhibit Description Form FileNo. Exhibit Filing Date Herewith,Incorporated byReference FiledExhibit Description Form FileNo. Exhibit Filing Date Herewith,Incorporated byReference FiledExhibit Description Form FileNo. Exhibit Filing Date Herewith,Incorporated byReference FiledExhibit Description Form FileNo. Exhibit Filing Date Herewith,Incorporated byReference FiledExhibit Description Form FileNo. Exhibit Filing Date Herewith,Incorporated byReference FiledExhibit Description Form FileNo. Exhibit Filing Date Herewith,Incorporated byReference FiledExhibit Description Form FileNo. Exhibit Filing Date Herewith,Incorporated byReference FiledExhibit Description Form FileNo. Exhibit Filing Date Herewith,Incorporated byReference FiledExhibit Description Form FileNo. Exhibit Filing Date Herewith,Incorporated byReference FiledExhibit Description Form FileNo. Exhibit Filing Date Herewith,Incorporated byReference FiledExhibit Description Form FileNo. Exhibit Filing Date Herewith,Incorporated byReference FiledExhibit Description Form FileNo. Exhibit Filing Date Herewith,Incorporated byReference FiledExhibit Description Form FileNo. Exhibit Filing Date Herewith,Incorporated byReference FiledExhibit Description Form FileNo. Exhibit Filing Date Herewith,Incorporated byReference FiledExhibit Description Form FileNo. Exhibit Filing Date Herewith,Incorporated byReference FiledExhibit Description Form FileNo. Exhibit Filing Date Herewith,Incorporated byReference FiledExhibit Description Form FileNo. Exhibit Filing Date Herewith,Incorporated byReference FiledExhibit Description Form FileNo. Exhibit Filing Date Herewith,Incorporated byReference FiledExhibit Description Form FileNo. Exhibit Filing Date Herewith,Incorporated byReference FiledExhibit Description Form FileNo. Exhibit Filing Date Herewith,Incorporated byReference FiledExhibit Description Form FileNo. Exhibit Filing Date Herewith,Incorporated byReference FiledExhibit Description Form FileNo. Exhibit Filing Date Herewith,,,,,,,,,,,,,,,,,,,,,,,
ExhibitNumber,ExhibitNumber,ExhibitNumber,Incorporated byReference FiledExhibit Description Form FileNo. Exhibit Filing Date Herewith,Incorporated byReference FiledExhibit Description Form FileNo. Exhibit Filing Date Herewith,Incorporated byReference FiledExhibit Description Form FileNo. Exhibit Filing Date Herewith,Incorporated byReference FiledExhibit Description Form FileNo. Exhibit Filing Date Herewith,Incorporated byReference FiledExhibit Description Form FileNo. Exhibit Filing Date Herewith,Incorporated byReference FiledExhibit Description Form FileNo. Exhibit Filing Date Herewith,Incorporated byReference FiledExhibit Description Form FileNo. Exhibit Filing Date Herewith,Incorporated byReference FiledExhibit Description Form FileNo. Exhibit Filing Date Herewith,Incorporated byReference FiledExhibit Description Form FileNo. Exhibit Filing Date Herewith,Incorporated byReference FiledExhibit Description Form FileNo. Exhibit Filing Date Herewith,Incorporated byReference FiledExhibit Description Form FileNo. Exhibit Filing Date Herewith,Incorporated byReference FiledExhibit Description Form FileNo. Exhibit Filing Date Herewith,Incorporated byReference FiledExhibit Description Form FileNo. Exhibit Filing Date Herewith,Incorporated byReference FiledExhibit Description Form FileNo. Exhibit Filing Date Herewith,Incorporated byReference FiledExhibit Description Form FileNo. Exhibit Filing Date Herewith,Incorporated byReference FiledExhibit Description Form FileNo. Exhibit Filing Date Herewith,Incorporated byReference FiledExhibit Description Form FileNo. Exhibit Filing Date Herewith,Incorporated byReference FiledExhibit Description Form FileNo. Exhibit Filing Date Herewith,Incorporated byReference FiledExhibit Description Form FileNo. Exhibit Filing Date Herewith,Incorporated byReference FiledExhibit Description Form FileNo. Exhibit Filing Date Herewith,Incorporated byReference FiledExhibit Description Form FileNo. Exhibit Filing Date Herewith,Incorporated byReference FiledExhibit Description Form FileNo. Exhibit Filing Date Herewith,Incorporated byReference FiledExhibit Description Form FileNo. Exhibit Filing Date Herewith,Incorporated byReference FiledExhibit Description Form FileNo. Exhibit Filing Date Herewith,Incorporated byReference FiledExhibit Description Form FileNo. Exhibit Filing Date Herewith,Incorporated byReference FiledExhibit Description Form FileNo. Exhibit Filing Date Herewith,Incorporated byReference FiledExhibit Description Form FileNo. Exhibit Filing Date Herewith,Incorporated byReference FiledExhibit Description Form FileNo. Exhibit Filing Date Herewith,Incorporated byReference FiledExhibit Description Form FileNo. Exhibit Filing Date Herewith,Incorporated byReference FiledExhibit Description Form FileNo. Exhibit Filing Date Herewith,Incorporated byReference FiledExhibit Description Form FileNo. Exhibit Filing Date Herewith,Incorporated byReference FiledExhibit Description Form FileNo. Exhibit Filing Date Herewith,Incorporated byReference FiledExhibit Description Form FileNo. Exhibit Filing Date Herewith,Incorporated byReference FiledExhibit Description Form FileNo. Exhibit Filing Date Herewith,Incorporated byReference FiledExhibit Description Form FileNo. Exhibit Filing Date Herewith,Incorporated byReference FiledExhibit Description Form FileNo. Exhibit Filing Date Herewith,Incorporated byReference FiledExhibit Description Form FileNo. Exhibit Filing Date Herewith,Herewith,Herewith,Herewith,Herewith,Herewith,Herewith,Herewith,Herewith,Herewith,Herewith,Herewith,Herewith,Herewith,Herewith,Herewith,Herewith,Herewith,Herewith,Herewith,Herewith,Herewith,Herewith,Herewith
4.37,4.37,4.37,"Thirty-Sixth Supplemental Indenture, dated as of April 8-K(1)","Thirty-Sixth Supplemental Indenture, dated as of April 8-K(1)","Thirty-Sixth Supplemental Indenture, dated as of April 8-K(1)","Thirty-Sixth Supplemental Indenture, dated as of April 8-K(1)","Thirty-Sixth Supplemental Indenture, dated as of April 8-K(1)","Thirty-Sixth Supplemental Indenture, dated as of April 8-K(1)","Thirty-Sixth Supplemental Indenture, dated as of April 8-K(1)","Thirty-Sixth Supplemental Indenture, dated as of April 8-K(1)","Thirty-Sixth Supplemental Indenture, dated as of April 8-K(1)","001-35758 4.6 April 14,2015001-35758 4.3 April 21, 2015001-35758 4.4 April 21, 2015001-35758 4.5 April 27, 2015001-35758 4.6 April 27,2015001-35758 4.5 May 1, 2015001-35758 4.6 May 1, 2015","001-35758 4.6 April 14,2015001-35758 4.3 April 21, 2015001-35758 4.4 April 21, 2015001-35758 4.5 April 27, 2015001-35758 4.6 April 27,2015001-35758 4.5 May 1, 2015001-35758 4.6 May 1, 2015","001-35758 4.6 April 14,2015001-35758 4.3 April 21, 2015001-35758 4.4 April 21, 2015001-35758 4.5 April 27, 2015001-35758 4.6 April 27,2015001-35758 4.5 May 1, 2015001-35758 4.6 May 1, 2015","001-35758 4.6 April 14,2015001-35758 4.3 April 21, 2015001-35758 4.4 April 21, 2015001-35758 4.5 April 27, 2015001-35758 4.6 April 27,2015001-35758 4.5 May 1, 2015001-35758 4.6 May 1, 2015","001-35758 4.6 April 14,2015001-35758 4.3 April 21, 2015001-35758 4.4 April 21, 2015001-35758 4.5 April 27, 2015001-35758 4.6 April 27,2015001-35758 4.5 May 1, 2015001-35758 4.6 May 1, 2015","001-35758 4.6 April 14,2015001-35758 4.3 April 21, 2015001-35758 4.4 April 21, 2015001-35758 4.5 April 27, 2015001-35758 4.6 April 27,2015001-35758 4.5 May 1, 2015001-35758 4.6 May 1, 2015","001-35758 4.6 April 14,2015001-35758 4.3 April 21, 2015001-35758 4.4 April 21, 2015001-35758 4.5 April 27, 2015001-35758 4.6 April 27,2015001-35758 4.5 May 1, 2015001-35758 4.6 May 1, 2015","001-35758 4.6 April 14,2015001-35758 4.3 April 21, 2015001-35758 4.4 April 21, 2015001-35758 4.5 April 27, 2015001-35758 4.6 April 27,2015001-35758 4.5 May 1, 2015001-35758 4.6 May 1, 2015","001-35758 4.6 April 14,2015001-35758 4.3 April 21, 2015001-35758 4.4 April 21, 2015001-35758 4.5 April 27, 2015001-35758 4.6 April 27,2015001-35758 4.5 May 1, 2015001-35758 4.6 May 1, 2015","001-35758 4.6 April 14,2015001-35758 4.3 April 21, 2015001-35758 4.4 April 21, 2015001-35758 4.5 April 27, 2015001-35758 4.6 April 27,2015001-35758 4.5 May 1, 2015001-35758 4.6 May 1, 2015","001-35758 4.6 April 14,2015001-35758 4.3 April 21, 2015001-35758 4.4 April 21, 2015001-35758 4.5 April 27, 2015001-35758 4.6 April 27,2015001-35758 4.5 May 1, 2015001-35758 4.6 May 1, 2015","001-35758 4.6 April 14,2015001-35758 4.3 April 21, 2015001-35758 4.4 April 21, 2015001-35758 4.5 April 27, 2015001-35758 4.6 April 27,2015001-35758 4.5 May 1, 2015001-35758 4.6 May 1, 2015","001-35758 4.6 April 14,2015001-35758 4.3 April 21, 2015001-35758 4.4 April 21, 2015001-35758 4.5 April 27, 2015001-35758 4.6 April 27,2015001-35758 4.5 May 1, 2015001-35758 4.6 May 1, 2015","001-35758 4.6 April 14,2015001-35758 4.3 April 21, 2015001-35758 4.4 April 21, 2015001-35758 4.5 April 27, 2015001-35758 4.6 April 27,2015001-35758 4.5 May 1, 2015001-35758 4.6 May 1, 2015","001-35758 4.6 April 14,2015001-35758 4.3 April 21, 2015001-35758 4.4 April 21, 2015001-35758 4.5 April 27, 2015001-35758 4.6 April 27,2015001-35758 4.5 May 1, 2015001-35758 4.6 May 1, 2015","001-35758 4.6 April 14,2015001-35758 4.3 April 21, 2015001-35758 4.4 April 21, 2015001-35758 4.5 April 27, 2015001-35758 4.6 April 27,2015001-35758 4.5 May 1, 2015001-35758 4.6 May 1, 2015","001-35758 4.6 April 14,2015001-35758 4.3 April 21, 2015001-35758 4.4 April 21, 2015001-35758 4.5 April 27, 2015001-35758 4.6 April 27,2015001-35758 4.5 May 1, 2015001-35758 4.6 May 1, 2015","001-35758 4.6 April 14,2015001-35758 4.3 April 21, 2015001-35758 4.4 April 21, 2015001-35758 4.5 April 27, 2015001-35758 4.6 April 27,2015001-35758 4.5 May 1, 2015001-35758 4.6 May 1, 2015","001-35758 4.6 April 14,2015001-35758 4.3 April 21, 2015001-35758 4.4 April 21, 2015001-35758 4.5 April 27, 2015001-35758 4.6 April 27,2015001-35758 4.5 May 1, 2015001-35758 4.6 May 1, 2015","001-35758 4.6 April 14,2015001-35758 4.3 April 21, 2015001-35758 4.4 April 21, 2015001-35758 4.5 April 27, 2015001-35758 4.6 April 27,2015001-35758 4.5 May 1, 2015001-35758 4.6 May 1, 2015","001-35758 4.6 April 14,2015001-35758 4.3 April 21, 2015001-35758 4.4 April 21, 2015001-35758 4.5 April 27, 2015001-35758 4.6 April 27,2015001-35758 4.5 May 1, 2015001-35758 4.6 May 1, 2015","001-35758 4.6 April 14,2015001-35758 4.3 April 21, 2015001-35758 4.4 April 21, 2015001-35758 4.5 April 27, 2015001-35758 4.6 April 27,2015001-35758 4.5 May 1, 2015001-35758 4.6 May 1, 2015","001-35758 4.6 April 14,2015001-35758 4.3 April 21, 2015001-35758 4.4 April 21, 2015001-35758 4.5 April 27, 2015001-35758 4.6 April 27,2015001-35758 4.5 May 1, 2015001-35758 4.6 May 1, 2015","001-35758 4.6 April 14,2015001-35758 4.3 April 21, 2015001-35758 4.4 April 21, 2015001-35758 4.5 April 27, 2015001-35758 4.6 April 27,2015001-35758 4.5 May 1, 2015001-35758 4.6 May 1, 2015","001-35758 4.6 April 14,2015001-35758 4.3 April 21, 2015001-35758 4.4 April 21, 2015001-35758 4.5 April 27, 2015001-35758 4.6 April 27,2015001-35758 4.5 May 1, 2015001-35758 4.6 May 1, 2015","001-35758 4.6 April 14,2015001-35758 4.3 April 21, 2015001-35758 4.4 April 21, 2015001-35758 4.5 April 27, 2015001-35758 4.6 April 27,2015001-35758 4.5 May 1, 2015001-35758 4.6 May 1, 2015","001-35758 4.6 April 14,2015001-35758 4.3 April 21, 2015001-35758 4.4 April 21, 2015001-35758 4.5 April 27, 2015001-35758 4.6 April 27,2015001-35758 4.5 May 1, 2015001-35758 4.6 May 1, 2015","001-35758 4.6 April 14,2015001-35758 4.3 April 21, 2015001-35758 4.4 April 21, 2015001-35758 4.5 April 27, 2015001-35758 4.6 April 27,2015001-35758 4.5 May 1, 2015001-35758 4.6 May 1, 2015",,,,,,,,,,,,,,,,,,,,,,,
4.38,4.38,4.38,,"14, 2015, by and between SolarCity and the Trustee，related to SolarCity's 5.45% Solar Bonds, Series2015/C25-15.","14, 2015, by and between SolarCity and the Trustee，related to SolarCity's 5.45% Solar Bonds, Series2015/C25-15.","14, 2015, by and between SolarCity and the Trustee，related to SolarCity's 5.45% Solar Bonds, Series2015/C25-15.","14, 2015, by and between SolarCity and the Trustee，related to SolarCity's 5.45% Solar Bonds, Series2015/C25-15.","14, 2015, by and between SolarCity and the Trustee，related to SolarCity's 5.45% Solar Bonds, Series2015/C25-15.","14, 2015, by and between SolarCity and the Trustee，related to SolarCity's 5.45% Solar Bonds, Series2015/C25-15.","14, 2015, by and between SolarCity and the Trustee，related to SolarCity's 5.45% Solar Bonds, Series2015/C25-15.","14, 2015, by and between SolarCity and the Trustee，related to SolarCity's 5.45% Solar Bonds, Series2015/C25-15.","14, 2015, by and between SolarCity and the Trustee，related to SolarCity's 5.45% Solar Bonds, Series2015/C25-15.","14, 2015, by and between SolarCity and the Trustee，related to SolarCity's 5.45% Solar Bonds, Series2015/C25-15.","14, 2015, by and between SolarCity and the Trustee，related to SolarCity's 5.45% Solar Bonds, Series2015/C25-15.","14, 2015, by and between SolarCity and the Trustee，related to SolarCity's 5.45% Solar Bonds, Series2015/C25-15.","14, 2015, by and between SolarCity and the Trustee，related to SolarCity's 5.45% Solar Bonds, Series2015/C25-15.","14, 2015, by and between SolarCity and the Trustee，related to SolarCity's 5.45% Solar Bonds, Series2015/C25-15.","14, 2015, by and between SolarCity and the Trustee，related to SolarCity's 5.45% Solar Bonds, Series2015/C25-15.","14, 2015, by and between SolarCity and the Trustee，related to SolarCity's 5.45% Solar Bonds, Series2015/C25-15.","14, 2015, by and between SolarCity and the Trustee，related to SolarCity's 5.45% Solar Bonds, Series2015/C25-15.","14, 2015, by and between SolarCity and the Trustee，related to SolarCity's 5.45% Solar Bonds, Series2015/C25-15.","14, 2015, by and between SolarCity and the Trustee，related to SolarCity's 5.45% Solar Bonds, Series2015/C25-15.","14, 2015, by and between SolarCity and the Trustee，related to SolarCity's 5.45% Solar Bonds, Series2015/C25-15.","14, 2015, by and between SolarCity and the Trustee，related to SolarCity's 5.45% Solar Bonds, Series2015/C25-15.","14, 2015, by and between SolarCity and the Trustee，related to SolarCity's 5.45% Solar Bonds, Series2015/C25-15.","14, 2015, by and between SolarCity and the Trustee，related to SolarCity's 5.45% Solar Bonds, Series2015/C25-15.","14, 2015, by and between SolarCity and the Trustee，related to SolarCity's 5.45% Solar Bonds, Series2015/C25-15.","14, 2015, by and between SolarCity and the Trustee，related to SolarCity's 5.45% Solar Bonds, Series2015/C25-15.","14, 2015, by and between SolarCity and the Trustee，related to SolarCity's 5.45% Solar Bonds, Series2015/C25-15.","14, 2015, by and between SolarCity and the Trustee，related to SolarCity's 5.45% Solar Bonds, Series2015/C25-15.","14, 2015, by and between SolarCity and the Trustee，related to SolarCity's 5.45% Solar Bonds, Series2015/C25-15.","14, 2015, by and between SolarCity and the Trustee，related to SolarCity's 5.45% Solar Bonds, Series2015/C25-15.","14, 2015, by and between SolarCity and the Trustee，related to SolarCity's 5.45% Solar Bonds, Series2015/C25-15.","14, 2015, by and between SolarCity and the Trustee，related to SolarCity's 5.45% Solar Bonds, Series2015/C25-15.","14, 2015, by and between SolarCity and the Trustee，related to SolarCity's 5.45% Solar Bonds, Series2015/C25-15.","14, 2015, by and between SolarCity and the Trustee，related to SolarCity's 5.45% Solar Bonds, Series2015/C25-15.","14, 2015, by and between SolarCity and the Trustee，related to SolarCity's 5.45% Solar Bonds, Series2015/C25-15.","14, 2015, by and between SolarCity and the Trustee，related to SolarCity's 5.45% Solar Bonds, Series2015/C25-15.","14, 2015, by and between SolarCity and the Trustee，related to SolarCity's 5.45% Solar Bonds, Series2015/C25-15.",,,,,,,,,,,,,,,,,,,,,,,
4.38,4.38,4.38,"related to SolarCity's 5.45% Solar Bonds, Series2015/C25-15.","related to SolarCity's 5.45% Solar Bonds, Series2015/C25-15.","related to SolarCity's 5.45% Solar Bonds, Series2015/C25-15.","related to SolarCity's 5.45% Solar Bonds, Series2015/C25-15.","related to SolarCity's 5.45% Solar Bonds, Series2015/C25-15.","related to SolarCity's 5.45% Solar Bonds, Series2015/C25-15.","related to SolarCity's 5.45% Solar Bonds, Series2015/C25-15.","related to SolarCity's 5.45% Solar Bonds, Series2015/C25-15.","related to SolarCity's 5.45% Solar Bonds, Series2015/C25-15.","related to SolarCity's 5.45% Solar Bonds, Series2015/C25-15.","related to SolarCity's 5.45% Solar Bonds, Series2015/C25-15.","related to SolarCity's 5.45% Solar Bonds, Series2015/C25-15.","related to SolarCity's 5.45% Solar Bonds, Series2015/C25-15.","related to SolarCity's 5.45% Solar Bonds, Series2015/C25-15.","related to SolarCity's 5.45% Solar Bonds, Series2015/C25-15.","related to SolarCity's 5.45% Solar Bonds, Series2015/C25-15.","related to SolarCity's 5.45% Solar Bonds, Series2015/C25-15.","related to SolarCity's 5.45% Solar Bonds, Series2015/C25-15.","related to SolarCity's 5.45% Solar Bonds, Series2015/C25-15.","related to SolarCity's 5.45% Solar Bonds, Series2015/C25-15.","related to SolarCity's 5.45% Solar Bonds, Series2015/C25-15.","related to SolarCity's 5.45% Solar Bonds, Series2015/C25-15.","related to SolarCity's 5.45% Solar Bonds, Series2015/C25-15.","related to SolarCity's 5.45% Solar Bonds, Series2015/C25-15.","related to SolarCity's 5.45% Solar Bonds, Series2015/C25-15.","related to SolarCity's 5.45% Solar Bonds, Series2015/C25-15.","related to SolarCity's 5.45% Solar Bonds, Series2015/C25-15.","14, 2015, by and between SolarCity and the Trustee，related to SolarCity's 5.45% Solar Bonds, Series2015/C25-15.","14, 2015, by and between SolarCity and the Trustee，related to SolarCity's 5.45% Solar Bonds, Series2015/C25-15.","14, 2015, by and between SolarCity and the Trustee，related to SolarCity's 5.45% Solar Bonds, Series2015/C25-15.","14, 2015, by and between SolarCity and the Trustee，related to SolarCity's 5.45% Solar Bonds, Series2015/C25-15.","14, 2015, by and between SolarCity and the Trustee，related to SolarCity's 5.45% Solar Bonds, Series2015/C25-15.","14, 2015, by and between SolarCity and the Trustee，related to SolarCity's 5.45% Solar Bonds, Series2015/C25-15.","14, 2015, by and between SolarCity and the Trustee，related to SolarCity's 5.45% Solar Bonds, Series2015/C25-15.","14, 2015, by and between SolarCity and the Trustee，related to SolarCity's 5.45% Solar Bonds, Series2015/C25-15.","14, 2015, by and between SolarCity and the Trustee，related to SolarCity's 5.45% Solar Bonds, Series2015/C25-15.","14, 2015, by and between SolarCity and the Trustee，related to SolarCity's 5.45% Solar Bonds, Series2015/C25-15.",,,,,,,,,,,,,,,,,,,,,,,
4.38,4.38,4.38,,,"14, 2015, by and between SolarCity and the Trustee，related to SolarCity's 5.45% Solar Bonds, Series2015/C25-15.","14, 2015, by and between SolarCity and the Trustee，related to SolarCity's 5.45% Solar Bonds, Series2015/C25-15.","14, 2015, by and between SolarCity and the Trustee，related to SolarCity's 5.45% Solar Bonds, Series2015/C25-15.","14, 2015, by and between SolarCity and the Trustee，related to SolarCity's 5.45% Solar Bonds, Series2015/C25-15.","14, 2015, by and between SolarCity and the Trustee，related to SolarCity's 5.45% Solar Bonds, Series2015/C25-15.","14, 2015, by and between SolarCity and the Trustee，related to SolarCity's 5.45% Solar Bonds, Series2015/C25-15.","14, 2015, by and between SolarCity and the Trustee，related to SolarCity's 5.45% Solar Bonds, Series2015/C25-15.","14, 2015, by and between SolarCity and the Trustee，related to SolarCity's 5.45% Solar Bonds, Series2015/C25-15.","14, 2015, by and between SolarCity and the Trustee，related to SolarCity's 5.45% Solar Bonds, Series2015/C25-15.","14, 2015, by and between SolarCity and the Trustee，related to SolarCity's 5.45% Solar Bonds, Series2015/C25-15.","14, 2015, by and between SolarCity and the Trustee，related to SolarCity's 5.45% Solar Bonds, Series2015/C25-15.","14, 2015, by and between SolarCity and the Trustee，related to SolarCity's 5.45% Solar Bonds, Series2015/C25-15.","14, 2015, by and between SolarCity and the Trustee，related to SolarCity's 5.45% Solar Bonds, Series2015/C25-15.","14, 2015, by and between SolarCity and the Trustee，related to SolarCity's 5.45% Solar Bonds, Series2015/C25-15.","14, 2015, by and between SolarCity and the Trustee，related to SolarCity's 5.45% Solar Bonds, Series2015/C25-15.","14, 2015, by and between SolarCity and the Trustee，related to SolarCity's 5.45% Solar Bonds, Series2015/C25-15.","14, 2015, by and between SolarCity and the Trustee，related to SolarCity's 5.45% Solar Bonds, Series2015/C25-15.","14, 2015, by and between SolarCity and the Trustee，related to SolarCity's 5.45% Solar Bonds, Series2015/C25-15.","14, 2015, by and between SolarCity and the Trustee，related to SolarCity's 5.45% Solar Bonds, Series2015/C25-15.","14, 2015, by and between SolarCity and the Trustee，related to SolarCity's 5.45% Solar Bonds, Series2015/C25-15.","14, 2015, by and between SolarCity and the Trustee，related to SolarCity's 5.45% Solar Bonds, Series2015/C25-15.","14, 2015, by and between SolarCity and the Trustee，related to SolarCity's 5.45% Solar Bonds, Series2015/C25-15.","14, 2015, by and between SolarCity and the Trustee，related to SolarCity's 5.45% Solar Bonds, Series2015/C25-15.","14, 2015, by and between SolarCity and the Trustee，related to SolarCity's 5.45% Solar Bonds, Series2015/C25-15.","14, 2015, by and between SolarCity and the Trustee，related to SolarCity's 5.45% Solar Bonds, Series2015/C25-15.","Thirty-Eighth Supplemental Indenture, dated as of April","Thirty-Eighth Supplemental Indenture, dated as of April","Thirty-Eighth Supplemental Indenture, dated as of April","Thirty-Eighth Supplemental Indenture, dated as of April",8-K(1),8-K(1),8-K(1),8-K(1),8-K(1),8-K(1),8-K(1),8-K(1),8-K(1),8-K(1),8-K(1),8-K(1),8-K(1),8-K(1),8-K(1),8-K(1),8-K(1),8-K(1),8-K(1),8-K(1),8-K(1),8-K(1),8-K(1),8-K(1),8-K(1),8-K(1),8-K(1),8-K(1),
4.394.404.414.424.434.444.454.464.474.484.49,4.394.404.414.424.434.444.454.464.474.484.49,4.394.404.414.424.434.444.454.464.474.484.49,"21, 2015, by and between SolarCity and the Trustee","21, 2015, by and between SolarCity and the Trustee","21, 2015, by and between SolarCity and the Trustee","21, 2015, by and between SolarCity and the Trustee",,,,,,,,,,,,,,,,,,,,,,,,,,,,,,,,,,,,,,,,,,,,,,,,,,,,,,,,
4.394.404.414.424.434.444.454.464.474.484.49,4.394.404.414.424.434.444.454.464.474.484.49,4.394.404.414.424.434.444.454.464.474.484.49,"related to SolarCity's 4.70% Solar Bonds, Series2015/C27-10.","related to SolarCity's 4.70% Solar Bonds, Series2015/C27-10.","related to SolarCity's 4.70% Solar Bonds, Series2015/C27-10.","related to SolarCity's 4.70% Solar Bonds, Series2015/C27-10.","related to SolarCity's 4.70% Solar Bonds, Series2015/C27-10.","related to SolarCity's 4.70% Solar Bonds, Series2015/C27-10.","related to SolarCity's 4.70% Solar Bonds, Series2015/C27-10.","related to SolarCity's 4.70% Solar Bonds, Series2015/C27-10.","related to SolarCity's 4.70% Solar Bonds, Series2015/C27-10.","related to SolarCity's 4.70% Solar Bonds, Series2015/C27-10.","related to SolarCity's 4.70% Solar Bonds, Series2015/C27-10.","related to SolarCity's 4.70% Solar Bonds, Series2015/C27-10.","related to SolarCity's 4.70% Solar Bonds, Series2015/C27-10.","related to SolarCity's 4.70% Solar Bonds, Series2015/C27-10.","related to SolarCity's 4.70% Solar Bonds, Series2015/C27-10.","related to SolarCity's 4.70% Solar Bonds, Series2015/C27-10.","related to SolarCity's 4.70% Solar Bonds, Series2015/C27-10.","related to SolarCity's 4.70% Solar Bonds, Series2015/C27-10.","related to SolarCity's 4.70% Solar Bonds, Series2015/C27-10.","related to SolarCity's 4.70% Solar Bonds, Series2015/C27-10.","related to SolarCity's 4.70% Solar Bonds, Series2015/C27-10.","related to SolarCity's 4.70% Solar Bonds, Series2015/C27-10.","related to SolarCity's 4.70% Solar Bonds, Series2015/C27-10.","related to SolarCity's 4.70% Solar Bonds, Series2015/C27-10.","related to SolarCity's 4.70% Solar Bonds, Series2015/C27-10.","related to SolarCity's 4.70% Solar Bonds, Series2015/C27-10.","related to SolarCity's 4.70% Solar Bonds, Series2015/C27-10.",,,,,,,,,,,,,,,,,,,,,,,,,,,,,,,,,
4.394.404.414.424.434.444.454.464.474.484.49,4.394.404.414.424.434.444.454.464.474.484.49,4.394.404.414.424.434.444.454.464.474.484.49,"Thirty-Ninth Supplemental Indenture, dated as of April","Thirty-Ninth Supplemental Indenture, dated as of April","Thirty-Ninth Supplemental Indenture, dated as of April","Thirty-Ninth Supplemental Indenture, dated as of April",,,,,,,,,,,,,,,,,,,,,,,,8-K(1),8-K(1),8-K(1),8-K(1),8-K(1),8-K(1),8-K(1),8-K(1),8-K(1),8-K(1),8-K(1),8-K(1),8-K(1),8-K(1),8-K(1),8-K(1),8-K(1),8-K(1),8-K(1),8-K(1),8-K(1),8-K(1),8-K(1),8-K(1),8-K(1),8-K(1),8-K(1),8-K(1),,,,,
4.394.404.414.424.434.444.454.464.474.484.49,4.394.404.414.424.434.444.454.464.474.484.49,4.394.404.414.424.434.444.454.464.474.484.49,"21, 2015, by and between SolarCity and the Trustee,","21, 2015, by and between SolarCity and the Trustee,","21, 2015, by and between SolarCity and the Trustee,","21, 2015, by and between SolarCity and the Trustee,",,,,,,,,,,,,,,,,,,,,,,,,,,,,,,,,,,,,,,,,,,,,,,,,,,,,,,,,
4.394.404.414.424.434.444.454.464.474.484.49,4.394.404.414.424.434.444.454.464.474.484.49,4.394.404.414.424.434.444.454.464.474.484.49,"related to SolarCity's 5.45% Solar Bonds, Series2015/C28-15.","related to SolarCity's 5.45% Solar Bonds, Series2015/C28-15.","related to SolarCity's 5.45% Solar Bonds, Series2015/C28-15.","related to SolarCity's 5.45% Solar Bonds, Series2015/C28-15.",,,,,,,,,,,,,,,,,,,,,,,,,,,,,,,,,,,,,,,,,,,,,,,,,,,,,,,,
4.394.404.414.424.434.444.454.464.474.484.49,4.394.404.414.424.434.444.454.464.474.484.49,4.394.404.414.424.434.444.454.464.474.484.49,"related to SolarCity's 5.45% Solar Bonds, Series2015/C28-15.","related to SolarCity's 5.45% Solar Bonds, Series2015/C28-15.","related to SolarCity's 5.45% Solar Bonds, Series2015/C28-15.","related to SolarCity's 5.45% Solar Bonds, Series2015/C28-15.",,,,,,,,,,,,,,,,,,,,,,,,,,,,,,,,,,,,,,,,,,,,,,,,,,,,,,,,
4.394.404.414.424.434.444.454.464.474.484.49,4.394.404.414.424.434.444.454.464.474.484.49,4.394.404.414.424.434.444.454.464.474.484.49,"Forty-Third Supplemental Indenture, dated as of April","Forty-Third Supplemental Indenture, dated as of April","Forty-Third Supplemental Indenture, dated as of April","Forty-Third Supplemental Indenture, dated as of April",8-K(1),8-K(1),8-K(1),8-K(1),8-K(1),8-K(1),8-K(1),8-K(1),8-K(1),8-K(1),8-K(1),8-K(1),8-K(1),8-K(1),8-K(1),8-K(1),8-K(1),8-K(1),8-K(1),8-K(1),8-K(1),8-K(1),8-K(1),8-K(1),8-K(1),8-K(1),,,,,,,,,,,,,,,,,,,,,,,,,,,,,,
4.394.404.414.424.434.444.454.464.474.484.49,4.394.404.414.424.434.444.454.464.474.484.49,4.394.404.414.424.434.444.454.464.474.484.49,"27, 2015,by and between SolarCity and the Trustee,","27, 2015,by and between SolarCity and the Trustee,","27, 2015,by and between SolarCity and the Trustee,","27, 2015,by and between SolarCity and the Trustee,",,,,,,,,,,,,,,,,,,,,,,,,,,,,,,,,,,,,,,,,,,,,,,,,,,,,,,,,
4.394.404.414.424.434.444.454.464.474.484.49,4.394.404.414.424.434.444.454.464.474.484.49,4.394.404.414.424.434.444.454.464.474.484.49,"related to SolarCity's 4.70% Solar Bonds, Series","related to SolarCity's 4.70% Solar Bonds, Series","related to SolarCity's 4.70% Solar Bonds, Series","related to SolarCity's 4.70% Solar Bonds, Series",,,,,,,,,,,,,,,,,,,,,,,,,,,,,,,,,,,,,,,,,,,,,,,,,,,,,,,,
4.394.404.414.424.434.444.454.464.474.484.49,4.394.404.414.424.434.444.454.464.474.484.49,4.394.404.414.424.434.444.454.464.474.484.49,2015/C32-10.,2015/C32-10.,2015/C32-10.,2015/C32-10.,,,,,,,,,,,,,,,,,,,,,,,,,,,,,,,,,,,,,,,,,,,,,,,,,,,,,,,,
4.394.404.414.424.434.444.454.464.474.484.49,4.394.404.414.424.434.444.454.464.474.484.49,4.394.404.414.424.434.444.454.464.474.484.49,2015/C32-10.,2015/C32-10.,2015/C32-10.,2015/C32-10.,,,,,,001-35758,001-35758,001-35758,001-35758,001-35758,001-35758,001-35758,001-35758,001-35758,001-35758,001-35758,001-35758,001-35758,001-35758,001-35758,001-35758,001-35758,001-35758,001-35758,001-35758,001-35758,001-35758,001-35758,,,,,,,,,,,,,,,,,,,,,,,,,,,,
4.394.404.414.424.434.444.454.464.474.484.49,4.394.404.414.424.434.444.454.464.474.484.49,4.394.404.414.424.434.444.454.464.474.484.49,2015/C32-10.,2015/C32-10.,2015/C32-10.,2015/C32-10.,,,,,,,,,,,,,,,,,,,,,,,,,001-35758,001-35758,001-35758,001-35758,,,,,,,,,,,,,,,,,,,,,,,,,,,,
4.394.404.414.424.434.444.454.464.474.484.49,4.394.404.414.424.434.444.454.464.474.484.49,4.394.404.414.424.434.444.454.464.474.484.49,"Forty-Fourth Supplemental Indenture, dated as of April","Forty-Fourth Supplemental Indenture, dated as of April","Forty-Fourth Supplemental Indenture, dated as of April","Forty-Fourth Supplemental Indenture, dated as of April",8-K(1),8-K(1),8-K(1),8-K(1),8-K(1),8-K(1),8-K(1),8-K(1),8-K(1),8-K(1),8-K(1),8-K(1),8-K(1),8-K(1),8-K(1),8-K(1),8-K(1),8-K(1),8-K(1),8-K(1),8-K(1),8-K(1),,,001-35758,001-35758,001-35758,001-35758,,,,,,,,,,,,,,,,,,,,,,,,,,,,
4.394.404.414.424.434.444.454.464.474.484.49,4.394.404.414.424.434.444.454.464.474.484.49,4.394.404.414.424.434.444.454.464.474.484.49,"27, 2015,by and between SolarCity and the Trustee,","27, 2015,by and between SolarCity and the Trustee,","27, 2015,by and between SolarCity and the Trustee,","27, 2015,by and between SolarCity and the Trustee,",,,,,,,,,,,,,,,,,,,,,,,,,,,,,,,,,,,,,,,,,,,,,,,,,,,,,,,,
4.394.404.414.424.434.444.454.464.474.484.49,4.394.404.414.424.434.444.454.464.474.484.49,4.394.404.414.424.434.444.454.464.474.484.49,"related to SolarCity's 5.45% Solar Bonds, Series","related to SolarCity's 5.45% Solar Bonds, Series","related to SolarCity's 5.45% Solar Bonds, Series","related to SolarCity's 5.45% Solar Bonds, Series",,,,,,,,,,,,,,,,,,,,,,,,,,,,,,,,,,,,,,,,,,,,,,,,,,,,,,,,
4.394.404.414.424.434.444.454.464.474.484.49,4.394.404.414.424.434.444.454.464.474.484.49,4.394.404.414.424.434.444.454.464.474.484.49,2015/C33-15.,2015/C33-15.,2015/C33-15.,2015/C33-15.,,,,001-35758,001-35758,001-35758,001-35758,001-35758,001-35758,001-35758,001-35758,001-35758,001-35758,001-35758,001-35758,001-35758,001-35758,001-35758,001-35758,001-35758,001-35758,001-35758,001-35758,001-35758,001-35758,001-35758,001-35758,001-35758,001-35758,001-35758,001-35758,001-35758,,,,,,,,,,,,,,,,,,,,,,,,
4.394.404.414.424.434.444.454.464.474.484.49,4.394.404.414.424.434.444.454.464.474.484.49,4.394.404.414.424.434.444.454.464.474.484.49,"Forty-Eighth Supplemental Indenture, dated as of May","Forty-Eighth Supplemental Indenture, dated as of May","Forty-Eighth Supplemental Indenture, dated as of May","Forty-Eighth Supplemental Indenture, dated as of May",8-K(1),8-K(1),8-K(1),8-K(1),8-K(1),8-K(1),8-K(1),8-K(1),8-K(1),8-K(1),8-K(1),8-K(1),8-K(1),8-K(1),8-K(1),8-K(1),8-K(1),8-K(1),8-K(1),8-K(1),8-K(1),8-K(1),8-K(1),8-K(1),8-K(1),8-K(1),001-35758,001-35758,001-35758,001-35758,001-35758,001-35758,,,,,,,,,,,,,,,,,,,,,,,,
4.394.404.414.424.434.444.454.464.474.484.49,4.394.404.414.424.434.444.454.464.474.484.49,4.394.404.414.424.434.444.454.464.474.484.49,"1, 2015,by and between SolarCity and the Trustee.","1, 2015,by and between SolarCity and the Trustee.","1, 2015,by and between SolarCity and the Trustee.","1, 2015,by and between SolarCity and the Trustee.",,,,001-35758,001-35758,001-35758,001-35758,001-35758,001-35758,001-35758,001-35758,001-35758,001-35758,001-35758,001-35758,001-35758,001-35758,001-35758,001-35758,001-35758,001-35758,001-35758,001-35758,001-35758,001-35758,001-35758,,,,,,,,,,,,,,,,,,,,,,,,,,,,,,
4.394.404.414.424.434.444.454.464.474.484.49,4.394.404.414.424.434.444.454.464.474.484.49,4.394.404.414.424.434.444.454.464.474.484.49,"related to SolarCity's 5.00% Solar Bonds, Series","related to SolarCity's 5.00% Solar Bonds, Series","related to SolarCity's 5.00% Solar Bonds, Series","related to SolarCity's 5.00% Solar Bonds, Series",,,,,,,,,,,,,,,,,,,,,,,,,,,,,,,,,,,,,,,,,,,,,,,,,,,,,,,,
4.394.404.414.424.434.444.454.464.474.484.49,4.394.404.414.424.434.444.454.464.474.484.49,4.394.404.414.424.434.444.454.464.474.484.49,2015/12-10.,2015/12-10.,2015/12-10.,2015/12-10.,,,,,,,,,,,,,,,,,,,,,,,,,,,,,,,,,,,,,,,,,,,,,,,,,,,,,,,,
4.394.404.414.424.434.444.454.464.474.484.49,4.394.404.414.424.434.444.454.464.474.484.49,4.394.404.414.424.434.444.454.464.474.484.49,"Forty-Ninth Supplemental Indenture, dated as of May 1,","Forty-Ninth Supplemental Indenture, dated as of May 1,","Forty-Ninth Supplemental Indenture, dated as of May 1,","Forty-Ninth Supplemental Indenture, dated as of May 1,",8-K(1),8-K(1),8-K(1),001-35758,001-35758,001-35758,001-35758,001-35758,001-35758,001-35758,001-35758,001-35758,001-35758,001-35758,001-35758,001-35758,001-35758,001-35758,001-35758,001-35758,001-35758,001-35758,001-35758,001-35758,001-35758,001-35758,001-35758,001-35758,001-35758,001-35758,001-35758,001-35758,,,,,,,,,,,,,,,,,,,,,,,,
4.394.404.414.424.434.444.454.464.474.484.49,4.394.404.414.424.434.444.454.464.474.484.49,4.394.404.414.424.434.444.454.464.474.484.49,"2015,by and between SolarCity and the Trustee,related","2015,by and between SolarCity and the Trustee,related","2015,by and between SolarCity and the Trustee,related","2015,by and between SolarCity and the Trustee,related",,,,,,,,,,,,,,,,,,,,,,,,,,,001-35758,001-35758,001-35758,001-35758,001-35758,001-35758,,,,,,,,,,,,,,,,,,,,,,,,
4.394.404.414.424.434.444.454.464.474.484.49,4.394.404.414.424.434.444.454.464.474.484.49,4.394.404.414.424.434.444.454.464.474.484.49,"to SolarCity's 5.75% Solar Bonds, Series 2015/13-15.","to SolarCity's 5.75% Solar Bonds, Series 2015/13-15.","to SolarCity's 5.75% Solar Bonds, Series 2015/13-15.","to SolarCity's 5.75% Solar Bonds, Series 2015/13-15.",,,,,,,,,,,,,,,,,,,,,,,,,,,001-35758,001-35758,001-35758,001-35758,001-35758,001-35758,,,,,,,,,,,,,,,,,,,,,,,,
4.394.404.414.424.434.444.454.464.474.484.49,4.394.404.414.424.434.444.454.464.474.484.49,4.394.404.414.424.434.444.454.464.474.484.49,"Fifty-Second Supplemental Indenture, dated as of May","Fifty-Second Supplemental Indenture, dated as of May","Fifty-Second Supplemental Indenture, dated as of May","Fifty-Second Supplemental Indenture, dated as of May",8-K(1),8-K(1),8-K(1),001-35758,001-35758,001-35758,001-35758,001-35758,001-35758,001-35758,001-35758,001-35758,001-35758,001-35758,001-35758,001-35758,001-35758,001-35758,001-35758,001-35758,001-35758,001-35758,001-35758,001-35758,001-35758,001-35758,001-35758,001-35758,001-35758,001-35758,001-35758,001-35758,"4.4 May 11,20154.5 May 11,2015","4.4 May 11,20154.5 May 11,2015","4.4 May 11,20154.5 May 11,2015","4.4 May 11,20154.5 May 11,2015","4.4 May 11,20154.5 May 11,2015","4.4 May 11,20154.5 May 11,2015","4.4 May 11,20154.5 May 11,2015","4.4 May 11,20154.5 May 11,2015","4.4 May 11,20154.5 May 11,2015","4.4 May 11,20154.5 May 11,2015","4.4 May 11,20154.5 May 11,2015","4.4 May 11,20154.5 May 11,2015","4.4 May 11,20154.5 May 11,2015","4.4 May 11,20154.5 May 11,2015","4.4 May 11,20154.5 May 11,2015","4.4 May 11,20154.5 May 11,2015","4.4 May 11,20154.5 May 11,2015","4.4 May 11,20154.5 May 11,2015","4.4 May 11,20154.5 May 11,2015","4.4 May 11,20154.5 May 11,2015","4.4 May 11,20154.5 May 11,2015","4.4 May 11,20154.5 May 11,2015","4.4 May 11,20154.5 May 11,2015","4.4 May 11,20154.5 May 11,2015"
4.394.404.414.424.434.444.454.464.474.484.49,4.394.404.414.424.434.444.454.464.474.484.49,4.394.404.414.424.434.444.454.464.474.484.49,"11, 2015,by and between SolarCity and the Trustee,","11, 2015,by and between SolarCity and the Trustee,","11, 2015,by and between SolarCity and the Trustee,","11, 2015,by and between SolarCity and the Trustee,",,,,001-35758,001-35758,001-35758,001-35758,001-35758,001-35758,001-35758,001-35758,001-35758,001-35758,001-35758,001-35758,001-35758,001-35758,001-35758,001-35758,001-35758,001-35758,001-35758,001-35758,001-35758,001-35758,001-35758,,,,,,,,,,,,,,,,,,,,,,,,,,,,,,"4.4 May 11,20154.5 May 11,2015"
4.394.404.414.424.434.444.454.464.474.484.49,4.394.404.414.424.434.444.454.464.474.484.49,4.394.404.414.424.434.444.454.464.474.484.49,"related to SolarCity's 4.70% Solar Bonds, Series","related to SolarCity's 4.70% Solar Bonds, Series","related to SolarCity's 4.70% Solar Bonds, Series","related to SolarCity's 4.70% Solar Bonds, Series",,,,,,,,,,,,,,,,,,,,,,,,,,,,,,,,,,,,,,,,,,,,,,,,,,,,,,,,"4.4 May 11,20154.5 May 11,2015"
4.394.404.414.424.434.444.454.464.474.484.49,4.394.404.414.424.434.444.454.464.474.484.49,4.394.404.414.424.434.444.454.464.474.484.49,2015/C36-10.,2015/C36-10.,2015/C36-10.,2015/C36-10.,,,,,,,,,,,,,,,,,,,,,,,,,,,,,,,,,,,,,,,,,,,,,,,,,,,,,,,,
4.394.404.414.424.434.444.454.464.474.484.49,4.394.404.414.424.434.444.454.464.474.484.49,4.394.404.414.424.434.444.454.464.474.484.49,"Fifty-Third Supplemental Indenture, dated as of May 11,","Fifty-Third Supplemental Indenture, dated as of May 11,","Fifty-Third Supplemental Indenture, dated as of May 11,","Fifty-Third Supplemental Indenture, dated as of May 11,",8-K(1),8-K(1),8-K(1),001-35758,001-35758,001-35758,001-35758,001-35758,001-35758,001-35758,001-35758,001-35758,001-35758,001-35758,001-35758,001-35758,001-35758,001-35758,001-35758,001-35758,001-35758,001-35758,001-35758,001-35758,001-35758,001-35758,001-35758,001-35758,001-35758,001-35758,001-35758,001-35758,,,,,,,,,,,,,,,,,,,,,,,,
4.394.404.414.424.434.444.454.464.474.484.49,4.394.404.414.424.434.444.454.464.474.484.49,4.394.404.414.424.434.444.454.464.474.484.49,"2015,by and between SolarCity and the Trustee，related","2015,by and between SolarCity and the Trustee，related","2015,by and between SolarCity and the Trustee，related","2015,by and between SolarCity and the Trustee，related",,,,,,,,,,,,,,,,,,,,,,,,,,,001-35758,001-35758,001-35758,001-35758,001-35758,001-35758,,,,,,,,,,,,,,,,,,,,,,,,
4.394.404.414.424.434.444.454.464.474.484.49,4.394.404.414.424.434.444.454.464.474.484.49,4.394.404.414.424.434.444.454.464.474.484.49,"to SolarCity's 5.45% Solar Bonds, Series 2015/C37-15.","to SolarCity's 5.45% Solar Bonds, Series 2015/C37-15.","to SolarCity's 5.45% Solar Bonds, Series 2015/C37-15.","to SolarCity's 5.45% Solar Bonds, Series 2015/C37-15.",,,,,,,,,,,,,,,,,,,,,,,,,,,001-35758,001-35758,001-35758,001-35758,001-35758,001-35758,,,,,,,,,,,,,,,,,,,,,,,,
4.394.404.414.424.434.444.454.464.474.484.49,4.394.404.414.424.434.444.454.464.474.484.49,4.394.404.414.424.434.444.454.464.474.484.49,"Fifty-Seventh Supplemental Indenture, dated as of May","Fifty-Seventh Supplemental Indenture, dated as of May","Fifty-Seventh Supplemental Indenture, dated as of May","Fifty-Seventh Supplemental Indenture, dated as of May","8-K(1) 001-35758 4.4 May 18,20158-K(1) 001-35758 4.5 May 18,20158-K(1) 001-35758 4.4 May 26,2015","8-K(1) 001-35758 4.4 May 18,20158-K(1) 001-35758 4.5 May 18,20158-K(1) 001-35758 4.4 May 26,2015","8-K(1) 001-35758 4.4 May 18,20158-K(1) 001-35758 4.5 May 18,20158-K(1) 001-35758 4.4 May 26,2015","8-K(1) 001-35758 4.4 May 18,20158-K(1) 001-35758 4.5 May 18,20158-K(1) 001-35758 4.4 May 26,2015","8-K(1) 001-35758 4.4 May 18,20158-K(1) 001-35758 4.5 May 18,20158-K(1) 001-35758 4.4 May 26,2015","8-K(1) 001-35758 4.4 May 18,20158-K(1) 001-35758 4.5 May 18,20158-K(1) 001-35758 4.4 May 26,2015","8-K(1) 001-35758 4.4 May 18,20158-K(1) 001-35758 4.5 May 18,20158-K(1) 001-35758 4.4 May 26,2015","8-K(1) 001-35758 4.4 May 18,20158-K(1) 001-35758 4.5 May 18,20158-K(1) 001-35758 4.4 May 26,2015","8-K(1) 001-35758 4.4 May 18,20158-K(1) 001-35758 4.5 May 18,20158-K(1) 001-35758 4.4 May 26,2015","8-K(1) 001-35758 4.4 May 18,20158-K(1) 001-35758 4.5 May 18,20158-K(1) 001-35758 4.4 May 26,2015",001-35758,001-35758,001-35758,001-35758,001-35758,001-35758,001-35758,001-35758,001-35758,001-35758,001-35758,001-35758,001-35758,001-35758,001-35758,001-35758,8-K(1),8-K(1),001-35758,001-35758,001-35758,001-35758,001-35758,001-35758,001-35758,001-35758,001-35758,001-35758,001-35758,001-35758,001-35758,001-35758,001-35758,001-35758,001-35758,001-35758,001-35758,001-35758,001-35758,,,,,,,
4.394.404.414.424.434.444.454.464.474.484.49,4.394.404.414.424.434.444.454.464.474.484.49,4.394.404.414.424.434.444.454.464.474.484.49,"18, 2015, by and between SolarCity and the Trustee,","18, 2015, by and between SolarCity and the Trustee,","18, 2015, by and between SolarCity and the Trustee,","18, 2015, by and between SolarCity and the Trustee,","8-K(1) 001-35758 4.4 May 18,20158-K(1) 001-35758 4.5 May 18,20158-K(1) 001-35758 4.4 May 26,2015","8-K(1) 001-35758 4.4 May 18,20158-K(1) 001-35758 4.5 May 18,20158-K(1) 001-35758 4.4 May 26,2015","8-K(1) 001-35758 4.4 May 18,20158-K(1) 001-35758 4.5 May 18,20158-K(1) 001-35758 4.4 May 26,2015","8-K(1) 001-35758 4.4 May 18,20158-K(1) 001-35758 4.5 May 18,20158-K(1) 001-35758 4.4 May 26,2015","8-K(1) 001-35758 4.4 May 18,20158-K(1) 001-35758 4.5 May 18,20158-K(1) 001-35758 4.4 May 26,2015","8-K(1) 001-35758 4.4 May 18,20158-K(1) 001-35758 4.5 May 18,20158-K(1) 001-35758 4.4 May 26,2015","8-K(1) 001-35758 4.4 May 18,20158-K(1) 001-35758 4.5 May 18,20158-K(1) 001-35758 4.4 May 26,2015","8-K(1) 001-35758 4.4 May 18,20158-K(1) 001-35758 4.5 May 18,20158-K(1) 001-35758 4.4 May 26,2015","8-K(1) 001-35758 4.4 May 18,20158-K(1) 001-35758 4.5 May 18,20158-K(1) 001-35758 4.4 May 26,2015","8-K(1) 001-35758 4.4 May 18,20158-K(1) 001-35758 4.5 May 18,20158-K(1) 001-35758 4.4 May 26,2015",001-35758,001-35758,001-35758,001-35758,001-35758,001-35758,001-35758,001-35758,001-35758,001-35758,001-35758,001-35758,001-35758,001-35758,001-35758,001-35758,,,,,,,,,,,,,,,,,,,,,,,,,,,,,,
4.394.404.414.424.434.444.454.464.474.484.49,4.394.404.414.424.434.444.454.464.474.484.49,4.394.404.414.424.434.444.454.464.474.484.49,"related to SolarCity's 4.70% Solar Bonds, Series","related to SolarCity's 4.70% Solar Bonds, Series","related to SolarCity's 4.70% Solar Bonds, Series","related to SolarCity's 4.70% Solar Bonds, Series","related to SolarCity's 4.70% Solar Bonds, Series","related to SolarCity's 4.70% Solar Bonds, Series","related to SolarCity's 4.70% Solar Bonds, Series","related to SolarCity's 4.70% Solar Bonds, Series","related to SolarCity's 4.70% Solar Bonds, Series","related to SolarCity's 4.70% Solar Bonds, Series","related to SolarCity's 4.70% Solar Bonds, Series","related to SolarCity's 4.70% Solar Bonds, Series","related to SolarCity's 4.70% Solar Bonds, Series","related to SolarCity's 4.70% Solar Bonds, Series","related to SolarCity's 4.70% Solar Bonds, Series","related to SolarCity's 4.70% Solar Bonds, Series","related to SolarCity's 4.70% Solar Bonds, Series",,,,,,,,,,,,,,,,,,,,,,,,,,,,,,,,,,,,,,,,,,,
4.394.404.414.424.434.444.454.464.474.484.49,4.394.404.414.424.434.444.454.464.474.484.49,4.394.404.414.424.434.444.454.464.474.484.49,2015/C40-10.,2015/C40-10.,2015/C40-10.,2015/C40-10.,"8-K(1) 001-35758 4.4 May 18,20158-K(1) 001-35758 4.5 May 18,20158-K(1) 001-35758 4.4 May 26,2015","8-K(1) 001-35758 4.4 May 18,20158-K(1) 001-35758 4.5 May 18,20158-K(1) 001-35758 4.4 May 26,2015","8-K(1) 001-35758 4.4 May 18,20158-K(1) 001-35758 4.5 May 18,20158-K(1) 001-35758 4.4 May 26,2015","8-K(1) 001-35758 4.4 May 18,20158-K(1) 001-35758 4.5 May 18,20158-K(1) 001-35758 4.4 May 26,2015","8-K(1) 001-35758 4.4 May 18,20158-K(1) 001-35758 4.5 May 18,20158-K(1) 001-35758 4.4 May 26,2015","8-K(1) 001-35758 4.4 May 18,20158-K(1) 001-35758 4.5 May 18,20158-K(1) 001-35758 4.4 May 26,2015","8-K(1) 001-35758 4.4 May 18,20158-K(1) 001-35758 4.5 May 18,20158-K(1) 001-35758 4.4 May 26,2015","8-K(1) 001-35758 4.4 May 18,20158-K(1) 001-35758 4.5 May 18,20158-K(1) 001-35758 4.4 May 26,2015","8-K(1) 001-35758 4.4 May 18,20158-K(1) 001-35758 4.5 May 18,20158-K(1) 001-35758 4.4 May 26,2015","8-K(1) 001-35758 4.4 May 18,20158-K(1) 001-35758 4.5 May 18,20158-K(1) 001-35758 4.4 May 26,2015",,,,,,,,,,,,,,,,,,,,,,,,,,,,,,,,,,,,,,,,,,,,,,
4.394.404.414.424.434.444.454.464.474.484.49,4.394.404.414.424.434.444.454.464.474.484.49,4.394.404.414.424.434.444.454.464.474.484.49,"Fifty-Eighth Supplemental Indenture, dated as of May","Fifty-Eighth Supplemental Indenture, dated as of May","Fifty-Eighth Supplemental Indenture, dated as of May","Fifty-Eighth Supplemental Indenture, dated as of May","8-K(1) 001-35758 4.4 May 18,20158-K(1) 001-35758 4.5 May 18,20158-K(1) 001-35758 4.4 May 26,2015","8-K(1) 001-35758 4.4 May 18,20158-K(1) 001-35758 4.5 May 18,20158-K(1) 001-35758 4.4 May 26,2015","8-K(1) 001-35758 4.4 May 18,20158-K(1) 001-35758 4.5 May 18,20158-K(1) 001-35758 4.4 May 26,2015","8-K(1) 001-35758 4.4 May 18,20158-K(1) 001-35758 4.5 May 18,20158-K(1) 001-35758 4.4 May 26,2015","8-K(1) 001-35758 4.4 May 18,20158-K(1) 001-35758 4.5 May 18,20158-K(1) 001-35758 4.4 May 26,2015","8-K(1) 001-35758 4.4 May 18,20158-K(1) 001-35758 4.5 May 18,20158-K(1) 001-35758 4.4 May 26,2015","8-K(1) 001-35758 4.4 May 18,20158-K(1) 001-35758 4.5 May 18,20158-K(1) 001-35758 4.4 May 26,2015","8-K(1) 001-35758 4.4 May 18,20158-K(1) 001-35758 4.5 May 18,20158-K(1) 001-35758 4.4 May 26,2015","8-K(1) 001-35758 4.4 May 18,20158-K(1) 001-35758 4.5 May 18,20158-K(1) 001-35758 4.4 May 26,2015","8-K(1) 001-35758 4.4 May 18,20158-K(1) 001-35758 4.5 May 18,20158-K(1) 001-35758 4.4 May 26,2015",8-K(1),8-K(1),8-K(1),8-K(1),8-K(1),8-K(1),8-K(1),8-K(1),8-K(1),8-K(1),8-K(1),8-K(1),8-K(1),8-K(1),8-K(1),8-K(1),8-K(1),8-K(1),8-K(1),8-K(1),8-K(1),8-K(1),8-K(1),,,,,,,,,,,,,,,,,,,,,,,
4.394.404.414.424.434.444.454.464.474.484.49,4.394.404.414.424.434.444.454.464.474.484.49,4.394.404.414.424.434.444.454.464.474.484.49,"18.2015,by and between SolarCity and the Trustee,","18.2015,by and between SolarCity and the Trustee,","18.2015,by and between SolarCity and the Trustee,","18.2015,by and between SolarCity and the Trustee,","18.2015,by and between SolarCity and the Trustee,","18.2015,by and between SolarCity and the Trustee,","18.2015,by and between SolarCity and the Trustee,","18.2015,by and between SolarCity and the Trustee,","18.2015,by and between SolarCity and the Trustee,","18.2015,by and between SolarCity and the Trustee,","18.2015,by and between SolarCity and the Trustee,","18.2015,by and between SolarCity and the Trustee,","18.2015,by and between SolarCity and the Trustee,","18.2015,by and between SolarCity and the Trustee,","18.2015,by and between SolarCity and the Trustee,","18.2015,by and between SolarCity and the Trustee,","18.2015,by and between SolarCity and the Trustee,","18.2015,by and between SolarCity and the Trustee,","18.2015,by and between SolarCity and the Trustee,","18.2015,by and between SolarCity and the Trustee,","18.2015,by and between SolarCity and the Trustee,","18.2015,by and between SolarCity and the Trustee,","18.2015,by and between SolarCity and the Trustee,","18.2015,by and between SolarCity and the Trustee,",8-K(1),8-K(1),8-K(1),8-K(1),8-K(1),8-K(1),8-K(1),8-K(1),8-K(1),8-K(1),8-K(1),8-K(1),8-K(1),,,,,,,,,,,,,,,,,,,,,,,
4.394.404.414.424.434.444.454.464.474.484.49,4.394.404.414.424.434.444.454.464.474.484.49,4.394.404.414.424.434.444.454.464.474.484.49,"related to SolarCity's 5.45% Solar Bonds, Series","related to SolarCity's 5.45% Solar Bonds, Series","related to SolarCity's 5.45% Solar Bonds, Series","related to SolarCity's 5.45% Solar Bonds, Series","related to SolarCity's 5.45% Solar Bonds, Series","related to SolarCity's 5.45% Solar Bonds, Series","related to SolarCity's 5.45% Solar Bonds, Series","related to SolarCity's 5.45% Solar Bonds, Series","related to SolarCity's 5.45% Solar Bonds, Series","related to SolarCity's 5.45% Solar Bonds, Series","related to SolarCity's 5.45% Solar Bonds, Series","related to SolarCity's 5.45% Solar Bonds, Series","related to SolarCity's 5.45% Solar Bonds, Series","related to SolarCity's 5.45% Solar Bonds, Series","related to SolarCity's 5.45% Solar Bonds, Series","related to SolarCity's 5.45% Solar Bonds, Series","related to SolarCity's 5.45% Solar Bonds, Series","related to SolarCity's 5.45% Solar Bonds, Series","related to SolarCity's 5.45% Solar Bonds, Series","related to SolarCity's 5.45% Solar Bonds, Series","related to SolarCity's 5.45% Solar Bonds, Series","related to SolarCity's 5.45% Solar Bonds, Series","related to SolarCity's 5.45% Solar Bonds, Series","related to SolarCity's 5.45% Solar Bonds, Series",8-K(1),8-K(1),8-K(1),8-K(1),8-K(1),8-K(1),8-K(1),8-K(1),8-K(1),8-K(1),8-K(1),8-K(1),8-K(1),,,,,,,,,,,,,,,,,,,,,,,
4.394.404.414.424.434.444.454.464.474.484.49,4.394.404.414.424.434.444.454.464.474.484.49,4.394.404.414.424.434.444.454.464.474.484.49,"2015/C41-15. Sixty-First Supplemental Indenture, dated as of May 26,2015,by and between SolarCity and the Trustee, related","2015/C41-15. Sixty-First Supplemental Indenture, dated as of May 26,2015,by and between SolarCity and the Trustee, related","2015/C41-15. Sixty-First Supplemental Indenture, dated as of May 26,2015,by and between SolarCity and the Trustee, related","2015/C41-15. Sixty-First Supplemental Indenture, dated as of May 26,2015,by and between SolarCity and the Trustee, related","2015/C41-15. Sixty-First Supplemental Indenture, dated as of May 26,2015,by and between SolarCity and the Trustee, related","2015/C41-15. Sixty-First Supplemental Indenture, dated as of May 26,2015,by and between SolarCity and the Trustee, related","2015/C41-15. Sixty-First Supplemental Indenture, dated as of May 26,2015,by and between SolarCity and the Trustee, related","2015/C41-15. Sixty-First Supplemental Indenture, dated as of May 26,2015,by and between SolarCity and the Trustee, related","2015/C41-15. Sixty-First Supplemental Indenture, dated as of May 26,2015,by and between SolarCity and the Trustee, related","2015/C41-15. Sixty-First Supplemental Indenture, dated as of May 26,2015,by and between SolarCity and the Trustee, related","2015/C41-15. Sixty-First Supplemental Indenture, dated as of May 26,2015,by and between SolarCity and the Trustee, related","2015/C41-15. Sixty-First Supplemental Indenture, dated as of May 26,2015,by and between SolarCity and the Trustee, related","2015/C41-15. Sixty-First Supplemental Indenture, dated as of May 26,2015,by and between SolarCity and the Trustee, related","2015/C41-15. Sixty-First Supplemental Indenture, dated as of May 26,2015,by and between SolarCity and the Trustee, related","2015/C41-15. Sixty-First Supplemental Indenture, dated as of May 26,2015,by and between SolarCity and the Trustee, related","2015/C41-15. Sixty-First Supplemental Indenture, dated as of May 26,2015,by and between SolarCity and the Trustee, related","2015/C41-15. Sixty-First Supplemental Indenture, dated as of May 26,2015,by and between SolarCity and the Trustee, related","2015/C41-15. Sixty-First Supplemental Indenture, dated as of May 26,2015,by and between SolarCity and the Trustee, related","2015/C41-15. Sixty-First Supplemental Indenture, dated as of May 26,2015,by and between SolarCity and the Trustee, related","2015/C41-15. Sixty-First Supplemental Indenture, dated as of May 26,2015,by and between SolarCity and the Trustee, related","2015/C41-15. Sixty-First Supplemental Indenture, dated as of May 26,2015,by and between SolarCity and the Trustee, related","2015/C41-15. Sixty-First Supplemental Indenture, dated as of May 26,2015,by and between SolarCity and the Trustee, related","2015/C41-15. Sixty-First Supplemental Indenture, dated as of May 26,2015,by and between SolarCity and the Trustee, related","2015/C41-15. Sixty-First Supplemental Indenture, dated as of May 26,2015,by and between SolarCity and the Trustee, related","2015/C41-15. Sixty-First Supplemental Indenture, dated as of May 26,2015,by and between SolarCity and the Trustee, related","2015/C41-15. Sixty-First Supplemental Indenture, dated as of May 26,2015,by and between SolarCity and the Trustee, related","2015/C41-15. Sixty-First Supplemental Indenture, dated as of May 26,2015,by and between SolarCity and the Trustee, related",,,,,,,,,,,,,,,,,,,,,,,,,,,,,,,,,
4.394.404.414.424.434.444.454.464.474.484.49,4.394.404.414.424.434.444.454.464.474.484.49,4.394.404.414.424.434.444.454.464.474.484.49,"2015/C41-15. Sixty-First Supplemental Indenture, dated as of May 26,2015,by and between SolarCity and the Trustee, related","2015/C41-15. Sixty-First Supplemental Indenture, dated as of May 26,2015,by and between SolarCity and the Trustee, related","2015/C41-15. Sixty-First Supplemental Indenture, dated as of May 26,2015,by and between SolarCity and the Trustee, related","2015/C41-15. Sixty-First Supplemental Indenture, dated as of May 26,2015,by and between SolarCity and the Trustee, related","2015/C41-15. Sixty-First Supplemental Indenture, dated as of May 26,2015,by and between SolarCity and the Trustee, related","2015/C41-15. Sixty-First Supplemental Indenture, dated as of May 26,2015,by and between SolarCity and the Trustee, related","2015/C41-15. Sixty-First Supplemental Indenture, dated as of May 26,2015,by and between SolarCity and the Trustee, related","2015/C41-15. Sixty-First Supplemental Indenture, dated as of May 26,2015,by and between SolarCity and the Trustee, related","2015/C41-15. Sixty-First Supplemental Indenture, dated as of May 26,2015,by and between SolarCity and the Trustee, related","2015/C41-15. Sixty-First Supplemental Indenture, dated as of May 26,2015,by and between SolarCity and the Trustee, related","2015/C41-15. Sixty-First Supplemental Indenture, dated as of May 26,2015,by and between SolarCity and the Trustee, related","2015/C41-15. Sixty-First Supplemental Indenture, dated as of May 26,2015,by and between SolarCity and the Trustee, related","2015/C41-15. Sixty-First Supplemental Indenture, dated as of May 26,2015,by and between SolarCity and the Trustee, related","2015/C41-15. Sixty-First Supplemental Indenture, dated as of May 26,2015,by and between SolarCity and the Trustee, related","2015/C41-15. Sixty-First Supplemental Indenture, dated as of May 26,2015,by and between SolarCity and the Trustee, related","2015/C41-15. Sixty-First Supplemental Indenture, dated as of May 26,2015,by and between SolarCity and the Trustee, related","2015/C41-15. Sixty-First Supplemental Indenture, dated as of May 26,2015,by and between SolarCity and the Trustee, related","2015/C41-15. Sixty-First Supplemental Indenture, dated as of May 26,2015,by and between SolarCity and the Trustee, related","2015/C41-15. Sixty-First Supplemental Indenture, dated as of May 26,2015,by and between SolarCity and the Trustee, related","2015/C41-15. Sixty-First Supplemental Indenture, dated as of May 26,2015,by and between SolarCity and the Trustee, related","2015/C41-15. Sixty-First Supplemental Indenture, dated as of May 26,2015,by and between SolarCity and the Trustee, related","2015/C41-15. Sixty-First Supplemental Indenture, dated as of May 26,2015,by and between SolarCity and the Trustee, related","2015/C41-15. Sixty-First Supplemental Indenture, dated as of May 26,2015,by and between SolarCity and the Trustee, related","2015/C41-15. Sixty-First Supplemental Indenture, dated as of May 26,2015,by and between SolarCity and the Trustee, related","2015/C41-15. Sixty-First Supplemental Indenture, dated as of May 26,2015,by and between SolarCity and the Trustee, related","2015/C41-15. Sixty-First Supplemental Indenture, dated as of May 26,2015,by and between SolarCity and the Trustee, related","2015/C41-15. Sixty-First Supplemental Indenture, dated as of May 26,2015,by and between SolarCity and the Trustee, related","Sixty-First Supplemental Indenture, dated as of May 26,","Sixty-First Supplemental Indenture, dated as of May 26,",of Mav,of Mav,of Mav,of Mav,of Mav,of Mav,of Mav,of Mav,of Mav,of Mav,of Mav,of Mav,of Mav,of Mav,of Mav,of Mav,of Mav,of Mav,of Mav,of Mav,of Mav,,,,,,,,,,
4.394.404.414.424.434.444.454.464.474.484.49,4.394.404.414.424.434.444.454.464.474.484.49,4.394.404.414.424.434.444.454.464.474.484.49,"to SolarCity's 4.70% Solar Bonds,Series 2015/C44-10.","to SolarCity's 4.70% Solar Bonds,Series 2015/C44-10.","to SolarCity's 4.70% Solar Bonds,Series 2015/C44-10.","to SolarCity's 4.70% Solar Bonds,Series 2015/C44-10.","to SolarCity's 4.70% Solar Bonds,Series 2015/C44-10.","to SolarCity's 4.70% Solar Bonds,Series 2015/C44-10.","to SolarCity's 4.70% Solar Bonds,Series 2015/C44-10.","to SolarCity's 4.70% Solar Bonds,Series 2015/C44-10.","to SolarCity's 4.70% Solar Bonds,Series 2015/C44-10.","to SolarCity's 4.70% Solar Bonds,Series 2015/C44-10.","to SolarCity's 4.70% Solar Bonds,Series 2015/C44-10.","to SolarCity's 4.70% Solar Bonds,Series 2015/C44-10.","to SolarCity's 4.70% Solar Bonds,Series 2015/C44-10.","to SolarCity's 4.70% Solar Bonds,Series 2015/C44-10.","to SolarCity's 4.70% Solar Bonds,Series 2015/C44-10.","to SolarCity's 4.70% Solar Bonds,Series 2015/C44-10.","to SolarCity's 4.70% Solar Bonds,Series 2015/C44-10.","to SolarCity's 4.70% Solar Bonds,Series 2015/C44-10.","to SolarCity's 4.70% Solar Bonds,Series 2015/C44-10.","to SolarCity's 4.70% Solar Bonds,Series 2015/C44-10.","to SolarCity's 4.70% Solar Bonds,Series 2015/C44-10.","to SolarCity's 4.70% Solar Bonds,Series 2015/C44-10.","to SolarCity's 4.70% Solar Bonds,Series 2015/C44-10.","to SolarCity's 4.70% Solar Bonds,Series 2015/C44-10.","to SolarCity's 4.70% Solar Bonds,Series 2015/C44-10.","to SolarCity's 4.70% Solar Bonds,Series 2015/C44-10.","to SolarCity's 4.70% Solar Bonds,Series 2015/C44-10.",,,,,,,,,,,,,,,,,,,,,,,,,,,,,,,,,
4.394.404.414.424.434.444.454.464.474.484.49,4.394.404.414.424.434.444.454.464.474.484.49,4.394.404.414.424.434.444.454.464.474.484.49,"to SolarCity's 4.70% Solar Bonds,Series 2015/C44-10. Sixty-Second Supplemental Indenture, dated as of May 8-K(1) 001-35758 4.5 May 26,2015 26, 2015,by and between SolarCity and the Trustee, related to SolarCity's 5.45% Solar Bonds, Series2015/C45-15.","to SolarCity's 4.70% Solar Bonds,Series 2015/C44-10. Sixty-Second Supplemental Indenture, dated as of May 8-K(1) 001-35758 4.5 May 26,2015 26, 2015,by and between SolarCity and the Trustee, related to SolarCity's 5.45% Solar Bonds, Series2015/C45-15.","to SolarCity's 4.70% Solar Bonds,Series 2015/C44-10. Sixty-Second Supplemental Indenture, dated as of May 8-K(1) 001-35758 4.5 May 26,2015 26, 2015,by and between SolarCity and the Trustee, related to SolarCity's 5.45% Solar Bonds, Series2015/C45-15.","to SolarCity's 4.70% Solar Bonds,Series 2015/C44-10. Sixty-Second Supplemental Indenture, dated as of May 8-K(1) 001-35758 4.5 May 26,2015 26, 2015,by and between SolarCity and the Trustee, related to SolarCity's 5.45% Solar Bonds, Series2015/C45-15.","to SolarCity's 4.70% Solar Bonds,Series 2015/C44-10. Sixty-Second Supplemental Indenture, dated as of May 8-K(1) 001-35758 4.5 May 26,2015 26, 2015,by and between SolarCity and the Trustee, related to SolarCity's 5.45% Solar Bonds, Series2015/C45-15.","to SolarCity's 4.70% Solar Bonds,Series 2015/C44-10. Sixty-Second Supplemental Indenture, dated as of May 8-K(1) 001-35758 4.5 May 26,2015 26, 2015,by and between SolarCity and the Trustee, related to SolarCity's 5.45% Solar Bonds, Series2015/C45-15.","to SolarCity's 4.70% Solar Bonds,Series 2015/C44-10. Sixty-Second Supplemental Indenture, dated as of May 8-K(1) 001-35758 4.5 May 26,2015 26, 2015,by and between SolarCity and the Trustee, related to SolarCity's 5.45% Solar Bonds, Series2015/C45-15.","to SolarCity's 4.70% Solar Bonds,Series 2015/C44-10. Sixty-Second Supplemental Indenture, dated as of May 8-K(1) 001-35758 4.5 May 26,2015 26, 2015,by and between SolarCity and the Trustee, related to SolarCity's 5.45% Solar Bonds, Series2015/C45-15.","to SolarCity's 4.70% Solar Bonds,Series 2015/C44-10. Sixty-Second Supplemental Indenture, dated as of May 8-K(1) 001-35758 4.5 May 26,2015 26, 2015,by and between SolarCity and the Trustee, related to SolarCity's 5.45% Solar Bonds, Series2015/C45-15.","to SolarCity's 4.70% Solar Bonds,Series 2015/C44-10. Sixty-Second Supplemental Indenture, dated as of May 8-K(1) 001-35758 4.5 May 26,2015 26, 2015,by and between SolarCity and the Trustee, related to SolarCity's 5.45% Solar Bonds, Series2015/C45-15.","to SolarCity's 4.70% Solar Bonds,Series 2015/C44-10. Sixty-Second Supplemental Indenture, dated as of May 8-K(1) 001-35758 4.5 May 26,2015 26, 2015,by and between SolarCity and the Trustee, related to SolarCity's 5.45% Solar Bonds, Series2015/C45-15.","to SolarCity's 4.70% Solar Bonds,Series 2015/C44-10. Sixty-Second Supplemental Indenture, dated as of May 8-K(1) 001-35758 4.5 May 26,2015 26, 2015,by and between SolarCity and the Trustee, related to SolarCity's 5.45% Solar Bonds, Series2015/C45-15.","to SolarCity's 4.70% Solar Bonds,Series 2015/C44-10. Sixty-Second Supplemental Indenture, dated as of May 8-K(1) 001-35758 4.5 May 26,2015 26, 2015,by and between SolarCity and the Trustee, related to SolarCity's 5.45% Solar Bonds, Series2015/C45-15.","to SolarCity's 4.70% Solar Bonds,Series 2015/C44-10. Sixty-Second Supplemental Indenture, dated as of May 8-K(1) 001-35758 4.5 May 26,2015 26, 2015,by and between SolarCity and the Trustee, related to SolarCity's 5.45% Solar Bonds, Series2015/C45-15.","Sixty-Second Supplemental Indenture, dated as of May 26, 2015,by and between SolarCity and the Trustee,","Sixty-Second Supplemental Indenture, dated as of May 26, 2015,by and between SolarCity and the Trustee,","Sixty-Second Supplemental Indenture, dated as of May 26, 2015,by and between SolarCity and the Trustee,","Sixty-Second Supplemental Indenture, dated as of May 26, 2015,by and between SolarCity and the Trustee,","Sixty-Second Supplemental Indenture, dated as of May 26, 2015,by and between SolarCity and the Trustee,","Sixty-Second Supplemental Indenture, dated as of May 26, 2015,by and between SolarCity and the Trustee,","Sixty-Second Supplemental Indenture, dated as of May 26, 2015,by and between SolarCity and the Trustee,","Sixty-Second Supplemental Indenture, dated as of May 26, 2015,by and between SolarCity and the Trustee,","Sixty-Second Supplemental Indenture, dated as of May 26, 2015,by and between SolarCity and the Trustee,","Sixty-Second Supplemental Indenture, dated as of May 26, 2015,by and between SolarCity and the Trustee,","Sixty-Second Supplemental Indenture, dated as of May 26, 2015,by and between SolarCity and the Trustee,","Sixty-Second Supplemental Indenture, dated as of May 26, 2015,by and between SolarCity and the Trustee,","Sixty-Second Supplemental Indenture, dated as of May 26, 2015,by and between SolarCity and the Trustee,","Sixty-Second Supplemental Indenture, dated as of May 26, 2015,by and between SolarCity and the Trustee,","Sixty-Second Supplemental Indenture, dated as of May 26, 2015,by and between SolarCity and the Trustee,","Sixty-Second Supplemental Indenture, dated as of May 26, 2015,by and between SolarCity and the Trustee,","Sixty-Second Supplemental Indenture, dated as of May 26, 2015,by and between SolarCity and the Trustee,","Sixty-Second Supplemental Indenture, dated as of May 26, 2015,by and between SolarCity and the Trustee,","Sixty-Second Supplemental Indenture, dated as of May 26, 2015,by and between SolarCity and the Trustee,","Sixty-Second Supplemental Indenture, dated as of May 26, 2015,by and between SolarCity and the Trustee,","Sixty-Second Supplemental Indenture, dated as of May 26, 2015,by and between SolarCity and the Trustee,","Sixty-Second Supplemental Indenture, dated as of May 26, 2015,by and between SolarCity and the Trustee,","Sixty-Second Supplemental Indenture, dated as of May 26, 2015,by and between SolarCity and the Trustee,",,,,,,,,,,,,,,,,,,,,,,,
4.394.404.414.424.434.444.454.464.474.484.49,4.394.404.414.424.434.444.454.464.474.484.49,4.394.404.414.424.434.444.454.464.474.484.49,"to SolarCity's 4.70% Solar Bonds,Series 2015/C44-10. Sixty-Second Supplemental Indenture, dated as of May 8-K(1) 001-35758 4.5 May 26,2015 26, 2015,by and between SolarCity and the Trustee, related to SolarCity's 5.45% Solar Bonds, Series2015/C45-15.","to SolarCity's 4.70% Solar Bonds,Series 2015/C44-10. Sixty-Second Supplemental Indenture, dated as of May 8-K(1) 001-35758 4.5 May 26,2015 26, 2015,by and between SolarCity and the Trustee, related to SolarCity's 5.45% Solar Bonds, Series2015/C45-15.","to SolarCity's 4.70% Solar Bonds,Series 2015/C44-10. Sixty-Second Supplemental Indenture, dated as of May 8-K(1) 001-35758 4.5 May 26,2015 26, 2015,by and between SolarCity and the Trustee, related to SolarCity's 5.45% Solar Bonds, Series2015/C45-15.","to SolarCity's 4.70% Solar Bonds,Series 2015/C44-10. Sixty-Second Supplemental Indenture, dated as of May 8-K(1) 001-35758 4.5 May 26,2015 26, 2015,by and between SolarCity and the Trustee, related to SolarCity's 5.45% Solar Bonds, Series2015/C45-15.","to SolarCity's 4.70% Solar Bonds,Series 2015/C44-10. Sixty-Second Supplemental Indenture, dated as of May 8-K(1) 001-35758 4.5 May 26,2015 26, 2015,by and between SolarCity and the Trustee, related to SolarCity's 5.45% Solar Bonds, Series2015/C45-15.","to SolarCity's 4.70% Solar Bonds,Series 2015/C44-10. Sixty-Second Supplemental Indenture, dated as of May 8-K(1) 001-35758 4.5 May 26,2015 26, 2015,by and between SolarCity and the Trustee, related to SolarCity's 5.45% Solar Bonds, Series2015/C45-15.","to SolarCity's 4.70% Solar Bonds,Series 2015/C44-10. Sixty-Second Supplemental Indenture, dated as of May 8-K(1) 001-35758 4.5 May 26,2015 26, 2015,by and between SolarCity and the Trustee, related to SolarCity's 5.45% Solar Bonds, Series2015/C45-15.","to SolarCity's 4.70% Solar Bonds,Series 2015/C44-10. Sixty-Second Supplemental Indenture, dated as of May 8-K(1) 001-35758 4.5 May 26,2015 26, 2015,by and between SolarCity and the Trustee, related to SolarCity's 5.45% Solar Bonds, Series2015/C45-15.","to SolarCity's 4.70% Solar Bonds,Series 2015/C44-10. Sixty-Second Supplemental Indenture, dated as of May 8-K(1) 001-35758 4.5 May 26,2015 26, 2015,by and between SolarCity and the Trustee, related to SolarCity's 5.45% Solar Bonds, Series2015/C45-15.","to SolarCity's 4.70% Solar Bonds,Series 2015/C44-10. Sixty-Second Supplemental Indenture, dated as of May 8-K(1) 001-35758 4.5 May 26,2015 26, 2015,by and between SolarCity and the Trustee, related to SolarCity's 5.45% Solar Bonds, Series2015/C45-15.","to SolarCity's 4.70% Solar Bonds,Series 2015/C44-10. Sixty-Second Supplemental Indenture, dated as of May 8-K(1) 001-35758 4.5 May 26,2015 26, 2015,by and between SolarCity and the Trustee, related to SolarCity's 5.45% Solar Bonds, Series2015/C45-15.","to SolarCity's 4.70% Solar Bonds,Series 2015/C44-10. Sixty-Second Supplemental Indenture, dated as of May 8-K(1) 001-35758 4.5 May 26,2015 26, 2015,by and between SolarCity and the Trustee, related to SolarCity's 5.45% Solar Bonds, Series2015/C45-15.","to SolarCity's 4.70% Solar Bonds,Series 2015/C44-10. Sixty-Second Supplemental Indenture, dated as of May 8-K(1) 001-35758 4.5 May 26,2015 26, 2015,by and between SolarCity and the Trustee, related to SolarCity's 5.45% Solar Bonds, Series2015/C45-15.","to SolarCity's 4.70% Solar Bonds,Series 2015/C44-10. Sixty-Second Supplemental Indenture, dated as of May 8-K(1) 001-35758 4.5 May 26,2015 26, 2015,by and between SolarCity and the Trustee, related to SolarCity's 5.45% Solar Bonds, Series2015/C45-15.","related to SolarCity's 5.45% Solar Bonds, Series","related to SolarCity's 5.45% Solar Bonds, Series","related to SolarCity's 5.45% Solar Bonds, Series","related to SolarCity's 5.45% Solar Bonds, Series","related to SolarCity's 5.45% Solar Bonds, Series","related to SolarCity's 5.45% Solar Bonds, Series","related to SolarCity's 5.45% Solar Bonds, Series","related to SolarCity's 5.45% Solar Bonds, Series","related to SolarCity's 5.45% Solar Bonds, Series","related to SolarCity's 5.45% Solar Bonds, Series","related to SolarCity's 5.45% Solar Bonds, Series","related to SolarCity's 5.45% Solar Bonds, Series","related to SolarCity's 5.45% Solar Bonds, Series","related to SolarCity's 5.45% Solar Bonds, Series","related to SolarCity's 5.45% Solar Bonds, Series","related to SolarCity's 5.45% Solar Bonds, Series","related to SolarCity's 5.45% Solar Bonds, Series","related to SolarCity's 5.45% Solar Bonds, Series","related to SolarCity's 5.45% Solar Bonds, Series","related to SolarCity's 5.45% Solar Bonds, Series","related to SolarCity's 5.45% Solar Bonds, Series","related to SolarCity's 5.45% Solar Bonds, Series","related to SolarCity's 5.45% Solar Bonds, Series",,,,,,,,,,,,,,,,,,,,,,,
ExhibitNumber,ExhibitNumber,ExhibitNumber,ExhibitNumber,Incorporated by Reference FiledExhibit Description Form File No. Exhibit Filing Date Herewith,Incorporated by Reference FiledExhibit Description Form File No. Exhibit Filing Date Herewith,Incorporated by Reference FiledExhibit Description Form File No. Exhibit Filing Date Herewith,Incorporated by Reference FiledExhibit Description Form File No. Exhibit Filing Date Herewith,Incorporated by Reference FiledExhibit Description Form File No. Exhibit Filing Date Herewith,Incorporated by Reference FiledExhibit Description Form File No. Exhibit Filing Date Herewith,Incorporated by Reference FiledExhibit Description Form File No. Exhibit Filing Date Herewith,Incorporated by Reference FiledExhibit Description Form File No. Exhibit Filing Date Herewith,Incorporated by Reference FiledExhibit Description Form File No. Exhibit Filing Date Herewith,Incorporated by Reference FiledExhibit Description Form File No. Exhibit Filing Date Herewith,Incorporated by Reference FiledExhibit Description Form File No. Exhibit Filing Date Herewith,Incorporated by Reference FiledExhibit Description Form File No. Exhibit Filing Date Herewith,Incorporated by Reference FiledExhibit Description Form File No. Exhibit Filing Date Herewith,Incorporated by Reference FiledExhibit Description Form File No. Exhibit Filing Date Herewith,Incorporated by Reference FiledExhibit Description Form File No. Exhibit Filing Date Herewith,Incorporated by Reference FiledExhibit Description Form File No. Exhibit Filing Date Herewith,Incorporated by Reference FiledExhibit Description Form File No. Exhibit Filing Date Herewith,,,,,,,,,,,,,,,,,,,,,,,,,,,,,,,,,,,,,,,,,,
ExhibitNumber,ExhibitNumber,ExhibitNumber,ExhibitNumber,Incorporated by Reference FiledExhibit Description Form File No. Exhibit Filing Date Herewith,Incorporated by Reference FiledExhibit Description Form File No. Exhibit Filing Date Herewith,Incorporated by Reference FiledExhibit Description Form File No. Exhibit Filing Date Herewith,Incorporated by Reference FiledExhibit Description Form File No. Exhibit Filing Date Herewith,Incorporated by Reference FiledExhibit Description Form File No. Exhibit Filing Date Herewith,Incorporated by Reference FiledExhibit Description Form File No. Exhibit Filing Date Herewith,Incorporated by Reference FiledExhibit Description Form File No. Exhibit Filing Date Herewith,Incorporated by Reference FiledExhibit Description Form File No. Exhibit Filing Date Herewith,Incorporated by Reference FiledExhibit Description Form File No. Exhibit Filing Date Herewith,Incorporated by Reference FiledExhibit Description Form File No. Exhibit Filing Date Herewith,Incorporated by Reference FiledExhibit Description Form File No. Exhibit Filing Date Herewith,Incorporated by Reference FiledExhibit Description Form File No. Exhibit Filing Date Herewith,Incorporated by Reference FiledExhibit Description Form File No. Exhibit Filing Date Herewith,Incorporated by Reference FiledExhibit Description Form File No. Exhibit Filing Date Herewith,Incorporated by Reference FiledExhibit Description Form File No. Exhibit Filing Date Herewith,Incorporated by Reference FiledExhibit Description Form File No. Exhibit Filing Date Herewith,Incorporated by Reference FiledExhibit Description Form File No. Exhibit Filing Date Herewith,Herewith,Herewith,Herewith,Herewith,Herewith,Herewith,Herewith,Herewith,Herewith,Herewith,Herewith,Herewith,,,,,,,,,,,,,,,,,,,,,,,,,,,,,,
4.504.51,4.504.51,4.504.51,4.504.51,"Seventieth Supplemental Indenture, dated as of June 16,",8-K(1),8-K(1),001-35758 4.4,001-35758 4.4,001-35758 4.4,"4.4 June 16,20154.5 June 16,20154.4 June 23,20154.5 June 23,20154.5 June 29,20154.6 June 29,2015","4.4 June 16,20154.5 June 16,20154.4 June 23,20154.5 June 23,20154.5 June 29,20154.6 June 29,2015","4.4 June 16,20154.5 June 16,20154.4 June 23,20154.5 June 23,20154.5 June 29,20154.6 June 29,2015","4.4 June 16,20154.5 June 16,20154.4 June 23,20154.5 June 23,20154.5 June 29,20154.6 June 29,2015","4.4 June 16,20154.5 June 16,20154.4 June 23,20154.5 June 23,20154.5 June 29,20154.6 June 29,2015","4.4 June 16,20154.5 June 16,20154.4 June 23,20154.5 June 23,20154.5 June 29,20154.6 June 29,2015","4.4 June 16,20154.5 June 16,20154.4 June 23,20154.5 June 23,20154.5 June 29,20154.6 June 29,2015","4.4 June 16,20154.5 June 16,20154.4 June 23,20154.5 June 23,20154.5 June 29,20154.6 June 29,2015","4.4 June 16,20154.5 June 16,20154.4 June 23,20154.5 June 23,20154.5 June 29,20154.6 June 29,2015","4.4 June 16,20154.5 June 16,20154.4 June 23,20154.5 June 23,20154.5 June 29,20154.6 June 29,2015","4.4 June 16,20154.5 June 16,20154.4 June 23,20154.5 June 23,20154.5 June 29,20154.6 June 29,2015",,,,,,,,,,,,,,,,,,,,,,,,,,,,,,,,,,,,,,,,,,
4.504.51,4.504.51,4.504.51,4.504.51,"2015,by and between SolarCity and the Trustee,related",,,001-35758 4.4,001-35758 4.4,001-35758 4.4,"4.4 June 16,20154.5 June 16,20154.4 June 23,20154.5 June 23,20154.5 June 29,20154.6 June 29,2015","4.4 June 16,20154.5 June 16,20154.4 June 23,20154.5 June 23,20154.5 June 29,20154.6 June 29,2015","4.4 June 16,20154.5 June 16,20154.4 June 23,20154.5 June 23,20154.5 June 29,20154.6 June 29,2015","4.4 June 16,20154.5 June 16,20154.4 June 23,20154.5 June 23,20154.5 June 29,20154.6 June 29,2015","4.4 June 16,20154.5 June 16,20154.4 June 23,20154.5 June 23,20154.5 June 29,20154.6 June 29,2015","4.4 June 16,20154.5 June 16,20154.4 June 23,20154.5 June 23,20154.5 June 29,20154.6 June 29,2015","4.4 June 16,20154.5 June 16,20154.4 June 23,20154.5 June 23,20154.5 June 29,20154.6 June 29,2015","4.4 June 16,20154.5 June 16,20154.4 June 23,20154.5 June 23,20154.5 June 29,20154.6 June 29,2015","4.4 June 16,20154.5 June 16,20154.4 June 23,20154.5 June 23,20154.5 June 29,20154.6 June 29,2015","4.4 June 16,20154.5 June 16,20154.4 June 23,20154.5 June 23,20154.5 June 29,20154.6 June 29,2015","4.4 June 16,20154.5 June 16,20154.4 June 23,20154.5 June 23,20154.5 June 29,20154.6 June 29,2015",,,,,,,,,,,,,,,,,,,,,,,,,,,,,,,,,,,,,,,,,,
4.504.51,4.504.51,4.504.51,4.504.51,"to SolarCity's 4.70% Solar Bonds,Series 2015/C52-10.",,,001-35758 4.4,001-35758 4.4,001-35758 4.4,"4.4 June 16,20154.5 June 16,20154.4 June 23,20154.5 June 23,20154.5 June 29,20154.6 June 29,2015","4.4 June 16,20154.5 June 16,20154.4 June 23,20154.5 June 23,20154.5 June 29,20154.6 June 29,2015","4.4 June 16,20154.5 June 16,20154.4 June 23,20154.5 June 23,20154.5 June 29,20154.6 June 29,2015","4.4 June 16,20154.5 June 16,20154.4 June 23,20154.5 June 23,20154.5 June 29,20154.6 June 29,2015","4.4 June 16,20154.5 June 16,20154.4 June 23,20154.5 June 23,20154.5 June 29,20154.6 June 29,2015","4.4 June 16,20154.5 June 16,20154.4 June 23,20154.5 June 23,20154.5 June 29,20154.6 June 29,2015","4.4 June 16,20154.5 June 16,20154.4 June 23,20154.5 June 23,20154.5 June 29,20154.6 June 29,2015","4.4 June 16,20154.5 June 16,20154.4 June 23,20154.5 June 23,20154.5 June 29,20154.6 June 29,2015","4.4 June 16,20154.5 June 16,20154.4 June 23,20154.5 June 23,20154.5 June 29,20154.6 June 29,2015","4.4 June 16,20154.5 June 16,20154.4 June 23,20154.5 June 23,20154.5 June 29,20154.6 June 29,2015","4.4 June 16,20154.5 June 16,20154.4 June 23,20154.5 June 23,20154.5 June 29,20154.6 June 29,2015",,,,,,,,,,,,,,,,,,,,,,,,,,,,,,,,,,,,,,,,,,
4.504.51,4.504.51,4.504.51,4.504.51,"Seventy-First Supplemental Indenture, dated as of June",8-K(1),8-K(1),001-35758,001-35758,001-35758,001-35758,001-35758,001-35758,001-35758,001-35758,001-35758,001-35758,001-35758,001-35758,001-35758,001-35758,,,,,,,,,,,,,,,,,,,,,,,,,,,,,,,,,,,,,,,,,,
4.504.51,4.504.51,4.504.51,4.504.51,,,,"16, 2015, by and between SolarCity and the Trustee",,,"4.4 June 16,20154.5 June 16,20154.4 June 23,20154.5 June 23,20154.5 June 29,20154.6 June 29,2015","4.4 June 16,20154.5 June 16,20154.4 June 23,20154.5 June 23,20154.5 June 29,20154.6 June 29,2015","4.4 June 16,20154.5 June 16,20154.4 June 23,20154.5 June 23,20154.5 June 29,20154.6 June 29,2015","4.4 June 16,20154.5 June 16,20154.4 June 23,20154.5 June 23,20154.5 June 29,20154.6 June 29,2015","4.4 June 16,20154.5 June 16,20154.4 June 23,20154.5 June 23,20154.5 June 29,20154.6 June 29,2015","4.4 June 16,20154.5 June 16,20154.4 June 23,20154.5 June 23,20154.5 June 29,20154.6 June 29,2015","4.4 June 16,20154.5 June 16,20154.4 June 23,20154.5 June 23,20154.5 June 29,20154.6 June 29,2015","4.4 June 16,20154.5 June 16,20154.4 June 23,20154.5 June 23,20154.5 June 29,20154.6 June 29,2015","4.4 June 16,20154.5 June 16,20154.4 June 23,20154.5 June 23,20154.5 June 29,20154.6 June 29,2015","4.4 June 16,20154.5 June 16,20154.4 June 23,20154.5 June 23,20154.5 June 29,20154.6 June 29,2015","4.4 June 16,20154.5 June 16,20154.4 June 23,20154.5 June 23,20154.5 June 29,20154.6 June 29,2015",,,,,,,,,,,,,,,,,,,,,,,,,,,,,,,,,,,,,,,,,,
,,,,"related to SolarCity's 5.45% Solar Bonds, Series","related to SolarCity's 5.45% Solar Bonds, Series","related to SolarCity's 5.45% Solar Bonds, Series","related to SolarCity's 5.45% Solar Bonds, Series","related to SolarCity's 5.45% Solar Bonds, Series","related to SolarCity's 5.45% Solar Bonds, Series","related to SolarCity's 5.45% Solar Bonds, Series","related to SolarCity's 5.45% Solar Bonds, Series","4.4 June 16,20154.5 June 16,20154.4 June 23,20154.5 June 23,20154.5 June 29,20154.6 June 29,2015","4.4 June 16,20154.5 June 16,20154.4 June 23,20154.5 June 23,20154.5 June 29,20154.6 June 29,2015","4.4 June 16,20154.5 June 16,20154.4 June 23,20154.5 June 23,20154.5 June 29,20154.6 June 29,2015","4.4 June 16,20154.5 June 16,20154.4 June 23,20154.5 June 23,20154.5 June 29,20154.6 June 29,2015","4.4 June 16,20154.5 June 16,20154.4 June 23,20154.5 June 23,20154.5 June 29,20154.6 June 29,2015","4.4 June 16,20154.5 June 16,20154.4 June 23,20154.5 June 23,20154.5 June 29,20154.6 June 29,2015","4.4 June 16,20154.5 June 16,20154.4 June 23,20154.5 June 23,20154.5 June 29,20154.6 June 29,2015","4.4 June 16,20154.5 June 16,20154.4 June 23,20154.5 June 23,20154.5 June 29,20154.6 June 29,2015","4.4 June 16,20154.5 June 16,20154.4 June 23,20154.5 June 23,20154.5 June 29,20154.6 June 29,2015",,,,,,,,,,,,,,,,,,,,,,,,,,,,,,,,,,,,,,,,,,
,,,,,,2015/C53-15.,,,,,,,,,,,,,"4.4 June 16,20154.5 June 16,20154.4 June 23,20154.5 June 23,20154.5 June 29,20154.6 June 29,2015","4.4 June 16,20154.5 June 16,20154.4 June 23,20154.5 June 23,20154.5 June 29,20154.6 June 29,2015",,,,,,,,,,,,,,,,,,,,,,,,,,,,,,,,,,,,,,,,,,
4.524.534.544.554.564.574.584.594.604.61,4.524.534.544.554.564.574.584.594.604.61,4.524.534.544.554.564.574.584.594.604.61,4.524.534.544.554.564.574.584.594.604.61,,"Seventy-Fourth Supplemental Indenture,dated as of","Seventy-Fourth Supplemental Indenture,dated as of","Seventy-Fourth Supplemental Indenture,dated as of","Seventy-Fourth Supplemental Indenture,dated as of","Seventy-Fourth Supplemental Indenture,dated as of","4.4 June 16,20154.5 June 16,20154.4 June 23,20154.5 June 23,20154.5 June 29,20154.6 June 29,2015","4.4 June 16,20154.5 June 16,20154.4 June 23,20154.5 June 23,20154.5 June 29,20154.6 June 29,2015","4.4 June 16,20154.5 June 16,20154.4 June 23,20154.5 June 23,20154.5 June 29,20154.6 June 29,2015","4.4 June 16,20154.5 June 16,20154.4 June 23,20154.5 June 23,20154.5 June 29,20154.6 June 29,2015","4.4 June 16,20154.5 June 16,20154.4 June 23,20154.5 June 23,20154.5 June 29,20154.6 June 29,2015","4.4 June 16,20154.5 June 16,20154.4 June 23,20154.5 June 23,20154.5 June 29,20154.6 June 29,2015","4.4 June 16,20154.5 June 16,20154.4 June 23,20154.5 June 23,20154.5 June 29,20154.6 June 29,2015","4.4 June 16,20154.5 June 16,20154.4 June 23,20154.5 June 23,20154.5 June 29,20154.6 June 29,2015","4.4 June 16,20154.5 June 16,20154.4 June 23,20154.5 June 23,20154.5 June 29,20154.6 June 29,2015","4.4 June 16,20154.5 June 16,20154.4 June 23,20154.5 June 23,20154.5 June 29,20154.6 June 29,2015","4.4 June 16,20154.5 June 16,20154.4 June 23,20154.5 June 23,20154.5 June 29,20154.6 June 29,2015",8-K(1),8-K(1),8-K(1),8-K(1),8-K(1),8-K(1),8-K(1),8-K(1),8-K(1),8-K(1),,,,,,,,,,,,,,,,,,,,,,,,,,,,,,,,
4.524.534.544.554.564.574.584.594.604.61,4.524.534.544.554.564.574.584.594.604.61,4.524.534.544.554.564.574.584.594.604.61,4.524.534.544.554.564.574.584.594.604.61,"June 22, 2015,by and between SolarCity and the",,,,,,,,,,,,,"4.4 June 16,20154.5 June 16,20154.4 June 23,20154.5 June 23,20154.5 June 29,20154.6 June 29,2015","4.4 June 16,20154.5 June 16,20154.4 June 23,20154.5 June 23,20154.5 June 29,20154.6 June 29,2015","4.4 June 16,20154.5 June 16,20154.4 June 23,20154.5 June 23,20154.5 June 29,20154.6 June 29,2015","4.4 June 16,20154.5 June 16,20154.4 June 23,20154.5 June 23,20154.5 June 29,20154.6 June 29,2015",,,,,,,,,,,,,,,,,,,,,,,,,,,,,,,,,,,,,,,,,,
4.524.534.544.554.564.574.584.594.604.61,4.524.534.544.554.564.574.584.594.604.61,4.524.534.544.554.564.574.584.594.604.61,4.524.534.544.554.564.574.584.594.604.61,"Trustee, related to SolarCity's 4.70% Solar Bonds, Series","Trustee, related to SolarCity's 4.70% Solar Bonds, Series","Trustee, related to SolarCity's 4.70% Solar Bonds, Series","Trustee, related to SolarCity's 4.70% Solar Bonds, Series","Trustee, related to SolarCity's 4.70% Solar Bonds, Series","Trustee, related to SolarCity's 4.70% Solar Bonds, Series","Trustee, related to SolarCity's 4.70% Solar Bonds, Series","Trustee, related to SolarCity's 4.70% Solar Bonds, Series","Trustee, related to SolarCity's 4.70% Solar Bonds, Series","Trustee, related to SolarCity's 4.70% Solar Bonds, Series","Trustee, related to SolarCity's 4.70% Solar Bonds, Series","Trustee, related to SolarCity's 4.70% Solar Bonds, Series",,"4.4 June 16,20154.5 June 16,20154.4 June 23,20154.5 June 23,20154.5 June 29,20154.6 June 29,2015","4.4 June 16,20154.5 June 16,20154.4 June 23,20154.5 June 23,20154.5 June 29,20154.6 June 29,2015","4.4 June 16,20154.5 June 16,20154.4 June 23,20154.5 June 23,20154.5 June 29,20154.6 June 29,2015","4.4 June 16,20154.5 June 16,20154.4 June 23,20154.5 June 23,20154.5 June 29,20154.6 June 29,2015",,,,,,,,,,,,,,,,,,,,,,,,,,,,,,,,,,,,,,,,,,
4.524.534.544.554.564.574.584.594.604.61,4.524.534.544.554.564.574.584.594.604.61,4.524.534.544.554.564.574.584.594.604.61,4.524.534.544.554.564.574.584.594.604.61,2015/C56-10.,,,,,,,,,,,,,,,,,,,,,,,,,,,,,,,,,,,,,,,,,,,,,,,,,,,,,,,,,,
4.524.534.544.554.564.574.584.594.604.61,4.524.534.544.554.564.574.584.594.604.61,4.524.534.544.554.564.574.584.594.604.61,4.524.534.544.554.564.574.584.594.604.61,"Seventy-Fifth Supplemental Indenture, dated as of June",8-K(1),8-K(1),8-K(1),8-K(1),8-K(1),8-K(1),8-K(1),8-K(1),8-K(1),8-K(1),8-K(1),8-K(1),"4.4 June 16,20154.5 June 16,20154.4 June 23,20154.5 June 23,20154.5 June 29,20154.6 June 29,2015","4.4 June 16,20154.5 June 16,20154.4 June 23,20154.5 June 23,20154.5 June 29,20154.6 June 29,2015","4.4 June 16,20154.5 June 16,20154.4 June 23,20154.5 June 23,20154.5 June 29,20154.6 June 29,2015","4.4 June 16,20154.5 June 16,20154.4 June 23,20154.5 June 23,20154.5 June 29,20154.6 June 29,2015",,,,,,,,,,,,,,,,,,,,,,,,,,,,,,,,,,,,,,,,,,
4.524.534.544.554.564.574.584.594.604.61,4.524.534.544.554.564.574.584.594.604.61,4.524.534.544.554.564.574.584.594.604.61,4.524.534.544.554.564.574.584.594.604.61,"22,2015,by and between SolarCity and the Trustee,",,,,,,,,,,,,,,,,"4.4 June 16,20154.5 June 16,20154.4 June 23,20154.5 June 23,20154.5 June 29,20154.6 June 29,2015",,,,,,,,,,,,,,,,,,,,,,,,,,,,,,,,,,,,,,,,,,
4.524.534.544.554.564.574.584.594.604.61,4.524.534.544.554.564.574.584.594.604.61,4.524.534.544.554.564.574.584.594.604.61,4.524.534.544.554.564.574.584.594.604.61,"related to SolarCity's 5.45% Solar Bonds, Series",,,,,,,,,,,,,,,,"4.4 June 16,20154.5 June 16,20154.4 June 23,20154.5 June 23,20154.5 June 29,20154.6 June 29,2015",,,,,,,,,,,,,,,,,,,,,,,,,,,,,,,,,,,,,,,,,,
4.524.534.544.554.564.574.584.594.604.61,4.524.534.544.554.564.574.584.594.604.61,4.524.534.544.554.564.574.584.594.604.61,4.524.534.544.554.564.574.584.594.604.61,"related to SolarCity's 5.45% Solar Bonds, Series",,,,,,,,,,,,,,,,"4.4 June 16,20154.5 June 16,20154.4 June 23,20154.5 June 23,20154.5 June 29,20154.6 June 29,2015",,,,,,,,,,,,,,,,,,,,,,,,,,,,,,,,,,,,,,,,,,
4.524.534.544.554.564.574.584.594.604.61,4.524.534.544.554.564.574.584.594.604.61,4.524.534.544.554.564.574.584.594.604.61,4.524.534.544.554.564.574.584.594.604.61,"related to SolarCity's 5.45% Solar Bonds, Series",,,,,,,,,,,,,,,,"4.4 June 16,20154.5 June 16,20154.4 June 23,20154.5 June 23,20154.5 June 29,20154.6 June 29,2015",,,,,,,,,,,,,,,,,,,,,,,,,,,,,,,,,,,,,,,,,,
4.524.534.544.554.564.574.584.594.604.61,4.524.534.544.554.564.574.584.594.604.61,4.524.534.544.554.564.574.584.594.604.61,4.524.534.544.554.564.574.584.594.604.61,2015/C57-15.,,,,,,,,,,,,,,,,"4.4 June 16,20154.5 June 16,20154.4 June 23,20154.5 June 23,20154.5 June 29,20154.6 June 29,2015",,,,,,,,,,,,,,,,,,,,,,,,,,,,,,,,,,,,,,,,,,
4.524.534.544.554.564.574.584.594.604.61,4.524.534.544.554.564.574.584.594.604.61,4.524.534.544.554.564.574.584.594.604.61,4.524.534.544.554.564.574.584.594.604.61,"Eightieth Supplemental Indenture, dated as of June 29,",8-K(1),,001-35758,001-35758,001-35758,001-35758,001-35758,001-35758,001-35758,001-35758,001-35758,001-35758,001-35758,001-35758,001-35758,"4.4 June 16,20154.5 June 16,20154.4 June 23,20154.5 June 23,20154.5 June 29,20154.6 June 29,2015",,,,,,,,,,,,,,,,,,,,,,,,,,,,,,,,,,,,,,,,,,
4.524.534.544.554.564.574.584.594.604.61,4.524.534.544.554.564.574.584.594.604.61,4.524.534.544.554.564.574.584.594.604.61,4.524.534.544.554.564.574.584.594.604.61,"2015,by and between SolarCity and the Trustee,related",,,,,,,,,,,,001-35758,001-35758,001-35758,001-35758,"4.4 June 16,20154.5 June 16,20154.4 June 23,20154.5 June 23,20154.5 June 29,20154.6 June 29,2015",,,,,,,,,,,,,,,,,,,,,,,,,,,,,,,,,,,,,,,,,,
4.524.534.544.554.564.574.584.594.604.61,4.524.534.544.554.564.574.584.594.604.61,4.524.534.544.554.564.574.584.594.604.61,4.524.534.544.554.564.574.584.594.604.61,"to SolarCity's 4.70% Solar Bonds, Series 2015/C61-10.",,,001-35758,001-35758,001-35758,001-35758,001-35758,001-35758,001-35758,001-35758,001-35758,,,,,,,,,,,,,,,,,,,,,,,,,,,,,,,,,,,,,,,,,,,,,,,
4.524.534.544.554.564.574.584.594.604.61,4.524.534.544.554.564.574.584.594.604.61,4.524.534.544.554.564.574.584.594.604.61,4.524.534.544.554.564.574.584.594.604.61,"Eighty-First Supplemental Indenture, dated as of June",8-K(1),,001-35758,001-35758,001-35758,"4.6 June 29,20154.5 July 21,2015","4.6 June 29,20154.5 July 21,2015","4.6 June 29,20154.5 July 21,2015","4.6 June 29,20154.5 July 21,2015","4.6 June 29,20154.5 July 21,2015","4.6 June 29,20154.5 July 21,2015","4.6 June 29,20154.5 July 21,2015","4.6 June 29,20154.5 July 21,2015","4.6 June 29,20154.5 July 21,2015","4.6 June 29,20154.5 July 21,2015","4.4 June 16,20154.5 June 16,20154.4 June 23,20154.5 June 23,20154.5 June 29,20154.6 June 29,2015",,,,,,,,,,,,,,,,,,,,,,,,,,,,,,,,,,,,,,,,,,
4.524.534.544.554.564.574.584.594.604.61,4.524.534.544.554.564.574.584.594.604.61,4.524.534.544.554.564.574.584.594.604.61,4.524.534.544.554.564.574.584.594.604.61,"29,2015,by and between SolarCity and the Trustee,",,,,,,,,,,,,,,,"4.6 June 29,20154.5 July 21,2015","4.4 June 16,20154.5 June 16,20154.4 June 23,20154.5 June 23,20154.5 June 29,20154.6 June 29,2015",,,,,,,,,,,,,,,,,,,,,,,,,,,,,,,,,,,,,,,,,,
4.524.534.544.554.564.574.584.594.604.61,4.524.534.544.554.564.574.584.594.604.61,4.524.534.544.554.564.574.584.594.604.61,4.524.534.544.554.564.574.584.594.604.61,"related to SolarCity's 5.45% Solar Bonds,Series",,,,,,,,,,,,,,,"4.6 June 29,20154.5 July 21,2015","4.4 June 16,20154.5 June 16,20154.4 June 23,20154.5 June 23,20154.5 June 29,20154.6 June 29,2015",,,,,,,,,,,,,,,,,,,,,,,,,,,,,,,,,,,,,,,,,,
4.524.534.544.554.564.574.584.594.604.61,4.524.534.544.554.564.574.584.594.604.61,4.524.534.544.554.564.574.584.594.604.61,4.524.534.544.554.564.574.584.594.604.61,2015/C62-15.,,,,,,,,,,,,,,,"4.6 June 29,20154.5 July 21,2015","4.4 June 16,20154.5 June 16,20154.4 June 23,20154.5 June 23,20154.5 June 29,20154.6 June 29,2015",,,,,,,,,,,,,,,,,,,,,,,,,,,,,,,,,,,,,,,,,,
4.524.534.544.554.564.574.584.594.604.61,4.524.534.544.554.564.574.584.594.604.61,4.524.534.544.554.564.574.584.594.604.61,4.524.534.544.554.564.574.584.594.604.61,"Ninetieth Supplemental Indenture, dated as of July 20,",8-K(1),001-35758,001-35758,001-35758,001-35758,001-35758,001-35758,001-35758,001-35758,001-35758,001-35758,001-35758,001-35758,001-35758,"4.6 June 29,20154.5 July 21,2015",,,,,,,,,,,,,,,,,,,,,,,,,,,,,,,,,,,,,,,,,,,
4.524.534.544.554.564.574.584.594.604.61,4.524.534.544.554.564.574.584.594.604.61,4.524.534.544.554.564.574.584.594.604.61,4.524.534.544.554.564.574.584.594.604.61,"2015,by and between SolarCity and the Trustee,related",,,,,,,,,,,001-35758,001-35758,001-35758,001-35758,"4.6 June 29,20154.5 July 21,2015",,,,,,,,,,,,,,,,,,,,,,,,,,,,,,,,,,,,,,,,,,,
4.524.534.544.554.564.574.584.594.604.61,4.524.534.544.554.564.574.584.594.604.61,4.524.534.544.554.564.574.584.594.604.61,4.524.534.544.554.564.574.584.594.604.61,"to SolarCity's 4.70% Solar Bonds,Series 2015/C71-10.",,,,,,,,,,,001-35758,001-35758,001-35758,001-35758,"4.6 June 29,20154.5 July 21,2015",,,,,,,,,,,,,,,,,,,,,,,,,,,,,,,,,,,,,,,,,,,
4.524.534.544.554.564.574.584.594.604.61,4.524.534.544.554.564.574.584.594.604.61,4.524.534.544.554.564.574.584.594.604.61,4.524.534.544.554.564.574.584.594.604.61,"Ninety-First Supplemental Indenture, dated as of July",8-K(1),001-35758,001-35758,001-35758,001-35758,001-35758,001-35758,001-35758,001-35758,001-35758,001-35758,001-35758,001-35758,001-35758,"July 21, 2015","July 21, 2015","July 21, 2015","July 21, 2015","July 21, 2015","July 21, 2015","July 21, 2015","July 21, 2015","July 21, 2015","July 21, 2015","July 21, 2015",,,,,,,,,,,,,,,,,,,,,,,,,,,,,,,,,
4.524.534.544.554.564.574.584.594.604.61,4.524.534.544.554.564.574.584.594.604.61,4.524.534.544.554.564.574.584.594.604.61,4.524.534.544.554.564.574.584.594.604.61,"20, 2015, by and between SolarCity and the Trustee,",,001-35758,001-35758,001-35758,001-35758,001-35758,001-35758,001-35758,001-35758,001-35758,,,,,"July 21, 2015","July 21, 2015","July 21, 2015","July 21, 2015","July 21, 2015","July 21, 2015","July 21, 2015","July 21, 2015","July 21, 2015","July 21, 2015","July 21, 2015",,,,,,,,,,,,,,,,,,,,,,,,,,,,,,,,,
4.524.534.544.554.564.574.584.594.604.61,4.524.534.544.554.564.574.584.594.604.61,4.524.534.544.554.564.574.584.594.604.61,4.524.534.544.554.564.574.584.594.604.61,"related to SolarCity's 5.45% Solar Bonds, Series",,,,,,,,,,,,,,,"July 21, 2015","July 21, 2015","July 21, 2015","July 21, 2015","July 21, 2015","July 21, 2015","July 21, 2015","July 21, 2015","July 21, 2015","July 21, 2015","July 21, 2015",,,,,,,,,,,,,,,,,,,,,,,,,,,,,,,,,
4.524.534.544.554.564.574.584.594.604.61,4.524.534.544.554.564.574.584.594.604.61,4.524.534.544.554.564.574.584.594.604.61,4.524.534.544.554.564.574.584.594.604.61,2015/C72-15.,,001-35758,001-35758,001-35758,001-35758,"July 31,2015","July 31,2015","July 31,2015","July 31,2015","July 31,2015","July 31,2015","July 31,2015","July 31,2015","July 31,2015","July 31,2015","July 21, 2015","July 21, 2015","July 21, 2015","July 21, 2015","July 21, 2015","July 21, 2015","July 21, 2015","July 21, 2015","July 21, 2015","July 21, 2015",,,,,,,,,,,,,,,,,,,,,,,,,,,,,,,,,
4.524.534.544.554.564.574.584.594.604.61,4.524.534.544.554.564.574.584.594.604.61,4.524.534.544.554.564.574.584.594.604.61,4.524.534.544.554.564.574.584.594.604.61,"Ninety-Fifth Supplemental Indenture, dated as of July",8-K(1),8-K(1),8-K(1),8-K(1),8-K(1),8-K(1),8-K(1),8-K(1),8-K(1),8-K(1),"July 31,2015","July 31,2015","July 31,2015","July 31,2015","July 31,2015",,,,,,,,,,,,,,,,,,,,,,,,,,,,,,,,,,,,,,,,,,,
4.524.534.544.554.564.574.584.594.604.61,4.524.534.544.554.564.574.584.594.604.61,4.524.534.544.554.564.574.584.594.604.61,4.524.534.544.554.564.574.584.594.604.61,"31, 2015, by and between SolarCity and the Trustee,",,,,,,,,,,,"July 31,2015","July 31,2015","July 31,2015","July 31,2015","July 31,2015",,,,,,,,,,,,,,,,,,,,,,,,,,,,,,,,,,,,,,,,,,,
4.524.534.544.554.564.574.584.594.604.61,4.524.534.544.554.564.574.584.594.604.61,4.524.534.544.554.564.574.584.594.604.61,4.524.534.544.554.564.574.584.594.604.61,"related to SolarCity's 5.00% Solar Bonds, Series",,,,,,,,,,,"July 31,2015","July 31,2015","July 31,2015","July 31,2015","July 31,2015",,,,,,,,,,,,,,,,,,,,,,,,,,,,,,,,,,,,,,,,,,,
4.524.534.544.554.564.574.584.594.604.61,4.524.534.544.554.564.574.584.594.604.61,4.524.534.544.554.564.574.584.594.604.61,4.524.534.544.554.564.574.584.594.604.61,2015/20-10.,,001-35758,001-35758,001-35758,001-35758,"July 31,2015","July 31,2015","July 31,2015","July 31,2015","July 31,2015",001-35758,001-35758,001-35758,001-35758,"4.6 July 31,2015","4.6 July 31,2015","4.6 July 31,2015","4.6 July 31,2015","4.6 July 31,2015","4.6 July 31,2015","4.6 July 31,2015","4.6 July 31,2015","4.6 July 31,2015","4.6 July 31,2015","4.6 July 31,2015",,,,,,,,,,,,,,,,,,,,,,,,,,,,,,,,,
4.524.534.544.554.564.574.584.594.604.61,4.524.534.544.554.564.574.584.594.604.61,4.524.534.544.554.564.574.584.594.604.61,4.524.534.544.554.564.574.584.594.604.61,"Ninety-Sixth Supplemental Indenture, dated as of July 31, 2015, by and between SolarCity and the Trustee,",8-K(1),8-K(1),8-K(1),8-K(1),8-K(1),8-K(1),8-K(1),8-K(1),8-K(1),8-K(1),8-K(1),001-35758,001-35758,001-35758,"4.6 July 31,2015","4.6 July 31,2015","4.6 July 31,2015","4.6 July 31,2015","4.6 July 31,2015","4.6 July 31,2015","4.6 July 31,2015","4.6 July 31,2015","4.6 July 31,2015","4.6 July 31,2015","4.6 July 31,2015",,,,,,,,,,,,,,,,,,,,,,,,,,,,,,,,,
4.524.534.544.554.564.574.584.594.604.61,4.524.534.544.554.564.574.584.594.604.61,4.524.534.544.554.564.574.584.594.604.61,4.524.534.544.554.564.574.584.594.604.61,"related to SolarCity's 5.75% Solar Bonds, Series",8-K(1),8-K(1),8-K(1),8-K(1),8-K(1),8-K(1),8-K(1),8-K(1),8-K(1),8-K(1),8-K(1),001-35758,001-35758,001-35758,"4.6 July 31,2015","4.6 July 31,2015","4.6 July 31,2015","4.6 July 31,2015","4.6 July 31,2015","4.6 July 31,2015","4.6 July 31,2015","4.6 July 31,2015","4.6 July 31,2015","4.6 July 31,2015","4.6 July 31,2015",,,,,,,,,,,,,,,,,,,,,,,,,,,,,,,,,
4.524.534.544.554.564.574.584.594.604.61,4.524.534.544.554.564.574.584.594.604.61,4.524.534.544.554.564.574.584.594.604.61,4.524.534.544.554.564.574.584.594.604.61,"2015/21-15.One Hundred-and-Fifth Supplemental Indenture， dated 8-K(1) 001-35758 4.5 August 10, 2015as of August 10, 2015,by and between SolarCity and theTrustee，related to SolarCity's 4.70% Solar Bonds, Series2015/C81-10.One Hundred-and-Eleventh Supplemental Indenture, 8-K(1) 001-35758 4.6 August 17, 2015dated as of August 17. 2015,by and between SolarCity and the Trustee,related to SolarCity's 5.45% SolarBonds, Series 2015/C87-15.","2015/21-15.One Hundred-and-Fifth Supplemental Indenture， dated 8-K(1) 001-35758 4.5 August 10, 2015as of August 10, 2015,by and between SolarCity and theTrustee，related to SolarCity's 4.70% Solar Bonds, Series2015/C81-10.One Hundred-and-Eleventh Supplemental Indenture, 8-K(1) 001-35758 4.6 August 17, 2015dated as of August 17. 2015,by and between SolarCity and the Trustee,related to SolarCity's 5.45% SolarBonds, Series 2015/C87-15.","2015/21-15.One Hundred-and-Fifth Supplemental Indenture， dated 8-K(1) 001-35758 4.5 August 10, 2015as of August 10, 2015,by and between SolarCity and theTrustee，related to SolarCity's 4.70% Solar Bonds, Series2015/C81-10.One Hundred-and-Eleventh Supplemental Indenture, 8-K(1) 001-35758 4.6 August 17, 2015dated as of August 17. 2015,by and between SolarCity and the Trustee,related to SolarCity's 5.45% SolarBonds, Series 2015/C87-15.","2015/21-15.One Hundred-and-Fifth Supplemental Indenture， dated 8-K(1) 001-35758 4.5 August 10, 2015as of August 10, 2015,by and between SolarCity and theTrustee，related to SolarCity's 4.70% Solar Bonds, Series2015/C81-10.One Hundred-and-Eleventh Supplemental Indenture, 8-K(1) 001-35758 4.6 August 17, 2015dated as of August 17. 2015,by and between SolarCity and the Trustee,related to SolarCity's 5.45% SolarBonds, Series 2015/C87-15.","2015/21-15.One Hundred-and-Fifth Supplemental Indenture， dated 8-K(1) 001-35758 4.5 August 10, 2015as of August 10, 2015,by and between SolarCity and theTrustee，related to SolarCity's 4.70% Solar Bonds, Series2015/C81-10.One Hundred-and-Eleventh Supplemental Indenture, 8-K(1) 001-35758 4.6 August 17, 2015dated as of August 17. 2015,by and between SolarCity and the Trustee,related to SolarCity's 5.45% SolarBonds, Series 2015/C87-15.","2015/21-15.One Hundred-and-Fifth Supplemental Indenture， dated 8-K(1) 001-35758 4.5 August 10, 2015as of August 10, 2015,by and between SolarCity and theTrustee，related to SolarCity's 4.70% Solar Bonds, Series2015/C81-10.One Hundred-and-Eleventh Supplemental Indenture, 8-K(1) 001-35758 4.6 August 17, 2015dated as of August 17. 2015,by and between SolarCity and the Trustee,related to SolarCity's 5.45% SolarBonds, Series 2015/C87-15.","2015/21-15.One Hundred-and-Fifth Supplemental Indenture， dated 8-K(1) 001-35758 4.5 August 10, 2015as of August 10, 2015,by and between SolarCity and theTrustee，related to SolarCity's 4.70% Solar Bonds, Series2015/C81-10.One Hundred-and-Eleventh Supplemental Indenture, 8-K(1) 001-35758 4.6 August 17, 2015dated as of August 17. 2015,by and between SolarCity and the Trustee,related to SolarCity's 5.45% SolarBonds, Series 2015/C87-15.",8-K(1),8-K(1),8-K(1),8-K(1),8-K(1),8-K(1),8-K(1),8-K(1),8-K(1),8-K(1),,,,,,,,,,,,,,,,,,,,,,,,,,,,,,,,,,,,,,,,,,
4.524.534.544.554.564.574.584.594.604.61,4.524.534.544.554.564.574.584.594.604.61,4.524.534.544.554.564.574.584.594.604.61,4.524.534.544.554.564.574.584.594.604.61,"2015/21-15.One Hundred-and-Fifth Supplemental Indenture， dated 8-K(1) 001-35758 4.5 August 10, 2015as of August 10, 2015,by and between SolarCity and theTrustee，related to SolarCity's 4.70% Solar Bonds, Series2015/C81-10.One Hundred-and-Eleventh Supplemental Indenture, 8-K(1) 001-35758 4.6 August 17, 2015dated as of August 17. 2015,by and between SolarCity and the Trustee,related to SolarCity's 5.45% SolarBonds, Series 2015/C87-15.","2015/21-15.One Hundred-and-Fifth Supplemental Indenture， dated 8-K(1) 001-35758 4.5 August 10, 2015as of August 10, 2015,by and between SolarCity and theTrustee，related to SolarCity's 4.70% Solar Bonds, Series2015/C81-10.One Hundred-and-Eleventh Supplemental Indenture, 8-K(1) 001-35758 4.6 August 17, 2015dated as of August 17. 2015,by and between SolarCity and the Trustee,related to SolarCity's 5.45% SolarBonds, Series 2015/C87-15.","2015/21-15.One Hundred-and-Fifth Supplemental Indenture， dated 8-K(1) 001-35758 4.5 August 10, 2015as of August 10, 2015,by and between SolarCity and theTrustee，related to SolarCity's 4.70% Solar Bonds, Series2015/C81-10.One Hundred-and-Eleventh Supplemental Indenture, 8-K(1) 001-35758 4.6 August 17, 2015dated as of August 17. 2015,by and between SolarCity and the Trustee,related to SolarCity's 5.45% SolarBonds, Series 2015/C87-15.","2015/21-15.One Hundred-and-Fifth Supplemental Indenture， dated 8-K(1) 001-35758 4.5 August 10, 2015as of August 10, 2015,by and between SolarCity and theTrustee，related to SolarCity's 4.70% Solar Bonds, Series2015/C81-10.One Hundred-and-Eleventh Supplemental Indenture, 8-K(1) 001-35758 4.6 August 17, 2015dated as of August 17. 2015,by and between SolarCity and the Trustee,related to SolarCity's 5.45% SolarBonds, Series 2015/C87-15.","2015/21-15.One Hundred-and-Fifth Supplemental Indenture， dated 8-K(1) 001-35758 4.5 August 10, 2015as of August 10, 2015,by and between SolarCity and theTrustee，related to SolarCity's 4.70% Solar Bonds, Series2015/C81-10.One Hundred-and-Eleventh Supplemental Indenture, 8-K(1) 001-35758 4.6 August 17, 2015dated as of August 17. 2015,by and between SolarCity and the Trustee,related to SolarCity's 5.45% SolarBonds, Series 2015/C87-15.","2015/21-15.One Hundred-and-Fifth Supplemental Indenture， dated 8-K(1) 001-35758 4.5 August 10, 2015as of August 10, 2015,by and between SolarCity and theTrustee，related to SolarCity's 4.70% Solar Bonds, Series2015/C81-10.One Hundred-and-Eleventh Supplemental Indenture, 8-K(1) 001-35758 4.6 August 17, 2015dated as of August 17. 2015,by and between SolarCity and the Trustee,related to SolarCity's 5.45% SolarBonds, Series 2015/C87-15.","2015/21-15.One Hundred-and-Fifth Supplemental Indenture， dated 8-K(1) 001-35758 4.5 August 10, 2015as of August 10, 2015,by and between SolarCity and theTrustee，related to SolarCity's 4.70% Solar Bonds, Series2015/C81-10.One Hundred-and-Eleventh Supplemental Indenture, 8-K(1) 001-35758 4.6 August 17, 2015dated as of August 17. 2015,by and between SolarCity and the Trustee,related to SolarCity's 5.45% SolarBonds, Series 2015/C87-15.","as of August 10, 2015,by and between SolarCity and the","as of August 10, 2015,by and between SolarCity and the","as of August 10, 2015,by and between SolarCity and the","as of August 10, 2015,by and between SolarCity and the","as of August 10, 2015,by and between SolarCity and the","as of August 10, 2015,by and between SolarCity and the","as of August 10, 2015,by and between SolarCity and the","as of August 10, 2015,by and between SolarCity and the","as of August 10, 2015,by and between SolarCity and the","as of August 10, 2015,by and between SolarCity and the","as of August 10, 2015,by and between SolarCity and the","as of August 10, 2015,by and between SolarCity and the",,,,,,,,,,,,,,,,,,,,,,,,,,,,,,,,,,,,,,,,
4.524.534.544.554.564.574.584.594.604.61,4.524.534.544.554.564.574.584.594.604.61,4.524.534.544.554.564.574.584.594.604.61,4.524.534.544.554.564.574.584.594.604.61,"2015/21-15.One Hundred-and-Fifth Supplemental Indenture， dated 8-K(1) 001-35758 4.5 August 10, 2015as of August 10, 2015,by and between SolarCity and theTrustee，related to SolarCity's 4.70% Solar Bonds, Series2015/C81-10.One Hundred-and-Eleventh Supplemental Indenture, 8-K(1) 001-35758 4.6 August 17, 2015dated as of August 17. 2015,by and between SolarCity and the Trustee,related to SolarCity's 5.45% SolarBonds, Series 2015/C87-15.","2015/21-15.One Hundred-and-Fifth Supplemental Indenture， dated 8-K(1) 001-35758 4.5 August 10, 2015as of August 10, 2015,by and between SolarCity and theTrustee，related to SolarCity's 4.70% Solar Bonds, Series2015/C81-10.One Hundred-and-Eleventh Supplemental Indenture, 8-K(1) 001-35758 4.6 August 17, 2015dated as of August 17. 2015,by and between SolarCity and the Trustee,related to SolarCity's 5.45% SolarBonds, Series 2015/C87-15.","2015/21-15.One Hundred-and-Fifth Supplemental Indenture， dated 8-K(1) 001-35758 4.5 August 10, 2015as of August 10, 2015,by and between SolarCity and theTrustee，related to SolarCity's 4.70% Solar Bonds, Series2015/C81-10.One Hundred-and-Eleventh Supplemental Indenture, 8-K(1) 001-35758 4.6 August 17, 2015dated as of August 17. 2015,by and between SolarCity and the Trustee,related to SolarCity's 5.45% SolarBonds, Series 2015/C87-15.","2015/21-15.One Hundred-and-Fifth Supplemental Indenture， dated 8-K(1) 001-35758 4.5 August 10, 2015as of August 10, 2015,by and between SolarCity and theTrustee，related to SolarCity's 4.70% Solar Bonds, Series2015/C81-10.One Hundred-and-Eleventh Supplemental Indenture, 8-K(1) 001-35758 4.6 August 17, 2015dated as of August 17. 2015,by and between SolarCity and the Trustee,related to SolarCity's 5.45% SolarBonds, Series 2015/C87-15.","2015/21-15.One Hundred-and-Fifth Supplemental Indenture， dated 8-K(1) 001-35758 4.5 August 10, 2015as of August 10, 2015,by and between SolarCity and theTrustee，related to SolarCity's 4.70% Solar Bonds, Series2015/C81-10.One Hundred-and-Eleventh Supplemental Indenture, 8-K(1) 001-35758 4.6 August 17, 2015dated as of August 17. 2015,by and between SolarCity and the Trustee,related to SolarCity's 5.45% SolarBonds, Series 2015/C87-15.","2015/21-15.One Hundred-and-Fifth Supplemental Indenture， dated 8-K(1) 001-35758 4.5 August 10, 2015as of August 10, 2015,by and between SolarCity and theTrustee，related to SolarCity's 4.70% Solar Bonds, Series2015/C81-10.One Hundred-and-Eleventh Supplemental Indenture, 8-K(1) 001-35758 4.6 August 17, 2015dated as of August 17. 2015,by and between SolarCity and the Trustee,related to SolarCity's 5.45% SolarBonds, Series 2015/C87-15.","2015/21-15.One Hundred-and-Fifth Supplemental Indenture， dated 8-K(1) 001-35758 4.5 August 10, 2015as of August 10, 2015,by and between SolarCity and theTrustee，related to SolarCity's 4.70% Solar Bonds, Series2015/C81-10.One Hundred-and-Eleventh Supplemental Indenture, 8-K(1) 001-35758 4.6 August 17, 2015dated as of August 17. 2015,by and between SolarCity and the Trustee,related to SolarCity's 5.45% SolarBonds, Series 2015/C87-15.","Trustee，related to SolarCity's 4.70% Solar Bonds, Series",,,,,,,,,,,,,,,,,,,,,,,,,,,,,,,,,,,,,,,,,,,,,,,,,,,
4.524.534.544.554.564.574.584.594.604.61,4.524.534.544.554.564.574.584.594.604.61,4.524.534.544.554.564.574.584.594.604.61,4.524.534.544.554.564.574.584.594.604.61,"2015/21-15.One Hundred-and-Fifth Supplemental Indenture， dated 8-K(1) 001-35758 4.5 August 10, 2015as of August 10, 2015,by and between SolarCity and theTrustee，related to SolarCity's 4.70% Solar Bonds, Series2015/C81-10.One Hundred-and-Eleventh Supplemental Indenture, 8-K(1) 001-35758 4.6 August 17, 2015dated as of August 17. 2015,by and between SolarCity and the Trustee,related to SolarCity's 5.45% SolarBonds, Series 2015/C87-15.","2015/21-15.One Hundred-and-Fifth Supplemental Indenture， dated 8-K(1) 001-35758 4.5 August 10, 2015as of August 10, 2015,by and between SolarCity and theTrustee，related to SolarCity's 4.70% Solar Bonds, Series2015/C81-10.One Hundred-and-Eleventh Supplemental Indenture, 8-K(1) 001-35758 4.6 August 17, 2015dated as of August 17. 2015,by and between SolarCity and the Trustee,related to SolarCity's 5.45% SolarBonds, Series 2015/C87-15.","2015/21-15.One Hundred-and-Fifth Supplemental Indenture， dated 8-K(1) 001-35758 4.5 August 10, 2015as of August 10, 2015,by and between SolarCity and theTrustee，related to SolarCity's 4.70% Solar Bonds, Series2015/C81-10.One Hundred-and-Eleventh Supplemental Indenture, 8-K(1) 001-35758 4.6 August 17, 2015dated as of August 17. 2015,by and between SolarCity and the Trustee,related to SolarCity's 5.45% SolarBonds, Series 2015/C87-15.","2015/21-15.One Hundred-and-Fifth Supplemental Indenture， dated 8-K(1) 001-35758 4.5 August 10, 2015as of August 10, 2015,by and between SolarCity and theTrustee，related to SolarCity's 4.70% Solar Bonds, Series2015/C81-10.One Hundred-and-Eleventh Supplemental Indenture, 8-K(1) 001-35758 4.6 August 17, 2015dated as of August 17. 2015,by and between SolarCity and the Trustee,related to SolarCity's 5.45% SolarBonds, Series 2015/C87-15.","2015/21-15.One Hundred-and-Fifth Supplemental Indenture， dated 8-K(1) 001-35758 4.5 August 10, 2015as of August 10, 2015,by and between SolarCity and theTrustee，related to SolarCity's 4.70% Solar Bonds, Series2015/C81-10.One Hundred-and-Eleventh Supplemental Indenture, 8-K(1) 001-35758 4.6 August 17, 2015dated as of August 17. 2015,by and between SolarCity and the Trustee,related to SolarCity's 5.45% SolarBonds, Series 2015/C87-15.","2015/21-15.One Hundred-and-Fifth Supplemental Indenture， dated 8-K(1) 001-35758 4.5 August 10, 2015as of August 10, 2015,by and between SolarCity and theTrustee，related to SolarCity's 4.70% Solar Bonds, Series2015/C81-10.One Hundred-and-Eleventh Supplemental Indenture, 8-K(1) 001-35758 4.6 August 17, 2015dated as of August 17. 2015,by and between SolarCity and the Trustee,related to SolarCity's 5.45% SolarBonds, Series 2015/C87-15.","2015/21-15.One Hundred-and-Fifth Supplemental Indenture， dated 8-K(1) 001-35758 4.5 August 10, 2015as of August 10, 2015,by and between SolarCity and theTrustee，related to SolarCity's 4.70% Solar Bonds, Series2015/C81-10.One Hundred-and-Eleventh Supplemental Indenture, 8-K(1) 001-35758 4.6 August 17, 2015dated as of August 17. 2015,by and between SolarCity and the Trustee,related to SolarCity's 5.45% SolarBonds, Series 2015/C87-15.","2015/C81-10.One Hundred-and-Eleventh Supplemental Indenture,","2015/C81-10.One Hundred-and-Eleventh Supplemental Indenture,","2015/C81-10.One Hundred-and-Eleventh Supplemental Indenture,","2015/C81-10.One Hundred-and-Eleventh Supplemental Indenture,","2015/C81-10.One Hundred-and-Eleventh Supplemental Indenture,","2015/C81-10.One Hundred-and-Eleventh Supplemental Indenture,","2015/C81-10.One Hundred-and-Eleventh Supplemental Indenture,","2015/C81-10.One Hundred-and-Eleventh Supplemental Indenture,","2015/C81-10.One Hundred-and-Eleventh Supplemental Indenture,","2015/C81-10.One Hundred-and-Eleventh Supplemental Indenture,","2015/C81-10.One Hundred-and-Eleventh Supplemental Indenture,","2015/C81-10.One Hundred-and-Eleventh Supplemental Indenture,",,,,,,,,,,,,,,,,,,,,,,,,,,,,,,,,,,,,,,,,
Exhibit IncorporatedbyReference FiledNumber Exhibit Description Form FileNo. Exhibit Filing Date Herewith,Exhibit IncorporatedbyReference FiledNumber Exhibit Description Form FileNo. Exhibit Filing Date Herewith,Exhibit IncorporatedbyReference FiledNumber Exhibit Description Form FileNo. Exhibit Filing Date Herewith,Exhibit IncorporatedbyReference FiledNumber Exhibit Description Form FileNo. Exhibit Filing Date Herewith,Exhibit IncorporatedbyReference FiledNumber Exhibit Description Form FileNo. Exhibit Filing Date Herewith,Exhibit IncorporatedbyReference FiledNumber Exhibit Description Form FileNo. Exhibit Filing Date Herewith,Exhibit IncorporatedbyReference FiledNumber Exhibit Description Form FileNo. Exhibit Filing Date Herewith,Exhibit IncorporatedbyReference FiledNumber Exhibit Description Form FileNo. Exhibit Filing Date Herewith,Exhibit IncorporatedbyReference FiledNumber Exhibit Description Form FileNo. Exhibit Filing Date Herewith,Exhibit IncorporatedbyReference FiledNumber Exhibit Description Form FileNo. Exhibit Filing Date Herewith,Exhibit IncorporatedbyReference FiledNumber Exhibit Description Form FileNo. Exhibit Filing Date Herewith,Exhibit IncorporatedbyReference FiledNumber Exhibit Description Form FileNo. Exhibit Filing Date Herewith,,,,,,,,,,,,,,,,,,,,,,,,,,,,,,,,,,,,,,,,,,,,,,,,,,,
4.624.634.644.654.664.674.684.694.704.714.72,"One Hundred-and-Sixteenth Supplemental Indenture, 8-K(1) 001-35758 4.6 August 24, 2015","One Hundred-and-Sixteenth Supplemental Indenture, 8-K(1) 001-35758 4.6 August 24, 2015","One Hundred-and-Sixteenth Supplemental Indenture, 8-K(1) 001-35758 4.6 August 24, 2015","One Hundred-and-Sixteenth Supplemental Indenture, 8-K(1) 001-35758 4.6 August 24, 2015","One Hundred-and-Sixteenth Supplemental Indenture, 8-K(1) 001-35758 4.6 August 24, 2015","One Hundred-and-Sixteenth Supplemental Indenture, 8-K(1) 001-35758 4.6 August 24, 2015","One Hundred-and-Sixteenth Supplemental Indenture, 8-K(1) 001-35758 4.6 August 24, 2015","One Hundred-and-Sixteenth Supplemental Indenture, 8-K(1) 001-35758 4.6 August 24, 2015","One Hundred-and-Sixteenth Supplemental Indenture, 8-K(1) 001-35758 4.6 August 24, 2015","One Hundred-and-Sixteenth Supplemental Indenture, 8-K(1) 001-35758 4.6 August 24, 2015","One Hundred-and-Sixteenth Supplemental Indenture, 8-K(1) 001-35758 4.6 August 24, 2015",,,,,,,,,,,,,,,,,,,,,,,,,,,,,,,,,,,,,,,,,,,,,,,,,,,
4.624.634.644.654.664.674.684.694.704.714.72,"and the Trustee, related to SolarCity's 5.45% SolarBonds, Series 2015/C92-15. One Hundred-and-Twenty-First Supplemental Indenture, 8-K(1)","and the Trustee, related to SolarCity's 5.45% SolarBonds, Series 2015/C92-15. One Hundred-and-Twenty-First Supplemental Indenture, 8-K(1)","and the Trustee, related to SolarCity's 5.45% SolarBonds, Series 2015/C92-15. One Hundred-and-Twenty-First Supplemental Indenture, 8-K(1)","and the Trustee, related to SolarCity's 5.45% SolarBonds, Series 2015/C92-15. One Hundred-and-Twenty-First Supplemental Indenture, 8-K(1)","and the Trustee, related to SolarCity's 5.45% SolarBonds, Series 2015/C92-15. One Hundred-and-Twenty-First Supplemental Indenture, 8-K(1)",,,,,,,,,,,,,,,,,,,,,,,,,,,,,,,,,,,,,,,,,,,,,,,,,,,,,,,,,
4.624.634.644.654.664.674.684.694.704.714.72,"dated as of August 31, 2015,by and between SolarCity","dated as of August 31, 2015,by and between SolarCity",,,,,,,,,,,,,,,,,,,,,,,,,,,,,,,,,,,,,,,,,,,,,,,,,,,,,,,,,,,,
4.624.634.644.654.664.674.684.694.704.714.72,"and the Trustee, related to SolarCity's 5.45% Solar","and the Trustee, related to SolarCity's 5.45% Solar","and the Trustee, related to SolarCity's 5.45% SolarBonds,Series 2015/C97-15.",,,,,,,,,,,,,,,,,,,,,,,,,,,,,,,,,,,,,,,,,,,,,,,,,,,,,,,,,,,
4.624.634.644.654.664.674.684.694.704.714.72,One Hundred-and-Twenty-Eighth Supplemental,One Hundred-and-Twenty-Eighth Supplemental,8-K(1) 001-35758,8-K(1) 001-35758,8-K(1) 001-35758,8-K(1) 001-35758,8-K(1) 001-35758,8-K(1) 001-35758,8-K(1) 001-35758,,,,,,,,,,,,,,,,,,,,,,,,,,,,,,,,,,,,,,,,,,,,,,,,,,,,,
4.624.634.644.654.664.674.684.694.704.714.72,"Indenture, dated as of September 14, 2015,by and","Indenture, dated as of September 14, 2015,by and",,,,,,,,,,,,,,,,,,,,,,,,,,,,,,,,,,,,,,,,,,,,,,,,,,,,,,,,,,,,
4.624.634.644.654.664.674.684.694.704.714.72,"between SolarCity and the Trustee,related to","between SolarCity and the Trustee,related to",,,,,,,,,,,,,,,,,,,,,,,,,,,,,,,,,,,,,,,,,,,,,,,,,,,,,,,,,,,,
4.624.634.644.654.664.674.684.694.704.714.72,"SolarCity's 4.70% Solar Bonds,Series 2015/C101-10.","SolarCity's 4.70% Solar Bonds,Series 2015/C101-10.",,,,,,,,,,,,,,,,,,,,,,,,,,,,,,,,,,,,,,,,,,,,,,,,,,,,,,,,,,,,
4.624.634.644.654.664.674.684.694.704.714.72,One Hundred-and-Twenty-Ninth Supplemental,One Hundred-and-Twenty-Ninth Supplemental,,,,,,,,,,,,,,,,,,,,,,,,,,,,,,,,,,,,,,,,,,,,,,,,,,,,,,,,,,,,
4.624.634.644.654.664.674.684.694.704.714.72,"Indenture, dated as of September 14, 2015,by and","Indenture, dated as of September 14, 2015,by and",,,,,,,,,,,,,,,,,,,,,,,,,,,,,,,,,,,,,,,,,,,,,,,,,,,,,,,,,,,,
4.624.634.644.654.664.674.684.694.704.714.72,"between SolarCity and the Trustee,related to","between SolarCity and the Trustee,related to",,,,,,,,,,,,,,,,,,,,,,,,,,,,,,,,,,,,,,,,,,,,,,,,,,,,,,,,,,,,
4.624.634.644.654.664.674.684.694.704.714.72,"SolarCity's 5.45% Solar Bonds,Series 2015/C102-15.","SolarCity's 5.45% Solar Bonds,Series 2015/C102-15.",,,,,,,,,,,,,,,,,,,,,,,,,,,,,,,,,,,,,,,,,,,,,,,,,,,,,,,,,,,,
4.624.634.644.654.664.674.684.694.704.714.72,"One Hundred-and-Thirty-Third Supplemental Indenture,","One Hundred-and-Thirty-Third Supplemental Indenture,",8-K(1),8-K(1),8-K(1),001-35758,001-35758,4.5,4.5,4.5,,,,,,,,,,,,,,,,,,,,,,,,,,,,,,,,,,,,,,,,,,,,,,,,,,,,
4.624.634.644.654.664.674.684.694.704.714.72,"dated as of September 28,2015,by and between","dated as of September 28,2015,by and between",,,,,,,,,,,,,,,,,,,,,,,,,,,,,,,,,,,,,,,,,,,,,,,,,,,,,,,,,,,,
4.624.634.644.654.664.674.684.694.704.714.72,"SolarCity and the Trustee,related to SolarCity's 4.70%","SolarCity and the Trustee,related to SolarCity's 4.70%",,,,,,,,,,,,,,,,,,,,,,,,,,,,,,,,,,,,,,,,,,,,,,,,,,,,,,,,,,,,
4.624.634.644.654.664.674.684.694.704.714.72,"Solar Bonds, Series 2015/C106-10.","Solar Bonds, Series 2015/C106-10.",,,,,,,,,,,,,,,,,,,,,,,,,,,,,,,,,,,,,,,,,,,,,,,,,,,,,,,,,,,,
4.624.634.644.654.664.674.684.694.704.714.72,One Hundred-and-Thirty-Fourth Supplemental,One Hundred-and-Thirty-Fourth Supplemental,8-K(1),8-K(1),8-K(1),001-35758,001-35758,4.6,4.6,4.6,"September 29,2015",,,,,,,,,,,,,,,,,,,,,,,,,,,,,,,,,,,,,,,,,,,,,,,,,,,
4.624.634.644.654.664.674.684.694.704.714.72,"Indenture, dated as of September 28, 2015,by and","Indenture, dated as of September 28, 2015,by and",,,,,,,,,"September 29,2015",,,,,,,,,,,,,,,,,,,,,,,,,,,,,,,,,,,,,,,,,,,,,,,,,,,
4.624.634.644.654.664.674.684.694.704.714.72,"between SolarCity and the Trustee,related to","between SolarCity and the Trustee,related to",,,,,,,,,"September 29,2015",,,,,,,,,,,,,,,,,,,,,,,,,,,,,,,,,,,,,,,,,,,,,,,,,,,
4.624.634.644.654.664.674.684.694.704.714.72,"SolarCity's 5.45% Solar Bonds, Series 2015/C107-15.","SolarCity's 5.45% Solar Bonds, Series 2015/C107-15.",,,,,,,,,"September 29,2015",,,,,,,,,,,,,,,,,,,,,,,,,,,,,,,,,,,,,,,,,,,,,,,,,,,
4.624.634.644.654.664.674.684.694.704.714.72,One Hundred-and-Thirty-Eighth Supplemental,One Hundred-and-Thirty-Eighth Supplemental,8-K(1),8-K(1),8-K(1),001-35758,001-35758,4.5,4.5,4.5,,,,,,,,,,,,,,,,,,,,,,,,,,,,,,,,,,,,,,,,,,,,,,,,,,,,
4.624.634.644.654.664.674.684.694.704.714.72,"Indenture, dated as of October 13, 2015,by and between","Indenture, dated as of October 13, 2015,by and between",,,,,,,,,,,,,,,,,,,,,,,,,,,,,,,,,,,,,,,,,,,,,,,,,,,,,,,,,,,,
4.624.634.644.654.664.674.684.694.704.714.72,"SolarCity and the Trustee, related to SolarCity's 4.70%","SolarCity and the Trustee, related to SolarCity's 4.70%",,,,,,,,,,,,,,,,,,,,,,,,,,,,,,,,,,,,,,,,,,,,,,,,,,,,,,,,,,,,
4.624.634.644.654.664.674.684.694.704.714.72,"Solar Bonds,Series 2015/C111-10.","Solar Bonds,Series 2015/C111-10.",,,,,,,,,,,,,,,,,,,,,,,,,,,,,,,,,,,,,,,,,,,,,,,,,,,,,,,,,,,,
4.624.634.644.654.664.674.684.694.704.714.72,"One Hundred-and-Forty-Third Supplemental Indenture,","One Hundred-and-Forty-Third Supplemental Indenture,","One Hundred-and-Forty-Third Supplemental Indenture, 8-K(1) 001-35758 4.5 October 30,2015dated as of October 30, 2015,by and between SolarCityand the Trustee,related to SolarCity's 5.00% SolarBonds,Series 2015/25-10. One Hundred-and-Forty-Fourth Supplemental Indenture,8-K(1) 001-35758 4.6 October 30,2015dated as of October 30,2015,by and between SolarCity and the Trustee, related to SolarCity's 5.75% SolarBonds, Series 2015/26-15. One Hundred-and-Forty-Eighth Supplemental Indenture, 8-K(1) 001-35758 4.5 November 4,2015dated as of November 4, 2015, by and between SolarCityand the Trustee,related to SolarCity's 4.70% SolarBonds, Series 2015/C116-10. One Hundred-and-Fifty-Third Supplemental Indenture, 8-K(1) 001-35758 4.5 November 17,2015dated as of November 16, 2015,by and betweenSolarCity and the Trustee,related to SolarCity's 4.70%Solar Bonds, Series 2015/C121-10.","One Hundred-and-Forty-Third Supplemental Indenture, 8-K(1) 001-35758 4.5 October 30,2015dated as of October 30, 2015,by and between SolarCityand the Trustee,related to SolarCity's 5.00% SolarBonds,Series 2015/25-10. One Hundred-and-Forty-Fourth Supplemental Indenture,8-K(1) 001-35758 4.6 October 30,2015dated as of October 30,2015,by and between SolarCity and the Trustee, related to SolarCity's 5.75% SolarBonds, Series 2015/26-15. One Hundred-and-Forty-Eighth Supplemental Indenture, 8-K(1) 001-35758 4.5 November 4,2015dated as of November 4, 2015, by and between SolarCityand the Trustee,related to SolarCity's 4.70% SolarBonds, Series 2015/C116-10. One Hundred-and-Fifty-Third Supplemental Indenture, 8-K(1) 001-35758 4.5 November 17,2015dated as of November 16, 2015,by and betweenSolarCity and the Trustee,related to SolarCity's 4.70%Solar Bonds, Series 2015/C121-10.","One Hundred-and-Forty-Third Supplemental Indenture, 8-K(1) 001-35758 4.5 October 30,2015dated as of October 30, 2015,by and between SolarCityand the Trustee,related to SolarCity's 5.00% SolarBonds,Series 2015/25-10. One Hundred-and-Forty-Fourth Supplemental Indenture,8-K(1) 001-35758 4.6 October 30,2015dated as of October 30,2015,by and between SolarCity and the Trustee, related to SolarCity's 5.75% SolarBonds, Series 2015/26-15. One Hundred-and-Forty-Eighth Supplemental Indenture, 8-K(1) 001-35758 4.5 November 4,2015dated as of November 4, 2015, by and between SolarCityand the Trustee,related to SolarCity's 4.70% SolarBonds, Series 2015/C116-10. One Hundred-and-Fifty-Third Supplemental Indenture, 8-K(1) 001-35758 4.5 November 17,2015dated as of November 16, 2015,by and betweenSolarCity and the Trustee,related to SolarCity's 4.70%Solar Bonds, Series 2015/C121-10.","One Hundred-and-Forty-Third Supplemental Indenture, 8-K(1) 001-35758 4.5 October 30,2015dated as of October 30, 2015,by and between SolarCityand the Trustee,related to SolarCity's 5.00% SolarBonds,Series 2015/25-10. One Hundred-and-Forty-Fourth Supplemental Indenture,8-K(1) 001-35758 4.6 October 30,2015dated as of October 30,2015,by and between SolarCity and the Trustee, related to SolarCity's 5.75% SolarBonds, Series 2015/26-15. One Hundred-and-Forty-Eighth Supplemental Indenture, 8-K(1) 001-35758 4.5 November 4,2015dated as of November 4, 2015, by and between SolarCityand the Trustee,related to SolarCity's 4.70% SolarBonds, Series 2015/C116-10. One Hundred-and-Fifty-Third Supplemental Indenture, 8-K(1) 001-35758 4.5 November 17,2015dated as of November 16, 2015,by and betweenSolarCity and the Trustee,related to SolarCity's 4.70%Solar Bonds, Series 2015/C121-10.","One Hundred-and-Forty-Third Supplemental Indenture, 8-K(1) 001-35758 4.5 October 30,2015dated as of October 30, 2015,by and between SolarCityand the Trustee,related to SolarCity's 5.00% SolarBonds,Series 2015/25-10. One Hundred-and-Forty-Fourth Supplemental Indenture,8-K(1) 001-35758 4.6 October 30,2015dated as of October 30,2015,by and between SolarCity and the Trustee, related to SolarCity's 5.75% SolarBonds, Series 2015/26-15. One Hundred-and-Forty-Eighth Supplemental Indenture, 8-K(1) 001-35758 4.5 November 4,2015dated as of November 4, 2015, by and between SolarCityand the Trustee,related to SolarCity's 4.70% SolarBonds, Series 2015/C116-10. One Hundred-and-Fifty-Third Supplemental Indenture, 8-K(1) 001-35758 4.5 November 17,2015dated as of November 16, 2015,by and betweenSolarCity and the Trustee,related to SolarCity's 4.70%Solar Bonds, Series 2015/C121-10.","One Hundred-and-Forty-Third Supplemental Indenture, 8-K(1) 001-35758 4.5 October 30,2015dated as of October 30, 2015,by and between SolarCityand the Trustee,related to SolarCity's 5.00% SolarBonds,Series 2015/25-10. One Hundred-and-Forty-Fourth Supplemental Indenture,8-K(1) 001-35758 4.6 October 30,2015dated as of October 30,2015,by and between SolarCity and the Trustee, related to SolarCity's 5.75% SolarBonds, Series 2015/26-15. One Hundred-and-Forty-Eighth Supplemental Indenture, 8-K(1) 001-35758 4.5 November 4,2015dated as of November 4, 2015, by and between SolarCityand the Trustee,related to SolarCity's 4.70% SolarBonds, Series 2015/C116-10. One Hundred-and-Fifty-Third Supplemental Indenture, 8-K(1) 001-35758 4.5 November 17,2015dated as of November 16, 2015,by and betweenSolarCity and the Trustee,related to SolarCity's 4.70%Solar Bonds, Series 2015/C121-10.","One Hundred-and-Forty-Third Supplemental Indenture, 8-K(1) 001-35758 4.5 October 30,2015dated as of October 30, 2015,by and between SolarCityand the Trustee,related to SolarCity's 5.00% SolarBonds,Series 2015/25-10. One Hundred-and-Forty-Fourth Supplemental Indenture,8-K(1) 001-35758 4.6 October 30,2015dated as of October 30,2015,by and between SolarCity and the Trustee, related to SolarCity's 5.75% SolarBonds, Series 2015/26-15. One Hundred-and-Forty-Eighth Supplemental Indenture, 8-K(1) 001-35758 4.5 November 4,2015dated as of November 4, 2015, by and between SolarCityand the Trustee,related to SolarCity's 4.70% SolarBonds, Series 2015/C116-10. One Hundred-and-Fifty-Third Supplemental Indenture, 8-K(1) 001-35758 4.5 November 17,2015dated as of November 16, 2015,by and betweenSolarCity and the Trustee,related to SolarCity's 4.70%Solar Bonds, Series 2015/C121-10.","One Hundred-and-Forty-Third Supplemental Indenture, 8-K(1) 001-35758 4.5 October 30,2015dated as of October 30, 2015,by and between SolarCityand the Trustee,related to SolarCity's 5.00% SolarBonds,Series 2015/25-10. One Hundred-and-Forty-Fourth Supplemental Indenture,8-K(1) 001-35758 4.6 October 30,2015dated as of October 30,2015,by and between SolarCity and the Trustee, related to SolarCity's 5.75% SolarBonds, Series 2015/26-15. One Hundred-and-Forty-Eighth Supplemental Indenture, 8-K(1) 001-35758 4.5 November 4,2015dated as of November 4, 2015, by and between SolarCityand the Trustee,related to SolarCity's 4.70% SolarBonds, Series 2015/C116-10. One Hundred-and-Fifty-Third Supplemental Indenture, 8-K(1) 001-35758 4.5 November 17,2015dated as of November 16, 2015,by and betweenSolarCity and the Trustee,related to SolarCity's 4.70%Solar Bonds, Series 2015/C121-10.","One Hundred-and-Forty-Third Supplemental Indenture, 8-K(1) 001-35758 4.5 October 30,2015dated as of October 30, 2015,by and between SolarCityand the Trustee,related to SolarCity's 5.00% SolarBonds,Series 2015/25-10. One Hundred-and-Forty-Fourth Supplemental Indenture,8-K(1) 001-35758 4.6 October 30,2015dated as of October 30,2015,by and between SolarCity and the Trustee, related to SolarCity's 5.75% SolarBonds, Series 2015/26-15. One Hundred-and-Forty-Eighth Supplemental Indenture, 8-K(1) 001-35758 4.5 November 4,2015dated as of November 4, 2015, by and between SolarCityand the Trustee,related to SolarCity's 4.70% SolarBonds, Series 2015/C116-10. One Hundred-and-Fifty-Third Supplemental Indenture, 8-K(1) 001-35758 4.5 November 17,2015dated as of November 16, 2015,by and betweenSolarCity and the Trustee,related to SolarCity's 4.70%Solar Bonds, Series 2015/C121-10.","One Hundred-and-Forty-Third Supplemental Indenture, 8-K(1) 001-35758 4.5 October 30,2015dated as of October 30, 2015,by and between SolarCityand the Trustee,related to SolarCity's 5.00% SolarBonds,Series 2015/25-10. One Hundred-and-Forty-Fourth Supplemental Indenture,8-K(1) 001-35758 4.6 October 30,2015dated as of October 30,2015,by and between SolarCity and the Trustee, related to SolarCity's 5.75% SolarBonds, Series 2015/26-15. One Hundred-and-Forty-Eighth Supplemental Indenture, 8-K(1) 001-35758 4.5 November 4,2015dated as of November 4, 2015, by and between SolarCityand the Trustee,related to SolarCity's 4.70% SolarBonds, Series 2015/C116-10. One Hundred-and-Fifty-Third Supplemental Indenture, 8-K(1) 001-35758 4.5 November 17,2015dated as of November 16, 2015,by and betweenSolarCity and the Trustee,related to SolarCity's 4.70%Solar Bonds, Series 2015/C121-10.",,,,,,,,,,,,,,,,,,,,,,,,,,,,,,,,,,,,,,,,,,,,,,,,,,
4.624.634.644.654.664.674.684.694.704.714.72,"dated as of October 30, 2015,by and between SolarCity","dated as of October 30, 2015,by and between SolarCity","One Hundred-and-Forty-Third Supplemental Indenture, 8-K(1) 001-35758 4.5 October 30,2015dated as of October 30, 2015,by and between SolarCityand the Trustee,related to SolarCity's 5.00% SolarBonds,Series 2015/25-10. One Hundred-and-Forty-Fourth Supplemental Indenture,8-K(1) 001-35758 4.6 October 30,2015dated as of October 30,2015,by and between SolarCity and the Trustee, related to SolarCity's 5.75% SolarBonds, Series 2015/26-15. One Hundred-and-Forty-Eighth Supplemental Indenture, 8-K(1) 001-35758 4.5 November 4,2015dated as of November 4, 2015, by and between SolarCityand the Trustee,related to SolarCity's 4.70% SolarBonds, Series 2015/C116-10. One Hundred-and-Fifty-Third Supplemental Indenture, 8-K(1) 001-35758 4.5 November 17,2015dated as of November 16, 2015,by and betweenSolarCity and the Trustee,related to SolarCity's 4.70%Solar Bonds, Series 2015/C121-10.","One Hundred-and-Forty-Third Supplemental Indenture, 8-K(1) 001-35758 4.5 October 30,2015dated as of October 30, 2015,by and between SolarCityand the Trustee,related to SolarCity's 5.00% SolarBonds,Series 2015/25-10. One Hundred-and-Forty-Fourth Supplemental Indenture,8-K(1) 001-35758 4.6 October 30,2015dated as of October 30,2015,by and between SolarCity and the Trustee, related to SolarCity's 5.75% SolarBonds, Series 2015/26-15. One Hundred-and-Forty-Eighth Supplemental Indenture, 8-K(1) 001-35758 4.5 November 4,2015dated as of November 4, 2015, by and between SolarCityand the Trustee,related to SolarCity's 4.70% SolarBonds, Series 2015/C116-10. One Hundred-and-Fifty-Third Supplemental Indenture, 8-K(1) 001-35758 4.5 November 17,2015dated as of November 16, 2015,by and betweenSolarCity and the Trustee,related to SolarCity's 4.70%Solar Bonds, Series 2015/C121-10.","One Hundred-and-Forty-Third Supplemental Indenture, 8-K(1) 001-35758 4.5 October 30,2015dated as of October 30, 2015,by and between SolarCityand the Trustee,related to SolarCity's 5.00% SolarBonds,Series 2015/25-10. One Hundred-and-Forty-Fourth Supplemental Indenture,8-K(1) 001-35758 4.6 October 30,2015dated as of October 30,2015,by and between SolarCity and the Trustee, related to SolarCity's 5.75% SolarBonds, Series 2015/26-15. One Hundred-and-Forty-Eighth Supplemental Indenture, 8-K(1) 001-35758 4.5 November 4,2015dated as of November 4, 2015, by and between SolarCityand the Trustee,related to SolarCity's 4.70% SolarBonds, Series 2015/C116-10. One Hundred-and-Fifty-Third Supplemental Indenture, 8-K(1) 001-35758 4.5 November 17,2015dated as of November 16, 2015,by and betweenSolarCity and the Trustee,related to SolarCity's 4.70%Solar Bonds, Series 2015/C121-10.","One Hundred-and-Forty-Third Supplemental Indenture, 8-K(1) 001-35758 4.5 October 30,2015dated as of October 30, 2015,by and between SolarCityand the Trustee,related to SolarCity's 5.00% SolarBonds,Series 2015/25-10. One Hundred-and-Forty-Fourth Supplemental Indenture,8-K(1) 001-35758 4.6 October 30,2015dated as of October 30,2015,by and between SolarCity and the Trustee, related to SolarCity's 5.75% SolarBonds, Series 2015/26-15. One Hundred-and-Forty-Eighth Supplemental Indenture, 8-K(1) 001-35758 4.5 November 4,2015dated as of November 4, 2015, by and between SolarCityand the Trustee,related to SolarCity's 4.70% SolarBonds, Series 2015/C116-10. One Hundred-and-Fifty-Third Supplemental Indenture, 8-K(1) 001-35758 4.5 November 17,2015dated as of November 16, 2015,by and betweenSolarCity and the Trustee,related to SolarCity's 4.70%Solar Bonds, Series 2015/C121-10.","One Hundred-and-Forty-Third Supplemental Indenture, 8-K(1) 001-35758 4.5 October 30,2015dated as of October 30, 2015,by and between SolarCityand the Trustee,related to SolarCity's 5.00% SolarBonds,Series 2015/25-10. One Hundred-and-Forty-Fourth Supplemental Indenture,8-K(1) 001-35758 4.6 October 30,2015dated as of October 30,2015,by and between SolarCity and the Trustee, related to SolarCity's 5.75% SolarBonds, Series 2015/26-15. One Hundred-and-Forty-Eighth Supplemental Indenture, 8-K(1) 001-35758 4.5 November 4,2015dated as of November 4, 2015, by and between SolarCityand the Trustee,related to SolarCity's 4.70% SolarBonds, Series 2015/C116-10. One Hundred-and-Fifty-Third Supplemental Indenture, 8-K(1) 001-35758 4.5 November 17,2015dated as of November 16, 2015,by and betweenSolarCity and the Trustee,related to SolarCity's 4.70%Solar Bonds, Series 2015/C121-10.","One Hundred-and-Forty-Third Supplemental Indenture, 8-K(1) 001-35758 4.5 October 30,2015dated as of October 30, 2015,by and between SolarCityand the Trustee,related to SolarCity's 5.00% SolarBonds,Series 2015/25-10. One Hundred-and-Forty-Fourth Supplemental Indenture,8-K(1) 001-35758 4.6 October 30,2015dated as of October 30,2015,by and between SolarCity and the Trustee, related to SolarCity's 5.75% SolarBonds, Series 2015/26-15. One Hundred-and-Forty-Eighth Supplemental Indenture, 8-K(1) 001-35758 4.5 November 4,2015dated as of November 4, 2015, by and between SolarCityand the Trustee,related to SolarCity's 4.70% SolarBonds, Series 2015/C116-10. One Hundred-and-Fifty-Third Supplemental Indenture, 8-K(1) 001-35758 4.5 November 17,2015dated as of November 16, 2015,by and betweenSolarCity and the Trustee,related to SolarCity's 4.70%Solar Bonds, Series 2015/C121-10.","One Hundred-and-Forty-Third Supplemental Indenture, 8-K(1) 001-35758 4.5 October 30,2015dated as of October 30, 2015,by and between SolarCityand the Trustee,related to SolarCity's 5.00% SolarBonds,Series 2015/25-10. One Hundred-and-Forty-Fourth Supplemental Indenture,8-K(1) 001-35758 4.6 October 30,2015dated as of October 30,2015,by and between SolarCity and the Trustee, related to SolarCity's 5.75% SolarBonds, Series 2015/26-15. One Hundred-and-Forty-Eighth Supplemental Indenture, 8-K(1) 001-35758 4.5 November 4,2015dated as of November 4, 2015, by and between SolarCityand the Trustee,related to SolarCity's 4.70% SolarBonds, Series 2015/C116-10. One Hundred-and-Fifty-Third Supplemental Indenture, 8-K(1) 001-35758 4.5 November 17,2015dated as of November 16, 2015,by and betweenSolarCity and the Trustee,related to SolarCity's 4.70%Solar Bonds, Series 2015/C121-10.","One Hundred-and-Forty-Third Supplemental Indenture, 8-K(1) 001-35758 4.5 October 30,2015dated as of October 30, 2015,by and between SolarCityand the Trustee,related to SolarCity's 5.00% SolarBonds,Series 2015/25-10. One Hundred-and-Forty-Fourth Supplemental Indenture,8-K(1) 001-35758 4.6 October 30,2015dated as of October 30,2015,by and between SolarCity and the Trustee, related to SolarCity's 5.75% SolarBonds, Series 2015/26-15. One Hundred-and-Forty-Eighth Supplemental Indenture, 8-K(1) 001-35758 4.5 November 4,2015dated as of November 4, 2015, by and between SolarCityand the Trustee,related to SolarCity's 4.70% SolarBonds, Series 2015/C116-10. One Hundred-and-Fifty-Third Supplemental Indenture, 8-K(1) 001-35758 4.5 November 17,2015dated as of November 16, 2015,by and betweenSolarCity and the Trustee,related to SolarCity's 4.70%Solar Bonds, Series 2015/C121-10.","One Hundred-and-Forty-Third Supplemental Indenture, 8-K(1) 001-35758 4.5 October 30,2015dated as of October 30, 2015,by and between SolarCityand the Trustee,related to SolarCity's 5.00% SolarBonds,Series 2015/25-10. One Hundred-and-Forty-Fourth Supplemental Indenture,8-K(1) 001-35758 4.6 October 30,2015dated as of October 30,2015,by and between SolarCity and the Trustee, related to SolarCity's 5.75% SolarBonds, Series 2015/26-15. One Hundred-and-Forty-Eighth Supplemental Indenture, 8-K(1) 001-35758 4.5 November 4,2015dated as of November 4, 2015, by and between SolarCityand the Trustee,related to SolarCity's 4.70% SolarBonds, Series 2015/C116-10. One Hundred-and-Fifty-Third Supplemental Indenture, 8-K(1) 001-35758 4.5 November 17,2015dated as of November 16, 2015,by and betweenSolarCity and the Trustee,related to SolarCity's 4.70%Solar Bonds, Series 2015/C121-10.","One Hundred-and-Forty-Third Supplemental Indenture, 8-K(1) 001-35758 4.5 October 30,2015dated as of October 30, 2015,by and between SolarCityand the Trustee,related to SolarCity's 5.00% SolarBonds,Series 2015/25-10. One Hundred-and-Forty-Fourth Supplemental Indenture,8-K(1) 001-35758 4.6 October 30,2015dated as of October 30,2015,by and between SolarCity and the Trustee, related to SolarCity's 5.75% SolarBonds, Series 2015/26-15. One Hundred-and-Forty-Eighth Supplemental Indenture, 8-K(1) 001-35758 4.5 November 4,2015dated as of November 4, 2015, by and between SolarCityand the Trustee,related to SolarCity's 4.70% SolarBonds, Series 2015/C116-10. One Hundred-and-Fifty-Third Supplemental Indenture, 8-K(1) 001-35758 4.5 November 17,2015dated as of November 16, 2015,by and betweenSolarCity and the Trustee,related to SolarCity's 4.70%Solar Bonds, Series 2015/C121-10.",,,,,,,,,,,,,,,,,,,,,,,,,,,,,,,,,,,,,,,,,,,,,,,,,,
4.624.634.644.654.664.674.684.694.704.714.72,"and the Trustee,related to SolarCity's 5.00% Solar","and the Trustee,related to SolarCity's 5.00% Solar","One Hundred-and-Forty-Third Supplemental Indenture, 8-K(1) 001-35758 4.5 October 30,2015dated as of October 30, 2015,by and between SolarCityand the Trustee,related to SolarCity's 5.00% SolarBonds,Series 2015/25-10. One Hundred-and-Forty-Fourth Supplemental Indenture,8-K(1) 001-35758 4.6 October 30,2015dated as of October 30,2015,by and between SolarCity and the Trustee, related to SolarCity's 5.75% SolarBonds, Series 2015/26-15. One Hundred-and-Forty-Eighth Supplemental Indenture, 8-K(1) 001-35758 4.5 November 4,2015dated as of November 4, 2015, by and between SolarCityand the Trustee,related to SolarCity's 4.70% SolarBonds, Series 2015/C116-10. One Hundred-and-Fifty-Third Supplemental Indenture, 8-K(1) 001-35758 4.5 November 17,2015dated as of November 16, 2015,by and betweenSolarCity and the Trustee,related to SolarCity's 4.70%Solar Bonds, Series 2015/C121-10.","One Hundred-and-Forty-Third Supplemental Indenture, 8-K(1) 001-35758 4.5 October 30,2015dated as of October 30, 2015,by and between SolarCityand the Trustee,related to SolarCity's 5.00% SolarBonds,Series 2015/25-10. One Hundred-and-Forty-Fourth Supplemental Indenture,8-K(1) 001-35758 4.6 October 30,2015dated as of October 30,2015,by and between SolarCity and the Trustee, related to SolarCity's 5.75% SolarBonds, Series 2015/26-15. One Hundred-and-Forty-Eighth Supplemental Indenture, 8-K(1) 001-35758 4.5 November 4,2015dated as of November 4, 2015, by and between SolarCityand the Trustee,related to SolarCity's 4.70% SolarBonds, Series 2015/C116-10. One Hundred-and-Fifty-Third Supplemental Indenture, 8-K(1) 001-35758 4.5 November 17,2015dated as of November 16, 2015,by and betweenSolarCity and the Trustee,related to SolarCity's 4.70%Solar Bonds, Series 2015/C121-10.","One Hundred-and-Forty-Third Supplemental Indenture, 8-K(1) 001-35758 4.5 October 30,2015dated as of October 30, 2015,by and between SolarCityand the Trustee,related to SolarCity's 5.00% SolarBonds,Series 2015/25-10. One Hundred-and-Forty-Fourth Supplemental Indenture,8-K(1) 001-35758 4.6 October 30,2015dated as of October 30,2015,by and between SolarCity and the Trustee, related to SolarCity's 5.75% SolarBonds, Series 2015/26-15. One Hundred-and-Forty-Eighth Supplemental Indenture, 8-K(1) 001-35758 4.5 November 4,2015dated as of November 4, 2015, by and between SolarCityand the Trustee,related to SolarCity's 4.70% SolarBonds, Series 2015/C116-10. One Hundred-and-Fifty-Third Supplemental Indenture, 8-K(1) 001-35758 4.5 November 17,2015dated as of November 16, 2015,by and betweenSolarCity and the Trustee,related to SolarCity's 4.70%Solar Bonds, Series 2015/C121-10.","One Hundred-and-Forty-Third Supplemental Indenture, 8-K(1) 001-35758 4.5 October 30,2015dated as of October 30, 2015,by and between SolarCityand the Trustee,related to SolarCity's 5.00% SolarBonds,Series 2015/25-10. One Hundred-and-Forty-Fourth Supplemental Indenture,8-K(1) 001-35758 4.6 October 30,2015dated as of October 30,2015,by and between SolarCity and the Trustee, related to SolarCity's 5.75% SolarBonds, Series 2015/26-15. One Hundred-and-Forty-Eighth Supplemental Indenture, 8-K(1) 001-35758 4.5 November 4,2015dated as of November 4, 2015, by and between SolarCityand the Trustee,related to SolarCity's 4.70% SolarBonds, Series 2015/C116-10. One Hundred-and-Fifty-Third Supplemental Indenture, 8-K(1) 001-35758 4.5 November 17,2015dated as of November 16, 2015,by and betweenSolarCity and the Trustee,related to SolarCity's 4.70%Solar Bonds, Series 2015/C121-10.","One Hundred-and-Forty-Third Supplemental Indenture, 8-K(1) 001-35758 4.5 October 30,2015dated as of October 30, 2015,by and between SolarCityand the Trustee,related to SolarCity's 5.00% SolarBonds,Series 2015/25-10. One Hundred-and-Forty-Fourth Supplemental Indenture,8-K(1) 001-35758 4.6 October 30,2015dated as of October 30,2015,by and between SolarCity and the Trustee, related to SolarCity's 5.75% SolarBonds, Series 2015/26-15. One Hundred-and-Forty-Eighth Supplemental Indenture, 8-K(1) 001-35758 4.5 November 4,2015dated as of November 4, 2015, by and between SolarCityand the Trustee,related to SolarCity's 4.70% SolarBonds, Series 2015/C116-10. One Hundred-and-Fifty-Third Supplemental Indenture, 8-K(1) 001-35758 4.5 November 17,2015dated as of November 16, 2015,by and betweenSolarCity and the Trustee,related to SolarCity's 4.70%Solar Bonds, Series 2015/C121-10.","One Hundred-and-Forty-Third Supplemental Indenture, 8-K(1) 001-35758 4.5 October 30,2015dated as of October 30, 2015,by and between SolarCityand the Trustee,related to SolarCity's 5.00% SolarBonds,Series 2015/25-10. One Hundred-and-Forty-Fourth Supplemental Indenture,8-K(1) 001-35758 4.6 October 30,2015dated as of October 30,2015,by and between SolarCity and the Trustee, related to SolarCity's 5.75% SolarBonds, Series 2015/26-15. One Hundred-and-Forty-Eighth Supplemental Indenture, 8-K(1) 001-35758 4.5 November 4,2015dated as of November 4, 2015, by and between SolarCityand the Trustee,related to SolarCity's 4.70% SolarBonds, Series 2015/C116-10. One Hundred-and-Fifty-Third Supplemental Indenture, 8-K(1) 001-35758 4.5 November 17,2015dated as of November 16, 2015,by and betweenSolarCity and the Trustee,related to SolarCity's 4.70%Solar Bonds, Series 2015/C121-10.","One Hundred-and-Forty-Third Supplemental Indenture, 8-K(1) 001-35758 4.5 October 30,2015dated as of October 30, 2015,by and between SolarCityand the Trustee,related to SolarCity's 5.00% SolarBonds,Series 2015/25-10. One Hundred-and-Forty-Fourth Supplemental Indenture,8-K(1) 001-35758 4.6 October 30,2015dated as of October 30,2015,by and between SolarCity and the Trustee, related to SolarCity's 5.75% SolarBonds, Series 2015/26-15. One Hundred-and-Forty-Eighth Supplemental Indenture, 8-K(1) 001-35758 4.5 November 4,2015dated as of November 4, 2015, by and between SolarCityand the Trustee,related to SolarCity's 4.70% SolarBonds, Series 2015/C116-10. One Hundred-and-Fifty-Third Supplemental Indenture, 8-K(1) 001-35758 4.5 November 17,2015dated as of November 16, 2015,by and betweenSolarCity and the Trustee,related to SolarCity's 4.70%Solar Bonds, Series 2015/C121-10.","One Hundred-and-Forty-Third Supplemental Indenture, 8-K(1) 001-35758 4.5 October 30,2015dated as of October 30, 2015,by and between SolarCityand the Trustee,related to SolarCity's 5.00% SolarBonds,Series 2015/25-10. One Hundred-and-Forty-Fourth Supplemental Indenture,8-K(1) 001-35758 4.6 October 30,2015dated as of October 30,2015,by and between SolarCity and the Trustee, related to SolarCity's 5.75% SolarBonds, Series 2015/26-15. One Hundred-and-Forty-Eighth Supplemental Indenture, 8-K(1) 001-35758 4.5 November 4,2015dated as of November 4, 2015, by and between SolarCityand the Trustee,related to SolarCity's 4.70% SolarBonds, Series 2015/C116-10. One Hundred-and-Fifty-Third Supplemental Indenture, 8-K(1) 001-35758 4.5 November 17,2015dated as of November 16, 2015,by and betweenSolarCity and the Trustee,related to SolarCity's 4.70%Solar Bonds, Series 2015/C121-10.","One Hundred-and-Forty-Third Supplemental Indenture, 8-K(1) 001-35758 4.5 October 30,2015dated as of October 30, 2015,by and between SolarCityand the Trustee,related to SolarCity's 5.00% SolarBonds,Series 2015/25-10. One Hundred-and-Forty-Fourth Supplemental Indenture,8-K(1) 001-35758 4.6 October 30,2015dated as of October 30,2015,by and between SolarCity and the Trustee, related to SolarCity's 5.75% SolarBonds, Series 2015/26-15. One Hundred-and-Forty-Eighth Supplemental Indenture, 8-K(1) 001-35758 4.5 November 4,2015dated as of November 4, 2015, by and between SolarCityand the Trustee,related to SolarCity's 4.70% SolarBonds, Series 2015/C116-10. One Hundred-and-Fifty-Third Supplemental Indenture, 8-K(1) 001-35758 4.5 November 17,2015dated as of November 16, 2015,by and betweenSolarCity and the Trustee,related to SolarCity's 4.70%Solar Bonds, Series 2015/C121-10.","One Hundred-and-Forty-Third Supplemental Indenture, 8-K(1) 001-35758 4.5 October 30,2015dated as of October 30, 2015,by and between SolarCityand the Trustee,related to SolarCity's 5.00% SolarBonds,Series 2015/25-10. One Hundred-and-Forty-Fourth Supplemental Indenture,8-K(1) 001-35758 4.6 October 30,2015dated as of October 30,2015,by and between SolarCity and the Trustee, related to SolarCity's 5.75% SolarBonds, Series 2015/26-15. One Hundred-and-Forty-Eighth Supplemental Indenture, 8-K(1) 001-35758 4.5 November 4,2015dated as of November 4, 2015, by and between SolarCityand the Trustee,related to SolarCity's 4.70% SolarBonds, Series 2015/C116-10. One Hundred-and-Fifty-Third Supplemental Indenture, 8-K(1) 001-35758 4.5 November 17,2015dated as of November 16, 2015,by and betweenSolarCity and the Trustee,related to SolarCity's 4.70%Solar Bonds, Series 2015/C121-10.",,,,,,,,,,,,,,,,,,,,,,,,,,,,,,,,,,,,,,,,,,,,,,,,,,
4.624.634.644.654.664.674.684.694.704.714.72,"Bonds,Series 2015/25-10.","Bonds,Series 2015/25-10.","One Hundred-and-Forty-Third Supplemental Indenture, 8-K(1) 001-35758 4.5 October 30,2015dated as of October 30, 2015,by and between SolarCityand the Trustee,related to SolarCity's 5.00% SolarBonds,Series 2015/25-10. One Hundred-and-Forty-Fourth Supplemental Indenture,8-K(1) 001-35758 4.6 October 30,2015dated as of October 30,2015,by and between SolarCity and the Trustee, related to SolarCity's 5.75% SolarBonds, Series 2015/26-15. One Hundred-and-Forty-Eighth Supplemental Indenture, 8-K(1) 001-35758 4.5 November 4,2015dated as of November 4, 2015, by and between SolarCityand the Trustee,related to SolarCity's 4.70% SolarBonds, Series 2015/C116-10. One Hundred-and-Fifty-Third Supplemental Indenture, 8-K(1) 001-35758 4.5 November 17,2015dated as of November 16, 2015,by and betweenSolarCity and the Trustee,related to SolarCity's 4.70%Solar Bonds, Series 2015/C121-10.","One Hundred-and-Forty-Third Supplemental Indenture, 8-K(1) 001-35758 4.5 October 30,2015dated as of October 30, 2015,by and between SolarCityand the Trustee,related to SolarCity's 5.00% SolarBonds,Series 2015/25-10. One Hundred-and-Forty-Fourth Supplemental Indenture,8-K(1) 001-35758 4.6 October 30,2015dated as of October 30,2015,by and between SolarCity and the Trustee, related to SolarCity's 5.75% SolarBonds, Series 2015/26-15. One Hundred-and-Forty-Eighth Supplemental Indenture, 8-K(1) 001-35758 4.5 November 4,2015dated as of November 4, 2015, by and between SolarCityand the Trustee,related to SolarCity's 4.70% SolarBonds, Series 2015/C116-10. One Hundred-and-Fifty-Third Supplemental Indenture, 8-K(1) 001-35758 4.5 November 17,2015dated as of November 16, 2015,by and betweenSolarCity and the Trustee,related to SolarCity's 4.70%Solar Bonds, Series 2015/C121-10.","One Hundred-and-Forty-Third Supplemental Indenture, 8-K(1) 001-35758 4.5 October 30,2015dated as of October 30, 2015,by and between SolarCityand the Trustee,related to SolarCity's 5.00% SolarBonds,Series 2015/25-10. One Hundred-and-Forty-Fourth Supplemental Indenture,8-K(1) 001-35758 4.6 October 30,2015dated as of October 30,2015,by and between SolarCity and the Trustee, related to SolarCity's 5.75% SolarBonds, Series 2015/26-15. One Hundred-and-Forty-Eighth Supplemental Indenture, 8-K(1) 001-35758 4.5 November 4,2015dated as of November 4, 2015, by and between SolarCityand the Trustee,related to SolarCity's 4.70% SolarBonds, Series 2015/C116-10. One Hundred-and-Fifty-Third Supplemental Indenture, 8-K(1) 001-35758 4.5 November 17,2015dated as of November 16, 2015,by and betweenSolarCity and the Trustee,related to SolarCity's 4.70%Solar Bonds, Series 2015/C121-10.","One Hundred-and-Forty-Third Supplemental Indenture, 8-K(1) 001-35758 4.5 October 30,2015dated as of October 30, 2015,by and between SolarCityand the Trustee,related to SolarCity's 5.00% SolarBonds,Series 2015/25-10. One Hundred-and-Forty-Fourth Supplemental Indenture,8-K(1) 001-35758 4.6 October 30,2015dated as of October 30,2015,by and between SolarCity and the Trustee, related to SolarCity's 5.75% SolarBonds, Series 2015/26-15. One Hundred-and-Forty-Eighth Supplemental Indenture, 8-K(1) 001-35758 4.5 November 4,2015dated as of November 4, 2015, by and between SolarCityand the Trustee,related to SolarCity's 4.70% SolarBonds, Series 2015/C116-10. One Hundred-and-Fifty-Third Supplemental Indenture, 8-K(1) 001-35758 4.5 November 17,2015dated as of November 16, 2015,by and betweenSolarCity and the Trustee,related to SolarCity's 4.70%Solar Bonds, Series 2015/C121-10.","One Hundred-and-Forty-Third Supplemental Indenture, 8-K(1) 001-35758 4.5 October 30,2015dated as of October 30, 2015,by and between SolarCityand the Trustee,related to SolarCity's 5.00% SolarBonds,Series 2015/25-10. One Hundred-and-Forty-Fourth Supplemental Indenture,8-K(1) 001-35758 4.6 October 30,2015dated as of October 30,2015,by and between SolarCity and the Trustee, related to SolarCity's 5.75% SolarBonds, Series 2015/26-15. One Hundred-and-Forty-Eighth Supplemental Indenture, 8-K(1) 001-35758 4.5 November 4,2015dated as of November 4, 2015, by and between SolarCityand the Trustee,related to SolarCity's 4.70% SolarBonds, Series 2015/C116-10. One Hundred-and-Fifty-Third Supplemental Indenture, 8-K(1) 001-35758 4.5 November 17,2015dated as of November 16, 2015,by and betweenSolarCity and the Trustee,related to SolarCity's 4.70%Solar Bonds, Series 2015/C121-10.","One Hundred-and-Forty-Third Supplemental Indenture, 8-K(1) 001-35758 4.5 October 30,2015dated as of October 30, 2015,by and between SolarCityand the Trustee,related to SolarCity's 5.00% SolarBonds,Series 2015/25-10. One Hundred-and-Forty-Fourth Supplemental Indenture,8-K(1) 001-35758 4.6 October 30,2015dated as of October 30,2015,by and between SolarCity and the Trustee, related to SolarCity's 5.75% SolarBonds, Series 2015/26-15. One Hundred-and-Forty-Eighth Supplemental Indenture, 8-K(1) 001-35758 4.5 November 4,2015dated as of November 4, 2015, by and between SolarCityand the Trustee,related to SolarCity's 4.70% SolarBonds, Series 2015/C116-10. One Hundred-and-Fifty-Third Supplemental Indenture, 8-K(1) 001-35758 4.5 November 17,2015dated as of November 16, 2015,by and betweenSolarCity and the Trustee,related to SolarCity's 4.70%Solar Bonds, Series 2015/C121-10.","One Hundred-and-Forty-Third Supplemental Indenture, 8-K(1) 001-35758 4.5 October 30,2015dated as of October 30, 2015,by and between SolarCityand the Trustee,related to SolarCity's 5.00% SolarBonds,Series 2015/25-10. One Hundred-and-Forty-Fourth Supplemental Indenture,8-K(1) 001-35758 4.6 October 30,2015dated as of October 30,2015,by and between SolarCity and the Trustee, related to SolarCity's 5.75% SolarBonds, Series 2015/26-15. One Hundred-and-Forty-Eighth Supplemental Indenture, 8-K(1) 001-35758 4.5 November 4,2015dated as of November 4, 2015, by and between SolarCityand the Trustee,related to SolarCity's 4.70% SolarBonds, Series 2015/C116-10. One Hundred-and-Fifty-Third Supplemental Indenture, 8-K(1) 001-35758 4.5 November 17,2015dated as of November 16, 2015,by and betweenSolarCity and the Trustee,related to SolarCity's 4.70%Solar Bonds, Series 2015/C121-10.","One Hundred-and-Forty-Third Supplemental Indenture, 8-K(1) 001-35758 4.5 October 30,2015dated as of October 30, 2015,by and between SolarCityand the Trustee,related to SolarCity's 5.00% SolarBonds,Series 2015/25-10. One Hundred-and-Forty-Fourth Supplemental Indenture,8-K(1) 001-35758 4.6 October 30,2015dated as of October 30,2015,by and between SolarCity and the Trustee, related to SolarCity's 5.75% SolarBonds, Series 2015/26-15. One Hundred-and-Forty-Eighth Supplemental Indenture, 8-K(1) 001-35758 4.5 November 4,2015dated as of November 4, 2015, by and between SolarCityand the Trustee,related to SolarCity's 4.70% SolarBonds, Series 2015/C116-10. One Hundred-and-Fifty-Third Supplemental Indenture, 8-K(1) 001-35758 4.5 November 17,2015dated as of November 16, 2015,by and betweenSolarCity and the Trustee,related to SolarCity's 4.70%Solar Bonds, Series 2015/C121-10.","One Hundred-and-Forty-Third Supplemental Indenture, 8-K(1) 001-35758 4.5 October 30,2015dated as of October 30, 2015,by and between SolarCityand the Trustee,related to SolarCity's 5.00% SolarBonds,Series 2015/25-10. One Hundred-and-Forty-Fourth Supplemental Indenture,8-K(1) 001-35758 4.6 October 30,2015dated as of October 30,2015,by and between SolarCity and the Trustee, related to SolarCity's 5.75% SolarBonds, Series 2015/26-15. One Hundred-and-Forty-Eighth Supplemental Indenture, 8-K(1) 001-35758 4.5 November 4,2015dated as of November 4, 2015, by and between SolarCityand the Trustee,related to SolarCity's 4.70% SolarBonds, Series 2015/C116-10. One Hundred-and-Fifty-Third Supplemental Indenture, 8-K(1) 001-35758 4.5 November 17,2015dated as of November 16, 2015,by and betweenSolarCity and the Trustee,related to SolarCity's 4.70%Solar Bonds, Series 2015/C121-10.","One Hundred-and-Forty-Third Supplemental Indenture, 8-K(1) 001-35758 4.5 October 30,2015dated as of October 30, 2015,by and between SolarCityand the Trustee,related to SolarCity's 5.00% SolarBonds,Series 2015/25-10. One Hundred-and-Forty-Fourth Supplemental Indenture,8-K(1) 001-35758 4.6 October 30,2015dated as of October 30,2015,by and between SolarCity and the Trustee, related to SolarCity's 5.75% SolarBonds, Series 2015/26-15. One Hundred-and-Forty-Eighth Supplemental Indenture, 8-K(1) 001-35758 4.5 November 4,2015dated as of November 4, 2015, by and between SolarCityand the Trustee,related to SolarCity's 4.70% SolarBonds, Series 2015/C116-10. One Hundred-and-Fifty-Third Supplemental Indenture, 8-K(1) 001-35758 4.5 November 17,2015dated as of November 16, 2015,by and betweenSolarCity and the Trustee,related to SolarCity's 4.70%Solar Bonds, Series 2015/C121-10.",,,,,,,,,,,,,,,,,,,,,,,,,,,,,,,,,,,,,,,,,,,,,,,,,,
4.624.634.644.654.664.674.684.694.704.714.72,"One Hundred-and-Forty-Fourth Supplemental Indenture,","One Hundred-and-Forty-Fourth Supplemental Indenture,","One Hundred-and-Forty-Third Supplemental Indenture, 8-K(1) 001-35758 4.5 October 30,2015dated as of October 30, 2015,by and between SolarCityand the Trustee,related to SolarCity's 5.00% SolarBonds,Series 2015/25-10. One Hundred-and-Forty-Fourth Supplemental Indenture,8-K(1) 001-35758 4.6 October 30,2015dated as of October 30,2015,by and between SolarCity and the Trustee, related to SolarCity's 5.75% SolarBonds, Series 2015/26-15. One Hundred-and-Forty-Eighth Supplemental Indenture, 8-K(1) 001-35758 4.5 November 4,2015dated as of November 4, 2015, by and between SolarCityand the Trustee,related to SolarCity's 4.70% SolarBonds, Series 2015/C116-10. One Hundred-and-Fifty-Third Supplemental Indenture, 8-K(1) 001-35758 4.5 November 17,2015dated as of November 16, 2015,by and betweenSolarCity and the Trustee,related to SolarCity's 4.70%Solar Bonds, Series 2015/C121-10.","One Hundred-and-Forty-Third Supplemental Indenture, 8-K(1) 001-35758 4.5 October 30,2015dated as of October 30, 2015,by and between SolarCityand the Trustee,related to SolarCity's 5.00% SolarBonds,Series 2015/25-10. One Hundred-and-Forty-Fourth Supplemental Indenture,8-K(1) 001-35758 4.6 October 30,2015dated as of October 30,2015,by and between SolarCity and the Trustee, related to SolarCity's 5.75% SolarBonds, Series 2015/26-15. One Hundred-and-Forty-Eighth Supplemental Indenture, 8-K(1) 001-35758 4.5 November 4,2015dated as of November 4, 2015, by and between SolarCityand the Trustee,related to SolarCity's 4.70% SolarBonds, Series 2015/C116-10. One Hundred-and-Fifty-Third Supplemental Indenture, 8-K(1) 001-35758 4.5 November 17,2015dated as of November 16, 2015,by and betweenSolarCity and the Trustee,related to SolarCity's 4.70%Solar Bonds, Series 2015/C121-10.","One Hundred-and-Forty-Third Supplemental Indenture, 8-K(1) 001-35758 4.5 October 30,2015dated as of October 30, 2015,by and between SolarCityand the Trustee,related to SolarCity's 5.00% SolarBonds,Series 2015/25-10. One Hundred-and-Forty-Fourth Supplemental Indenture,8-K(1) 001-35758 4.6 October 30,2015dated as of October 30,2015,by and between SolarCity and the Trustee, related to SolarCity's 5.75% SolarBonds, Series 2015/26-15. One Hundred-and-Forty-Eighth Supplemental Indenture, 8-K(1) 001-35758 4.5 November 4,2015dated as of November 4, 2015, by and between SolarCityand the Trustee,related to SolarCity's 4.70% SolarBonds, Series 2015/C116-10. One Hundred-and-Fifty-Third Supplemental Indenture, 8-K(1) 001-35758 4.5 November 17,2015dated as of November 16, 2015,by and betweenSolarCity and the Trustee,related to SolarCity's 4.70%Solar Bonds, Series 2015/C121-10.","One Hundred-and-Forty-Third Supplemental Indenture, 8-K(1) 001-35758 4.5 October 30,2015dated as of October 30, 2015,by and between SolarCityand the Trustee,related to SolarCity's 5.00% SolarBonds,Series 2015/25-10. One Hundred-and-Forty-Fourth Supplemental Indenture,8-K(1) 001-35758 4.6 October 30,2015dated as of October 30,2015,by and between SolarCity and the Trustee, related to SolarCity's 5.75% SolarBonds, Series 2015/26-15. One Hundred-and-Forty-Eighth Supplemental Indenture, 8-K(1) 001-35758 4.5 November 4,2015dated as of November 4, 2015, by and between SolarCityand the Trustee,related to SolarCity's 4.70% SolarBonds, Series 2015/C116-10. One Hundred-and-Fifty-Third Supplemental Indenture, 8-K(1) 001-35758 4.5 November 17,2015dated as of November 16, 2015,by and betweenSolarCity and the Trustee,related to SolarCity's 4.70%Solar Bonds, Series 2015/C121-10.","One Hundred-and-Forty-Third Supplemental Indenture, 8-K(1) 001-35758 4.5 October 30,2015dated as of October 30, 2015,by and between SolarCityand the Trustee,related to SolarCity's 5.00% SolarBonds,Series 2015/25-10. One Hundred-and-Forty-Fourth Supplemental Indenture,8-K(1) 001-35758 4.6 October 30,2015dated as of October 30,2015,by and between SolarCity and the Trustee, related to SolarCity's 5.75% SolarBonds, Series 2015/26-15. One Hundred-and-Forty-Eighth Supplemental Indenture, 8-K(1) 001-35758 4.5 November 4,2015dated as of November 4, 2015, by and between SolarCityand the Trustee,related to SolarCity's 4.70% SolarBonds, Series 2015/C116-10. One Hundred-and-Fifty-Third Supplemental Indenture, 8-K(1) 001-35758 4.5 November 17,2015dated as of November 16, 2015,by and betweenSolarCity and the Trustee,related to SolarCity's 4.70%Solar Bonds, Series 2015/C121-10.","One Hundred-and-Forty-Third Supplemental Indenture, 8-K(1) 001-35758 4.5 October 30,2015dated as of October 30, 2015,by and between SolarCityand the Trustee,related to SolarCity's 5.00% SolarBonds,Series 2015/25-10. One Hundred-and-Forty-Fourth Supplemental Indenture,8-K(1) 001-35758 4.6 October 30,2015dated as of October 30,2015,by and between SolarCity and the Trustee, related to SolarCity's 5.75% SolarBonds, Series 2015/26-15. One Hundred-and-Forty-Eighth Supplemental Indenture, 8-K(1) 001-35758 4.5 November 4,2015dated as of November 4, 2015, by and between SolarCityand the Trustee,related to SolarCity's 4.70% SolarBonds, Series 2015/C116-10. One Hundred-and-Fifty-Third Supplemental Indenture, 8-K(1) 001-35758 4.5 November 17,2015dated as of November 16, 2015,by and betweenSolarCity and the Trustee,related to SolarCity's 4.70%Solar Bonds, Series 2015/C121-10.","One Hundred-and-Forty-Third Supplemental Indenture, 8-K(1) 001-35758 4.5 October 30,2015dated as of October 30, 2015,by and between SolarCityand the Trustee,related to SolarCity's 5.00% SolarBonds,Series 2015/25-10. One Hundred-and-Forty-Fourth Supplemental Indenture,8-K(1) 001-35758 4.6 October 30,2015dated as of October 30,2015,by and between SolarCity and the Trustee, related to SolarCity's 5.75% SolarBonds, Series 2015/26-15. One Hundred-and-Forty-Eighth Supplemental Indenture, 8-K(1) 001-35758 4.5 November 4,2015dated as of November 4, 2015, by and between SolarCityand the Trustee,related to SolarCity's 4.70% SolarBonds, Series 2015/C116-10. One Hundred-and-Fifty-Third Supplemental Indenture, 8-K(1) 001-35758 4.5 November 17,2015dated as of November 16, 2015,by and betweenSolarCity and the Trustee,related to SolarCity's 4.70%Solar Bonds, Series 2015/C121-10.","One Hundred-and-Forty-Third Supplemental Indenture, 8-K(1) 001-35758 4.5 October 30,2015dated as of October 30, 2015,by and between SolarCityand the Trustee,related to SolarCity's 5.00% SolarBonds,Series 2015/25-10. One Hundred-and-Forty-Fourth Supplemental Indenture,8-K(1) 001-35758 4.6 October 30,2015dated as of October 30,2015,by and between SolarCity and the Trustee, related to SolarCity's 5.75% SolarBonds, Series 2015/26-15. One Hundred-and-Forty-Eighth Supplemental Indenture, 8-K(1) 001-35758 4.5 November 4,2015dated as of November 4, 2015, by and between SolarCityand the Trustee,related to SolarCity's 4.70% SolarBonds, Series 2015/C116-10. One Hundred-and-Fifty-Third Supplemental Indenture, 8-K(1) 001-35758 4.5 November 17,2015dated as of November 16, 2015,by and betweenSolarCity and the Trustee,related to SolarCity's 4.70%Solar Bonds, Series 2015/C121-10.","One Hundred-and-Forty-Third Supplemental Indenture, 8-K(1) 001-35758 4.5 October 30,2015dated as of October 30, 2015,by and between SolarCityand the Trustee,related to SolarCity's 5.00% SolarBonds,Series 2015/25-10. One Hundred-and-Forty-Fourth Supplemental Indenture,8-K(1) 001-35758 4.6 October 30,2015dated as of October 30,2015,by and between SolarCity and the Trustee, related to SolarCity's 5.75% SolarBonds, Series 2015/26-15. One Hundred-and-Forty-Eighth Supplemental Indenture, 8-K(1) 001-35758 4.5 November 4,2015dated as of November 4, 2015, by and between SolarCityand the Trustee,related to SolarCity's 4.70% SolarBonds, Series 2015/C116-10. One Hundred-and-Fifty-Third Supplemental Indenture, 8-K(1) 001-35758 4.5 November 17,2015dated as of November 16, 2015,by and betweenSolarCity and the Trustee,related to SolarCity's 4.70%Solar Bonds, Series 2015/C121-10.","One Hundred-and-Forty-Third Supplemental Indenture, 8-K(1) 001-35758 4.5 October 30,2015dated as of October 30, 2015,by and between SolarCityand the Trustee,related to SolarCity's 5.00% SolarBonds,Series 2015/25-10. One Hundred-and-Forty-Fourth Supplemental Indenture,8-K(1) 001-35758 4.6 October 30,2015dated as of October 30,2015,by and between SolarCity and the Trustee, related to SolarCity's 5.75% SolarBonds, Series 2015/26-15. One Hundred-and-Forty-Eighth Supplemental Indenture, 8-K(1) 001-35758 4.5 November 4,2015dated as of November 4, 2015, by and between SolarCityand the Trustee,related to SolarCity's 4.70% SolarBonds, Series 2015/C116-10. One Hundred-and-Fifty-Third Supplemental Indenture, 8-K(1) 001-35758 4.5 November 17,2015dated as of November 16, 2015,by and betweenSolarCity and the Trustee,related to SolarCity's 4.70%Solar Bonds, Series 2015/C121-10.",8-K(1),8-K(1),8-K(1),001-35758,001-35758,4.6,4.6,4.6,,,,,,,,,,,,,,,,,,,,,,,,,,,,,,,,,,,,,,,,,,
4.624.634.644.654.664.674.684.694.704.714.72,"dated as of October 30,2015,by and between SolarCity","dated as of October 30,2015,by and between SolarCity","One Hundred-and-Forty-Third Supplemental Indenture, 8-K(1) 001-35758 4.5 October 30,2015dated as of October 30, 2015,by and between SolarCityand the Trustee,related to SolarCity's 5.00% SolarBonds,Series 2015/25-10. One Hundred-and-Forty-Fourth Supplemental Indenture,8-K(1) 001-35758 4.6 October 30,2015dated as of October 30,2015,by and between SolarCity and the Trustee, related to SolarCity's 5.75% SolarBonds, Series 2015/26-15. One Hundred-and-Forty-Eighth Supplemental Indenture, 8-K(1) 001-35758 4.5 November 4,2015dated as of November 4, 2015, by and between SolarCityand the Trustee,related to SolarCity's 4.70% SolarBonds, Series 2015/C116-10. One Hundred-and-Fifty-Third Supplemental Indenture, 8-K(1) 001-35758 4.5 November 17,2015dated as of November 16, 2015,by and betweenSolarCity and the Trustee,related to SolarCity's 4.70%Solar Bonds, Series 2015/C121-10.","One Hundred-and-Forty-Third Supplemental Indenture, 8-K(1) 001-35758 4.5 October 30,2015dated as of October 30, 2015,by and between SolarCityand the Trustee,related to SolarCity's 5.00% SolarBonds,Series 2015/25-10. One Hundred-and-Forty-Fourth Supplemental Indenture,8-K(1) 001-35758 4.6 October 30,2015dated as of October 30,2015,by and between SolarCity and the Trustee, related to SolarCity's 5.75% SolarBonds, Series 2015/26-15. One Hundred-and-Forty-Eighth Supplemental Indenture, 8-K(1) 001-35758 4.5 November 4,2015dated as of November 4, 2015, by and between SolarCityand the Trustee,related to SolarCity's 4.70% SolarBonds, Series 2015/C116-10. One Hundred-and-Fifty-Third Supplemental Indenture, 8-K(1) 001-35758 4.5 November 17,2015dated as of November 16, 2015,by and betweenSolarCity and the Trustee,related to SolarCity's 4.70%Solar Bonds, Series 2015/C121-10.","One Hundred-and-Forty-Third Supplemental Indenture, 8-K(1) 001-35758 4.5 October 30,2015dated as of October 30, 2015,by and between SolarCityand the Trustee,related to SolarCity's 5.00% SolarBonds,Series 2015/25-10. One Hundred-and-Forty-Fourth Supplemental Indenture,8-K(1) 001-35758 4.6 October 30,2015dated as of October 30,2015,by and between SolarCity and the Trustee, related to SolarCity's 5.75% SolarBonds, Series 2015/26-15. One Hundred-and-Forty-Eighth Supplemental Indenture, 8-K(1) 001-35758 4.5 November 4,2015dated as of November 4, 2015, by and between SolarCityand the Trustee,related to SolarCity's 4.70% SolarBonds, Series 2015/C116-10. One Hundred-and-Fifty-Third Supplemental Indenture, 8-K(1) 001-35758 4.5 November 17,2015dated as of November 16, 2015,by and betweenSolarCity and the Trustee,related to SolarCity's 4.70%Solar Bonds, Series 2015/C121-10.","One Hundred-and-Forty-Third Supplemental Indenture, 8-K(1) 001-35758 4.5 October 30,2015dated as of October 30, 2015,by and between SolarCityand the Trustee,related to SolarCity's 5.00% SolarBonds,Series 2015/25-10. One Hundred-and-Forty-Fourth Supplemental Indenture,8-K(1) 001-35758 4.6 October 30,2015dated as of October 30,2015,by and between SolarCity and the Trustee, related to SolarCity's 5.75% SolarBonds, Series 2015/26-15. One Hundred-and-Forty-Eighth Supplemental Indenture, 8-K(1) 001-35758 4.5 November 4,2015dated as of November 4, 2015, by and between SolarCityand the Trustee,related to SolarCity's 4.70% SolarBonds, Series 2015/C116-10. One Hundred-and-Fifty-Third Supplemental Indenture, 8-K(1) 001-35758 4.5 November 17,2015dated as of November 16, 2015,by and betweenSolarCity and the Trustee,related to SolarCity's 4.70%Solar Bonds, Series 2015/C121-10.","One Hundred-and-Forty-Third Supplemental Indenture, 8-K(1) 001-35758 4.5 October 30,2015dated as of October 30, 2015,by and between SolarCityand the Trustee,related to SolarCity's 5.00% SolarBonds,Series 2015/25-10. One Hundred-and-Forty-Fourth Supplemental Indenture,8-K(1) 001-35758 4.6 October 30,2015dated as of October 30,2015,by and between SolarCity and the Trustee, related to SolarCity's 5.75% SolarBonds, Series 2015/26-15. One Hundred-and-Forty-Eighth Supplemental Indenture, 8-K(1) 001-35758 4.5 November 4,2015dated as of November 4, 2015, by and between SolarCityand the Trustee,related to SolarCity's 4.70% SolarBonds, Series 2015/C116-10. One Hundred-and-Fifty-Third Supplemental Indenture, 8-K(1) 001-35758 4.5 November 17,2015dated as of November 16, 2015,by and betweenSolarCity and the Trustee,related to SolarCity's 4.70%Solar Bonds, Series 2015/C121-10.","One Hundred-and-Forty-Third Supplemental Indenture, 8-K(1) 001-35758 4.5 October 30,2015dated as of October 30, 2015,by and between SolarCityand the Trustee,related to SolarCity's 5.00% SolarBonds,Series 2015/25-10. One Hundred-and-Forty-Fourth Supplemental Indenture,8-K(1) 001-35758 4.6 October 30,2015dated as of October 30,2015,by and between SolarCity and the Trustee, related to SolarCity's 5.75% SolarBonds, Series 2015/26-15. One Hundred-and-Forty-Eighth Supplemental Indenture, 8-K(1) 001-35758 4.5 November 4,2015dated as of November 4, 2015, by and between SolarCityand the Trustee,related to SolarCity's 4.70% SolarBonds, Series 2015/C116-10. One Hundred-and-Fifty-Third Supplemental Indenture, 8-K(1) 001-35758 4.5 November 17,2015dated as of November 16, 2015,by and betweenSolarCity and the Trustee,related to SolarCity's 4.70%Solar Bonds, Series 2015/C121-10.","One Hundred-and-Forty-Third Supplemental Indenture, 8-K(1) 001-35758 4.5 October 30,2015dated as of October 30, 2015,by and between SolarCityand the Trustee,related to SolarCity's 5.00% SolarBonds,Series 2015/25-10. One Hundred-and-Forty-Fourth Supplemental Indenture,8-K(1) 001-35758 4.6 October 30,2015dated as of October 30,2015,by and between SolarCity and the Trustee, related to SolarCity's 5.75% SolarBonds, Series 2015/26-15. One Hundred-and-Forty-Eighth Supplemental Indenture, 8-K(1) 001-35758 4.5 November 4,2015dated as of November 4, 2015, by and between SolarCityand the Trustee,related to SolarCity's 4.70% SolarBonds, Series 2015/C116-10. One Hundred-and-Fifty-Third Supplemental Indenture, 8-K(1) 001-35758 4.5 November 17,2015dated as of November 16, 2015,by and betweenSolarCity and the Trustee,related to SolarCity's 4.70%Solar Bonds, Series 2015/C121-10.","One Hundred-and-Forty-Third Supplemental Indenture, 8-K(1) 001-35758 4.5 October 30,2015dated as of October 30, 2015,by and between SolarCityand the Trustee,related to SolarCity's 5.00% SolarBonds,Series 2015/25-10. One Hundred-and-Forty-Fourth Supplemental Indenture,8-K(1) 001-35758 4.6 October 30,2015dated as of October 30,2015,by and between SolarCity and the Trustee, related to SolarCity's 5.75% SolarBonds, Series 2015/26-15. One Hundred-and-Forty-Eighth Supplemental Indenture, 8-K(1) 001-35758 4.5 November 4,2015dated as of November 4, 2015, by and between SolarCityand the Trustee,related to SolarCity's 4.70% SolarBonds, Series 2015/C116-10. One Hundred-and-Fifty-Third Supplemental Indenture, 8-K(1) 001-35758 4.5 November 17,2015dated as of November 16, 2015,by and betweenSolarCity and the Trustee,related to SolarCity's 4.70%Solar Bonds, Series 2015/C121-10.","One Hundred-and-Forty-Third Supplemental Indenture, 8-K(1) 001-35758 4.5 October 30,2015dated as of October 30, 2015,by and between SolarCityand the Trustee,related to SolarCity's 5.00% SolarBonds,Series 2015/25-10. One Hundred-and-Forty-Fourth Supplemental Indenture,8-K(1) 001-35758 4.6 October 30,2015dated as of October 30,2015,by and between SolarCity and the Trustee, related to SolarCity's 5.75% SolarBonds, Series 2015/26-15. One Hundred-and-Forty-Eighth Supplemental Indenture, 8-K(1) 001-35758 4.5 November 4,2015dated as of November 4, 2015, by and between SolarCityand the Trustee,related to SolarCity's 4.70% SolarBonds, Series 2015/C116-10. One Hundred-and-Fifty-Third Supplemental Indenture, 8-K(1) 001-35758 4.5 November 17,2015dated as of November 16, 2015,by and betweenSolarCity and the Trustee,related to SolarCity's 4.70%Solar Bonds, Series 2015/C121-10.","One Hundred-and-Forty-Third Supplemental Indenture, 8-K(1) 001-35758 4.5 October 30,2015dated as of October 30, 2015,by and between SolarCityand the Trustee,related to SolarCity's 5.00% SolarBonds,Series 2015/25-10. One Hundred-and-Forty-Fourth Supplemental Indenture,8-K(1) 001-35758 4.6 October 30,2015dated as of October 30,2015,by and between SolarCity and the Trustee, related to SolarCity's 5.75% SolarBonds, Series 2015/26-15. One Hundred-and-Forty-Eighth Supplemental Indenture, 8-K(1) 001-35758 4.5 November 4,2015dated as of November 4, 2015, by and between SolarCityand the Trustee,related to SolarCity's 4.70% SolarBonds, Series 2015/C116-10. One Hundred-and-Fifty-Third Supplemental Indenture, 8-K(1) 001-35758 4.5 November 17,2015dated as of November 16, 2015,by and betweenSolarCity and the Trustee,related to SolarCity's 4.70%Solar Bonds, Series 2015/C121-10.",,,,,,,,,,,,,,,,,,,,,,,,,,,,,,,,,,,,,,,,,,,,,,,,,,
4.624.634.644.654.664.674.684.694.704.714.72,"and the Trustee, related to SolarCity's 5.75% Solar","and the Trustee, related to SolarCity's 5.75% Solar","One Hundred-and-Forty-Third Supplemental Indenture, 8-K(1) 001-35758 4.5 October 30,2015dated as of October 30, 2015,by and between SolarCityand the Trustee,related to SolarCity's 5.00% SolarBonds,Series 2015/25-10. One Hundred-and-Forty-Fourth Supplemental Indenture,8-K(1) 001-35758 4.6 October 30,2015dated as of October 30,2015,by and between SolarCity and the Trustee, related to SolarCity's 5.75% SolarBonds, Series 2015/26-15. One Hundred-and-Forty-Eighth Supplemental Indenture, 8-K(1) 001-35758 4.5 November 4,2015dated as of November 4, 2015, by and between SolarCityand the Trustee,related to SolarCity's 4.70% SolarBonds, Series 2015/C116-10. One Hundred-and-Fifty-Third Supplemental Indenture, 8-K(1) 001-35758 4.5 November 17,2015dated as of November 16, 2015,by and betweenSolarCity and the Trustee,related to SolarCity's 4.70%Solar Bonds, Series 2015/C121-10.","One Hundred-and-Forty-Third Supplemental Indenture, 8-K(1) 001-35758 4.5 October 30,2015dated as of October 30, 2015,by and between SolarCityand the Trustee,related to SolarCity's 5.00% SolarBonds,Series 2015/25-10. One Hundred-and-Forty-Fourth Supplemental Indenture,8-K(1) 001-35758 4.6 October 30,2015dated as of October 30,2015,by and between SolarCity and the Trustee, related to SolarCity's 5.75% SolarBonds, Series 2015/26-15. One Hundred-and-Forty-Eighth Supplemental Indenture, 8-K(1) 001-35758 4.5 November 4,2015dated as of November 4, 2015, by and between SolarCityand the Trustee,related to SolarCity's 4.70% SolarBonds, Series 2015/C116-10. One Hundred-and-Fifty-Third Supplemental Indenture, 8-K(1) 001-35758 4.5 November 17,2015dated as of November 16, 2015,by and betweenSolarCity and the Trustee,related to SolarCity's 4.70%Solar Bonds, Series 2015/C121-10.","One Hundred-and-Forty-Third Supplemental Indenture, 8-K(1) 001-35758 4.5 October 30,2015dated as of October 30, 2015,by and between SolarCityand the Trustee,related to SolarCity's 5.00% SolarBonds,Series 2015/25-10. One Hundred-and-Forty-Fourth Supplemental Indenture,8-K(1) 001-35758 4.6 October 30,2015dated as of October 30,2015,by and between SolarCity and the Trustee, related to SolarCity's 5.75% SolarBonds, Series 2015/26-15. One Hundred-and-Forty-Eighth Supplemental Indenture, 8-K(1) 001-35758 4.5 November 4,2015dated as of November 4, 2015, by and between SolarCityand the Trustee,related to SolarCity's 4.70% SolarBonds, Series 2015/C116-10. One Hundred-and-Fifty-Third Supplemental Indenture, 8-K(1) 001-35758 4.5 November 17,2015dated as of November 16, 2015,by and betweenSolarCity and the Trustee,related to SolarCity's 4.70%Solar Bonds, Series 2015/C121-10.","One Hundred-and-Forty-Third Supplemental Indenture, 8-K(1) 001-35758 4.5 October 30,2015dated as of October 30, 2015,by and between SolarCityand the Trustee,related to SolarCity's 5.00% SolarBonds,Series 2015/25-10. One Hundred-and-Forty-Fourth Supplemental Indenture,8-K(1) 001-35758 4.6 October 30,2015dated as of October 30,2015,by and between SolarCity and the Trustee, related to SolarCity's 5.75% SolarBonds, Series 2015/26-15. One Hundred-and-Forty-Eighth Supplemental Indenture, 8-K(1) 001-35758 4.5 November 4,2015dated as of November 4, 2015, by and between SolarCityand the Trustee,related to SolarCity's 4.70% SolarBonds, Series 2015/C116-10. One Hundred-and-Fifty-Third Supplemental Indenture, 8-K(1) 001-35758 4.5 November 17,2015dated as of November 16, 2015,by and betweenSolarCity and the Trustee,related to SolarCity's 4.70%Solar Bonds, Series 2015/C121-10.","One Hundred-and-Forty-Third Supplemental Indenture, 8-K(1) 001-35758 4.5 October 30,2015dated as of October 30, 2015,by and between SolarCityand the Trustee,related to SolarCity's 5.00% SolarBonds,Series 2015/25-10. One Hundred-and-Forty-Fourth Supplemental Indenture,8-K(1) 001-35758 4.6 October 30,2015dated as of October 30,2015,by and between SolarCity and the Trustee, related to SolarCity's 5.75% SolarBonds, Series 2015/26-15. One Hundred-and-Forty-Eighth Supplemental Indenture, 8-K(1) 001-35758 4.5 November 4,2015dated as of November 4, 2015, by and between SolarCityand the Trustee,related to SolarCity's 4.70% SolarBonds, Series 2015/C116-10. One Hundred-and-Fifty-Third Supplemental Indenture, 8-K(1) 001-35758 4.5 November 17,2015dated as of November 16, 2015,by and betweenSolarCity and the Trustee,related to SolarCity's 4.70%Solar Bonds, Series 2015/C121-10.","One Hundred-and-Forty-Third Supplemental Indenture, 8-K(1) 001-35758 4.5 October 30,2015dated as of October 30, 2015,by and between SolarCityand the Trustee,related to SolarCity's 5.00% SolarBonds,Series 2015/25-10. One Hundred-and-Forty-Fourth Supplemental Indenture,8-K(1) 001-35758 4.6 October 30,2015dated as of October 30,2015,by and between SolarCity and the Trustee, related to SolarCity's 5.75% SolarBonds, Series 2015/26-15. One Hundred-and-Forty-Eighth Supplemental Indenture, 8-K(1) 001-35758 4.5 November 4,2015dated as of November 4, 2015, by and between SolarCityand the Trustee,related to SolarCity's 4.70% SolarBonds, Series 2015/C116-10. One Hundred-and-Fifty-Third Supplemental Indenture, 8-K(1) 001-35758 4.5 November 17,2015dated as of November 16, 2015,by and betweenSolarCity and the Trustee,related to SolarCity's 4.70%Solar Bonds, Series 2015/C121-10.","One Hundred-and-Forty-Third Supplemental Indenture, 8-K(1) 001-35758 4.5 October 30,2015dated as of October 30, 2015,by and between SolarCityand the Trustee,related to SolarCity's 5.00% SolarBonds,Series 2015/25-10. One Hundred-and-Forty-Fourth Supplemental Indenture,8-K(1) 001-35758 4.6 October 30,2015dated as of October 30,2015,by and between SolarCity and the Trustee, related to SolarCity's 5.75% SolarBonds, Series 2015/26-15. One Hundred-and-Forty-Eighth Supplemental Indenture, 8-K(1) 001-35758 4.5 November 4,2015dated as of November 4, 2015, by and between SolarCityand the Trustee,related to SolarCity's 4.70% SolarBonds, Series 2015/C116-10. One Hundred-and-Fifty-Third Supplemental Indenture, 8-K(1) 001-35758 4.5 November 17,2015dated as of November 16, 2015,by and betweenSolarCity and the Trustee,related to SolarCity's 4.70%Solar Bonds, Series 2015/C121-10.","One Hundred-and-Forty-Third Supplemental Indenture, 8-K(1) 001-35758 4.5 October 30,2015dated as of October 30, 2015,by and between SolarCityand the Trustee,related to SolarCity's 5.00% SolarBonds,Series 2015/25-10. One Hundred-and-Forty-Fourth Supplemental Indenture,8-K(1) 001-35758 4.6 October 30,2015dated as of October 30,2015,by and between SolarCity and the Trustee, related to SolarCity's 5.75% SolarBonds, Series 2015/26-15. One Hundred-and-Forty-Eighth Supplemental Indenture, 8-K(1) 001-35758 4.5 November 4,2015dated as of November 4, 2015, by and between SolarCityand the Trustee,related to SolarCity's 4.70% SolarBonds, Series 2015/C116-10. One Hundred-and-Fifty-Third Supplemental Indenture, 8-K(1) 001-35758 4.5 November 17,2015dated as of November 16, 2015,by and betweenSolarCity and the Trustee,related to SolarCity's 4.70%Solar Bonds, Series 2015/C121-10.","One Hundred-and-Forty-Third Supplemental Indenture, 8-K(1) 001-35758 4.5 October 30,2015dated as of October 30, 2015,by and between SolarCityand the Trustee,related to SolarCity's 5.00% SolarBonds,Series 2015/25-10. One Hundred-and-Forty-Fourth Supplemental Indenture,8-K(1) 001-35758 4.6 October 30,2015dated as of October 30,2015,by and between SolarCity and the Trustee, related to SolarCity's 5.75% SolarBonds, Series 2015/26-15. One Hundred-and-Forty-Eighth Supplemental Indenture, 8-K(1) 001-35758 4.5 November 4,2015dated as of November 4, 2015, by and between SolarCityand the Trustee,related to SolarCity's 4.70% SolarBonds, Series 2015/C116-10. One Hundred-and-Fifty-Third Supplemental Indenture, 8-K(1) 001-35758 4.5 November 17,2015dated as of November 16, 2015,by and betweenSolarCity and the Trustee,related to SolarCity's 4.70%Solar Bonds, Series 2015/C121-10.","One Hundred-and-Forty-Third Supplemental Indenture, 8-K(1) 001-35758 4.5 October 30,2015dated as of October 30, 2015,by and between SolarCityand the Trustee,related to SolarCity's 5.00% SolarBonds,Series 2015/25-10. One Hundred-and-Forty-Fourth Supplemental Indenture,8-K(1) 001-35758 4.6 October 30,2015dated as of October 30,2015,by and between SolarCity and the Trustee, related to SolarCity's 5.75% SolarBonds, Series 2015/26-15. One Hundred-and-Forty-Eighth Supplemental Indenture, 8-K(1) 001-35758 4.5 November 4,2015dated as of November 4, 2015, by and between SolarCityand the Trustee,related to SolarCity's 4.70% SolarBonds, Series 2015/C116-10. One Hundred-and-Fifty-Third Supplemental Indenture, 8-K(1) 001-35758 4.5 November 17,2015dated as of November 16, 2015,by and betweenSolarCity and the Trustee,related to SolarCity's 4.70%Solar Bonds, Series 2015/C121-10.",,,,,,,,,,,,,,,,,,,,,,,,,,,,,,,,,,,,,,,,,,,,,,,,,,
4.624.634.644.654.664.674.684.694.704.714.72,"Bonds, Series 2015/26-15.","Bonds, Series 2015/26-15.","One Hundred-and-Forty-Third Supplemental Indenture, 8-K(1) 001-35758 4.5 October 30,2015dated as of October 30, 2015,by and between SolarCityand the Trustee,related to SolarCity's 5.00% SolarBonds,Series 2015/25-10. One Hundred-and-Forty-Fourth Supplemental Indenture,8-K(1) 001-35758 4.6 October 30,2015dated as of October 30,2015,by and between SolarCity and the Trustee, related to SolarCity's 5.75% SolarBonds, Series 2015/26-15. One Hundred-and-Forty-Eighth Supplemental Indenture, 8-K(1) 001-35758 4.5 November 4,2015dated as of November 4, 2015, by and between SolarCityand the Trustee,related to SolarCity's 4.70% SolarBonds, Series 2015/C116-10. One Hundred-and-Fifty-Third Supplemental Indenture, 8-K(1) 001-35758 4.5 November 17,2015dated as of November 16, 2015,by and betweenSolarCity and the Trustee,related to SolarCity's 4.70%Solar Bonds, Series 2015/C121-10.","One Hundred-and-Forty-Third Supplemental Indenture, 8-K(1) 001-35758 4.5 October 30,2015dated as of October 30, 2015,by and between SolarCityand the Trustee,related to SolarCity's 5.00% SolarBonds,Series 2015/25-10. One Hundred-and-Forty-Fourth Supplemental Indenture,8-K(1) 001-35758 4.6 October 30,2015dated as of October 30,2015,by and between SolarCity and the Trustee, related to SolarCity's 5.75% SolarBonds, Series 2015/26-15. One Hundred-and-Forty-Eighth Supplemental Indenture, 8-K(1) 001-35758 4.5 November 4,2015dated as of November 4, 2015, by and between SolarCityand the Trustee,related to SolarCity's 4.70% SolarBonds, Series 2015/C116-10. One Hundred-and-Fifty-Third Supplemental Indenture, 8-K(1) 001-35758 4.5 November 17,2015dated as of November 16, 2015,by and betweenSolarCity and the Trustee,related to SolarCity's 4.70%Solar Bonds, Series 2015/C121-10.","One Hundred-and-Forty-Third Supplemental Indenture, 8-K(1) 001-35758 4.5 October 30,2015dated as of October 30, 2015,by and between SolarCityand the Trustee,related to SolarCity's 5.00% SolarBonds,Series 2015/25-10. One Hundred-and-Forty-Fourth Supplemental Indenture,8-K(1) 001-35758 4.6 October 30,2015dated as of October 30,2015,by and between SolarCity and the Trustee, related to SolarCity's 5.75% SolarBonds, Series 2015/26-15. One Hundred-and-Forty-Eighth Supplemental Indenture, 8-K(1) 001-35758 4.5 November 4,2015dated as of November 4, 2015, by and between SolarCityand the Trustee,related to SolarCity's 4.70% SolarBonds, Series 2015/C116-10. One Hundred-and-Fifty-Third Supplemental Indenture, 8-K(1) 001-35758 4.5 November 17,2015dated as of November 16, 2015,by and betweenSolarCity and the Trustee,related to SolarCity's 4.70%Solar Bonds, Series 2015/C121-10.","One Hundred-and-Forty-Third Supplemental Indenture, 8-K(1) 001-35758 4.5 October 30,2015dated as of October 30, 2015,by and between SolarCityand the Trustee,related to SolarCity's 5.00% SolarBonds,Series 2015/25-10. One Hundred-and-Forty-Fourth Supplemental Indenture,8-K(1) 001-35758 4.6 October 30,2015dated as of October 30,2015,by and between SolarCity and the Trustee, related to SolarCity's 5.75% SolarBonds, Series 2015/26-15. One Hundred-and-Forty-Eighth Supplemental Indenture, 8-K(1) 001-35758 4.5 November 4,2015dated as of November 4, 2015, by and between SolarCityand the Trustee,related to SolarCity's 4.70% SolarBonds, Series 2015/C116-10. One Hundred-and-Fifty-Third Supplemental Indenture, 8-K(1) 001-35758 4.5 November 17,2015dated as of November 16, 2015,by and betweenSolarCity and the Trustee,related to SolarCity's 4.70%Solar Bonds, Series 2015/C121-10.","One Hundred-and-Forty-Third Supplemental Indenture, 8-K(1) 001-35758 4.5 October 30,2015dated as of October 30, 2015,by and between SolarCityand the Trustee,related to SolarCity's 5.00% SolarBonds,Series 2015/25-10. One Hundred-and-Forty-Fourth Supplemental Indenture,8-K(1) 001-35758 4.6 October 30,2015dated as of October 30,2015,by and between SolarCity and the Trustee, related to SolarCity's 5.75% SolarBonds, Series 2015/26-15. One Hundred-and-Forty-Eighth Supplemental Indenture, 8-K(1) 001-35758 4.5 November 4,2015dated as of November 4, 2015, by and between SolarCityand the Trustee,related to SolarCity's 4.70% SolarBonds, Series 2015/C116-10. One Hundred-and-Fifty-Third Supplemental Indenture, 8-K(1) 001-35758 4.5 November 17,2015dated as of November 16, 2015,by and betweenSolarCity and the Trustee,related to SolarCity's 4.70%Solar Bonds, Series 2015/C121-10.","One Hundred-and-Forty-Third Supplemental Indenture, 8-K(1) 001-35758 4.5 October 30,2015dated as of October 30, 2015,by and between SolarCityand the Trustee,related to SolarCity's 5.00% SolarBonds,Series 2015/25-10. One Hundred-and-Forty-Fourth Supplemental Indenture,8-K(1) 001-35758 4.6 October 30,2015dated as of October 30,2015,by and between SolarCity and the Trustee, related to SolarCity's 5.75% SolarBonds, Series 2015/26-15. One Hundred-and-Forty-Eighth Supplemental Indenture, 8-K(1) 001-35758 4.5 November 4,2015dated as of November 4, 2015, by and between SolarCityand the Trustee,related to SolarCity's 4.70% SolarBonds, Series 2015/C116-10. One Hundred-and-Fifty-Third Supplemental Indenture, 8-K(1) 001-35758 4.5 November 17,2015dated as of November 16, 2015,by and betweenSolarCity and the Trustee,related to SolarCity's 4.70%Solar Bonds, Series 2015/C121-10.","One Hundred-and-Forty-Third Supplemental Indenture, 8-K(1) 001-35758 4.5 October 30,2015dated as of October 30, 2015,by and between SolarCityand the Trustee,related to SolarCity's 5.00% SolarBonds,Series 2015/25-10. One Hundred-and-Forty-Fourth Supplemental Indenture,8-K(1) 001-35758 4.6 October 30,2015dated as of October 30,2015,by and between SolarCity and the Trustee, related to SolarCity's 5.75% SolarBonds, Series 2015/26-15. One Hundred-and-Forty-Eighth Supplemental Indenture, 8-K(1) 001-35758 4.5 November 4,2015dated as of November 4, 2015, by and between SolarCityand the Trustee,related to SolarCity's 4.70% SolarBonds, Series 2015/C116-10. One Hundred-and-Fifty-Third Supplemental Indenture, 8-K(1) 001-35758 4.5 November 17,2015dated as of November 16, 2015,by and betweenSolarCity and the Trustee,related to SolarCity's 4.70%Solar Bonds, Series 2015/C121-10.","One Hundred-and-Forty-Third Supplemental Indenture, 8-K(1) 001-35758 4.5 October 30,2015dated as of October 30, 2015,by and between SolarCityand the Trustee,related to SolarCity's 5.00% SolarBonds,Series 2015/25-10. One Hundred-and-Forty-Fourth Supplemental Indenture,8-K(1) 001-35758 4.6 October 30,2015dated as of October 30,2015,by and between SolarCity and the Trustee, related to SolarCity's 5.75% SolarBonds, Series 2015/26-15. One Hundred-and-Forty-Eighth Supplemental Indenture, 8-K(1) 001-35758 4.5 November 4,2015dated as of November 4, 2015, by and between SolarCityand the Trustee,related to SolarCity's 4.70% SolarBonds, Series 2015/C116-10. One Hundred-and-Fifty-Third Supplemental Indenture, 8-K(1) 001-35758 4.5 November 17,2015dated as of November 16, 2015,by and betweenSolarCity and the Trustee,related to SolarCity's 4.70%Solar Bonds, Series 2015/C121-10.","One Hundred-and-Forty-Third Supplemental Indenture, 8-K(1) 001-35758 4.5 October 30,2015dated as of October 30, 2015,by and between SolarCityand the Trustee,related to SolarCity's 5.00% SolarBonds,Series 2015/25-10. One Hundred-and-Forty-Fourth Supplemental Indenture,8-K(1) 001-35758 4.6 October 30,2015dated as of October 30,2015,by and between SolarCity and the Trustee, related to SolarCity's 5.75% SolarBonds, Series 2015/26-15. One Hundred-and-Forty-Eighth Supplemental Indenture, 8-K(1) 001-35758 4.5 November 4,2015dated as of November 4, 2015, by and between SolarCityand the Trustee,related to SolarCity's 4.70% SolarBonds, Series 2015/C116-10. One Hundred-and-Fifty-Third Supplemental Indenture, 8-K(1) 001-35758 4.5 November 17,2015dated as of November 16, 2015,by and betweenSolarCity and the Trustee,related to SolarCity's 4.70%Solar Bonds, Series 2015/C121-10.","One Hundred-and-Forty-Third Supplemental Indenture, 8-K(1) 001-35758 4.5 October 30,2015dated as of October 30, 2015,by and between SolarCityand the Trustee,related to SolarCity's 5.00% SolarBonds,Series 2015/25-10. One Hundred-and-Forty-Fourth Supplemental Indenture,8-K(1) 001-35758 4.6 October 30,2015dated as of October 30,2015,by and between SolarCity and the Trustee, related to SolarCity's 5.75% SolarBonds, Series 2015/26-15. One Hundred-and-Forty-Eighth Supplemental Indenture, 8-K(1) 001-35758 4.5 November 4,2015dated as of November 4, 2015, by and between SolarCityand the Trustee,related to SolarCity's 4.70% SolarBonds, Series 2015/C116-10. One Hundred-and-Fifty-Third Supplemental Indenture, 8-K(1) 001-35758 4.5 November 17,2015dated as of November 16, 2015,by and betweenSolarCity and the Trustee,related to SolarCity's 4.70%Solar Bonds, Series 2015/C121-10.",,,,,,,,,,,,,,,,,,,,,,,,,,,,,,,,,,,,,,,,,,,,,,,,,,
4.624.634.644.654.664.674.684.694.704.714.72,"One Hundred-and-Forty-Eighth Supplemental Indenture,","One Hundred-and-Forty-Eighth Supplemental Indenture,","One Hundred-and-Forty-Third Supplemental Indenture, 8-K(1) 001-35758 4.5 October 30,2015dated as of October 30, 2015,by and between SolarCityand the Trustee,related to SolarCity's 5.00% SolarBonds,Series 2015/25-10. One Hundred-and-Forty-Fourth Supplemental Indenture,8-K(1) 001-35758 4.6 October 30,2015dated as of October 30,2015,by and between SolarCity and the Trustee, related to SolarCity's 5.75% SolarBonds, Series 2015/26-15. One Hundred-and-Forty-Eighth Supplemental Indenture, 8-K(1) 001-35758 4.5 November 4,2015dated as of November 4, 2015, by and between SolarCityand the Trustee,related to SolarCity's 4.70% SolarBonds, Series 2015/C116-10. One Hundred-and-Fifty-Third Supplemental Indenture, 8-K(1) 001-35758 4.5 November 17,2015dated as of November 16, 2015,by and betweenSolarCity and the Trustee,related to SolarCity's 4.70%Solar Bonds, Series 2015/C121-10.","One Hundred-and-Forty-Third Supplemental Indenture, 8-K(1) 001-35758 4.5 October 30,2015dated as of October 30, 2015,by and between SolarCityand the Trustee,related to SolarCity's 5.00% SolarBonds,Series 2015/25-10. One Hundred-and-Forty-Fourth Supplemental Indenture,8-K(1) 001-35758 4.6 October 30,2015dated as of October 30,2015,by and between SolarCity and the Trustee, related to SolarCity's 5.75% SolarBonds, Series 2015/26-15. One Hundred-and-Forty-Eighth Supplemental Indenture, 8-K(1) 001-35758 4.5 November 4,2015dated as of November 4, 2015, by and between SolarCityand the Trustee,related to SolarCity's 4.70% SolarBonds, Series 2015/C116-10. One Hundred-and-Fifty-Third Supplemental Indenture, 8-K(1) 001-35758 4.5 November 17,2015dated as of November 16, 2015,by and betweenSolarCity and the Trustee,related to SolarCity's 4.70%Solar Bonds, Series 2015/C121-10.","One Hundred-and-Forty-Third Supplemental Indenture, 8-K(1) 001-35758 4.5 October 30,2015dated as of October 30, 2015,by and between SolarCityand the Trustee,related to SolarCity's 5.00% SolarBonds,Series 2015/25-10. One Hundred-and-Forty-Fourth Supplemental Indenture,8-K(1) 001-35758 4.6 October 30,2015dated as of October 30,2015,by and between SolarCity and the Trustee, related to SolarCity's 5.75% SolarBonds, Series 2015/26-15. One Hundred-and-Forty-Eighth Supplemental Indenture, 8-K(1) 001-35758 4.5 November 4,2015dated as of November 4, 2015, by and between SolarCityand the Trustee,related to SolarCity's 4.70% SolarBonds, Series 2015/C116-10. One Hundred-and-Fifty-Third Supplemental Indenture, 8-K(1) 001-35758 4.5 November 17,2015dated as of November 16, 2015,by and betweenSolarCity and the Trustee,related to SolarCity's 4.70%Solar Bonds, Series 2015/C121-10.","One Hundred-and-Forty-Third Supplemental Indenture, 8-K(1) 001-35758 4.5 October 30,2015dated as of October 30, 2015,by and between SolarCityand the Trustee,related to SolarCity's 5.00% SolarBonds,Series 2015/25-10. One Hundred-and-Forty-Fourth Supplemental Indenture,8-K(1) 001-35758 4.6 October 30,2015dated as of October 30,2015,by and between SolarCity and the Trustee, related to SolarCity's 5.75% SolarBonds, Series 2015/26-15. One Hundred-and-Forty-Eighth Supplemental Indenture, 8-K(1) 001-35758 4.5 November 4,2015dated as of November 4, 2015, by and between SolarCityand the Trustee,related to SolarCity's 4.70% SolarBonds, Series 2015/C116-10. One Hundred-and-Fifty-Third Supplemental Indenture, 8-K(1) 001-35758 4.5 November 17,2015dated as of November 16, 2015,by and betweenSolarCity and the Trustee,related to SolarCity's 4.70%Solar Bonds, Series 2015/C121-10.","One Hundred-and-Forty-Third Supplemental Indenture, 8-K(1) 001-35758 4.5 October 30,2015dated as of October 30, 2015,by and between SolarCityand the Trustee,related to SolarCity's 5.00% SolarBonds,Series 2015/25-10. One Hundred-and-Forty-Fourth Supplemental Indenture,8-K(1) 001-35758 4.6 October 30,2015dated as of October 30,2015,by and between SolarCity and the Trustee, related to SolarCity's 5.75% SolarBonds, Series 2015/26-15. One Hundred-and-Forty-Eighth Supplemental Indenture, 8-K(1) 001-35758 4.5 November 4,2015dated as of November 4, 2015, by and between SolarCityand the Trustee,related to SolarCity's 4.70% SolarBonds, Series 2015/C116-10. One Hundred-and-Fifty-Third Supplemental Indenture, 8-K(1) 001-35758 4.5 November 17,2015dated as of November 16, 2015,by and betweenSolarCity and the Trustee,related to SolarCity's 4.70%Solar Bonds, Series 2015/C121-10.","One Hundred-and-Forty-Third Supplemental Indenture, 8-K(1) 001-35758 4.5 October 30,2015dated as of October 30, 2015,by and between SolarCityand the Trustee,related to SolarCity's 5.00% SolarBonds,Series 2015/25-10. One Hundred-and-Forty-Fourth Supplemental Indenture,8-K(1) 001-35758 4.6 October 30,2015dated as of October 30,2015,by and between SolarCity and the Trustee, related to SolarCity's 5.75% SolarBonds, Series 2015/26-15. One Hundred-and-Forty-Eighth Supplemental Indenture, 8-K(1) 001-35758 4.5 November 4,2015dated as of November 4, 2015, by and between SolarCityand the Trustee,related to SolarCity's 4.70% SolarBonds, Series 2015/C116-10. One Hundred-and-Fifty-Third Supplemental Indenture, 8-K(1) 001-35758 4.5 November 17,2015dated as of November 16, 2015,by and betweenSolarCity and the Trustee,related to SolarCity's 4.70%Solar Bonds, Series 2015/C121-10.","One Hundred-and-Forty-Third Supplemental Indenture, 8-K(1) 001-35758 4.5 October 30,2015dated as of October 30, 2015,by and between SolarCityand the Trustee,related to SolarCity's 5.00% SolarBonds,Series 2015/25-10. One Hundred-and-Forty-Fourth Supplemental Indenture,8-K(1) 001-35758 4.6 October 30,2015dated as of October 30,2015,by and between SolarCity and the Trustee, related to SolarCity's 5.75% SolarBonds, Series 2015/26-15. One Hundred-and-Forty-Eighth Supplemental Indenture, 8-K(1) 001-35758 4.5 November 4,2015dated as of November 4, 2015, by and between SolarCityand the Trustee,related to SolarCity's 4.70% SolarBonds, Series 2015/C116-10. One Hundred-and-Fifty-Third Supplemental Indenture, 8-K(1) 001-35758 4.5 November 17,2015dated as of November 16, 2015,by and betweenSolarCity and the Trustee,related to SolarCity's 4.70%Solar Bonds, Series 2015/C121-10.","One Hundred-and-Forty-Third Supplemental Indenture, 8-K(1) 001-35758 4.5 October 30,2015dated as of October 30, 2015,by and between SolarCityand the Trustee,related to SolarCity's 5.00% SolarBonds,Series 2015/25-10. One Hundred-and-Forty-Fourth Supplemental Indenture,8-K(1) 001-35758 4.6 October 30,2015dated as of October 30,2015,by and between SolarCity and the Trustee, related to SolarCity's 5.75% SolarBonds, Series 2015/26-15. One Hundred-and-Forty-Eighth Supplemental Indenture, 8-K(1) 001-35758 4.5 November 4,2015dated as of November 4, 2015, by and between SolarCityand the Trustee,related to SolarCity's 4.70% SolarBonds, Series 2015/C116-10. One Hundred-and-Fifty-Third Supplemental Indenture, 8-K(1) 001-35758 4.5 November 17,2015dated as of November 16, 2015,by and betweenSolarCity and the Trustee,related to SolarCity's 4.70%Solar Bonds, Series 2015/C121-10.","One Hundred-and-Forty-Third Supplemental Indenture, 8-K(1) 001-35758 4.5 October 30,2015dated as of October 30, 2015,by and between SolarCityand the Trustee,related to SolarCity's 5.00% SolarBonds,Series 2015/25-10. One Hundred-and-Forty-Fourth Supplemental Indenture,8-K(1) 001-35758 4.6 October 30,2015dated as of October 30,2015,by and between SolarCity and the Trustee, related to SolarCity's 5.75% SolarBonds, Series 2015/26-15. One Hundred-and-Forty-Eighth Supplemental Indenture, 8-K(1) 001-35758 4.5 November 4,2015dated as of November 4, 2015, by and between SolarCityand the Trustee,related to SolarCity's 4.70% SolarBonds, Series 2015/C116-10. One Hundred-and-Fifty-Third Supplemental Indenture, 8-K(1) 001-35758 4.5 November 17,2015dated as of November 16, 2015,by and betweenSolarCity and the Trustee,related to SolarCity's 4.70%Solar Bonds, Series 2015/C121-10.","One Hundred-and-Forty-Third Supplemental Indenture, 8-K(1) 001-35758 4.5 October 30,2015dated as of October 30, 2015,by and between SolarCityand the Trustee,related to SolarCity's 5.00% SolarBonds,Series 2015/25-10. One Hundred-and-Forty-Fourth Supplemental Indenture,8-K(1) 001-35758 4.6 October 30,2015dated as of October 30,2015,by and between SolarCity and the Trustee, related to SolarCity's 5.75% SolarBonds, Series 2015/26-15. One Hundred-and-Forty-Eighth Supplemental Indenture, 8-K(1) 001-35758 4.5 November 4,2015dated as of November 4, 2015, by and between SolarCityand the Trustee,related to SolarCity's 4.70% SolarBonds, Series 2015/C116-10. One Hundred-and-Fifty-Third Supplemental Indenture, 8-K(1) 001-35758 4.5 November 17,2015dated as of November 16, 2015,by and betweenSolarCity and the Trustee,related to SolarCity's 4.70%Solar Bonds, Series 2015/C121-10.",8-K(1) 001-35758,8-K(1) 001-35758,8-K(1) 001-35758,8-K(1) 001-35758,8-K(1) 001-35758,8-K(1),,,,,,,,,,,,,,,,,,,,,,,,,,,,,,,,,,,,,,,,,,,,
4.624.634.644.654.664.674.684.694.704.714.72,"dated as of November 4, 2015, by and between SolarCity","dated as of November 4, 2015, by and between SolarCity","One Hundred-and-Forty-Third Supplemental Indenture, 8-K(1) 001-35758 4.5 October 30,2015dated as of October 30, 2015,by and between SolarCityand the Trustee,related to SolarCity's 5.00% SolarBonds,Series 2015/25-10. One Hundred-and-Forty-Fourth Supplemental Indenture,8-K(1) 001-35758 4.6 October 30,2015dated as of October 30,2015,by and between SolarCity and the Trustee, related to SolarCity's 5.75% SolarBonds, Series 2015/26-15. One Hundred-and-Forty-Eighth Supplemental Indenture, 8-K(1) 001-35758 4.5 November 4,2015dated as of November 4, 2015, by and between SolarCityand the Trustee,related to SolarCity's 4.70% SolarBonds, Series 2015/C116-10. One Hundred-and-Fifty-Third Supplemental Indenture, 8-K(1) 001-35758 4.5 November 17,2015dated as of November 16, 2015,by and betweenSolarCity and the Trustee,related to SolarCity's 4.70%Solar Bonds, Series 2015/C121-10.","One Hundred-and-Forty-Third Supplemental Indenture, 8-K(1) 001-35758 4.5 October 30,2015dated as of October 30, 2015,by and between SolarCityand the Trustee,related to SolarCity's 5.00% SolarBonds,Series 2015/25-10. One Hundred-and-Forty-Fourth Supplemental Indenture,8-K(1) 001-35758 4.6 October 30,2015dated as of October 30,2015,by and between SolarCity and the Trustee, related to SolarCity's 5.75% SolarBonds, Series 2015/26-15. One Hundred-and-Forty-Eighth Supplemental Indenture, 8-K(1) 001-35758 4.5 November 4,2015dated as of November 4, 2015, by and between SolarCityand the Trustee,related to SolarCity's 4.70% SolarBonds, Series 2015/C116-10. One Hundred-and-Fifty-Third Supplemental Indenture, 8-K(1) 001-35758 4.5 November 17,2015dated as of November 16, 2015,by and betweenSolarCity and the Trustee,related to SolarCity's 4.70%Solar Bonds, Series 2015/C121-10.","One Hundred-and-Forty-Third Supplemental Indenture, 8-K(1) 001-35758 4.5 October 30,2015dated as of October 30, 2015,by and between SolarCityand the Trustee,related to SolarCity's 5.00% SolarBonds,Series 2015/25-10. One Hundred-and-Forty-Fourth Supplemental Indenture,8-K(1) 001-35758 4.6 October 30,2015dated as of October 30,2015,by and between SolarCity and the Trustee, related to SolarCity's 5.75% SolarBonds, Series 2015/26-15. One Hundred-and-Forty-Eighth Supplemental Indenture, 8-K(1) 001-35758 4.5 November 4,2015dated as of November 4, 2015, by and between SolarCityand the Trustee,related to SolarCity's 4.70% SolarBonds, Series 2015/C116-10. One Hundred-and-Fifty-Third Supplemental Indenture, 8-K(1) 001-35758 4.5 November 17,2015dated as of November 16, 2015,by and betweenSolarCity and the Trustee,related to SolarCity's 4.70%Solar Bonds, Series 2015/C121-10.","One Hundred-and-Forty-Third Supplemental Indenture, 8-K(1) 001-35758 4.5 October 30,2015dated as of October 30, 2015,by and between SolarCityand the Trustee,related to SolarCity's 5.00% SolarBonds,Series 2015/25-10. One Hundred-and-Forty-Fourth Supplemental Indenture,8-K(1) 001-35758 4.6 October 30,2015dated as of October 30,2015,by and between SolarCity and the Trustee, related to SolarCity's 5.75% SolarBonds, Series 2015/26-15. One Hundred-and-Forty-Eighth Supplemental Indenture, 8-K(1) 001-35758 4.5 November 4,2015dated as of November 4, 2015, by and between SolarCityand the Trustee,related to SolarCity's 4.70% SolarBonds, Series 2015/C116-10. One Hundred-and-Fifty-Third Supplemental Indenture, 8-K(1) 001-35758 4.5 November 17,2015dated as of November 16, 2015,by and betweenSolarCity and the Trustee,related to SolarCity's 4.70%Solar Bonds, Series 2015/C121-10.","One Hundred-and-Forty-Third Supplemental Indenture, 8-K(1) 001-35758 4.5 October 30,2015dated as of October 30, 2015,by and between SolarCityand the Trustee,related to SolarCity's 5.00% SolarBonds,Series 2015/25-10. One Hundred-and-Forty-Fourth Supplemental Indenture,8-K(1) 001-35758 4.6 October 30,2015dated as of October 30,2015,by and between SolarCity and the Trustee, related to SolarCity's 5.75% SolarBonds, Series 2015/26-15. One Hundred-and-Forty-Eighth Supplemental Indenture, 8-K(1) 001-35758 4.5 November 4,2015dated as of November 4, 2015, by and between SolarCityand the Trustee,related to SolarCity's 4.70% SolarBonds, Series 2015/C116-10. One Hundred-and-Fifty-Third Supplemental Indenture, 8-K(1) 001-35758 4.5 November 17,2015dated as of November 16, 2015,by and betweenSolarCity and the Trustee,related to SolarCity's 4.70%Solar Bonds, Series 2015/C121-10.","One Hundred-and-Forty-Third Supplemental Indenture, 8-K(1) 001-35758 4.5 October 30,2015dated as of October 30, 2015,by and between SolarCityand the Trustee,related to SolarCity's 5.00% SolarBonds,Series 2015/25-10. One Hundred-and-Forty-Fourth Supplemental Indenture,8-K(1) 001-35758 4.6 October 30,2015dated as of October 30,2015,by and between SolarCity and the Trustee, related to SolarCity's 5.75% SolarBonds, Series 2015/26-15. One Hundred-and-Forty-Eighth Supplemental Indenture, 8-K(1) 001-35758 4.5 November 4,2015dated as of November 4, 2015, by and between SolarCityand the Trustee,related to SolarCity's 4.70% SolarBonds, Series 2015/C116-10. One Hundred-and-Fifty-Third Supplemental Indenture, 8-K(1) 001-35758 4.5 November 17,2015dated as of November 16, 2015,by and betweenSolarCity and the Trustee,related to SolarCity's 4.70%Solar Bonds, Series 2015/C121-10.","One Hundred-and-Forty-Third Supplemental Indenture, 8-K(1) 001-35758 4.5 October 30,2015dated as of October 30, 2015,by and between SolarCityand the Trustee,related to SolarCity's 5.00% SolarBonds,Series 2015/25-10. One Hundred-and-Forty-Fourth Supplemental Indenture,8-K(1) 001-35758 4.6 October 30,2015dated as of October 30,2015,by and between SolarCity and the Trustee, related to SolarCity's 5.75% SolarBonds, Series 2015/26-15. One Hundred-and-Forty-Eighth Supplemental Indenture, 8-K(1) 001-35758 4.5 November 4,2015dated as of November 4, 2015, by and between SolarCityand the Trustee,related to SolarCity's 4.70% SolarBonds, Series 2015/C116-10. One Hundred-and-Fifty-Third Supplemental Indenture, 8-K(1) 001-35758 4.5 November 17,2015dated as of November 16, 2015,by and betweenSolarCity and the Trustee,related to SolarCity's 4.70%Solar Bonds, Series 2015/C121-10.","One Hundred-and-Forty-Third Supplemental Indenture, 8-K(1) 001-35758 4.5 October 30,2015dated as of October 30, 2015,by and between SolarCityand the Trustee,related to SolarCity's 5.00% SolarBonds,Series 2015/25-10. One Hundred-and-Forty-Fourth Supplemental Indenture,8-K(1) 001-35758 4.6 October 30,2015dated as of October 30,2015,by and between SolarCity and the Trustee, related to SolarCity's 5.75% SolarBonds, Series 2015/26-15. One Hundred-and-Forty-Eighth Supplemental Indenture, 8-K(1) 001-35758 4.5 November 4,2015dated as of November 4, 2015, by and between SolarCityand the Trustee,related to SolarCity's 4.70% SolarBonds, Series 2015/C116-10. One Hundred-and-Fifty-Third Supplemental Indenture, 8-K(1) 001-35758 4.5 November 17,2015dated as of November 16, 2015,by and betweenSolarCity and the Trustee,related to SolarCity's 4.70%Solar Bonds, Series 2015/C121-10.","One Hundred-and-Forty-Third Supplemental Indenture, 8-K(1) 001-35758 4.5 October 30,2015dated as of October 30, 2015,by and between SolarCityand the Trustee,related to SolarCity's 5.00% SolarBonds,Series 2015/25-10. One Hundred-and-Forty-Fourth Supplemental Indenture,8-K(1) 001-35758 4.6 October 30,2015dated as of October 30,2015,by and between SolarCity and the Trustee, related to SolarCity's 5.75% SolarBonds, Series 2015/26-15. One Hundred-and-Forty-Eighth Supplemental Indenture, 8-K(1) 001-35758 4.5 November 4,2015dated as of November 4, 2015, by and between SolarCityand the Trustee,related to SolarCity's 4.70% SolarBonds, Series 2015/C116-10. One Hundred-and-Fifty-Third Supplemental Indenture, 8-K(1) 001-35758 4.5 November 17,2015dated as of November 16, 2015,by and betweenSolarCity and the Trustee,related to SolarCity's 4.70%Solar Bonds, Series 2015/C121-10.","One Hundred-and-Forty-Third Supplemental Indenture, 8-K(1) 001-35758 4.5 October 30,2015dated as of October 30, 2015,by and between SolarCityand the Trustee,related to SolarCity's 5.00% SolarBonds,Series 2015/25-10. One Hundred-and-Forty-Fourth Supplemental Indenture,8-K(1) 001-35758 4.6 October 30,2015dated as of October 30,2015,by and between SolarCity and the Trustee, related to SolarCity's 5.75% SolarBonds, Series 2015/26-15. One Hundred-and-Forty-Eighth Supplemental Indenture, 8-K(1) 001-35758 4.5 November 4,2015dated as of November 4, 2015, by and between SolarCityand the Trustee,related to SolarCity's 4.70% SolarBonds, Series 2015/C116-10. One Hundred-and-Fifty-Third Supplemental Indenture, 8-K(1) 001-35758 4.5 November 17,2015dated as of November 16, 2015,by and betweenSolarCity and the Trustee,related to SolarCity's 4.70%Solar Bonds, Series 2015/C121-10.",8-K(1) 001-35758,8-K(1) 001-35758,8-K(1) 001-35758,8-K(1) 001-35758,8-K(1) 001-35758,,,,,,,,,,,,,,,,,,,,,,,,,,,,,,,,,,,,,,,,,,,,,
4.624.634.644.654.664.674.684.694.704.714.72,"and the Trustee,related to SolarCity's 4.70% Solar","and the Trustee,related to SolarCity's 4.70% Solar","One Hundred-and-Forty-Third Supplemental Indenture, 8-K(1) 001-35758 4.5 October 30,2015dated as of October 30, 2015,by and between SolarCityand the Trustee,related to SolarCity's 5.00% SolarBonds,Series 2015/25-10. One Hundred-and-Forty-Fourth Supplemental Indenture,8-K(1) 001-35758 4.6 October 30,2015dated as of October 30,2015,by and between SolarCity and the Trustee, related to SolarCity's 5.75% SolarBonds, Series 2015/26-15. One Hundred-and-Forty-Eighth Supplemental Indenture, 8-K(1) 001-35758 4.5 November 4,2015dated as of November 4, 2015, by and between SolarCityand the Trustee,related to SolarCity's 4.70% SolarBonds, Series 2015/C116-10. One Hundred-and-Fifty-Third Supplemental Indenture, 8-K(1) 001-35758 4.5 November 17,2015dated as of November 16, 2015,by and betweenSolarCity and the Trustee,related to SolarCity's 4.70%Solar Bonds, Series 2015/C121-10.","One Hundred-and-Forty-Third Supplemental Indenture, 8-K(1) 001-35758 4.5 October 30,2015dated as of October 30, 2015,by and between SolarCityand the Trustee,related to SolarCity's 5.00% SolarBonds,Series 2015/25-10. One Hundred-and-Forty-Fourth Supplemental Indenture,8-K(1) 001-35758 4.6 October 30,2015dated as of October 30,2015,by and between SolarCity and the Trustee, related to SolarCity's 5.75% SolarBonds, Series 2015/26-15. One Hundred-and-Forty-Eighth Supplemental Indenture, 8-K(1) 001-35758 4.5 November 4,2015dated as of November 4, 2015, by and between SolarCityand the Trustee,related to SolarCity's 4.70% SolarBonds, Series 2015/C116-10. One Hundred-and-Fifty-Third Supplemental Indenture, 8-K(1) 001-35758 4.5 November 17,2015dated as of November 16, 2015,by and betweenSolarCity and the Trustee,related to SolarCity's 4.70%Solar Bonds, Series 2015/C121-10.","One Hundred-and-Forty-Third Supplemental Indenture, 8-K(1) 001-35758 4.5 October 30,2015dated as of October 30, 2015,by and between SolarCityand the Trustee,related to SolarCity's 5.00% SolarBonds,Series 2015/25-10. One Hundred-and-Forty-Fourth Supplemental Indenture,8-K(1) 001-35758 4.6 October 30,2015dated as of October 30,2015,by and between SolarCity and the Trustee, related to SolarCity's 5.75% SolarBonds, Series 2015/26-15. One Hundred-and-Forty-Eighth Supplemental Indenture, 8-K(1) 001-35758 4.5 November 4,2015dated as of November 4, 2015, by and between SolarCityand the Trustee,related to SolarCity's 4.70% SolarBonds, Series 2015/C116-10. One Hundred-and-Fifty-Third Supplemental Indenture, 8-K(1) 001-35758 4.5 November 17,2015dated as of November 16, 2015,by and betweenSolarCity and the Trustee,related to SolarCity's 4.70%Solar Bonds, Series 2015/C121-10.","One Hundred-and-Forty-Third Supplemental Indenture, 8-K(1) 001-35758 4.5 October 30,2015dated as of October 30, 2015,by and between SolarCityand the Trustee,related to SolarCity's 5.00% SolarBonds,Series 2015/25-10. One Hundred-and-Forty-Fourth Supplemental Indenture,8-K(1) 001-35758 4.6 October 30,2015dated as of October 30,2015,by and between SolarCity and the Trustee, related to SolarCity's 5.75% SolarBonds, Series 2015/26-15. One Hundred-and-Forty-Eighth Supplemental Indenture, 8-K(1) 001-35758 4.5 November 4,2015dated as of November 4, 2015, by and between SolarCityand the Trustee,related to SolarCity's 4.70% SolarBonds, Series 2015/C116-10. One Hundred-and-Fifty-Third Supplemental Indenture, 8-K(1) 001-35758 4.5 November 17,2015dated as of November 16, 2015,by and betweenSolarCity and the Trustee,related to SolarCity's 4.70%Solar Bonds, Series 2015/C121-10.","One Hundred-and-Forty-Third Supplemental Indenture, 8-K(1) 001-35758 4.5 October 30,2015dated as of October 30, 2015,by and between SolarCityand the Trustee,related to SolarCity's 5.00% SolarBonds,Series 2015/25-10. One Hundred-and-Forty-Fourth Supplemental Indenture,8-K(1) 001-35758 4.6 October 30,2015dated as of October 30,2015,by and between SolarCity and the Trustee, related to SolarCity's 5.75% SolarBonds, Series 2015/26-15. One Hundred-and-Forty-Eighth Supplemental Indenture, 8-K(1) 001-35758 4.5 November 4,2015dated as of November 4, 2015, by and between SolarCityand the Trustee,related to SolarCity's 4.70% SolarBonds, Series 2015/C116-10. One Hundred-and-Fifty-Third Supplemental Indenture, 8-K(1) 001-35758 4.5 November 17,2015dated as of November 16, 2015,by and betweenSolarCity and the Trustee,related to SolarCity's 4.70%Solar Bonds, Series 2015/C121-10.","One Hundred-and-Forty-Third Supplemental Indenture, 8-K(1) 001-35758 4.5 October 30,2015dated as of October 30, 2015,by and between SolarCityand the Trustee,related to SolarCity's 5.00% SolarBonds,Series 2015/25-10. One Hundred-and-Forty-Fourth Supplemental Indenture,8-K(1) 001-35758 4.6 October 30,2015dated as of October 30,2015,by and between SolarCity and the Trustee, related to SolarCity's 5.75% SolarBonds, Series 2015/26-15. One Hundred-and-Forty-Eighth Supplemental Indenture, 8-K(1) 001-35758 4.5 November 4,2015dated as of November 4, 2015, by and between SolarCityand the Trustee,related to SolarCity's 4.70% SolarBonds, Series 2015/C116-10. One Hundred-and-Fifty-Third Supplemental Indenture, 8-K(1) 001-35758 4.5 November 17,2015dated as of November 16, 2015,by and betweenSolarCity and the Trustee,related to SolarCity's 4.70%Solar Bonds, Series 2015/C121-10.","One Hundred-and-Forty-Third Supplemental Indenture, 8-K(1) 001-35758 4.5 October 30,2015dated as of October 30, 2015,by and between SolarCityand the Trustee,related to SolarCity's 5.00% SolarBonds,Series 2015/25-10. One Hundred-and-Forty-Fourth Supplemental Indenture,8-K(1) 001-35758 4.6 October 30,2015dated as of October 30,2015,by and between SolarCity and the Trustee, related to SolarCity's 5.75% SolarBonds, Series 2015/26-15. One Hundred-and-Forty-Eighth Supplemental Indenture, 8-K(1) 001-35758 4.5 November 4,2015dated as of November 4, 2015, by and between SolarCityand the Trustee,related to SolarCity's 4.70% SolarBonds, Series 2015/C116-10. One Hundred-and-Fifty-Third Supplemental Indenture, 8-K(1) 001-35758 4.5 November 17,2015dated as of November 16, 2015,by and betweenSolarCity and the Trustee,related to SolarCity's 4.70%Solar Bonds, Series 2015/C121-10.","One Hundred-and-Forty-Third Supplemental Indenture, 8-K(1) 001-35758 4.5 October 30,2015dated as of October 30, 2015,by and between SolarCityand the Trustee,related to SolarCity's 5.00% SolarBonds,Series 2015/25-10. One Hundred-and-Forty-Fourth Supplemental Indenture,8-K(1) 001-35758 4.6 October 30,2015dated as of October 30,2015,by and between SolarCity and the Trustee, related to SolarCity's 5.75% SolarBonds, Series 2015/26-15. One Hundred-and-Forty-Eighth Supplemental Indenture, 8-K(1) 001-35758 4.5 November 4,2015dated as of November 4, 2015, by and between SolarCityand the Trustee,related to SolarCity's 4.70% SolarBonds, Series 2015/C116-10. One Hundred-and-Fifty-Third Supplemental Indenture, 8-K(1) 001-35758 4.5 November 17,2015dated as of November 16, 2015,by and betweenSolarCity and the Trustee,related to SolarCity's 4.70%Solar Bonds, Series 2015/C121-10.","One Hundred-and-Forty-Third Supplemental Indenture, 8-K(1) 001-35758 4.5 October 30,2015dated as of October 30, 2015,by and between SolarCityand the Trustee,related to SolarCity's 5.00% SolarBonds,Series 2015/25-10. One Hundred-and-Forty-Fourth Supplemental Indenture,8-K(1) 001-35758 4.6 October 30,2015dated as of October 30,2015,by and between SolarCity and the Trustee, related to SolarCity's 5.75% SolarBonds, Series 2015/26-15. One Hundred-and-Forty-Eighth Supplemental Indenture, 8-K(1) 001-35758 4.5 November 4,2015dated as of November 4, 2015, by and between SolarCityand the Trustee,related to SolarCity's 4.70% SolarBonds, Series 2015/C116-10. One Hundred-and-Fifty-Third Supplemental Indenture, 8-K(1) 001-35758 4.5 November 17,2015dated as of November 16, 2015,by and betweenSolarCity and the Trustee,related to SolarCity's 4.70%Solar Bonds, Series 2015/C121-10.","One Hundred-and-Forty-Third Supplemental Indenture, 8-K(1) 001-35758 4.5 October 30,2015dated as of October 30, 2015,by and between SolarCityand the Trustee,related to SolarCity's 5.00% SolarBonds,Series 2015/25-10. One Hundred-and-Forty-Fourth Supplemental Indenture,8-K(1) 001-35758 4.6 October 30,2015dated as of October 30,2015,by and between SolarCity and the Trustee, related to SolarCity's 5.75% SolarBonds, Series 2015/26-15. One Hundred-and-Forty-Eighth Supplemental Indenture, 8-K(1) 001-35758 4.5 November 4,2015dated as of November 4, 2015, by and between SolarCityand the Trustee,related to SolarCity's 4.70% SolarBonds, Series 2015/C116-10. One Hundred-and-Fifty-Third Supplemental Indenture, 8-K(1) 001-35758 4.5 November 17,2015dated as of November 16, 2015,by and betweenSolarCity and the Trustee,related to SolarCity's 4.70%Solar Bonds, Series 2015/C121-10.",8-K(1) 001-35758,8-K(1) 001-35758,8-K(1) 001-35758,8-K(1) 001-35758,8-K(1) 001-35758,,,,,,,,,,,,,,,,,,,,,,,,,,,,,,,,,,,,,,,,,,,,,
4.624.634.644.654.664.674.684.694.704.714.72,"Bonds, Series 2015/C116-10.","Bonds, Series 2015/C116-10.","One Hundred-and-Forty-Third Supplemental Indenture, 8-K(1) 001-35758 4.5 October 30,2015dated as of October 30, 2015,by and between SolarCityand the Trustee,related to SolarCity's 5.00% SolarBonds,Series 2015/25-10. One Hundred-and-Forty-Fourth Supplemental Indenture,8-K(1) 001-35758 4.6 October 30,2015dated as of October 30,2015,by and between SolarCity and the Trustee, related to SolarCity's 5.75% SolarBonds, Series 2015/26-15. One Hundred-and-Forty-Eighth Supplemental Indenture, 8-K(1) 001-35758 4.5 November 4,2015dated as of November 4, 2015, by and between SolarCityand the Trustee,related to SolarCity's 4.70% SolarBonds, Series 2015/C116-10. One Hundred-and-Fifty-Third Supplemental Indenture, 8-K(1) 001-35758 4.5 November 17,2015dated as of November 16, 2015,by and betweenSolarCity and the Trustee,related to SolarCity's 4.70%Solar Bonds, Series 2015/C121-10.","One Hundred-and-Forty-Third Supplemental Indenture, 8-K(1) 001-35758 4.5 October 30,2015dated as of October 30, 2015,by and between SolarCityand the Trustee,related to SolarCity's 5.00% SolarBonds,Series 2015/25-10. One Hundred-and-Forty-Fourth Supplemental Indenture,8-K(1) 001-35758 4.6 October 30,2015dated as of October 30,2015,by and between SolarCity and the Trustee, related to SolarCity's 5.75% SolarBonds, Series 2015/26-15. One Hundred-and-Forty-Eighth Supplemental Indenture, 8-K(1) 001-35758 4.5 November 4,2015dated as of November 4, 2015, by and between SolarCityand the Trustee,related to SolarCity's 4.70% SolarBonds, Series 2015/C116-10. One Hundred-and-Fifty-Third Supplemental Indenture, 8-K(1) 001-35758 4.5 November 17,2015dated as of November 16, 2015,by and betweenSolarCity and the Trustee,related to SolarCity's 4.70%Solar Bonds, Series 2015/C121-10.","One Hundred-and-Forty-Third Supplemental Indenture, 8-K(1) 001-35758 4.5 October 30,2015dated as of October 30, 2015,by and between SolarCityand the Trustee,related to SolarCity's 5.00% SolarBonds,Series 2015/25-10. One Hundred-and-Forty-Fourth Supplemental Indenture,8-K(1) 001-35758 4.6 October 30,2015dated as of October 30,2015,by and between SolarCity and the Trustee, related to SolarCity's 5.75% SolarBonds, Series 2015/26-15. One Hundred-and-Forty-Eighth Supplemental Indenture, 8-K(1) 001-35758 4.5 November 4,2015dated as of November 4, 2015, by and between SolarCityand the Trustee,related to SolarCity's 4.70% SolarBonds, Series 2015/C116-10. One Hundred-and-Fifty-Third Supplemental Indenture, 8-K(1) 001-35758 4.5 November 17,2015dated as of November 16, 2015,by and betweenSolarCity and the Trustee,related to SolarCity's 4.70%Solar Bonds, Series 2015/C121-10.","One Hundred-and-Forty-Third Supplemental Indenture, 8-K(1) 001-35758 4.5 October 30,2015dated as of October 30, 2015,by and between SolarCityand the Trustee,related to SolarCity's 5.00% SolarBonds,Series 2015/25-10. One Hundred-and-Forty-Fourth Supplemental Indenture,8-K(1) 001-35758 4.6 October 30,2015dated as of October 30,2015,by and between SolarCity and the Trustee, related to SolarCity's 5.75% SolarBonds, Series 2015/26-15. One Hundred-and-Forty-Eighth Supplemental Indenture, 8-K(1) 001-35758 4.5 November 4,2015dated as of November 4, 2015, by and between SolarCityand the Trustee,related to SolarCity's 4.70% SolarBonds, Series 2015/C116-10. One Hundred-and-Fifty-Third Supplemental Indenture, 8-K(1) 001-35758 4.5 November 17,2015dated as of November 16, 2015,by and betweenSolarCity and the Trustee,related to SolarCity's 4.70%Solar Bonds, Series 2015/C121-10.","One Hundred-and-Forty-Third Supplemental Indenture, 8-K(1) 001-35758 4.5 October 30,2015dated as of October 30, 2015,by and between SolarCityand the Trustee,related to SolarCity's 5.00% SolarBonds,Series 2015/25-10. One Hundred-and-Forty-Fourth Supplemental Indenture,8-K(1) 001-35758 4.6 October 30,2015dated as of October 30,2015,by and between SolarCity and the Trustee, related to SolarCity's 5.75% SolarBonds, Series 2015/26-15. One Hundred-and-Forty-Eighth Supplemental Indenture, 8-K(1) 001-35758 4.5 November 4,2015dated as of November 4, 2015, by and between SolarCityand the Trustee,related to SolarCity's 4.70% SolarBonds, Series 2015/C116-10. One Hundred-and-Fifty-Third Supplemental Indenture, 8-K(1) 001-35758 4.5 November 17,2015dated as of November 16, 2015,by and betweenSolarCity and the Trustee,related to SolarCity's 4.70%Solar Bonds, Series 2015/C121-10.","One Hundred-and-Forty-Third Supplemental Indenture, 8-K(1) 001-35758 4.5 October 30,2015dated as of October 30, 2015,by and between SolarCityand the Trustee,related to SolarCity's 5.00% SolarBonds,Series 2015/25-10. One Hundred-and-Forty-Fourth Supplemental Indenture,8-K(1) 001-35758 4.6 October 30,2015dated as of October 30,2015,by and between SolarCity and the Trustee, related to SolarCity's 5.75% SolarBonds, Series 2015/26-15. One Hundred-and-Forty-Eighth Supplemental Indenture, 8-K(1) 001-35758 4.5 November 4,2015dated as of November 4, 2015, by and between SolarCityand the Trustee,related to SolarCity's 4.70% SolarBonds, Series 2015/C116-10. One Hundred-and-Fifty-Third Supplemental Indenture, 8-K(1) 001-35758 4.5 November 17,2015dated as of November 16, 2015,by and betweenSolarCity and the Trustee,related to SolarCity's 4.70%Solar Bonds, Series 2015/C121-10.","One Hundred-and-Forty-Third Supplemental Indenture, 8-K(1) 001-35758 4.5 October 30,2015dated as of October 30, 2015,by and between SolarCityand the Trustee,related to SolarCity's 5.00% SolarBonds,Series 2015/25-10. One Hundred-and-Forty-Fourth Supplemental Indenture,8-K(1) 001-35758 4.6 October 30,2015dated as of October 30,2015,by and between SolarCity and the Trustee, related to SolarCity's 5.75% SolarBonds, Series 2015/26-15. One Hundred-and-Forty-Eighth Supplemental Indenture, 8-K(1) 001-35758 4.5 November 4,2015dated as of November 4, 2015, by and between SolarCityand the Trustee,related to SolarCity's 4.70% SolarBonds, Series 2015/C116-10. One Hundred-and-Fifty-Third Supplemental Indenture, 8-K(1) 001-35758 4.5 November 17,2015dated as of November 16, 2015,by and betweenSolarCity and the Trustee,related to SolarCity's 4.70%Solar Bonds, Series 2015/C121-10.","One Hundred-and-Forty-Third Supplemental Indenture, 8-K(1) 001-35758 4.5 October 30,2015dated as of October 30, 2015,by and between SolarCityand the Trustee,related to SolarCity's 5.00% SolarBonds,Series 2015/25-10. One Hundred-and-Forty-Fourth Supplemental Indenture,8-K(1) 001-35758 4.6 October 30,2015dated as of October 30,2015,by and between SolarCity and the Trustee, related to SolarCity's 5.75% SolarBonds, Series 2015/26-15. One Hundred-and-Forty-Eighth Supplemental Indenture, 8-K(1) 001-35758 4.5 November 4,2015dated as of November 4, 2015, by and between SolarCityand the Trustee,related to SolarCity's 4.70% SolarBonds, Series 2015/C116-10. One Hundred-and-Fifty-Third Supplemental Indenture, 8-K(1) 001-35758 4.5 November 17,2015dated as of November 16, 2015,by and betweenSolarCity and the Trustee,related to SolarCity's 4.70%Solar Bonds, Series 2015/C121-10.","One Hundred-and-Forty-Third Supplemental Indenture, 8-K(1) 001-35758 4.5 October 30,2015dated as of October 30, 2015,by and between SolarCityand the Trustee,related to SolarCity's 5.00% SolarBonds,Series 2015/25-10. One Hundred-and-Forty-Fourth Supplemental Indenture,8-K(1) 001-35758 4.6 October 30,2015dated as of October 30,2015,by and between SolarCity and the Trustee, related to SolarCity's 5.75% SolarBonds, Series 2015/26-15. One Hundred-and-Forty-Eighth Supplemental Indenture, 8-K(1) 001-35758 4.5 November 4,2015dated as of November 4, 2015, by and between SolarCityand the Trustee,related to SolarCity's 4.70% SolarBonds, Series 2015/C116-10. One Hundred-and-Fifty-Third Supplemental Indenture, 8-K(1) 001-35758 4.5 November 17,2015dated as of November 16, 2015,by and betweenSolarCity and the Trustee,related to SolarCity's 4.70%Solar Bonds, Series 2015/C121-10.","One Hundred-and-Forty-Third Supplemental Indenture, 8-K(1) 001-35758 4.5 October 30,2015dated as of October 30, 2015,by and between SolarCityand the Trustee,related to SolarCity's 5.00% SolarBonds,Series 2015/25-10. One Hundred-and-Forty-Fourth Supplemental Indenture,8-K(1) 001-35758 4.6 October 30,2015dated as of October 30,2015,by and between SolarCity and the Trustee, related to SolarCity's 5.75% SolarBonds, Series 2015/26-15. One Hundred-and-Forty-Eighth Supplemental Indenture, 8-K(1) 001-35758 4.5 November 4,2015dated as of November 4, 2015, by and between SolarCityand the Trustee,related to SolarCity's 4.70% SolarBonds, Series 2015/C116-10. One Hundred-and-Fifty-Third Supplemental Indenture, 8-K(1) 001-35758 4.5 November 17,2015dated as of November 16, 2015,by and betweenSolarCity and the Trustee,related to SolarCity's 4.70%Solar Bonds, Series 2015/C121-10.",8-K(1) 001-35758,8-K(1) 001-35758,8-K(1) 001-35758,8-K(1) 001-35758,8-K(1) 001-35758,,,,,,,,,,,,,,,,,,,,,,,,,,,,,,,,,,,,,,,,,,,,,
4.624.634.644.654.664.674.684.694.704.714.72,"One Hundred-and-Fifty-Third Supplemental Indenture,","One Hundred-and-Fifty-Third Supplemental Indenture,","One Hundred-and-Forty-Third Supplemental Indenture, 8-K(1) 001-35758 4.5 October 30,2015dated as of October 30, 2015,by and between SolarCityand the Trustee,related to SolarCity's 5.00% SolarBonds,Series 2015/25-10. One Hundred-and-Forty-Fourth Supplemental Indenture,8-K(1) 001-35758 4.6 October 30,2015dated as of October 30,2015,by and between SolarCity and the Trustee, related to SolarCity's 5.75% SolarBonds, Series 2015/26-15. One Hundred-and-Forty-Eighth Supplemental Indenture, 8-K(1) 001-35758 4.5 November 4,2015dated as of November 4, 2015, by and between SolarCityand the Trustee,related to SolarCity's 4.70% SolarBonds, Series 2015/C116-10. One Hundred-and-Fifty-Third Supplemental Indenture, 8-K(1) 001-35758 4.5 November 17,2015dated as of November 16, 2015,by and betweenSolarCity and the Trustee,related to SolarCity's 4.70%Solar Bonds, Series 2015/C121-10.","One Hundred-and-Forty-Third Supplemental Indenture, 8-K(1) 001-35758 4.5 October 30,2015dated as of October 30, 2015,by and between SolarCityand the Trustee,related to SolarCity's 5.00% SolarBonds,Series 2015/25-10. One Hundred-and-Forty-Fourth Supplemental Indenture,8-K(1) 001-35758 4.6 October 30,2015dated as of October 30,2015,by and between SolarCity and the Trustee, related to SolarCity's 5.75% SolarBonds, Series 2015/26-15. One Hundred-and-Forty-Eighth Supplemental Indenture, 8-K(1) 001-35758 4.5 November 4,2015dated as of November 4, 2015, by and between SolarCityand the Trustee,related to SolarCity's 4.70% SolarBonds, Series 2015/C116-10. One Hundred-and-Fifty-Third Supplemental Indenture, 8-K(1) 001-35758 4.5 November 17,2015dated as of November 16, 2015,by and betweenSolarCity and the Trustee,related to SolarCity's 4.70%Solar Bonds, Series 2015/C121-10.","One Hundred-and-Forty-Third Supplemental Indenture, 8-K(1) 001-35758 4.5 October 30,2015dated as of October 30, 2015,by and between SolarCityand the Trustee,related to SolarCity's 5.00% SolarBonds,Series 2015/25-10. One Hundred-and-Forty-Fourth Supplemental Indenture,8-K(1) 001-35758 4.6 October 30,2015dated as of October 30,2015,by and between SolarCity and the Trustee, related to SolarCity's 5.75% SolarBonds, Series 2015/26-15. One Hundred-and-Forty-Eighth Supplemental Indenture, 8-K(1) 001-35758 4.5 November 4,2015dated as of November 4, 2015, by and between SolarCityand the Trustee,related to SolarCity's 4.70% SolarBonds, Series 2015/C116-10. One Hundred-and-Fifty-Third Supplemental Indenture, 8-K(1) 001-35758 4.5 November 17,2015dated as of November 16, 2015,by and betweenSolarCity and the Trustee,related to SolarCity's 4.70%Solar Bonds, Series 2015/C121-10.","One Hundred-and-Forty-Third Supplemental Indenture, 8-K(1) 001-35758 4.5 October 30,2015dated as of October 30, 2015,by and between SolarCityand the Trustee,related to SolarCity's 5.00% SolarBonds,Series 2015/25-10. One Hundred-and-Forty-Fourth Supplemental Indenture,8-K(1) 001-35758 4.6 October 30,2015dated as of October 30,2015,by and between SolarCity and the Trustee, related to SolarCity's 5.75% SolarBonds, Series 2015/26-15. One Hundred-and-Forty-Eighth Supplemental Indenture, 8-K(1) 001-35758 4.5 November 4,2015dated as of November 4, 2015, by and between SolarCityand the Trustee,related to SolarCity's 4.70% SolarBonds, Series 2015/C116-10. One Hundred-and-Fifty-Third Supplemental Indenture, 8-K(1) 001-35758 4.5 November 17,2015dated as of November 16, 2015,by and betweenSolarCity and the Trustee,related to SolarCity's 4.70%Solar Bonds, Series 2015/C121-10.","One Hundred-and-Forty-Third Supplemental Indenture, 8-K(1) 001-35758 4.5 October 30,2015dated as of October 30, 2015,by and between SolarCityand the Trustee,related to SolarCity's 5.00% SolarBonds,Series 2015/25-10. One Hundred-and-Forty-Fourth Supplemental Indenture,8-K(1) 001-35758 4.6 October 30,2015dated as of October 30,2015,by and between SolarCity and the Trustee, related to SolarCity's 5.75% SolarBonds, Series 2015/26-15. One Hundred-and-Forty-Eighth Supplemental Indenture, 8-K(1) 001-35758 4.5 November 4,2015dated as of November 4, 2015, by and between SolarCityand the Trustee,related to SolarCity's 4.70% SolarBonds, Series 2015/C116-10. One Hundred-and-Fifty-Third Supplemental Indenture, 8-K(1) 001-35758 4.5 November 17,2015dated as of November 16, 2015,by and betweenSolarCity and the Trustee,related to SolarCity's 4.70%Solar Bonds, Series 2015/C121-10.","One Hundred-and-Forty-Third Supplemental Indenture, 8-K(1) 001-35758 4.5 October 30,2015dated as of October 30, 2015,by and between SolarCityand the Trustee,related to SolarCity's 5.00% SolarBonds,Series 2015/25-10. One Hundred-and-Forty-Fourth Supplemental Indenture,8-K(1) 001-35758 4.6 October 30,2015dated as of October 30,2015,by and between SolarCity and the Trustee, related to SolarCity's 5.75% SolarBonds, Series 2015/26-15. One Hundred-and-Forty-Eighth Supplemental Indenture, 8-K(1) 001-35758 4.5 November 4,2015dated as of November 4, 2015, by and between SolarCityand the Trustee,related to SolarCity's 4.70% SolarBonds, Series 2015/C116-10. One Hundred-and-Fifty-Third Supplemental Indenture, 8-K(1) 001-35758 4.5 November 17,2015dated as of November 16, 2015,by and betweenSolarCity and the Trustee,related to SolarCity's 4.70%Solar Bonds, Series 2015/C121-10.","One Hundred-and-Forty-Third Supplemental Indenture, 8-K(1) 001-35758 4.5 October 30,2015dated as of October 30, 2015,by and between SolarCityand the Trustee,related to SolarCity's 5.00% SolarBonds,Series 2015/25-10. One Hundred-and-Forty-Fourth Supplemental Indenture,8-K(1) 001-35758 4.6 October 30,2015dated as of October 30,2015,by and between SolarCity and the Trustee, related to SolarCity's 5.75% SolarBonds, Series 2015/26-15. One Hundred-and-Forty-Eighth Supplemental Indenture, 8-K(1) 001-35758 4.5 November 4,2015dated as of November 4, 2015, by and between SolarCityand the Trustee,related to SolarCity's 4.70% SolarBonds, Series 2015/C116-10. One Hundred-and-Fifty-Third Supplemental Indenture, 8-K(1) 001-35758 4.5 November 17,2015dated as of November 16, 2015,by and betweenSolarCity and the Trustee,related to SolarCity's 4.70%Solar Bonds, Series 2015/C121-10.","One Hundred-and-Forty-Third Supplemental Indenture, 8-K(1) 001-35758 4.5 October 30,2015dated as of October 30, 2015,by and between SolarCityand the Trustee,related to SolarCity's 5.00% SolarBonds,Series 2015/25-10. One Hundred-and-Forty-Fourth Supplemental Indenture,8-K(1) 001-35758 4.6 October 30,2015dated as of October 30,2015,by and between SolarCity and the Trustee, related to SolarCity's 5.75% SolarBonds, Series 2015/26-15. One Hundred-and-Forty-Eighth Supplemental Indenture, 8-K(1) 001-35758 4.5 November 4,2015dated as of November 4, 2015, by and between SolarCityand the Trustee,related to SolarCity's 4.70% SolarBonds, Series 2015/C116-10. One Hundred-and-Fifty-Third Supplemental Indenture, 8-K(1) 001-35758 4.5 November 17,2015dated as of November 16, 2015,by and betweenSolarCity and the Trustee,related to SolarCity's 4.70%Solar Bonds, Series 2015/C121-10.","One Hundred-and-Forty-Third Supplemental Indenture, 8-K(1) 001-35758 4.5 October 30,2015dated as of October 30, 2015,by and between SolarCityand the Trustee,related to SolarCity's 5.00% SolarBonds,Series 2015/25-10. One Hundred-and-Forty-Fourth Supplemental Indenture,8-K(1) 001-35758 4.6 October 30,2015dated as of October 30,2015,by and between SolarCity and the Trustee, related to SolarCity's 5.75% SolarBonds, Series 2015/26-15. One Hundred-and-Forty-Eighth Supplemental Indenture, 8-K(1) 001-35758 4.5 November 4,2015dated as of November 4, 2015, by and between SolarCityand the Trustee,related to SolarCity's 4.70% SolarBonds, Series 2015/C116-10. One Hundred-and-Fifty-Third Supplemental Indenture, 8-K(1) 001-35758 4.5 November 17,2015dated as of November 16, 2015,by and betweenSolarCity and the Trustee,related to SolarCity's 4.70%Solar Bonds, Series 2015/C121-10.","One Hundred-and-Forty-Third Supplemental Indenture, 8-K(1) 001-35758 4.5 October 30,2015dated as of October 30, 2015,by and between SolarCityand the Trustee,related to SolarCity's 5.00% SolarBonds,Series 2015/25-10. One Hundred-and-Forty-Fourth Supplemental Indenture,8-K(1) 001-35758 4.6 October 30,2015dated as of October 30,2015,by and between SolarCity and the Trustee, related to SolarCity's 5.75% SolarBonds, Series 2015/26-15. One Hundred-and-Forty-Eighth Supplemental Indenture, 8-K(1) 001-35758 4.5 November 4,2015dated as of November 4, 2015, by and between SolarCityand the Trustee,related to SolarCity's 4.70% SolarBonds, Series 2015/C116-10. One Hundred-and-Fifty-Third Supplemental Indenture, 8-K(1) 001-35758 4.5 November 17,2015dated as of November 16, 2015,by and betweenSolarCity and the Trustee,related to SolarCity's 4.70%Solar Bonds, Series 2015/C121-10.",8-K(1) 001-35758,8-K(1) 001-35758,8-K(1) 001-35758,8-K(1) 001-35758,8-K(1) 001-35758,,,,,,,,,,,,,,,,,,,,,,,,,,,,,,,,,,,,,,,,,,,,,
4.624.634.644.654.664.674.684.694.704.714.72,"dated as of November 16, 2015,by and between","dated as of November 16, 2015,by and between","One Hundred-and-Forty-Third Supplemental Indenture, 8-K(1) 001-35758 4.5 October 30,2015dated as of October 30, 2015,by and between SolarCityand the Trustee,related to SolarCity's 5.00% SolarBonds,Series 2015/25-10. One Hundred-and-Forty-Fourth Supplemental Indenture,8-K(1) 001-35758 4.6 October 30,2015dated as of October 30,2015,by and between SolarCity and the Trustee, related to SolarCity's 5.75% SolarBonds, Series 2015/26-15. One Hundred-and-Forty-Eighth Supplemental Indenture, 8-K(1) 001-35758 4.5 November 4,2015dated as of November 4, 2015, by and between SolarCityand the Trustee,related to SolarCity's 4.70% SolarBonds, Series 2015/C116-10. One Hundred-and-Fifty-Third Supplemental Indenture, 8-K(1) 001-35758 4.5 November 17,2015dated as of November 16, 2015,by and betweenSolarCity and the Trustee,related to SolarCity's 4.70%Solar Bonds, Series 2015/C121-10.","One Hundred-and-Forty-Third Supplemental Indenture, 8-K(1) 001-35758 4.5 October 30,2015dated as of October 30, 2015,by and between SolarCityand the Trustee,related to SolarCity's 5.00% SolarBonds,Series 2015/25-10. One Hundred-and-Forty-Fourth Supplemental Indenture,8-K(1) 001-35758 4.6 October 30,2015dated as of October 30,2015,by and between SolarCity and the Trustee, related to SolarCity's 5.75% SolarBonds, Series 2015/26-15. One Hundred-and-Forty-Eighth Supplemental Indenture, 8-K(1) 001-35758 4.5 November 4,2015dated as of November 4, 2015, by and between SolarCityand the Trustee,related to SolarCity's 4.70% SolarBonds, Series 2015/C116-10. One Hundred-and-Fifty-Third Supplemental Indenture, 8-K(1) 001-35758 4.5 November 17,2015dated as of November 16, 2015,by and betweenSolarCity and the Trustee,related to SolarCity's 4.70%Solar Bonds, Series 2015/C121-10.","One Hundred-and-Forty-Third Supplemental Indenture, 8-K(1) 001-35758 4.5 October 30,2015dated as of October 30, 2015,by and between SolarCityand the Trustee,related to SolarCity's 5.00% SolarBonds,Series 2015/25-10. One Hundred-and-Forty-Fourth Supplemental Indenture,8-K(1) 001-35758 4.6 October 30,2015dated as of October 30,2015,by and between SolarCity and the Trustee, related to SolarCity's 5.75% SolarBonds, Series 2015/26-15. One Hundred-and-Forty-Eighth Supplemental Indenture, 8-K(1) 001-35758 4.5 November 4,2015dated as of November 4, 2015, by and between SolarCityand the Trustee,related to SolarCity's 4.70% SolarBonds, Series 2015/C116-10. One Hundred-and-Fifty-Third Supplemental Indenture, 8-K(1) 001-35758 4.5 November 17,2015dated as of November 16, 2015,by and betweenSolarCity and the Trustee,related to SolarCity's 4.70%Solar Bonds, Series 2015/C121-10.","One Hundred-and-Forty-Third Supplemental Indenture, 8-K(1) 001-35758 4.5 October 30,2015dated as of October 30, 2015,by and between SolarCityand the Trustee,related to SolarCity's 5.00% SolarBonds,Series 2015/25-10. One Hundred-and-Forty-Fourth Supplemental Indenture,8-K(1) 001-35758 4.6 October 30,2015dated as of October 30,2015,by and between SolarCity and the Trustee, related to SolarCity's 5.75% SolarBonds, Series 2015/26-15. One Hundred-and-Forty-Eighth Supplemental Indenture, 8-K(1) 001-35758 4.5 November 4,2015dated as of November 4, 2015, by and between SolarCityand the Trustee,related to SolarCity's 4.70% SolarBonds, Series 2015/C116-10. One Hundred-and-Fifty-Third Supplemental Indenture, 8-K(1) 001-35758 4.5 November 17,2015dated as of November 16, 2015,by and betweenSolarCity and the Trustee,related to SolarCity's 4.70%Solar Bonds, Series 2015/C121-10.","One Hundred-and-Forty-Third Supplemental Indenture, 8-K(1) 001-35758 4.5 October 30,2015dated as of October 30, 2015,by and between SolarCityand the Trustee,related to SolarCity's 5.00% SolarBonds,Series 2015/25-10. One Hundred-and-Forty-Fourth Supplemental Indenture,8-K(1) 001-35758 4.6 October 30,2015dated as of October 30,2015,by and between SolarCity and the Trustee, related to SolarCity's 5.75% SolarBonds, Series 2015/26-15. One Hundred-and-Forty-Eighth Supplemental Indenture, 8-K(1) 001-35758 4.5 November 4,2015dated as of November 4, 2015, by and between SolarCityand the Trustee,related to SolarCity's 4.70% SolarBonds, Series 2015/C116-10. One Hundred-and-Fifty-Third Supplemental Indenture, 8-K(1) 001-35758 4.5 November 17,2015dated as of November 16, 2015,by and betweenSolarCity and the Trustee,related to SolarCity's 4.70%Solar Bonds, Series 2015/C121-10.","One Hundred-and-Forty-Third Supplemental Indenture, 8-K(1) 001-35758 4.5 October 30,2015dated as of October 30, 2015,by and between SolarCityand the Trustee,related to SolarCity's 5.00% SolarBonds,Series 2015/25-10. One Hundred-and-Forty-Fourth Supplemental Indenture,8-K(1) 001-35758 4.6 October 30,2015dated as of October 30,2015,by and between SolarCity and the Trustee, related to SolarCity's 5.75% SolarBonds, Series 2015/26-15. One Hundred-and-Forty-Eighth Supplemental Indenture, 8-K(1) 001-35758 4.5 November 4,2015dated as of November 4, 2015, by and between SolarCityand the Trustee,related to SolarCity's 4.70% SolarBonds, Series 2015/C116-10. One Hundred-and-Fifty-Third Supplemental Indenture, 8-K(1) 001-35758 4.5 November 17,2015dated as of November 16, 2015,by and betweenSolarCity and the Trustee,related to SolarCity's 4.70%Solar Bonds, Series 2015/C121-10.","One Hundred-and-Forty-Third Supplemental Indenture, 8-K(1) 001-35758 4.5 October 30,2015dated as of October 30, 2015,by and between SolarCityand the Trustee,related to SolarCity's 5.00% SolarBonds,Series 2015/25-10. One Hundred-and-Forty-Fourth Supplemental Indenture,8-K(1) 001-35758 4.6 October 30,2015dated as of October 30,2015,by and between SolarCity and the Trustee, related to SolarCity's 5.75% SolarBonds, Series 2015/26-15. One Hundred-and-Forty-Eighth Supplemental Indenture, 8-K(1) 001-35758 4.5 November 4,2015dated as of November 4, 2015, by and between SolarCityand the Trustee,related to SolarCity's 4.70% SolarBonds, Series 2015/C116-10. One Hundred-and-Fifty-Third Supplemental Indenture, 8-K(1) 001-35758 4.5 November 17,2015dated as of November 16, 2015,by and betweenSolarCity and the Trustee,related to SolarCity's 4.70%Solar Bonds, Series 2015/C121-10.","One Hundred-and-Forty-Third Supplemental Indenture, 8-K(1) 001-35758 4.5 October 30,2015dated as of October 30, 2015,by and between SolarCityand the Trustee,related to SolarCity's 5.00% SolarBonds,Series 2015/25-10. One Hundred-and-Forty-Fourth Supplemental Indenture,8-K(1) 001-35758 4.6 October 30,2015dated as of October 30,2015,by and between SolarCity and the Trustee, related to SolarCity's 5.75% SolarBonds, Series 2015/26-15. One Hundred-and-Forty-Eighth Supplemental Indenture, 8-K(1) 001-35758 4.5 November 4,2015dated as of November 4, 2015, by and between SolarCityand the Trustee,related to SolarCity's 4.70% SolarBonds, Series 2015/C116-10. One Hundred-and-Fifty-Third Supplemental Indenture, 8-K(1) 001-35758 4.5 November 17,2015dated as of November 16, 2015,by and betweenSolarCity and the Trustee,related to SolarCity's 4.70%Solar Bonds, Series 2015/C121-10.","One Hundred-and-Forty-Third Supplemental Indenture, 8-K(1) 001-35758 4.5 October 30,2015dated as of October 30, 2015,by and between SolarCityand the Trustee,related to SolarCity's 5.00% SolarBonds,Series 2015/25-10. One Hundred-and-Forty-Fourth Supplemental Indenture,8-K(1) 001-35758 4.6 October 30,2015dated as of October 30,2015,by and between SolarCity and the Trustee, related to SolarCity's 5.75% SolarBonds, Series 2015/26-15. One Hundred-and-Forty-Eighth Supplemental Indenture, 8-K(1) 001-35758 4.5 November 4,2015dated as of November 4, 2015, by and between SolarCityand the Trustee,related to SolarCity's 4.70% SolarBonds, Series 2015/C116-10. One Hundred-and-Fifty-Third Supplemental Indenture, 8-K(1) 001-35758 4.5 November 17,2015dated as of November 16, 2015,by and betweenSolarCity and the Trustee,related to SolarCity's 4.70%Solar Bonds, Series 2015/C121-10.","One Hundred-and-Forty-Third Supplemental Indenture, 8-K(1) 001-35758 4.5 October 30,2015dated as of October 30, 2015,by and between SolarCityand the Trustee,related to SolarCity's 5.00% SolarBonds,Series 2015/25-10. One Hundred-and-Forty-Fourth Supplemental Indenture,8-K(1) 001-35758 4.6 October 30,2015dated as of October 30,2015,by and between SolarCity and the Trustee, related to SolarCity's 5.75% SolarBonds, Series 2015/26-15. One Hundred-and-Forty-Eighth Supplemental Indenture, 8-K(1) 001-35758 4.5 November 4,2015dated as of November 4, 2015, by and between SolarCityand the Trustee,related to SolarCity's 4.70% SolarBonds, Series 2015/C116-10. One Hundred-and-Fifty-Third Supplemental Indenture, 8-K(1) 001-35758 4.5 November 17,2015dated as of November 16, 2015,by and betweenSolarCity and the Trustee,related to SolarCity's 4.70%Solar Bonds, Series 2015/C121-10.",,,,,,,,,,,,,,,,,,,,,,,,,,,,,,,,,,,,,,,,,,,,,,,,,,
4.624.634.644.654.664.674.684.694.704.714.72,"SolarCity and the Trustee,related to SolarCity's 4.70%","SolarCity and the Trustee,related to SolarCity's 4.70%","SolarCity and the Trustee,related to SolarCity's 4.70%","SolarCity and the Trustee,related to SolarCity's 4.70%","SolarCity and the Trustee,related to SolarCity's 4.70%","SolarCity and the Trustee,related to SolarCity's 4.70%","One Hundred-and-Forty-Third Supplemental Indenture, 8-K(1) 001-35758 4.5 October 30,2015dated as of October 30, 2015,by and between SolarCityand the Trustee,related to SolarCity's 5.00% SolarBonds,Series 2015/25-10. One Hundred-and-Forty-Fourth Supplemental Indenture,8-K(1) 001-35758 4.6 October 30,2015dated as of October 30,2015,by and between SolarCity and the Trustee, related to SolarCity's 5.75% SolarBonds, Series 2015/26-15. One Hundred-and-Forty-Eighth Supplemental Indenture, 8-K(1) 001-35758 4.5 November 4,2015dated as of November 4, 2015, by and between SolarCityand the Trustee,related to SolarCity's 4.70% SolarBonds, Series 2015/C116-10. One Hundred-and-Fifty-Third Supplemental Indenture, 8-K(1) 001-35758 4.5 November 17,2015dated as of November 16, 2015,by and betweenSolarCity and the Trustee,related to SolarCity's 4.70%Solar Bonds, Series 2015/C121-10.","One Hundred-and-Forty-Third Supplemental Indenture, 8-K(1) 001-35758 4.5 October 30,2015dated as of October 30, 2015,by and between SolarCityand the Trustee,related to SolarCity's 5.00% SolarBonds,Series 2015/25-10. One Hundred-and-Forty-Fourth Supplemental Indenture,8-K(1) 001-35758 4.6 October 30,2015dated as of October 30,2015,by and between SolarCity and the Trustee, related to SolarCity's 5.75% SolarBonds, Series 2015/26-15. One Hundred-and-Forty-Eighth Supplemental Indenture, 8-K(1) 001-35758 4.5 November 4,2015dated as of November 4, 2015, by and between SolarCityand the Trustee,related to SolarCity's 4.70% SolarBonds, Series 2015/C116-10. One Hundred-and-Fifty-Third Supplemental Indenture, 8-K(1) 001-35758 4.5 November 17,2015dated as of November 16, 2015,by and betweenSolarCity and the Trustee,related to SolarCity's 4.70%Solar Bonds, Series 2015/C121-10.","One Hundred-and-Forty-Third Supplemental Indenture, 8-K(1) 001-35758 4.5 October 30,2015dated as of October 30, 2015,by and between SolarCityand the Trustee,related to SolarCity's 5.00% SolarBonds,Series 2015/25-10. One Hundred-and-Forty-Fourth Supplemental Indenture,8-K(1) 001-35758 4.6 October 30,2015dated as of October 30,2015,by and between SolarCity and the Trustee, related to SolarCity's 5.75% SolarBonds, Series 2015/26-15. One Hundred-and-Forty-Eighth Supplemental Indenture, 8-K(1) 001-35758 4.5 November 4,2015dated as of November 4, 2015, by and between SolarCityand the Trustee,related to SolarCity's 4.70% SolarBonds, Series 2015/C116-10. One Hundred-and-Fifty-Third Supplemental Indenture, 8-K(1) 001-35758 4.5 November 17,2015dated as of November 16, 2015,by and betweenSolarCity and the Trustee,related to SolarCity's 4.70%Solar Bonds, Series 2015/C121-10.","One Hundred-and-Forty-Third Supplemental Indenture, 8-K(1) 001-35758 4.5 October 30,2015dated as of October 30, 2015,by and between SolarCityand the Trustee,related to SolarCity's 5.00% SolarBonds,Series 2015/25-10. One Hundred-and-Forty-Fourth Supplemental Indenture,8-K(1) 001-35758 4.6 October 30,2015dated as of October 30,2015,by and between SolarCity and the Trustee, related to SolarCity's 5.75% SolarBonds, Series 2015/26-15. One Hundred-and-Forty-Eighth Supplemental Indenture, 8-K(1) 001-35758 4.5 November 4,2015dated as of November 4, 2015, by and between SolarCityand the Trustee,related to SolarCity's 4.70% SolarBonds, Series 2015/C116-10. One Hundred-and-Fifty-Third Supplemental Indenture, 8-K(1) 001-35758 4.5 November 17,2015dated as of November 16, 2015,by and betweenSolarCity and the Trustee,related to SolarCity's 4.70%Solar Bonds, Series 2015/C121-10.","One Hundred-and-Forty-Third Supplemental Indenture, 8-K(1) 001-35758 4.5 October 30,2015dated as of October 30, 2015,by and between SolarCityand the Trustee,related to SolarCity's 5.00% SolarBonds,Series 2015/25-10. One Hundred-and-Forty-Fourth Supplemental Indenture,8-K(1) 001-35758 4.6 October 30,2015dated as of October 30,2015,by and between SolarCity and the Trustee, related to SolarCity's 5.75% SolarBonds, Series 2015/26-15. One Hundred-and-Forty-Eighth Supplemental Indenture, 8-K(1) 001-35758 4.5 November 4,2015dated as of November 4, 2015, by and between SolarCityand the Trustee,related to SolarCity's 4.70% SolarBonds, Series 2015/C116-10. One Hundred-and-Fifty-Third Supplemental Indenture, 8-K(1) 001-35758 4.5 November 17,2015dated as of November 16, 2015,by and betweenSolarCity and the Trustee,related to SolarCity's 4.70%Solar Bonds, Series 2015/C121-10.","One Hundred-and-Forty-Third Supplemental Indenture, 8-K(1) 001-35758 4.5 October 30,2015dated as of October 30, 2015,by and between SolarCityand the Trustee,related to SolarCity's 5.00% SolarBonds,Series 2015/25-10. One Hundred-and-Forty-Fourth Supplemental Indenture,8-K(1) 001-35758 4.6 October 30,2015dated as of October 30,2015,by and between SolarCity and the Trustee, related to SolarCity's 5.75% SolarBonds, Series 2015/26-15. One Hundred-and-Forty-Eighth Supplemental Indenture, 8-K(1) 001-35758 4.5 November 4,2015dated as of November 4, 2015, by and between SolarCityand the Trustee,related to SolarCity's 4.70% SolarBonds, Series 2015/C116-10. One Hundred-and-Fifty-Third Supplemental Indenture, 8-K(1) 001-35758 4.5 November 17,2015dated as of November 16, 2015,by and betweenSolarCity and the Trustee,related to SolarCity's 4.70%Solar Bonds, Series 2015/C121-10.",,,,,,,,,,,,,,,,,,,,,,,,,,,,,,,,,,,,,,,,,,,,,,,,,,