Exhibit IncorporatedbyReference FiledNumber Exhibit Description Form FileNo. Exhibit Filing Date Herewith,Exhibit IncorporatedbyReference FiledNumber Exhibit Description Form FileNo. Exhibit Filing Date Herewith,Exhibit IncorporatedbyReference FiledNumber Exhibit Description Form FileNo. Exhibit Filing Date Herewith,Exhibit IncorporatedbyReference FiledNumber Exhibit Description Form FileNo. Exhibit Filing Date Herewith,Exhibit IncorporatedbyReference FiledNumber Exhibit Description Form FileNo. Exhibit Filing Date Herewith,Exhibit IncorporatedbyReference FiledNumber Exhibit Description Form FileNo. Exhibit Filing Date Herewith,Exhibit IncorporatedbyReference FiledNumber Exhibit Description Form FileNo. Exhibit Filing Date Herewith,Exhibit IncorporatedbyReference FiledNumber Exhibit Description Form FileNo. Exhibit Filing Date Herewith,Exhibit IncorporatedbyReference FiledNumber Exhibit Description Form FileNo. Exhibit Filing Date Herewith,Exhibit IncorporatedbyReference FiledNumber Exhibit Description Form FileNo. Exhibit Filing Date Herewith,Exhibit IncorporatedbyReference FiledNumber Exhibit Description Form FileNo. Exhibit Filing Date Herewith,Exhibit IncorporatedbyReference FiledNumber Exhibit Description Form FileNo. Exhibit Filing Date Herewith,Exhibit IncorporatedbyReference FiledNumber Exhibit Description Form FileNo. Exhibit Filing Date Herewith,Exhibit IncorporatedbyReference FiledNumber Exhibit Description Form FileNo. Exhibit Filing Date Herewith,Exhibit IncorporatedbyReference FiledNumber Exhibit Description Form FileNo. Exhibit Filing Date Herewith,Exhibit IncorporatedbyReference FiledNumber Exhibit Description Form FileNo. Exhibit Filing Date Herewith,,,,,,,,
Exhibit IncorporatedbyReference FiledNumber Exhibit Description Form FileNo. Exhibit Filing Date Herewith,Exhibit IncorporatedbyReference FiledNumber Exhibit Description Form FileNo. Exhibit Filing Date Herewith,Exhibit IncorporatedbyReference FiledNumber Exhibit Description Form FileNo. Exhibit Filing Date Herewith,Exhibit IncorporatedbyReference FiledNumber Exhibit Description Form FileNo. Exhibit Filing Date Herewith,Exhibit IncorporatedbyReference FiledNumber Exhibit Description Form FileNo. Exhibit Filing Date Herewith,Exhibit IncorporatedbyReference FiledNumber Exhibit Description Form FileNo. Exhibit Filing Date Herewith,Exhibit IncorporatedbyReference FiledNumber Exhibit Description Form FileNo. Exhibit Filing Date Herewith,Exhibit IncorporatedbyReference FiledNumber Exhibit Description Form FileNo. Exhibit Filing Date Herewith,Exhibit IncorporatedbyReference FiledNumber Exhibit Description Form FileNo. Exhibit Filing Date Herewith,Exhibit IncorporatedbyReference FiledNumber Exhibit Description Form FileNo. Exhibit Filing Date Herewith,Exhibit IncorporatedbyReference FiledNumber Exhibit Description Form FileNo. Exhibit Filing Date Herewith,Exhibit IncorporatedbyReference FiledNumber Exhibit Description Form FileNo. Exhibit Filing Date Herewith,Exhibit IncorporatedbyReference FiledNumber Exhibit Description Form FileNo. Exhibit Filing Date Herewith,Exhibit IncorporatedbyReference FiledNumber Exhibit Description Form FileNo. Exhibit Filing Date Herewith,Exhibit IncorporatedbyReference FiledNumber Exhibit Description Form FileNo. Exhibit Filing Date Herewith,Exhibit IncorporatedbyReference FiledNumber Exhibit Description Form FileNo. Exhibit Filing Date Herewith,FileNo. Exhibit,FileNo. Exhibit,FileNo. Exhibit,FileNo. Exhibit,FileNo. Exhibit,FileNo. Exhibit,FileNo. Exhibit,Filing Date
4.10,4.10,4.10,4.10,Waiver to Fifth Amended and Restated Investor's Rights,8-K,8-K,8-K,001-34756 4.2,001-34756 4.2,001-34756 4.2,001-34756 4.2,001-34756 4.2,001-34756 4.2,001-34756 4.2,"May 20,2013August 19,2015May 24,2016March 17,2017May 3,2019May 22,2013",,,,,,,,
,,,,,"Agreement,dated as of May 14, 2013,between the","Agreement,dated as of May 14, 2013,between the","Agreement,dated as of May 14, 2013,between the","Agreement,dated as of May 14, 2013,between the","Agreement,dated as of May 14, 2013,between the","Agreement,dated as of May 14, 2013,between the","Agreement,dated as of May 14, 2013,between the","Agreement,dated as of May 14, 2013,between the","Agreement,dated as of May 14, 2013,between the","Agreement,dated as of May 14, 2013,between the","May 20,2013August 19,2015May 24,2016March 17,2017May 3,2019May 22,2013",,,,,,,,
,,,,Registrant and certain holders of the capital stock of the,,,,,,,,,,,"May 20,2013August 19,2015May 24,2016March 17,2017May 3,2019May 22,2013",,,,,,,,
,,,,Registrant and certain holders of the capital stock of the,,,,,,,,,,,"May 20,2013August 19,2015May 24,2016March 17,2017May 3,2019May 22,2013",,,,,,,,
,,,,Registrant and certain holders of the capital stock of the,,,,,,,,,,,"May 20,2013August 19,2015May 24,2016March 17,2017May 3,2019May 22,2013",,,,,,,,
4.11,4.11,4.11,4.11,,Registrant named therein.,Registrant named therein.,Registrant named therein.,Registrant named therein.,Registrant named therein.,Registrant named therein.,Registrant named therein.,Registrant named therein.,Registrant named therein.,Registrant named therein.,"May 20,2013August 19,2015May 24,2016March 17,2017May 3,2019May 22,2013",,,,,,,,
4.11,4.11,4.11,4.11,Waiver to Fifth Amended and Restated Investor's Rights,8-K,8-K,8-K,,,,,,,,"May 20,2013August 19,2015May 24,2016March 17,2017May 3,2019May 22,2013",,,,,,,,
4.11,4.11,4.11,4.11,"Agreement, dated as of August 13, 2015,between the",,,,001-34756 4.1,001-34756 4.1,001-34756 4.1,001-34756 4.1,001-34756 4.1,001-34756 4.1,001-34756 4.1,"May 20,2013August 19,2015May 24,2016March 17,2017May 3,2019May 22,2013",,,,,,,,
4.11,4.11,4.11,4.11,,,,,001-34756 4.1,001-34756 4.1,001-34756 4.1,001-34756 4.1,001-34756 4.1,001-34756 4.1,001-34756 4.1,"May 20,2013August 19,2015May 24,2016March 17,2017May 3,2019May 22,2013",,,,,,,,
,,,,,,,,001-34756 4.1,001-34756 4.1,001-34756 4.1,001-34756 4.1,001-34756 4.1,001-34756 4.1,001-34756 4.1,"May 20,2013August 19,2015May 24,2016March 17,2017May 3,2019May 22,2013",,,,,,,,
,,,,Registrant and certain holders of the capital stock of the,,,,001-34756 4.1,001-34756 4.1,001-34756 4.1,001-34756 4.1,001-34756 4.1,001-34756 4.1,001-34756 4.1,"May 20,2013August 19,2015May 24,2016March 17,2017May 3,2019May 22,2013",,,,,,,,
"Registrant named therein.4.12 Waiver to Fifth Amended and Restated Investors' RightsAgreement, dated as of May 18, 2016,between the Registrant and certain holders of the capital stock of the Registrant named therein.4.13 Waiver to Fifth Amended and Restated Investors' RightsAgreement, dated as of March 15,2017,between theRegistrant and certain holders of the capital stock of theRegistrant named therein.4.14 Waiver to Fifth Amended and Restated Investors' RightsAgreement,dated as of May 1,2019,between theRegistrant and certain holders of the capital stock of theRegistrant named therein.4.15 Indenture, dated as of May 22,2013,by and between the Registrant and U.S. Bank National Association.4.16 Third Supplemental Indenture， dated as of March 5, 2014,by and between the Registrant and U.S. BankNational Association.4.17 Form of 1.25% Convertible Senior Note Due March 1.2021 (included in Exhibit 4.16).4.18 Fourth Supplemental Indenture， dated as of March 22,2017,by and between the Registrant and U.S. Bank National Association.4.19 Form of 2.375% Convertible Senior Note Due March 15. 2022 (included in Exhibit 4.18).4.20 Fifth Supplemental Indenture, dated as of May 7, 2019,by and between Registrant and U.S. Bank NationalAssociation, related to 2.00% Convertible Senior Notesdue May 15, 2024.4.21 Form of 2.00% Convertible Senior Notes due May 15,2024 (included in Exhibit 4.20).4.22 Indenture, dated as of August 18, 2017, by and among the Registrant, SolarCity, and U.S. Bank NationalAssociation, as trustee.4.23 Form of 5.30% Senior Note due August 15, 2025.","Registrant named therein.4.12 Waiver to Fifth Amended and Restated Investors' RightsAgreement, dated as of May 18, 2016,between the Registrant and certain holders of the capital stock of the Registrant named therein.4.13 Waiver to Fifth Amended and Restated Investors' RightsAgreement, dated as of March 15,2017,between theRegistrant and certain holders of the capital stock of theRegistrant named therein.4.14 Waiver to Fifth Amended and Restated Investors' RightsAgreement,dated as of May 1,2019,between theRegistrant and certain holders of the capital stock of theRegistrant named therein.4.15 Indenture, dated as of May 22,2013,by and between the Registrant and U.S. Bank National Association.4.16 Third Supplemental Indenture， dated as of March 5, 2014,by and between the Registrant and U.S. BankNational Association.4.17 Form of 1.25% Convertible Senior Note Due March 1.2021 (included in Exhibit 4.16).4.18 Fourth Supplemental Indenture， dated as of March 22,2017,by and between the Registrant and U.S. Bank National Association.4.19 Form of 2.375% Convertible Senior Note Due March 15. 2022 (included in Exhibit 4.18).4.20 Fifth Supplemental Indenture, dated as of May 7, 2019,by and between Registrant and U.S. Bank NationalAssociation, related to 2.00% Convertible Senior Notesdue May 15, 2024.4.21 Form of 2.00% Convertible Senior Notes due May 15,2024 (included in Exhibit 4.20).4.22 Indenture, dated as of August 18, 2017, by and among the Registrant, SolarCity, and U.S. Bank NationalAssociation, as trustee.4.23 Form of 5.30% Senior Note due August 15, 2025.","Registrant named therein.4.12 Waiver to Fifth Amended and Restated Investors' RightsAgreement, dated as of May 18, 2016,between the Registrant and certain holders of the capital stock of the Registrant named therein.4.13 Waiver to Fifth Amended and Restated Investors' RightsAgreement, dated as of March 15,2017,between theRegistrant and certain holders of the capital stock of theRegistrant named therein.4.14 Waiver to Fifth Amended and Restated Investors' RightsAgreement,dated as of May 1,2019,between theRegistrant and certain holders of the capital stock of theRegistrant named therein.4.15 Indenture, dated as of May 22,2013,by and between the Registrant and U.S. Bank National Association.4.16 Third Supplemental Indenture， dated as of March 5, 2014,by and between the Registrant and U.S. BankNational Association.4.17 Form of 1.25% Convertible Senior Note Due March 1.2021 (included in Exhibit 4.16).4.18 Fourth Supplemental Indenture， dated as of March 22,2017,by and between the Registrant and U.S. Bank National Association.4.19 Form of 2.375% Convertible Senior Note Due March 15. 2022 (included in Exhibit 4.18).4.20 Fifth Supplemental Indenture, dated as of May 7, 2019,by and between Registrant and U.S. Bank NationalAssociation, related to 2.00% Convertible Senior Notesdue May 15, 2024.4.21 Form of 2.00% Convertible Senior Notes due May 15,2024 (included in Exhibit 4.20).4.22 Indenture, dated as of August 18, 2017, by and among the Registrant, SolarCity, and U.S. Bank NationalAssociation, as trustee.4.23 Form of 5.30% Senior Note due August 15, 2025.","Registrant named therein.4.12 Waiver to Fifth Amended and Restated Investors' RightsAgreement, dated as of May 18, 2016,between the Registrant and certain holders of the capital stock of the Registrant named therein.4.13 Waiver to Fifth Amended and Restated Investors' RightsAgreement, dated as of March 15,2017,between theRegistrant and certain holders of the capital stock of theRegistrant named therein.4.14 Waiver to Fifth Amended and Restated Investors' RightsAgreement,dated as of May 1,2019,between theRegistrant and certain holders of the capital stock of theRegistrant named therein.4.15 Indenture, dated as of May 22,2013,by and between the Registrant and U.S. Bank National Association.4.16 Third Supplemental Indenture， dated as of March 5, 2014,by and between the Registrant and U.S. BankNational Association.4.17 Form of 1.25% Convertible Senior Note Due March 1.2021 (included in Exhibit 4.16).4.18 Fourth Supplemental Indenture， dated as of March 22,2017,by and between the Registrant and U.S. Bank National Association.4.19 Form of 2.375% Convertible Senior Note Due March 15. 2022 (included in Exhibit 4.18).4.20 Fifth Supplemental Indenture, dated as of May 7, 2019,by and between Registrant and U.S. Bank NationalAssociation, related to 2.00% Convertible Senior Notesdue May 15, 2024.4.21 Form of 2.00% Convertible Senior Notes due May 15,2024 (included in Exhibit 4.20).4.22 Indenture, dated as of August 18, 2017, by and among the Registrant, SolarCity, and U.S. Bank NationalAssociation, as trustee.4.23 Form of 5.30% Senior Note due August 15, 2025.","Registrant named therein.4.12 Waiver to Fifth Amended and Restated Investors' RightsAgreement, dated as of May 18, 2016,between the Registrant and certain holders of the capital stock of the Registrant named therein.4.13 Waiver to Fifth Amended and Restated Investors' RightsAgreement, dated as of March 15,2017,between theRegistrant and certain holders of the capital stock of theRegistrant named therein.4.14 Waiver to Fifth Amended and Restated Investors' RightsAgreement,dated as of May 1,2019,between theRegistrant and certain holders of the capital stock of theRegistrant named therein.4.15 Indenture, dated as of May 22,2013,by and between the Registrant and U.S. Bank National Association.4.16 Third Supplemental Indenture， dated as of March 5, 2014,by and between the Registrant and U.S. BankNational Association.4.17 Form of 1.25% Convertible Senior Note Due March 1.2021 (included in Exhibit 4.16).4.18 Fourth Supplemental Indenture， dated as of March 22,2017,by and between the Registrant and U.S. Bank National Association.4.19 Form of 2.375% Convertible Senior Note Due March 15. 2022 (included in Exhibit 4.18).4.20 Fifth Supplemental Indenture, dated as of May 7, 2019,by and between Registrant and U.S. Bank NationalAssociation, related to 2.00% Convertible Senior Notesdue May 15, 2024.4.21 Form of 2.00% Convertible Senior Notes due May 15,2024 (included in Exhibit 4.20).4.22 Indenture, dated as of August 18, 2017, by and among the Registrant, SolarCity, and U.S. Bank NationalAssociation, as trustee.4.23 Form of 5.30% Senior Note due August 15, 2025.",,,Registrant named therein.,Registrant named therein.,Registrant named therein.,Registrant named therein.,Registrant named therein.,Registrant named therein.,Registrant named therein.,Registrant named therein.,"May 20,2013August 19,2015May 24,2016March 17,2017May 3,2019May 22,2013",,,,,,,,
"Registrant named therein.4.12 Waiver to Fifth Amended and Restated Investors' RightsAgreement, dated as of May 18, 2016,between the Registrant and certain holders of the capital stock of the Registrant named therein.4.13 Waiver to Fifth Amended and Restated Investors' RightsAgreement, dated as of March 15,2017,between theRegistrant and certain holders of the capital stock of theRegistrant named therein.4.14 Waiver to Fifth Amended and Restated Investors' RightsAgreement,dated as of May 1,2019,between theRegistrant and certain holders of the capital stock of theRegistrant named therein.4.15 Indenture, dated as of May 22,2013,by and between the Registrant and U.S. Bank National Association.4.16 Third Supplemental Indenture， dated as of March 5, 2014,by and between the Registrant and U.S. BankNational Association.4.17 Form of 1.25% Convertible Senior Note Due March 1.2021 (included in Exhibit 4.16).4.18 Fourth Supplemental Indenture， dated as of March 22,2017,by and between the Registrant and U.S. Bank National Association.4.19 Form of 2.375% Convertible Senior Note Due March 15. 2022 (included in Exhibit 4.18).4.20 Fifth Supplemental Indenture, dated as of May 7, 2019,by and between Registrant and U.S. Bank NationalAssociation, related to 2.00% Convertible Senior Notesdue May 15, 2024.4.21 Form of 2.00% Convertible Senior Notes due May 15,2024 (included in Exhibit 4.20).4.22 Indenture, dated as of August 18, 2017, by and among the Registrant, SolarCity, and U.S. Bank NationalAssociation, as trustee.4.23 Form of 5.30% Senior Note due August 15, 2025.","Registrant named therein.4.12 Waiver to Fifth Amended and Restated Investors' RightsAgreement, dated as of May 18, 2016,between the Registrant and certain holders of the capital stock of the Registrant named therein.4.13 Waiver to Fifth Amended and Restated Investors' RightsAgreement, dated as of March 15,2017,between theRegistrant and certain holders of the capital stock of theRegistrant named therein.4.14 Waiver to Fifth Amended and Restated Investors' RightsAgreement,dated as of May 1,2019,between theRegistrant and certain holders of the capital stock of theRegistrant named therein.4.15 Indenture, dated as of May 22,2013,by and between the Registrant and U.S. Bank National Association.4.16 Third Supplemental Indenture， dated as of March 5, 2014,by and between the Registrant and U.S. BankNational Association.4.17 Form of 1.25% Convertible Senior Note Due March 1.2021 (included in Exhibit 4.16).4.18 Fourth Supplemental Indenture， dated as of March 22,2017,by and between the Registrant and U.S. Bank National Association.4.19 Form of 2.375% Convertible Senior Note Due March 15. 2022 (included in Exhibit 4.18).4.20 Fifth Supplemental Indenture, dated as of May 7, 2019,by and between Registrant and U.S. Bank NationalAssociation, related to 2.00% Convertible Senior Notesdue May 15, 2024.4.21 Form of 2.00% Convertible Senior Notes due May 15,2024 (included in Exhibit 4.20).4.22 Indenture, dated as of August 18, 2017, by and among the Registrant, SolarCity, and U.S. Bank NationalAssociation, as trustee.4.23 Form of 5.30% Senior Note due August 15, 2025.","Registrant named therein.4.12 Waiver to Fifth Amended and Restated Investors' RightsAgreement, dated as of May 18, 2016,between the Registrant and certain holders of the capital stock of the Registrant named therein.4.13 Waiver to Fifth Amended and Restated Investors' RightsAgreement, dated as of March 15,2017,between theRegistrant and certain holders of the capital stock of theRegistrant named therein.4.14 Waiver to Fifth Amended and Restated Investors' RightsAgreement,dated as of May 1,2019,between theRegistrant and certain holders of the capital stock of theRegistrant named therein.4.15 Indenture, dated as of May 22,2013,by and between the Registrant and U.S. Bank National Association.4.16 Third Supplemental Indenture， dated as of March 5, 2014,by and between the Registrant and U.S. BankNational Association.4.17 Form of 1.25% Convertible Senior Note Due March 1.2021 (included in Exhibit 4.16).4.18 Fourth Supplemental Indenture， dated as of March 22,2017,by and between the Registrant and U.S. Bank National Association.4.19 Form of 2.375% Convertible Senior Note Due March 15. 2022 (included in Exhibit 4.18).4.20 Fifth Supplemental Indenture, dated as of May 7, 2019,by and between Registrant and U.S. Bank NationalAssociation, related to 2.00% Convertible Senior Notesdue May 15, 2024.4.21 Form of 2.00% Convertible Senior Notes due May 15,2024 (included in Exhibit 4.20).4.22 Indenture, dated as of August 18, 2017, by and among the Registrant, SolarCity, and U.S. Bank NationalAssociation, as trustee.4.23 Form of 5.30% Senior Note due August 15, 2025.","Registrant named therein.4.12 Waiver to Fifth Amended and Restated Investors' RightsAgreement, dated as of May 18, 2016,between the Registrant and certain holders of the capital stock of the Registrant named therein.4.13 Waiver to Fifth Amended and Restated Investors' RightsAgreement, dated as of March 15,2017,between theRegistrant and certain holders of the capital stock of theRegistrant named therein.4.14 Waiver to Fifth Amended and Restated Investors' RightsAgreement,dated as of May 1,2019,between theRegistrant and certain holders of the capital stock of theRegistrant named therein.4.15 Indenture, dated as of May 22,2013,by and between the Registrant and U.S. Bank National Association.4.16 Third Supplemental Indenture， dated as of March 5, 2014,by and between the Registrant and U.S. BankNational Association.4.17 Form of 1.25% Convertible Senior Note Due March 1.2021 (included in Exhibit 4.16).4.18 Fourth Supplemental Indenture， dated as of March 22,2017,by and between the Registrant and U.S. Bank National Association.4.19 Form of 2.375% Convertible Senior Note Due March 15. 2022 (included in Exhibit 4.18).4.20 Fifth Supplemental Indenture, dated as of May 7, 2019,by and between Registrant and U.S. Bank NationalAssociation, related to 2.00% Convertible Senior Notesdue May 15, 2024.4.21 Form of 2.00% Convertible Senior Notes due May 15,2024 (included in Exhibit 4.20).4.22 Indenture, dated as of August 18, 2017, by and among the Registrant, SolarCity, and U.S. Bank NationalAssociation, as trustee.4.23 Form of 5.30% Senior Note due August 15, 2025.","Registrant named therein.4.12 Waiver to Fifth Amended and Restated Investors' RightsAgreement, dated as of May 18, 2016,between the Registrant and certain holders of the capital stock of the Registrant named therein.4.13 Waiver to Fifth Amended and Restated Investors' RightsAgreement, dated as of March 15,2017,between theRegistrant and certain holders of the capital stock of theRegistrant named therein.4.14 Waiver to Fifth Amended and Restated Investors' RightsAgreement,dated as of May 1,2019,between theRegistrant and certain holders of the capital stock of theRegistrant named therein.4.15 Indenture, dated as of May 22,2013,by and between the Registrant and U.S. Bank National Association.4.16 Third Supplemental Indenture， dated as of March 5, 2014,by and between the Registrant and U.S. BankNational Association.4.17 Form of 1.25% Convertible Senior Note Due March 1.2021 (included in Exhibit 4.16).4.18 Fourth Supplemental Indenture， dated as of March 22,2017,by and between the Registrant and U.S. Bank National Association.4.19 Form of 2.375% Convertible Senior Note Due March 15. 2022 (included in Exhibit 4.18).4.20 Fifth Supplemental Indenture, dated as of May 7, 2019,by and between Registrant and U.S. Bank NationalAssociation, related to 2.00% Convertible Senior Notesdue May 15, 2024.4.21 Form of 2.00% Convertible Senior Notes due May 15,2024 (included in Exhibit 4.20).4.22 Indenture, dated as of August 18, 2017, by and among the Registrant, SolarCity, and U.S. Bank NationalAssociation, as trustee.4.23 Form of 5.30% Senior Note due August 15, 2025.",Waiver to Fifth Amended and Restated Investors' Rights,8-K,8-K,8-K,001-34756 4.1,001-34756 4.1,001-34756 4.1,001-34756 4.1,001-34756 4.1,001-34756 4.1,"May 20,2013August 19,2015May 24,2016March 17,2017May 3,2019May 22,2013",001-34756,001-34756,001-34756,001-34756,,,,
"Registrant named therein.4.12 Waiver to Fifth Amended and Restated Investors' RightsAgreement, dated as of May 18, 2016,between the Registrant and certain holders of the capital stock of the Registrant named therein.4.13 Waiver to Fifth Amended and Restated Investors' RightsAgreement, dated as of March 15,2017,between theRegistrant and certain holders of the capital stock of theRegistrant named therein.4.14 Waiver to Fifth Amended and Restated Investors' RightsAgreement,dated as of May 1,2019,between theRegistrant and certain holders of the capital stock of theRegistrant named therein.4.15 Indenture, dated as of May 22,2013,by and between the Registrant and U.S. Bank National Association.4.16 Third Supplemental Indenture， dated as of March 5, 2014,by and between the Registrant and U.S. BankNational Association.4.17 Form of 1.25% Convertible Senior Note Due March 1.2021 (included in Exhibit 4.16).4.18 Fourth Supplemental Indenture， dated as of March 22,2017,by and between the Registrant and U.S. Bank National Association.4.19 Form of 2.375% Convertible Senior Note Due March 15. 2022 (included in Exhibit 4.18).4.20 Fifth Supplemental Indenture, dated as of May 7, 2019,by and between Registrant and U.S. Bank NationalAssociation, related to 2.00% Convertible Senior Notesdue May 15, 2024.4.21 Form of 2.00% Convertible Senior Notes due May 15,2024 (included in Exhibit 4.20).4.22 Indenture, dated as of August 18, 2017, by and among the Registrant, SolarCity, and U.S. Bank NationalAssociation, as trustee.4.23 Form of 5.30% Senior Note due August 15, 2025.","Registrant named therein.4.12 Waiver to Fifth Amended and Restated Investors' RightsAgreement, dated as of May 18, 2016,between the Registrant and certain holders of the capital stock of the Registrant named therein.4.13 Waiver to Fifth Amended and Restated Investors' RightsAgreement, dated as of March 15,2017,between theRegistrant and certain holders of the capital stock of theRegistrant named therein.4.14 Waiver to Fifth Amended and Restated Investors' RightsAgreement,dated as of May 1,2019,between theRegistrant and certain holders of the capital stock of theRegistrant named therein.4.15 Indenture, dated as of May 22,2013,by and between the Registrant and U.S. Bank National Association.4.16 Third Supplemental Indenture， dated as of March 5, 2014,by and between the Registrant and U.S. BankNational Association.4.17 Form of 1.25% Convertible Senior Note Due March 1.2021 (included in Exhibit 4.16).4.18 Fourth Supplemental Indenture， dated as of March 22,2017,by and between the Registrant and U.S. Bank National Association.4.19 Form of 2.375% Convertible Senior Note Due March 15. 2022 (included in Exhibit 4.18).4.20 Fifth Supplemental Indenture, dated as of May 7, 2019,by and between Registrant and U.S. Bank NationalAssociation, related to 2.00% Convertible Senior Notesdue May 15, 2024.4.21 Form of 2.00% Convertible Senior Notes due May 15,2024 (included in Exhibit 4.20).4.22 Indenture, dated as of August 18, 2017, by and among the Registrant, SolarCity, and U.S. Bank NationalAssociation, as trustee.4.23 Form of 5.30% Senior Note due August 15, 2025.","Registrant named therein.4.12 Waiver to Fifth Amended and Restated Investors' RightsAgreement, dated as of May 18, 2016,between the Registrant and certain holders of the capital stock of the Registrant named therein.4.13 Waiver to Fifth Amended and Restated Investors' RightsAgreement, dated as of March 15,2017,between theRegistrant and certain holders of the capital stock of theRegistrant named therein.4.14 Waiver to Fifth Amended and Restated Investors' RightsAgreement,dated as of May 1,2019,between theRegistrant and certain holders of the capital stock of theRegistrant named therein.4.15 Indenture, dated as of May 22,2013,by and between the Registrant and U.S. Bank National Association.4.16 Third Supplemental Indenture， dated as of March 5, 2014,by and between the Registrant and U.S. BankNational Association.4.17 Form of 1.25% Convertible Senior Note Due March 1.2021 (included in Exhibit 4.16).4.18 Fourth Supplemental Indenture， dated as of March 22,2017,by and between the Registrant and U.S. Bank National Association.4.19 Form of 2.375% Convertible Senior Note Due March 15. 2022 (included in Exhibit 4.18).4.20 Fifth Supplemental Indenture, dated as of May 7, 2019,by and between Registrant and U.S. Bank NationalAssociation, related to 2.00% Convertible Senior Notesdue May 15, 2024.4.21 Form of 2.00% Convertible Senior Notes due May 15,2024 (included in Exhibit 4.20).4.22 Indenture, dated as of August 18, 2017, by and among the Registrant, SolarCity, and U.S. Bank NationalAssociation, as trustee.4.23 Form of 5.30% Senior Note due August 15, 2025.","Registrant named therein.4.12 Waiver to Fifth Amended and Restated Investors' RightsAgreement, dated as of May 18, 2016,between the Registrant and certain holders of the capital stock of the Registrant named therein.4.13 Waiver to Fifth Amended and Restated Investors' RightsAgreement, dated as of March 15,2017,between theRegistrant and certain holders of the capital stock of theRegistrant named therein.4.14 Waiver to Fifth Amended and Restated Investors' RightsAgreement,dated as of May 1,2019,between theRegistrant and certain holders of the capital stock of theRegistrant named therein.4.15 Indenture, dated as of May 22,2013,by and between the Registrant and U.S. Bank National Association.4.16 Third Supplemental Indenture， dated as of March 5, 2014,by and between the Registrant and U.S. BankNational Association.4.17 Form of 1.25% Convertible Senior Note Due March 1.2021 (included in Exhibit 4.16).4.18 Fourth Supplemental Indenture， dated as of March 22,2017,by and between the Registrant and U.S. Bank National Association.4.19 Form of 2.375% Convertible Senior Note Due March 15. 2022 (included in Exhibit 4.18).4.20 Fifth Supplemental Indenture, dated as of May 7, 2019,by and between Registrant and U.S. Bank NationalAssociation, related to 2.00% Convertible Senior Notesdue May 15, 2024.4.21 Form of 2.00% Convertible Senior Notes due May 15,2024 (included in Exhibit 4.20).4.22 Indenture, dated as of August 18, 2017, by and among the Registrant, SolarCity, and U.S. Bank NationalAssociation, as trustee.4.23 Form of 5.30% Senior Note due August 15, 2025.","Registrant named therein.4.12 Waiver to Fifth Amended and Restated Investors' RightsAgreement, dated as of May 18, 2016,between the Registrant and certain holders of the capital stock of the Registrant named therein.4.13 Waiver to Fifth Amended and Restated Investors' RightsAgreement, dated as of March 15,2017,between theRegistrant and certain holders of the capital stock of theRegistrant named therein.4.14 Waiver to Fifth Amended and Restated Investors' RightsAgreement,dated as of May 1,2019,between theRegistrant and certain holders of the capital stock of theRegistrant named therein.4.15 Indenture, dated as of May 22,2013,by and between the Registrant and U.S. Bank National Association.4.16 Third Supplemental Indenture， dated as of March 5, 2014,by and between the Registrant and U.S. BankNational Association.4.17 Form of 1.25% Convertible Senior Note Due March 1.2021 (included in Exhibit 4.16).4.18 Fourth Supplemental Indenture， dated as of March 22,2017,by and between the Registrant and U.S. Bank National Association.4.19 Form of 2.375% Convertible Senior Note Due March 15. 2022 (included in Exhibit 4.18).4.20 Fifth Supplemental Indenture, dated as of May 7, 2019,by and between Registrant and U.S. Bank NationalAssociation, related to 2.00% Convertible Senior Notesdue May 15, 2024.4.21 Form of 2.00% Convertible Senior Notes due May 15,2024 (included in Exhibit 4.20).4.22 Indenture, dated as of August 18, 2017, by and among the Registrant, SolarCity, and U.S. Bank NationalAssociation, as trustee.4.23 Form of 5.30% Senior Note due August 15, 2025.","Agreement, dated as of May 18, 2016,between the",,,,001-34756 4.1,001-34756 4.1,001-34756 4.1,001-34756 4.1,001-34756 4.1,001-34756 4.1,"May 20,2013August 19,2015May 24,2016March 17,2017May 3,2019May 22,2013",,,,,,,,
"Registrant named therein.4.12 Waiver to Fifth Amended and Restated Investors' RightsAgreement, dated as of May 18, 2016,between the Registrant and certain holders of the capital stock of the Registrant named therein.4.13 Waiver to Fifth Amended and Restated Investors' RightsAgreement, dated as of March 15,2017,between theRegistrant and certain holders of the capital stock of theRegistrant named therein.4.14 Waiver to Fifth Amended and Restated Investors' RightsAgreement,dated as of May 1,2019,between theRegistrant and certain holders of the capital stock of theRegistrant named therein.4.15 Indenture, dated as of May 22,2013,by and between the Registrant and U.S. Bank National Association.4.16 Third Supplemental Indenture， dated as of March 5, 2014,by and between the Registrant and U.S. BankNational Association.4.17 Form of 1.25% Convertible Senior Note Due March 1.2021 (included in Exhibit 4.16).4.18 Fourth Supplemental Indenture， dated as of March 22,2017,by and between the Registrant and U.S. Bank National Association.4.19 Form of 2.375% Convertible Senior Note Due March 15. 2022 (included in Exhibit 4.18).4.20 Fifth Supplemental Indenture, dated as of May 7, 2019,by and between Registrant and U.S. Bank NationalAssociation, related to 2.00% Convertible Senior Notesdue May 15, 2024.4.21 Form of 2.00% Convertible Senior Notes due May 15,2024 (included in Exhibit 4.20).4.22 Indenture, dated as of August 18, 2017, by and among the Registrant, SolarCity, and U.S. Bank NationalAssociation, as trustee.4.23 Form of 5.30% Senior Note due August 15, 2025.","Registrant named therein.4.12 Waiver to Fifth Amended and Restated Investors' RightsAgreement, dated as of May 18, 2016,between the Registrant and certain holders of the capital stock of the Registrant named therein.4.13 Waiver to Fifth Amended and Restated Investors' RightsAgreement, dated as of March 15,2017,between theRegistrant and certain holders of the capital stock of theRegistrant named therein.4.14 Waiver to Fifth Amended and Restated Investors' RightsAgreement,dated as of May 1,2019,between theRegistrant and certain holders of the capital stock of theRegistrant named therein.4.15 Indenture, dated as of May 22,2013,by and between the Registrant and U.S. Bank National Association.4.16 Third Supplemental Indenture， dated as of March 5, 2014,by and between the Registrant and U.S. BankNational Association.4.17 Form of 1.25% Convertible Senior Note Due March 1.2021 (included in Exhibit 4.16).4.18 Fourth Supplemental Indenture， dated as of March 22,2017,by and between the Registrant and U.S. Bank National Association.4.19 Form of 2.375% Convertible Senior Note Due March 15. 2022 (included in Exhibit 4.18).4.20 Fifth Supplemental Indenture, dated as of May 7, 2019,by and between Registrant and U.S. Bank NationalAssociation, related to 2.00% Convertible Senior Notesdue May 15, 2024.4.21 Form of 2.00% Convertible Senior Notes due May 15,2024 (included in Exhibit 4.20).4.22 Indenture, dated as of August 18, 2017, by and among the Registrant, SolarCity, and U.S. Bank NationalAssociation, as trustee.4.23 Form of 5.30% Senior Note due August 15, 2025.","Registrant named therein.4.12 Waiver to Fifth Amended and Restated Investors' RightsAgreement, dated as of May 18, 2016,between the Registrant and certain holders of the capital stock of the Registrant named therein.4.13 Waiver to Fifth Amended and Restated Investors' RightsAgreement, dated as of March 15,2017,between theRegistrant and certain holders of the capital stock of theRegistrant named therein.4.14 Waiver to Fifth Amended and Restated Investors' RightsAgreement,dated as of May 1,2019,between theRegistrant and certain holders of the capital stock of theRegistrant named therein.4.15 Indenture, dated as of May 22,2013,by and between the Registrant and U.S. Bank National Association.4.16 Third Supplemental Indenture， dated as of March 5, 2014,by and between the Registrant and U.S. BankNational Association.4.17 Form of 1.25% Convertible Senior Note Due March 1.2021 (included in Exhibit 4.16).4.18 Fourth Supplemental Indenture， dated as of March 22,2017,by and between the Registrant and U.S. Bank National Association.4.19 Form of 2.375% Convertible Senior Note Due March 15. 2022 (included in Exhibit 4.18).4.20 Fifth Supplemental Indenture, dated as of May 7, 2019,by and between Registrant and U.S. Bank NationalAssociation, related to 2.00% Convertible Senior Notesdue May 15, 2024.4.21 Form of 2.00% Convertible Senior Notes due May 15,2024 (included in Exhibit 4.20).4.22 Indenture, dated as of August 18, 2017, by and among the Registrant, SolarCity, and U.S. Bank NationalAssociation, as trustee.4.23 Form of 5.30% Senior Note due August 15, 2025.","Registrant named therein.4.12 Waiver to Fifth Amended and Restated Investors' RightsAgreement, dated as of May 18, 2016,between the Registrant and certain holders of the capital stock of the Registrant named therein.4.13 Waiver to Fifth Amended and Restated Investors' RightsAgreement, dated as of March 15,2017,between theRegistrant and certain holders of the capital stock of theRegistrant named therein.4.14 Waiver to Fifth Amended and Restated Investors' RightsAgreement,dated as of May 1,2019,between theRegistrant and certain holders of the capital stock of theRegistrant named therein.4.15 Indenture, dated as of May 22,2013,by and between the Registrant and U.S. Bank National Association.4.16 Third Supplemental Indenture， dated as of March 5, 2014,by and between the Registrant and U.S. BankNational Association.4.17 Form of 1.25% Convertible Senior Note Due March 1.2021 (included in Exhibit 4.16).4.18 Fourth Supplemental Indenture， dated as of March 22,2017,by and between the Registrant and U.S. Bank National Association.4.19 Form of 2.375% Convertible Senior Note Due March 15. 2022 (included in Exhibit 4.18).4.20 Fifth Supplemental Indenture, dated as of May 7, 2019,by and between Registrant and U.S. Bank NationalAssociation, related to 2.00% Convertible Senior Notesdue May 15, 2024.4.21 Form of 2.00% Convertible Senior Notes due May 15,2024 (included in Exhibit 4.20).4.22 Indenture, dated as of August 18, 2017, by and among the Registrant, SolarCity, and U.S. Bank NationalAssociation, as trustee.4.23 Form of 5.30% Senior Note due August 15, 2025.","Registrant named therein.4.12 Waiver to Fifth Amended and Restated Investors' RightsAgreement, dated as of May 18, 2016,between the Registrant and certain holders of the capital stock of the Registrant named therein.4.13 Waiver to Fifth Amended and Restated Investors' RightsAgreement, dated as of March 15,2017,between theRegistrant and certain holders of the capital stock of theRegistrant named therein.4.14 Waiver to Fifth Amended and Restated Investors' RightsAgreement,dated as of May 1,2019,between theRegistrant and certain holders of the capital stock of theRegistrant named therein.4.15 Indenture, dated as of May 22,2013,by and between the Registrant and U.S. Bank National Association.4.16 Third Supplemental Indenture， dated as of March 5, 2014,by and between the Registrant and U.S. BankNational Association.4.17 Form of 1.25% Convertible Senior Note Due March 1.2021 (included in Exhibit 4.16).4.18 Fourth Supplemental Indenture， dated as of March 22,2017,by and between the Registrant and U.S. Bank National Association.4.19 Form of 2.375% Convertible Senior Note Due March 15. 2022 (included in Exhibit 4.18).4.20 Fifth Supplemental Indenture, dated as of May 7, 2019,by and between Registrant and U.S. Bank NationalAssociation, related to 2.00% Convertible Senior Notesdue May 15, 2024.4.21 Form of 2.00% Convertible Senior Notes due May 15,2024 (included in Exhibit 4.20).4.22 Indenture, dated as of August 18, 2017, by and among the Registrant, SolarCity, and U.S. Bank NationalAssociation, as trustee.4.23 Form of 5.30% Senior Note due August 15, 2025.",Registrant and certain holders of the capital stock of the,,,,,,,,,,,,,,,,,,
"Registrant named therein.4.12 Waiver to Fifth Amended and Restated Investors' RightsAgreement, dated as of May 18, 2016,between the Registrant and certain holders of the capital stock of the Registrant named therein.4.13 Waiver to Fifth Amended and Restated Investors' RightsAgreement, dated as of March 15,2017,between theRegistrant and certain holders of the capital stock of theRegistrant named therein.4.14 Waiver to Fifth Amended and Restated Investors' RightsAgreement,dated as of May 1,2019,between theRegistrant and certain holders of the capital stock of theRegistrant named therein.4.15 Indenture, dated as of May 22,2013,by and between the Registrant and U.S. Bank National Association.4.16 Third Supplemental Indenture， dated as of March 5, 2014,by and between the Registrant and U.S. BankNational Association.4.17 Form of 1.25% Convertible Senior Note Due March 1.2021 (included in Exhibit 4.16).4.18 Fourth Supplemental Indenture， dated as of March 22,2017,by and between the Registrant and U.S. Bank National Association.4.19 Form of 2.375% Convertible Senior Note Due March 15. 2022 (included in Exhibit 4.18).4.20 Fifth Supplemental Indenture, dated as of May 7, 2019,by and between Registrant and U.S. Bank NationalAssociation, related to 2.00% Convertible Senior Notesdue May 15, 2024.4.21 Form of 2.00% Convertible Senior Notes due May 15,2024 (included in Exhibit 4.20).4.22 Indenture, dated as of August 18, 2017, by and among the Registrant, SolarCity, and U.S. Bank NationalAssociation, as trustee.4.23 Form of 5.30% Senior Note due August 15, 2025.","Registrant named therein.4.12 Waiver to Fifth Amended and Restated Investors' RightsAgreement, dated as of May 18, 2016,between the Registrant and certain holders of the capital stock of the Registrant named therein.4.13 Waiver to Fifth Amended and Restated Investors' RightsAgreement, dated as of March 15,2017,between theRegistrant and certain holders of the capital stock of theRegistrant named therein.4.14 Waiver to Fifth Amended and Restated Investors' RightsAgreement,dated as of May 1,2019,between theRegistrant and certain holders of the capital stock of theRegistrant named therein.4.15 Indenture, dated as of May 22,2013,by and between the Registrant and U.S. Bank National Association.4.16 Third Supplemental Indenture， dated as of March 5, 2014,by and between the Registrant and U.S. BankNational Association.4.17 Form of 1.25% Convertible Senior Note Due March 1.2021 (included in Exhibit 4.16).4.18 Fourth Supplemental Indenture， dated as of March 22,2017,by and between the Registrant and U.S. Bank National Association.4.19 Form of 2.375% Convertible Senior Note Due March 15. 2022 (included in Exhibit 4.18).4.20 Fifth Supplemental Indenture, dated as of May 7, 2019,by and between Registrant and U.S. Bank NationalAssociation, related to 2.00% Convertible Senior Notesdue May 15, 2024.4.21 Form of 2.00% Convertible Senior Notes due May 15,2024 (included in Exhibit 4.20).4.22 Indenture, dated as of August 18, 2017, by and among the Registrant, SolarCity, and U.S. Bank NationalAssociation, as trustee.4.23 Form of 5.30% Senior Note due August 15, 2025.","Registrant named therein.4.12 Waiver to Fifth Amended and Restated Investors' RightsAgreement, dated as of May 18, 2016,between the Registrant and certain holders of the capital stock of the Registrant named therein.4.13 Waiver to Fifth Amended and Restated Investors' RightsAgreement, dated as of March 15,2017,between theRegistrant and certain holders of the capital stock of theRegistrant named therein.4.14 Waiver to Fifth Amended and Restated Investors' RightsAgreement,dated as of May 1,2019,between theRegistrant and certain holders of the capital stock of theRegistrant named therein.4.15 Indenture, dated as of May 22,2013,by and between the Registrant and U.S. Bank National Association.4.16 Third Supplemental Indenture， dated as of March 5, 2014,by and between the Registrant and U.S. BankNational Association.4.17 Form of 1.25% Convertible Senior Note Due March 1.2021 (included in Exhibit 4.16).4.18 Fourth Supplemental Indenture， dated as of March 22,2017,by and between the Registrant and U.S. Bank National Association.4.19 Form of 2.375% Convertible Senior Note Due March 15. 2022 (included in Exhibit 4.18).4.20 Fifth Supplemental Indenture, dated as of May 7, 2019,by and between Registrant and U.S. Bank NationalAssociation, related to 2.00% Convertible Senior Notesdue May 15, 2024.4.21 Form of 2.00% Convertible Senior Notes due May 15,2024 (included in Exhibit 4.20).4.22 Indenture, dated as of August 18, 2017, by and among the Registrant, SolarCity, and U.S. Bank NationalAssociation, as trustee.4.23 Form of 5.30% Senior Note due August 15, 2025.","Registrant named therein.4.12 Waiver to Fifth Amended and Restated Investors' RightsAgreement, dated as of May 18, 2016,between the Registrant and certain holders of the capital stock of the Registrant named therein.4.13 Waiver to Fifth Amended and Restated Investors' RightsAgreement, dated as of March 15,2017,between theRegistrant and certain holders of the capital stock of theRegistrant named therein.4.14 Waiver to Fifth Amended and Restated Investors' RightsAgreement,dated as of May 1,2019,between theRegistrant and certain holders of the capital stock of theRegistrant named therein.4.15 Indenture, dated as of May 22,2013,by and between the Registrant and U.S. Bank National Association.4.16 Third Supplemental Indenture， dated as of March 5, 2014,by and between the Registrant and U.S. BankNational Association.4.17 Form of 1.25% Convertible Senior Note Due March 1.2021 (included in Exhibit 4.16).4.18 Fourth Supplemental Indenture， dated as of March 22,2017,by and between the Registrant and U.S. Bank National Association.4.19 Form of 2.375% Convertible Senior Note Due March 15. 2022 (included in Exhibit 4.18).4.20 Fifth Supplemental Indenture, dated as of May 7, 2019,by and between Registrant and U.S. Bank NationalAssociation, related to 2.00% Convertible Senior Notesdue May 15, 2024.4.21 Form of 2.00% Convertible Senior Notes due May 15,2024 (included in Exhibit 4.20).4.22 Indenture, dated as of August 18, 2017, by and among the Registrant, SolarCity, and U.S. Bank NationalAssociation, as trustee.4.23 Form of 5.30% Senior Note due August 15, 2025.","Registrant named therein.4.12 Waiver to Fifth Amended and Restated Investors' RightsAgreement, dated as of May 18, 2016,between the Registrant and certain holders of the capital stock of the Registrant named therein.4.13 Waiver to Fifth Amended and Restated Investors' RightsAgreement, dated as of March 15,2017,between theRegistrant and certain holders of the capital stock of theRegistrant named therein.4.14 Waiver to Fifth Amended and Restated Investors' RightsAgreement,dated as of May 1,2019,between theRegistrant and certain holders of the capital stock of theRegistrant named therein.4.15 Indenture, dated as of May 22,2013,by and between the Registrant and U.S. Bank National Association.4.16 Third Supplemental Indenture， dated as of March 5, 2014,by and between the Registrant and U.S. BankNational Association.4.17 Form of 1.25% Convertible Senior Note Due March 1.2021 (included in Exhibit 4.16).4.18 Fourth Supplemental Indenture， dated as of March 22,2017,by and between the Registrant and U.S. Bank National Association.4.19 Form of 2.375% Convertible Senior Note Due March 15. 2022 (included in Exhibit 4.18).4.20 Fifth Supplemental Indenture, dated as of May 7, 2019,by and between Registrant and U.S. Bank NationalAssociation, related to 2.00% Convertible Senior Notesdue May 15, 2024.4.21 Form of 2.00% Convertible Senior Notes due May 15,2024 (included in Exhibit 4.20).4.22 Indenture, dated as of August 18, 2017, by and among the Registrant, SolarCity, and U.S. Bank NationalAssociation, as trustee.4.23 Form of 5.30% Senior Note due August 15, 2025.",Registrant and certain holders of the capital stock of the,,,,4.1,4.1,4.1,4.1,4.1,,,,,,,,,,
"Registrant named therein.4.12 Waiver to Fifth Amended and Restated Investors' RightsAgreement, dated as of May 18, 2016,between the Registrant and certain holders of the capital stock of the Registrant named therein.4.13 Waiver to Fifth Amended and Restated Investors' RightsAgreement, dated as of March 15,2017,between theRegistrant and certain holders of the capital stock of theRegistrant named therein.4.14 Waiver to Fifth Amended and Restated Investors' RightsAgreement,dated as of May 1,2019,between theRegistrant and certain holders of the capital stock of theRegistrant named therein.4.15 Indenture, dated as of May 22,2013,by and between the Registrant and U.S. Bank National Association.4.16 Third Supplemental Indenture， dated as of March 5, 2014,by and between the Registrant and U.S. BankNational Association.4.17 Form of 1.25% Convertible Senior Note Due March 1.2021 (included in Exhibit 4.16).4.18 Fourth Supplemental Indenture， dated as of March 22,2017,by and between the Registrant and U.S. Bank National Association.4.19 Form of 2.375% Convertible Senior Note Due March 15. 2022 (included in Exhibit 4.18).4.20 Fifth Supplemental Indenture, dated as of May 7, 2019,by and between Registrant and U.S. Bank NationalAssociation, related to 2.00% Convertible Senior Notesdue May 15, 2024.4.21 Form of 2.00% Convertible Senior Notes due May 15,2024 (included in Exhibit 4.20).4.22 Indenture, dated as of August 18, 2017, by and among the Registrant, SolarCity, and U.S. Bank NationalAssociation, as trustee.4.23 Form of 5.30% Senior Note due August 15, 2025.","Registrant named therein.4.12 Waiver to Fifth Amended and Restated Investors' RightsAgreement, dated as of May 18, 2016,between the Registrant and certain holders of the capital stock of the Registrant named therein.4.13 Waiver to Fifth Amended and Restated Investors' RightsAgreement, dated as of March 15,2017,between theRegistrant and certain holders of the capital stock of theRegistrant named therein.4.14 Waiver to Fifth Amended and Restated Investors' RightsAgreement,dated as of May 1,2019,between theRegistrant and certain holders of the capital stock of theRegistrant named therein.4.15 Indenture, dated as of May 22,2013,by and between the Registrant and U.S. Bank National Association.4.16 Third Supplemental Indenture， dated as of March 5, 2014,by and between the Registrant and U.S. BankNational Association.4.17 Form of 1.25% Convertible Senior Note Due March 1.2021 (included in Exhibit 4.16).4.18 Fourth Supplemental Indenture， dated as of March 22,2017,by and between the Registrant and U.S. Bank National Association.4.19 Form of 2.375% Convertible Senior Note Due March 15. 2022 (included in Exhibit 4.18).4.20 Fifth Supplemental Indenture, dated as of May 7, 2019,by and between Registrant and U.S. Bank NationalAssociation, related to 2.00% Convertible Senior Notesdue May 15, 2024.4.21 Form of 2.00% Convertible Senior Notes due May 15,2024 (included in Exhibit 4.20).4.22 Indenture, dated as of August 18, 2017, by and among the Registrant, SolarCity, and U.S. Bank NationalAssociation, as trustee.4.23 Form of 5.30% Senior Note due August 15, 2025.","Registrant named therein.4.12 Waiver to Fifth Amended and Restated Investors' RightsAgreement, dated as of May 18, 2016,between the Registrant and certain holders of the capital stock of the Registrant named therein.4.13 Waiver to Fifth Amended and Restated Investors' RightsAgreement, dated as of March 15,2017,between theRegistrant and certain holders of the capital stock of theRegistrant named therein.4.14 Waiver to Fifth Amended and Restated Investors' RightsAgreement,dated as of May 1,2019,between theRegistrant and certain holders of the capital stock of theRegistrant named therein.4.15 Indenture, dated as of May 22,2013,by and between the Registrant and U.S. Bank National Association.4.16 Third Supplemental Indenture， dated as of March 5, 2014,by and between the Registrant and U.S. BankNational Association.4.17 Form of 1.25% Convertible Senior Note Due March 1.2021 (included in Exhibit 4.16).4.18 Fourth Supplemental Indenture， dated as of March 22,2017,by and between the Registrant and U.S. Bank National Association.4.19 Form of 2.375% Convertible Senior Note Due March 15. 2022 (included in Exhibit 4.18).4.20 Fifth Supplemental Indenture, dated as of May 7, 2019,by and between Registrant and U.S. Bank NationalAssociation, related to 2.00% Convertible Senior Notesdue May 15, 2024.4.21 Form of 2.00% Convertible Senior Notes due May 15,2024 (included in Exhibit 4.20).4.22 Indenture, dated as of August 18, 2017, by and among the Registrant, SolarCity, and U.S. Bank NationalAssociation, as trustee.4.23 Form of 5.30% Senior Note due August 15, 2025.","Registrant named therein.4.12 Waiver to Fifth Amended and Restated Investors' RightsAgreement, dated as of May 18, 2016,between the Registrant and certain holders of the capital stock of the Registrant named therein.4.13 Waiver to Fifth Amended and Restated Investors' RightsAgreement, dated as of March 15,2017,between theRegistrant and certain holders of the capital stock of theRegistrant named therein.4.14 Waiver to Fifth Amended and Restated Investors' RightsAgreement,dated as of May 1,2019,between theRegistrant and certain holders of the capital stock of theRegistrant named therein.4.15 Indenture, dated as of May 22,2013,by and between the Registrant and U.S. Bank National Association.4.16 Third Supplemental Indenture， dated as of March 5, 2014,by and between the Registrant and U.S. BankNational Association.4.17 Form of 1.25% Convertible Senior Note Due March 1.2021 (included in Exhibit 4.16).4.18 Fourth Supplemental Indenture， dated as of March 22,2017,by and between the Registrant and U.S. Bank National Association.4.19 Form of 2.375% Convertible Senior Note Due March 15. 2022 (included in Exhibit 4.18).4.20 Fifth Supplemental Indenture, dated as of May 7, 2019,by and between Registrant and U.S. Bank NationalAssociation, related to 2.00% Convertible Senior Notesdue May 15, 2024.4.21 Form of 2.00% Convertible Senior Notes due May 15,2024 (included in Exhibit 4.20).4.22 Indenture, dated as of August 18, 2017, by and among the Registrant, SolarCity, and U.S. Bank NationalAssociation, as trustee.4.23 Form of 5.30% Senior Note due August 15, 2025.","Registrant named therein.4.12 Waiver to Fifth Amended and Restated Investors' RightsAgreement, dated as of May 18, 2016,between the Registrant and certain holders of the capital stock of the Registrant named therein.4.13 Waiver to Fifth Amended and Restated Investors' RightsAgreement, dated as of March 15,2017,between theRegistrant and certain holders of the capital stock of theRegistrant named therein.4.14 Waiver to Fifth Amended and Restated Investors' RightsAgreement,dated as of May 1,2019,between theRegistrant and certain holders of the capital stock of theRegistrant named therein.4.15 Indenture, dated as of May 22,2013,by and between the Registrant and U.S. Bank National Association.4.16 Third Supplemental Indenture， dated as of March 5, 2014,by and between the Registrant and U.S. BankNational Association.4.17 Form of 1.25% Convertible Senior Note Due March 1.2021 (included in Exhibit 4.16).4.18 Fourth Supplemental Indenture， dated as of March 22,2017,by and between the Registrant and U.S. Bank National Association.4.19 Form of 2.375% Convertible Senior Note Due March 15. 2022 (included in Exhibit 4.18).4.20 Fifth Supplemental Indenture, dated as of May 7, 2019,by and between Registrant and U.S. Bank NationalAssociation, related to 2.00% Convertible Senior Notesdue May 15, 2024.4.21 Form of 2.00% Convertible Senior Notes due May 15,2024 (included in Exhibit 4.20).4.22 Indenture, dated as of August 18, 2017, by and among the Registrant, SolarCity, and U.S. Bank NationalAssociation, as trustee.4.23 Form of 5.30% Senior Note due August 15, 2025.",Registrant named therein.,,,,4.1,4.1,4.1,4.1,4.1,,,,,,,,,,
"Registrant named therein.4.12 Waiver to Fifth Amended and Restated Investors' RightsAgreement, dated as of May 18, 2016,between the Registrant and certain holders of the capital stock of the Registrant named therein.4.13 Waiver to Fifth Amended and Restated Investors' RightsAgreement, dated as of March 15,2017,between theRegistrant and certain holders of the capital stock of theRegistrant named therein.4.14 Waiver to Fifth Amended and Restated Investors' RightsAgreement,dated as of May 1,2019,between theRegistrant and certain holders of the capital stock of theRegistrant named therein.4.15 Indenture, dated as of May 22,2013,by and between the Registrant and U.S. Bank National Association.4.16 Third Supplemental Indenture， dated as of March 5, 2014,by and between the Registrant and U.S. BankNational Association.4.17 Form of 1.25% Convertible Senior Note Due March 1.2021 (included in Exhibit 4.16).4.18 Fourth Supplemental Indenture， dated as of March 22,2017,by and between the Registrant and U.S. Bank National Association.4.19 Form of 2.375% Convertible Senior Note Due March 15. 2022 (included in Exhibit 4.18).4.20 Fifth Supplemental Indenture, dated as of May 7, 2019,by and between Registrant and U.S. Bank NationalAssociation, related to 2.00% Convertible Senior Notesdue May 15, 2024.4.21 Form of 2.00% Convertible Senior Notes due May 15,2024 (included in Exhibit 4.20).4.22 Indenture, dated as of August 18, 2017, by and among the Registrant, SolarCity, and U.S. Bank NationalAssociation, as trustee.4.23 Form of 5.30% Senior Note due August 15, 2025.","Registrant named therein.4.12 Waiver to Fifth Amended and Restated Investors' RightsAgreement, dated as of May 18, 2016,between the Registrant and certain holders of the capital stock of the Registrant named therein.4.13 Waiver to Fifth Amended and Restated Investors' RightsAgreement, dated as of March 15,2017,between theRegistrant and certain holders of the capital stock of theRegistrant named therein.4.14 Waiver to Fifth Amended and Restated Investors' RightsAgreement,dated as of May 1,2019,between theRegistrant and certain holders of the capital stock of theRegistrant named therein.4.15 Indenture, dated as of May 22,2013,by and between the Registrant and U.S. Bank National Association.4.16 Third Supplemental Indenture， dated as of March 5, 2014,by and between the Registrant and U.S. BankNational Association.4.17 Form of 1.25% Convertible Senior Note Due March 1.2021 (included in Exhibit 4.16).4.18 Fourth Supplemental Indenture， dated as of March 22,2017,by and between the Registrant and U.S. Bank National Association.4.19 Form of 2.375% Convertible Senior Note Due March 15. 2022 (included in Exhibit 4.18).4.20 Fifth Supplemental Indenture, dated as of May 7, 2019,by and between Registrant and U.S. Bank NationalAssociation, related to 2.00% Convertible Senior Notesdue May 15, 2024.4.21 Form of 2.00% Convertible Senior Notes due May 15,2024 (included in Exhibit 4.20).4.22 Indenture, dated as of August 18, 2017, by and among the Registrant, SolarCity, and U.S. Bank NationalAssociation, as trustee.4.23 Form of 5.30% Senior Note due August 15, 2025.","Registrant named therein.4.12 Waiver to Fifth Amended and Restated Investors' RightsAgreement, dated as of May 18, 2016,between the Registrant and certain holders of the capital stock of the Registrant named therein.4.13 Waiver to Fifth Amended and Restated Investors' RightsAgreement, dated as of March 15,2017,between theRegistrant and certain holders of the capital stock of theRegistrant named therein.4.14 Waiver to Fifth Amended and Restated Investors' RightsAgreement,dated as of May 1,2019,between theRegistrant and certain holders of the capital stock of theRegistrant named therein.4.15 Indenture, dated as of May 22,2013,by and between the Registrant and U.S. Bank National Association.4.16 Third Supplemental Indenture， dated as of March 5, 2014,by and between the Registrant and U.S. BankNational Association.4.17 Form of 1.25% Convertible Senior Note Due March 1.2021 (included in Exhibit 4.16).4.18 Fourth Supplemental Indenture， dated as of March 22,2017,by and between the Registrant and U.S. Bank National Association.4.19 Form of 2.375% Convertible Senior Note Due March 15. 2022 (included in Exhibit 4.18).4.20 Fifth Supplemental Indenture, dated as of May 7, 2019,by and between Registrant and U.S. Bank NationalAssociation, related to 2.00% Convertible Senior Notesdue May 15, 2024.4.21 Form of 2.00% Convertible Senior Notes due May 15,2024 (included in Exhibit 4.20).4.22 Indenture, dated as of August 18, 2017, by and among the Registrant, SolarCity, and U.S. Bank NationalAssociation, as trustee.4.23 Form of 5.30% Senior Note due August 15, 2025.","Registrant named therein.4.12 Waiver to Fifth Amended and Restated Investors' RightsAgreement, dated as of May 18, 2016,between the Registrant and certain holders of the capital stock of the Registrant named therein.4.13 Waiver to Fifth Amended and Restated Investors' RightsAgreement, dated as of March 15,2017,between theRegistrant and certain holders of the capital stock of theRegistrant named therein.4.14 Waiver to Fifth Amended and Restated Investors' RightsAgreement,dated as of May 1,2019,between theRegistrant and certain holders of the capital stock of theRegistrant named therein.4.15 Indenture, dated as of May 22,2013,by and between the Registrant and U.S. Bank National Association.4.16 Third Supplemental Indenture， dated as of March 5, 2014,by and between the Registrant and U.S. BankNational Association.4.17 Form of 1.25% Convertible Senior Note Due March 1.2021 (included in Exhibit 4.16).4.18 Fourth Supplemental Indenture， dated as of March 22,2017,by and between the Registrant and U.S. Bank National Association.4.19 Form of 2.375% Convertible Senior Note Due March 15. 2022 (included in Exhibit 4.18).4.20 Fifth Supplemental Indenture, dated as of May 7, 2019,by and between Registrant and U.S. Bank NationalAssociation, related to 2.00% Convertible Senior Notesdue May 15, 2024.4.21 Form of 2.00% Convertible Senior Notes due May 15,2024 (included in Exhibit 4.20).4.22 Indenture, dated as of August 18, 2017, by and among the Registrant, SolarCity, and U.S. Bank NationalAssociation, as trustee.4.23 Form of 5.30% Senior Note due August 15, 2025.","Registrant named therein.4.12 Waiver to Fifth Amended and Restated Investors' RightsAgreement, dated as of May 18, 2016,between the Registrant and certain holders of the capital stock of the Registrant named therein.4.13 Waiver to Fifth Amended and Restated Investors' RightsAgreement, dated as of March 15,2017,between theRegistrant and certain holders of the capital stock of theRegistrant named therein.4.14 Waiver to Fifth Amended and Restated Investors' RightsAgreement,dated as of May 1,2019,between theRegistrant and certain holders of the capital stock of theRegistrant named therein.4.15 Indenture, dated as of May 22,2013,by and between the Registrant and U.S. Bank National Association.4.16 Third Supplemental Indenture， dated as of March 5, 2014,by and between the Registrant and U.S. BankNational Association.4.17 Form of 1.25% Convertible Senior Note Due March 1.2021 (included in Exhibit 4.16).4.18 Fourth Supplemental Indenture， dated as of March 22,2017,by and between the Registrant and U.S. Bank National Association.4.19 Form of 2.375% Convertible Senior Note Due March 15. 2022 (included in Exhibit 4.18).4.20 Fifth Supplemental Indenture, dated as of May 7, 2019,by and between Registrant and U.S. Bank NationalAssociation, related to 2.00% Convertible Senior Notesdue May 15, 2024.4.21 Form of 2.00% Convertible Senior Notes due May 15,2024 (included in Exhibit 4.20).4.22 Indenture, dated as of August 18, 2017, by and among the Registrant, SolarCity, and U.S. Bank NationalAssociation, as trustee.4.23 Form of 5.30% Senior Note due August 15, 2025.",Waiver to Fifth Amended and Restated Investors' Rights,8-K,8-K,8-K,4.1,4.1,4.1,4.1,4.1,001-34756,001-34756,,,,,,,4.1,4.1
"Registrant named therein.4.12 Waiver to Fifth Amended and Restated Investors' RightsAgreement, dated as of May 18, 2016,between the Registrant and certain holders of the capital stock of the Registrant named therein.4.13 Waiver to Fifth Amended and Restated Investors' RightsAgreement, dated as of March 15,2017,between theRegistrant and certain holders of the capital stock of theRegistrant named therein.4.14 Waiver to Fifth Amended and Restated Investors' RightsAgreement,dated as of May 1,2019,between theRegistrant and certain holders of the capital stock of theRegistrant named therein.4.15 Indenture, dated as of May 22,2013,by and between the Registrant and U.S. Bank National Association.4.16 Third Supplemental Indenture， dated as of March 5, 2014,by and between the Registrant and U.S. BankNational Association.4.17 Form of 1.25% Convertible Senior Note Due March 1.2021 (included in Exhibit 4.16).4.18 Fourth Supplemental Indenture， dated as of March 22,2017,by and between the Registrant and U.S. Bank National Association.4.19 Form of 2.375% Convertible Senior Note Due March 15. 2022 (included in Exhibit 4.18).4.20 Fifth Supplemental Indenture, dated as of May 7, 2019,by and between Registrant and U.S. Bank NationalAssociation, related to 2.00% Convertible Senior Notesdue May 15, 2024.4.21 Form of 2.00% Convertible Senior Notes due May 15,2024 (included in Exhibit 4.20).4.22 Indenture, dated as of August 18, 2017, by and among the Registrant, SolarCity, and U.S. Bank NationalAssociation, as trustee.4.23 Form of 5.30% Senior Note due August 15, 2025.","Registrant named therein.4.12 Waiver to Fifth Amended and Restated Investors' RightsAgreement, dated as of May 18, 2016,between the Registrant and certain holders of the capital stock of the Registrant named therein.4.13 Waiver to Fifth Amended and Restated Investors' RightsAgreement, dated as of March 15,2017,between theRegistrant and certain holders of the capital stock of theRegistrant named therein.4.14 Waiver to Fifth Amended and Restated Investors' RightsAgreement,dated as of May 1,2019,between theRegistrant and certain holders of the capital stock of theRegistrant named therein.4.15 Indenture, dated as of May 22,2013,by and between the Registrant and U.S. Bank National Association.4.16 Third Supplemental Indenture， dated as of March 5, 2014,by and between the Registrant and U.S. BankNational Association.4.17 Form of 1.25% Convertible Senior Note Due March 1.2021 (included in Exhibit 4.16).4.18 Fourth Supplemental Indenture， dated as of March 22,2017,by and between the Registrant and U.S. Bank National Association.4.19 Form of 2.375% Convertible Senior Note Due March 15. 2022 (included in Exhibit 4.18).4.20 Fifth Supplemental Indenture, dated as of May 7, 2019,by and between Registrant and U.S. Bank NationalAssociation, related to 2.00% Convertible Senior Notesdue May 15, 2024.4.21 Form of 2.00% Convertible Senior Notes due May 15,2024 (included in Exhibit 4.20).4.22 Indenture, dated as of August 18, 2017, by and among the Registrant, SolarCity, and U.S. Bank NationalAssociation, as trustee.4.23 Form of 5.30% Senior Note due August 15, 2025.","Registrant named therein.4.12 Waiver to Fifth Amended and Restated Investors' RightsAgreement, dated as of May 18, 2016,between the Registrant and certain holders of the capital stock of the Registrant named therein.4.13 Waiver to Fifth Amended and Restated Investors' RightsAgreement, dated as of March 15,2017,between theRegistrant and certain holders of the capital stock of theRegistrant named therein.4.14 Waiver to Fifth Amended and Restated Investors' RightsAgreement,dated as of May 1,2019,between theRegistrant and certain holders of the capital stock of theRegistrant named therein.4.15 Indenture, dated as of May 22,2013,by and between the Registrant and U.S. Bank National Association.4.16 Third Supplemental Indenture， dated as of March 5, 2014,by and between the Registrant and U.S. BankNational Association.4.17 Form of 1.25% Convertible Senior Note Due March 1.2021 (included in Exhibit 4.16).4.18 Fourth Supplemental Indenture， dated as of March 22,2017,by and between the Registrant and U.S. Bank National Association.4.19 Form of 2.375% Convertible Senior Note Due March 15. 2022 (included in Exhibit 4.18).4.20 Fifth Supplemental Indenture, dated as of May 7, 2019,by and between Registrant and U.S. Bank NationalAssociation, related to 2.00% Convertible Senior Notesdue May 15, 2024.4.21 Form of 2.00% Convertible Senior Notes due May 15,2024 (included in Exhibit 4.20).4.22 Indenture, dated as of August 18, 2017, by and among the Registrant, SolarCity, and U.S. Bank NationalAssociation, as trustee.4.23 Form of 5.30% Senior Note due August 15, 2025.","Registrant named therein.4.12 Waiver to Fifth Amended and Restated Investors' RightsAgreement, dated as of May 18, 2016,between the Registrant and certain holders of the capital stock of the Registrant named therein.4.13 Waiver to Fifth Amended and Restated Investors' RightsAgreement, dated as of March 15,2017,between theRegistrant and certain holders of the capital stock of theRegistrant named therein.4.14 Waiver to Fifth Amended and Restated Investors' RightsAgreement,dated as of May 1,2019,between theRegistrant and certain holders of the capital stock of theRegistrant named therein.4.15 Indenture, dated as of May 22,2013,by and between the Registrant and U.S. Bank National Association.4.16 Third Supplemental Indenture， dated as of March 5, 2014,by and between the Registrant and U.S. BankNational Association.4.17 Form of 1.25% Convertible Senior Note Due March 1.2021 (included in Exhibit 4.16).4.18 Fourth Supplemental Indenture， dated as of March 22,2017,by and between the Registrant and U.S. Bank National Association.4.19 Form of 2.375% Convertible Senior Note Due March 15. 2022 (included in Exhibit 4.18).4.20 Fifth Supplemental Indenture, dated as of May 7, 2019,by and between Registrant and U.S. Bank NationalAssociation, related to 2.00% Convertible Senior Notesdue May 15, 2024.4.21 Form of 2.00% Convertible Senior Notes due May 15,2024 (included in Exhibit 4.20).4.22 Indenture, dated as of August 18, 2017, by and among the Registrant, SolarCity, and U.S. Bank NationalAssociation, as trustee.4.23 Form of 5.30% Senior Note due August 15, 2025.","Registrant named therein.4.12 Waiver to Fifth Amended and Restated Investors' RightsAgreement, dated as of May 18, 2016,between the Registrant and certain holders of the capital stock of the Registrant named therein.4.13 Waiver to Fifth Amended and Restated Investors' RightsAgreement, dated as of March 15,2017,between theRegistrant and certain holders of the capital stock of theRegistrant named therein.4.14 Waiver to Fifth Amended and Restated Investors' RightsAgreement,dated as of May 1,2019,between theRegistrant and certain holders of the capital stock of theRegistrant named therein.4.15 Indenture, dated as of May 22,2013,by and between the Registrant and U.S. Bank National Association.4.16 Third Supplemental Indenture， dated as of March 5, 2014,by and between the Registrant and U.S. BankNational Association.4.17 Form of 1.25% Convertible Senior Note Due March 1.2021 (included in Exhibit 4.16).4.18 Fourth Supplemental Indenture， dated as of March 22,2017,by and between the Registrant and U.S. Bank National Association.4.19 Form of 2.375% Convertible Senior Note Due March 15. 2022 (included in Exhibit 4.18).4.20 Fifth Supplemental Indenture, dated as of May 7, 2019,by and between Registrant and U.S. Bank NationalAssociation, related to 2.00% Convertible Senior Notesdue May 15, 2024.4.21 Form of 2.00% Convertible Senior Notes due May 15,2024 (included in Exhibit 4.20).4.22 Indenture, dated as of August 18, 2017, by and among the Registrant, SolarCity, and U.S. Bank NationalAssociation, as trustee.4.23 Form of 5.30% Senior Note due August 15, 2025.","Agreement, dated as of March 15,2017,between the",,,,,,,,,,"May 20,2013August 19,2015May 24,2016March 17,2017May 3,2019May 22,2013",,,,,,,,
"Registrant named therein.4.12 Waiver to Fifth Amended and Restated Investors' RightsAgreement, dated as of May 18, 2016,between the Registrant and certain holders of the capital stock of the Registrant named therein.4.13 Waiver to Fifth Amended and Restated Investors' RightsAgreement, dated as of March 15,2017,between theRegistrant and certain holders of the capital stock of theRegistrant named therein.4.14 Waiver to Fifth Amended and Restated Investors' RightsAgreement,dated as of May 1,2019,between theRegistrant and certain holders of the capital stock of theRegistrant named therein.4.15 Indenture, dated as of May 22,2013,by and between the Registrant and U.S. Bank National Association.4.16 Third Supplemental Indenture， dated as of March 5, 2014,by and between the Registrant and U.S. BankNational Association.4.17 Form of 1.25% Convertible Senior Note Due March 1.2021 (included in Exhibit 4.16).4.18 Fourth Supplemental Indenture， dated as of March 22,2017,by and between the Registrant and U.S. Bank National Association.4.19 Form of 2.375% Convertible Senior Note Due March 15. 2022 (included in Exhibit 4.18).4.20 Fifth Supplemental Indenture, dated as of May 7, 2019,by and between Registrant and U.S. Bank NationalAssociation, related to 2.00% Convertible Senior Notesdue May 15, 2024.4.21 Form of 2.00% Convertible Senior Notes due May 15,2024 (included in Exhibit 4.20).4.22 Indenture, dated as of August 18, 2017, by and among the Registrant, SolarCity, and U.S. Bank NationalAssociation, as trustee.4.23 Form of 5.30% Senior Note due August 15, 2025.","Registrant named therein.4.12 Waiver to Fifth Amended and Restated Investors' RightsAgreement, dated as of May 18, 2016,between the Registrant and certain holders of the capital stock of the Registrant named therein.4.13 Waiver to Fifth Amended and Restated Investors' RightsAgreement, dated as of March 15,2017,between theRegistrant and certain holders of the capital stock of theRegistrant named therein.4.14 Waiver to Fifth Amended and Restated Investors' RightsAgreement,dated as of May 1,2019,between theRegistrant and certain holders of the capital stock of theRegistrant named therein.4.15 Indenture, dated as of May 22,2013,by and between the Registrant and U.S. Bank National Association.4.16 Third Supplemental Indenture， dated as of March 5, 2014,by and between the Registrant and U.S. BankNational Association.4.17 Form of 1.25% Convertible Senior Note Due March 1.2021 (included in Exhibit 4.16).4.18 Fourth Supplemental Indenture， dated as of March 22,2017,by and between the Registrant and U.S. Bank National Association.4.19 Form of 2.375% Convertible Senior Note Due March 15. 2022 (included in Exhibit 4.18).4.20 Fifth Supplemental Indenture, dated as of May 7, 2019,by and between Registrant and U.S. Bank NationalAssociation, related to 2.00% Convertible Senior Notesdue May 15, 2024.4.21 Form of 2.00% Convertible Senior Notes due May 15,2024 (included in Exhibit 4.20).4.22 Indenture, dated as of August 18, 2017, by and among the Registrant, SolarCity, and U.S. Bank NationalAssociation, as trustee.4.23 Form of 5.30% Senior Note due August 15, 2025.","Registrant named therein.4.12 Waiver to Fifth Amended and Restated Investors' RightsAgreement, dated as of May 18, 2016,between the Registrant and certain holders of the capital stock of the Registrant named therein.4.13 Waiver to Fifth Amended and Restated Investors' RightsAgreement, dated as of March 15,2017,between theRegistrant and certain holders of the capital stock of theRegistrant named therein.4.14 Waiver to Fifth Amended and Restated Investors' RightsAgreement,dated as of May 1,2019,between theRegistrant and certain holders of the capital stock of theRegistrant named therein.4.15 Indenture, dated as of May 22,2013,by and between the Registrant and U.S. Bank National Association.4.16 Third Supplemental Indenture， dated as of March 5, 2014,by and between the Registrant and U.S. BankNational Association.4.17 Form of 1.25% Convertible Senior Note Due March 1.2021 (included in Exhibit 4.16).4.18 Fourth Supplemental Indenture， dated as of March 22,2017,by and between the Registrant and U.S. Bank National Association.4.19 Form of 2.375% Convertible Senior Note Due March 15. 2022 (included in Exhibit 4.18).4.20 Fifth Supplemental Indenture, dated as of May 7, 2019,by and between Registrant and U.S. Bank NationalAssociation, related to 2.00% Convertible Senior Notesdue May 15, 2024.4.21 Form of 2.00% Convertible Senior Notes due May 15,2024 (included in Exhibit 4.20).4.22 Indenture, dated as of August 18, 2017, by and among the Registrant, SolarCity, and U.S. Bank NationalAssociation, as trustee.4.23 Form of 5.30% Senior Note due August 15, 2025.","Registrant named therein.4.12 Waiver to Fifth Amended and Restated Investors' RightsAgreement, dated as of May 18, 2016,between the Registrant and certain holders of the capital stock of the Registrant named therein.4.13 Waiver to Fifth Amended and Restated Investors' RightsAgreement, dated as of March 15,2017,between theRegistrant and certain holders of the capital stock of theRegistrant named therein.4.14 Waiver to Fifth Amended and Restated Investors' RightsAgreement,dated as of May 1,2019,between theRegistrant and certain holders of the capital stock of theRegistrant named therein.4.15 Indenture, dated as of May 22,2013,by and between the Registrant and U.S. Bank National Association.4.16 Third Supplemental Indenture， dated as of March 5, 2014,by and between the Registrant and U.S. BankNational Association.4.17 Form of 1.25% Convertible Senior Note Due March 1.2021 (included in Exhibit 4.16).4.18 Fourth Supplemental Indenture， dated as of March 22,2017,by and between the Registrant and U.S. Bank National Association.4.19 Form of 2.375% Convertible Senior Note Due March 15. 2022 (included in Exhibit 4.18).4.20 Fifth Supplemental Indenture, dated as of May 7, 2019,by and between Registrant and U.S. Bank NationalAssociation, related to 2.00% Convertible Senior Notesdue May 15, 2024.4.21 Form of 2.00% Convertible Senior Notes due May 15,2024 (included in Exhibit 4.20).4.22 Indenture, dated as of August 18, 2017, by and among the Registrant, SolarCity, and U.S. Bank NationalAssociation, as trustee.4.23 Form of 5.30% Senior Note due August 15, 2025.","Registrant named therein.4.12 Waiver to Fifth Amended and Restated Investors' RightsAgreement, dated as of May 18, 2016,between the Registrant and certain holders of the capital stock of the Registrant named therein.4.13 Waiver to Fifth Amended and Restated Investors' RightsAgreement, dated as of March 15,2017,between theRegistrant and certain holders of the capital stock of theRegistrant named therein.4.14 Waiver to Fifth Amended and Restated Investors' RightsAgreement,dated as of May 1,2019,between theRegistrant and certain holders of the capital stock of theRegistrant named therein.4.15 Indenture, dated as of May 22,2013,by and between the Registrant and U.S. Bank National Association.4.16 Third Supplemental Indenture， dated as of March 5, 2014,by and between the Registrant and U.S. BankNational Association.4.17 Form of 1.25% Convertible Senior Note Due March 1.2021 (included in Exhibit 4.16).4.18 Fourth Supplemental Indenture， dated as of March 22,2017,by and between the Registrant and U.S. Bank National Association.4.19 Form of 2.375% Convertible Senior Note Due March 15. 2022 (included in Exhibit 4.18).4.20 Fifth Supplemental Indenture, dated as of May 7, 2019,by and between Registrant and U.S. Bank NationalAssociation, related to 2.00% Convertible Senior Notesdue May 15, 2024.4.21 Form of 2.00% Convertible Senior Notes due May 15,2024 (included in Exhibit 4.20).4.22 Indenture, dated as of August 18, 2017, by and among the Registrant, SolarCity, and U.S. Bank NationalAssociation, as trustee.4.23 Form of 5.30% Senior Note due August 15, 2025.",Registrant and certain holders of the capital stock of the,,,,,,,,,,"May 20,2013August 19,2015May 24,2016March 17,2017May 3,2019May 22,2013",,,,,,,,
"Registrant named therein.4.12 Waiver to Fifth Amended and Restated Investors' RightsAgreement, dated as of May 18, 2016,between the Registrant and certain holders of the capital stock of the Registrant named therein.4.13 Waiver to Fifth Amended and Restated Investors' RightsAgreement, dated as of March 15,2017,between theRegistrant and certain holders of the capital stock of theRegistrant named therein.4.14 Waiver to Fifth Amended and Restated Investors' RightsAgreement,dated as of May 1,2019,between theRegistrant and certain holders of the capital stock of theRegistrant named therein.4.15 Indenture, dated as of May 22,2013,by and between the Registrant and U.S. Bank National Association.4.16 Third Supplemental Indenture， dated as of March 5, 2014,by and between the Registrant and U.S. BankNational Association.4.17 Form of 1.25% Convertible Senior Note Due March 1.2021 (included in Exhibit 4.16).4.18 Fourth Supplemental Indenture， dated as of March 22,2017,by and between the Registrant and U.S. Bank National Association.4.19 Form of 2.375% Convertible Senior Note Due March 15. 2022 (included in Exhibit 4.18).4.20 Fifth Supplemental Indenture, dated as of May 7, 2019,by and between Registrant and U.S. Bank NationalAssociation, related to 2.00% Convertible Senior Notesdue May 15, 2024.4.21 Form of 2.00% Convertible Senior Notes due May 15,2024 (included in Exhibit 4.20).4.22 Indenture, dated as of August 18, 2017, by and among the Registrant, SolarCity, and U.S. Bank NationalAssociation, as trustee.4.23 Form of 5.30% Senior Note due August 15, 2025.","Registrant named therein.4.12 Waiver to Fifth Amended and Restated Investors' RightsAgreement, dated as of May 18, 2016,between the Registrant and certain holders of the capital stock of the Registrant named therein.4.13 Waiver to Fifth Amended and Restated Investors' RightsAgreement, dated as of March 15,2017,between theRegistrant and certain holders of the capital stock of theRegistrant named therein.4.14 Waiver to Fifth Amended and Restated Investors' RightsAgreement,dated as of May 1,2019,between theRegistrant and certain holders of the capital stock of theRegistrant named therein.4.15 Indenture, dated as of May 22,2013,by and between the Registrant and U.S. Bank National Association.4.16 Third Supplemental Indenture， dated as of March 5, 2014,by and between the Registrant and U.S. BankNational Association.4.17 Form of 1.25% Convertible Senior Note Due March 1.2021 (included in Exhibit 4.16).4.18 Fourth Supplemental Indenture， dated as of March 22,2017,by and between the Registrant and U.S. Bank National Association.4.19 Form of 2.375% Convertible Senior Note Due March 15. 2022 (included in Exhibit 4.18).4.20 Fifth Supplemental Indenture, dated as of May 7, 2019,by and between Registrant and U.S. Bank NationalAssociation, related to 2.00% Convertible Senior Notesdue May 15, 2024.4.21 Form of 2.00% Convertible Senior Notes due May 15,2024 (included in Exhibit 4.20).4.22 Indenture, dated as of August 18, 2017, by and among the Registrant, SolarCity, and U.S. Bank NationalAssociation, as trustee.4.23 Form of 5.30% Senior Note due August 15, 2025.","Registrant named therein.4.12 Waiver to Fifth Amended and Restated Investors' RightsAgreement, dated as of May 18, 2016,between the Registrant and certain holders of the capital stock of the Registrant named therein.4.13 Waiver to Fifth Amended and Restated Investors' RightsAgreement, dated as of March 15,2017,between theRegistrant and certain holders of the capital stock of theRegistrant named therein.4.14 Waiver to Fifth Amended and Restated Investors' RightsAgreement,dated as of May 1,2019,between theRegistrant and certain holders of the capital stock of theRegistrant named therein.4.15 Indenture, dated as of May 22,2013,by and between the Registrant and U.S. Bank National Association.4.16 Third Supplemental Indenture， dated as of March 5, 2014,by and between the Registrant and U.S. BankNational Association.4.17 Form of 1.25% Convertible Senior Note Due March 1.2021 (included in Exhibit 4.16).4.18 Fourth Supplemental Indenture， dated as of March 22,2017,by and between the Registrant and U.S. Bank National Association.4.19 Form of 2.375% Convertible Senior Note Due March 15. 2022 (included in Exhibit 4.18).4.20 Fifth Supplemental Indenture, dated as of May 7, 2019,by and between Registrant and U.S. Bank NationalAssociation, related to 2.00% Convertible Senior Notesdue May 15, 2024.4.21 Form of 2.00% Convertible Senior Notes due May 15,2024 (included in Exhibit 4.20).4.22 Indenture, dated as of August 18, 2017, by and among the Registrant, SolarCity, and U.S. Bank NationalAssociation, as trustee.4.23 Form of 5.30% Senior Note due August 15, 2025.","Registrant named therein.4.12 Waiver to Fifth Amended and Restated Investors' RightsAgreement, dated as of May 18, 2016,between the Registrant and certain holders of the capital stock of the Registrant named therein.4.13 Waiver to Fifth Amended and Restated Investors' RightsAgreement, dated as of March 15,2017,between theRegistrant and certain holders of the capital stock of theRegistrant named therein.4.14 Waiver to Fifth Amended and Restated Investors' RightsAgreement,dated as of May 1,2019,between theRegistrant and certain holders of the capital stock of theRegistrant named therein.4.15 Indenture, dated as of May 22,2013,by and between the Registrant and U.S. Bank National Association.4.16 Third Supplemental Indenture， dated as of March 5, 2014,by and between the Registrant and U.S. BankNational Association.4.17 Form of 1.25% Convertible Senior Note Due March 1.2021 (included in Exhibit 4.16).4.18 Fourth Supplemental Indenture， dated as of March 22,2017,by and between the Registrant and U.S. Bank National Association.4.19 Form of 2.375% Convertible Senior Note Due March 15. 2022 (included in Exhibit 4.18).4.20 Fifth Supplemental Indenture, dated as of May 7, 2019,by and between Registrant and U.S. Bank NationalAssociation, related to 2.00% Convertible Senior Notesdue May 15, 2024.4.21 Form of 2.00% Convertible Senior Notes due May 15,2024 (included in Exhibit 4.20).4.22 Indenture, dated as of August 18, 2017, by and among the Registrant, SolarCity, and U.S. Bank NationalAssociation, as trustee.4.23 Form of 5.30% Senior Note due August 15, 2025.","Registrant named therein.4.12 Waiver to Fifth Amended and Restated Investors' RightsAgreement, dated as of May 18, 2016,between the Registrant and certain holders of the capital stock of the Registrant named therein.4.13 Waiver to Fifth Amended and Restated Investors' RightsAgreement, dated as of March 15,2017,between theRegistrant and certain holders of the capital stock of theRegistrant named therein.4.14 Waiver to Fifth Amended and Restated Investors' RightsAgreement,dated as of May 1,2019,between theRegistrant and certain holders of the capital stock of theRegistrant named therein.4.15 Indenture, dated as of May 22,2013,by and between the Registrant and U.S. Bank National Association.4.16 Third Supplemental Indenture， dated as of March 5, 2014,by and between the Registrant and U.S. BankNational Association.4.17 Form of 1.25% Convertible Senior Note Due March 1.2021 (included in Exhibit 4.16).4.18 Fourth Supplemental Indenture， dated as of March 22,2017,by and between the Registrant and U.S. Bank National Association.4.19 Form of 2.375% Convertible Senior Note Due March 15. 2022 (included in Exhibit 4.18).4.20 Fifth Supplemental Indenture, dated as of May 7, 2019,by and between Registrant and U.S. Bank NationalAssociation, related to 2.00% Convertible Senior Notesdue May 15, 2024.4.21 Form of 2.00% Convertible Senior Notes due May 15,2024 (included in Exhibit 4.20).4.22 Indenture, dated as of August 18, 2017, by and among the Registrant, SolarCity, and U.S. Bank NationalAssociation, as trustee.4.23 Form of 5.30% Senior Note due August 15, 2025.",Registrant and certain holders of the capital stock of the,,,,,,,,,,,,,,,,,,
"Registrant named therein.4.12 Waiver to Fifth Amended and Restated Investors' RightsAgreement, dated as of May 18, 2016,between the Registrant and certain holders of the capital stock of the Registrant named therein.4.13 Waiver to Fifth Amended and Restated Investors' RightsAgreement, dated as of March 15,2017,between theRegistrant and certain holders of the capital stock of theRegistrant named therein.4.14 Waiver to Fifth Amended and Restated Investors' RightsAgreement,dated as of May 1,2019,between theRegistrant and certain holders of the capital stock of theRegistrant named therein.4.15 Indenture, dated as of May 22,2013,by and between the Registrant and U.S. Bank National Association.4.16 Third Supplemental Indenture， dated as of March 5, 2014,by and between the Registrant and U.S. BankNational Association.4.17 Form of 1.25% Convertible Senior Note Due March 1.2021 (included in Exhibit 4.16).4.18 Fourth Supplemental Indenture， dated as of March 22,2017,by and between the Registrant and U.S. Bank National Association.4.19 Form of 2.375% Convertible Senior Note Due March 15. 2022 (included in Exhibit 4.18).4.20 Fifth Supplemental Indenture, dated as of May 7, 2019,by and between Registrant and U.S. Bank NationalAssociation, related to 2.00% Convertible Senior Notesdue May 15, 2024.4.21 Form of 2.00% Convertible Senior Notes due May 15,2024 (included in Exhibit 4.20).4.22 Indenture, dated as of August 18, 2017, by and among the Registrant, SolarCity, and U.S. Bank NationalAssociation, as trustee.4.23 Form of 5.30% Senior Note due August 15, 2025.","Registrant named therein.4.12 Waiver to Fifth Amended and Restated Investors' RightsAgreement, dated as of May 18, 2016,between the Registrant and certain holders of the capital stock of the Registrant named therein.4.13 Waiver to Fifth Amended and Restated Investors' RightsAgreement, dated as of March 15,2017,between theRegistrant and certain holders of the capital stock of theRegistrant named therein.4.14 Waiver to Fifth Amended and Restated Investors' RightsAgreement,dated as of May 1,2019,between theRegistrant and certain holders of the capital stock of theRegistrant named therein.4.15 Indenture, dated as of May 22,2013,by and between the Registrant and U.S. Bank National Association.4.16 Third Supplemental Indenture， dated as of March 5, 2014,by and between the Registrant and U.S. BankNational Association.4.17 Form of 1.25% Convertible Senior Note Due March 1.2021 (included in Exhibit 4.16).4.18 Fourth Supplemental Indenture， dated as of March 22,2017,by and between the Registrant and U.S. Bank National Association.4.19 Form of 2.375% Convertible Senior Note Due March 15. 2022 (included in Exhibit 4.18).4.20 Fifth Supplemental Indenture, dated as of May 7, 2019,by and between Registrant and U.S. Bank NationalAssociation, related to 2.00% Convertible Senior Notesdue May 15, 2024.4.21 Form of 2.00% Convertible Senior Notes due May 15,2024 (included in Exhibit 4.20).4.22 Indenture, dated as of August 18, 2017, by and among the Registrant, SolarCity, and U.S. Bank NationalAssociation, as trustee.4.23 Form of 5.30% Senior Note due August 15, 2025.","Registrant named therein.4.12 Waiver to Fifth Amended and Restated Investors' RightsAgreement, dated as of May 18, 2016,between the Registrant and certain holders of the capital stock of the Registrant named therein.4.13 Waiver to Fifth Amended and Restated Investors' RightsAgreement, dated as of March 15,2017,between theRegistrant and certain holders of the capital stock of theRegistrant named therein.4.14 Waiver to Fifth Amended and Restated Investors' RightsAgreement,dated as of May 1,2019,between theRegistrant and certain holders of the capital stock of theRegistrant named therein.4.15 Indenture, dated as of May 22,2013,by and between the Registrant and U.S. Bank National Association.4.16 Third Supplemental Indenture， dated as of March 5, 2014,by and between the Registrant and U.S. BankNational Association.4.17 Form of 1.25% Convertible Senior Note Due March 1.2021 (included in Exhibit 4.16).4.18 Fourth Supplemental Indenture， dated as of March 22,2017,by and between the Registrant and U.S. Bank National Association.4.19 Form of 2.375% Convertible Senior Note Due March 15. 2022 (included in Exhibit 4.18).4.20 Fifth Supplemental Indenture, dated as of May 7, 2019,by and between Registrant and U.S. Bank NationalAssociation, related to 2.00% Convertible Senior Notesdue May 15, 2024.4.21 Form of 2.00% Convertible Senior Notes due May 15,2024 (included in Exhibit 4.20).4.22 Indenture, dated as of August 18, 2017, by and among the Registrant, SolarCity, and U.S. Bank NationalAssociation, as trustee.4.23 Form of 5.30% Senior Note due August 15, 2025.","Registrant named therein.4.12 Waiver to Fifth Amended and Restated Investors' RightsAgreement, dated as of May 18, 2016,between the Registrant and certain holders of the capital stock of the Registrant named therein.4.13 Waiver to Fifth Amended and Restated Investors' RightsAgreement, dated as of March 15,2017,between theRegistrant and certain holders of the capital stock of theRegistrant named therein.4.14 Waiver to Fifth Amended and Restated Investors' RightsAgreement,dated as of May 1,2019,between theRegistrant and certain holders of the capital stock of theRegistrant named therein.4.15 Indenture, dated as of May 22,2013,by and between the Registrant and U.S. Bank National Association.4.16 Third Supplemental Indenture， dated as of March 5, 2014,by and between the Registrant and U.S. BankNational Association.4.17 Form of 1.25% Convertible Senior Note Due March 1.2021 (included in Exhibit 4.16).4.18 Fourth Supplemental Indenture， dated as of March 22,2017,by and between the Registrant and U.S. Bank National Association.4.19 Form of 2.375% Convertible Senior Note Due March 15. 2022 (included in Exhibit 4.18).4.20 Fifth Supplemental Indenture, dated as of May 7, 2019,by and between Registrant and U.S. Bank NationalAssociation, related to 2.00% Convertible Senior Notesdue May 15, 2024.4.21 Form of 2.00% Convertible Senior Notes due May 15,2024 (included in Exhibit 4.20).4.22 Indenture, dated as of August 18, 2017, by and among the Registrant, SolarCity, and U.S. Bank NationalAssociation, as trustee.4.23 Form of 5.30% Senior Note due August 15, 2025.","Registrant named therein.4.12 Waiver to Fifth Amended and Restated Investors' RightsAgreement, dated as of May 18, 2016,between the Registrant and certain holders of the capital stock of the Registrant named therein.4.13 Waiver to Fifth Amended and Restated Investors' RightsAgreement, dated as of March 15,2017,between theRegistrant and certain holders of the capital stock of theRegistrant named therein.4.14 Waiver to Fifth Amended and Restated Investors' RightsAgreement,dated as of May 1,2019,between theRegistrant and certain holders of the capital stock of theRegistrant named therein.4.15 Indenture, dated as of May 22,2013,by and between the Registrant and U.S. Bank National Association.4.16 Third Supplemental Indenture， dated as of March 5, 2014,by and between the Registrant and U.S. BankNational Association.4.17 Form of 1.25% Convertible Senior Note Due March 1.2021 (included in Exhibit 4.16).4.18 Fourth Supplemental Indenture， dated as of March 22,2017,by and between the Registrant and U.S. Bank National Association.4.19 Form of 2.375% Convertible Senior Note Due March 15. 2022 (included in Exhibit 4.18).4.20 Fifth Supplemental Indenture, dated as of May 7, 2019,by and between Registrant and U.S. Bank NationalAssociation, related to 2.00% Convertible Senior Notesdue May 15, 2024.4.21 Form of 2.00% Convertible Senior Notes due May 15,2024 (included in Exhibit 4.20).4.22 Indenture, dated as of August 18, 2017, by and among the Registrant, SolarCity, and U.S. Bank NationalAssociation, as trustee.4.23 Form of 5.30% Senior Note due August 15, 2025.",Registrant and certain holders of the capital stock of the,,,,,,,,,,,,,,,,,,
"Registrant named therein.4.12 Waiver to Fifth Amended and Restated Investors' RightsAgreement, dated as of May 18, 2016,between the Registrant and certain holders of the capital stock of the Registrant named therein.4.13 Waiver to Fifth Amended and Restated Investors' RightsAgreement, dated as of March 15,2017,between theRegistrant and certain holders of the capital stock of theRegistrant named therein.4.14 Waiver to Fifth Amended and Restated Investors' RightsAgreement,dated as of May 1,2019,between theRegistrant and certain holders of the capital stock of theRegistrant named therein.4.15 Indenture, dated as of May 22,2013,by and between the Registrant and U.S. Bank National Association.4.16 Third Supplemental Indenture， dated as of March 5, 2014,by and between the Registrant and U.S. BankNational Association.4.17 Form of 1.25% Convertible Senior Note Due March 1.2021 (included in Exhibit 4.16).4.18 Fourth Supplemental Indenture， dated as of March 22,2017,by and between the Registrant and U.S. Bank National Association.4.19 Form of 2.375% Convertible Senior Note Due March 15. 2022 (included in Exhibit 4.18).4.20 Fifth Supplemental Indenture, dated as of May 7, 2019,by and between Registrant and U.S. Bank NationalAssociation, related to 2.00% Convertible Senior Notesdue May 15, 2024.4.21 Form of 2.00% Convertible Senior Notes due May 15,2024 (included in Exhibit 4.20).4.22 Indenture, dated as of August 18, 2017, by and among the Registrant, SolarCity, and U.S. Bank NationalAssociation, as trustee.4.23 Form of 5.30% Senior Note due August 15, 2025.","Registrant named therein.4.12 Waiver to Fifth Amended and Restated Investors' RightsAgreement, dated as of May 18, 2016,between the Registrant and certain holders of the capital stock of the Registrant named therein.4.13 Waiver to Fifth Amended and Restated Investors' RightsAgreement, dated as of March 15,2017,between theRegistrant and certain holders of the capital stock of theRegistrant named therein.4.14 Waiver to Fifth Amended and Restated Investors' RightsAgreement,dated as of May 1,2019,between theRegistrant and certain holders of the capital stock of theRegistrant named therein.4.15 Indenture, dated as of May 22,2013,by and between the Registrant and U.S. Bank National Association.4.16 Third Supplemental Indenture， dated as of March 5, 2014,by and between the Registrant and U.S. BankNational Association.4.17 Form of 1.25% Convertible Senior Note Due March 1.2021 (included in Exhibit 4.16).4.18 Fourth Supplemental Indenture， dated as of March 22,2017,by and between the Registrant and U.S. Bank National Association.4.19 Form of 2.375% Convertible Senior Note Due March 15. 2022 (included in Exhibit 4.18).4.20 Fifth Supplemental Indenture, dated as of May 7, 2019,by and between Registrant and U.S. Bank NationalAssociation, related to 2.00% Convertible Senior Notesdue May 15, 2024.4.21 Form of 2.00% Convertible Senior Notes due May 15,2024 (included in Exhibit 4.20).4.22 Indenture, dated as of August 18, 2017, by and among the Registrant, SolarCity, and U.S. Bank NationalAssociation, as trustee.4.23 Form of 5.30% Senior Note due August 15, 2025.","Registrant named therein.4.12 Waiver to Fifth Amended and Restated Investors' RightsAgreement, dated as of May 18, 2016,between the Registrant and certain holders of the capital stock of the Registrant named therein.4.13 Waiver to Fifth Amended and Restated Investors' RightsAgreement, dated as of March 15,2017,between theRegistrant and certain holders of the capital stock of theRegistrant named therein.4.14 Waiver to Fifth Amended and Restated Investors' RightsAgreement,dated as of May 1,2019,between theRegistrant and certain holders of the capital stock of theRegistrant named therein.4.15 Indenture, dated as of May 22,2013,by and between the Registrant and U.S. Bank National Association.4.16 Third Supplemental Indenture， dated as of March 5, 2014,by and between the Registrant and U.S. BankNational Association.4.17 Form of 1.25% Convertible Senior Note Due March 1.2021 (included in Exhibit 4.16).4.18 Fourth Supplemental Indenture， dated as of March 22,2017,by and between the Registrant and U.S. Bank National Association.4.19 Form of 2.375% Convertible Senior Note Due March 15. 2022 (included in Exhibit 4.18).4.20 Fifth Supplemental Indenture, dated as of May 7, 2019,by and between Registrant and U.S. Bank NationalAssociation, related to 2.00% Convertible Senior Notesdue May 15, 2024.4.21 Form of 2.00% Convertible Senior Notes due May 15,2024 (included in Exhibit 4.20).4.22 Indenture, dated as of August 18, 2017, by and among the Registrant, SolarCity, and U.S. Bank NationalAssociation, as trustee.4.23 Form of 5.30% Senior Note due August 15, 2025.","Registrant named therein.4.12 Waiver to Fifth Amended and Restated Investors' RightsAgreement, dated as of May 18, 2016,between the Registrant and certain holders of the capital stock of the Registrant named therein.4.13 Waiver to Fifth Amended and Restated Investors' RightsAgreement, dated as of March 15,2017,between theRegistrant and certain holders of the capital stock of theRegistrant named therein.4.14 Waiver to Fifth Amended and Restated Investors' RightsAgreement,dated as of May 1,2019,between theRegistrant and certain holders of the capital stock of theRegistrant named therein.4.15 Indenture, dated as of May 22,2013,by and between the Registrant and U.S. Bank National Association.4.16 Third Supplemental Indenture， dated as of March 5, 2014,by and between the Registrant and U.S. BankNational Association.4.17 Form of 1.25% Convertible Senior Note Due March 1.2021 (included in Exhibit 4.16).4.18 Fourth Supplemental Indenture， dated as of March 22,2017,by and between the Registrant and U.S. Bank National Association.4.19 Form of 2.375% Convertible Senior Note Due March 15. 2022 (included in Exhibit 4.18).4.20 Fifth Supplemental Indenture, dated as of May 7, 2019,by and between Registrant and U.S. Bank NationalAssociation, related to 2.00% Convertible Senior Notesdue May 15, 2024.4.21 Form of 2.00% Convertible Senior Notes due May 15,2024 (included in Exhibit 4.20).4.22 Indenture, dated as of August 18, 2017, by and among the Registrant, SolarCity, and U.S. Bank NationalAssociation, as trustee.4.23 Form of 5.30% Senior Note due August 15, 2025.","Registrant named therein.4.12 Waiver to Fifth Amended and Restated Investors' RightsAgreement, dated as of May 18, 2016,between the Registrant and certain holders of the capital stock of the Registrant named therein.4.13 Waiver to Fifth Amended and Restated Investors' RightsAgreement, dated as of March 15,2017,between theRegistrant and certain holders of the capital stock of theRegistrant named therein.4.14 Waiver to Fifth Amended and Restated Investors' RightsAgreement,dated as of May 1,2019,between theRegistrant and certain holders of the capital stock of theRegistrant named therein.4.15 Indenture, dated as of May 22,2013,by and between the Registrant and U.S. Bank National Association.4.16 Third Supplemental Indenture， dated as of March 5, 2014,by and between the Registrant and U.S. BankNational Association.4.17 Form of 1.25% Convertible Senior Note Due March 1.2021 (included in Exhibit 4.16).4.18 Fourth Supplemental Indenture， dated as of March 22,2017,by and between the Registrant and U.S. Bank National Association.4.19 Form of 2.375% Convertible Senior Note Due March 15. 2022 (included in Exhibit 4.18).4.20 Fifth Supplemental Indenture, dated as of May 7, 2019,by and between Registrant and U.S. Bank NationalAssociation, related to 2.00% Convertible Senior Notesdue May 15, 2024.4.21 Form of 2.00% Convertible Senior Notes due May 15,2024 (included in Exhibit 4.20).4.22 Indenture, dated as of August 18, 2017, by and among the Registrant, SolarCity, and U.S. Bank NationalAssociation, as trustee.4.23 Form of 5.30% Senior Note due August 15, 2025.",Registrant named therein.,,,,,,,,,,,,,,,,,,
"Registrant named therein.4.12 Waiver to Fifth Amended and Restated Investors' RightsAgreement, dated as of May 18, 2016,between the Registrant and certain holders of the capital stock of the Registrant named therein.4.13 Waiver to Fifth Amended and Restated Investors' RightsAgreement, dated as of March 15,2017,between theRegistrant and certain holders of the capital stock of theRegistrant named therein.4.14 Waiver to Fifth Amended and Restated Investors' RightsAgreement,dated as of May 1,2019,between theRegistrant and certain holders of the capital stock of theRegistrant named therein.4.15 Indenture, dated as of May 22,2013,by and between the Registrant and U.S. Bank National Association.4.16 Third Supplemental Indenture， dated as of March 5, 2014,by and between the Registrant and U.S. BankNational Association.4.17 Form of 1.25% Convertible Senior Note Due March 1.2021 (included in Exhibit 4.16).4.18 Fourth Supplemental Indenture， dated as of March 22,2017,by and between the Registrant and U.S. Bank National Association.4.19 Form of 2.375% Convertible Senior Note Due March 15. 2022 (included in Exhibit 4.18).4.20 Fifth Supplemental Indenture, dated as of May 7, 2019,by and between Registrant and U.S. Bank NationalAssociation, related to 2.00% Convertible Senior Notesdue May 15, 2024.4.21 Form of 2.00% Convertible Senior Notes due May 15,2024 (included in Exhibit 4.20).4.22 Indenture, dated as of August 18, 2017, by and among the Registrant, SolarCity, and U.S. Bank NationalAssociation, as trustee.4.23 Form of 5.30% Senior Note due August 15, 2025.","Registrant named therein.4.12 Waiver to Fifth Amended and Restated Investors' RightsAgreement, dated as of May 18, 2016,between the Registrant and certain holders of the capital stock of the Registrant named therein.4.13 Waiver to Fifth Amended and Restated Investors' RightsAgreement, dated as of March 15,2017,between theRegistrant and certain holders of the capital stock of theRegistrant named therein.4.14 Waiver to Fifth Amended and Restated Investors' RightsAgreement,dated as of May 1,2019,between theRegistrant and certain holders of the capital stock of theRegistrant named therein.4.15 Indenture, dated as of May 22,2013,by and between the Registrant and U.S. Bank National Association.4.16 Third Supplemental Indenture， dated as of March 5, 2014,by and between the Registrant and U.S. BankNational Association.4.17 Form of 1.25% Convertible Senior Note Due March 1.2021 (included in Exhibit 4.16).4.18 Fourth Supplemental Indenture， dated as of March 22,2017,by and between the Registrant and U.S. Bank National Association.4.19 Form of 2.375% Convertible Senior Note Due March 15. 2022 (included in Exhibit 4.18).4.20 Fifth Supplemental Indenture, dated as of May 7, 2019,by and between Registrant and U.S. Bank NationalAssociation, related to 2.00% Convertible Senior Notesdue May 15, 2024.4.21 Form of 2.00% Convertible Senior Notes due May 15,2024 (included in Exhibit 4.20).4.22 Indenture, dated as of August 18, 2017, by and among the Registrant, SolarCity, and U.S. Bank NationalAssociation, as trustee.4.23 Form of 5.30% Senior Note due August 15, 2025.","Registrant named therein.4.12 Waiver to Fifth Amended and Restated Investors' RightsAgreement, dated as of May 18, 2016,between the Registrant and certain holders of the capital stock of the Registrant named therein.4.13 Waiver to Fifth Amended and Restated Investors' RightsAgreement, dated as of March 15,2017,between theRegistrant and certain holders of the capital stock of theRegistrant named therein.4.14 Waiver to Fifth Amended and Restated Investors' RightsAgreement,dated as of May 1,2019,between theRegistrant and certain holders of the capital stock of theRegistrant named therein.4.15 Indenture, dated as of May 22,2013,by and between the Registrant and U.S. Bank National Association.4.16 Third Supplemental Indenture， dated as of March 5, 2014,by and between the Registrant and U.S. BankNational Association.4.17 Form of 1.25% Convertible Senior Note Due March 1.2021 (included in Exhibit 4.16).4.18 Fourth Supplemental Indenture， dated as of March 22,2017,by and between the Registrant and U.S. Bank National Association.4.19 Form of 2.375% Convertible Senior Note Due March 15. 2022 (included in Exhibit 4.18).4.20 Fifth Supplemental Indenture, dated as of May 7, 2019,by and between Registrant and U.S. Bank NationalAssociation, related to 2.00% Convertible Senior Notesdue May 15, 2024.4.21 Form of 2.00% Convertible Senior Notes due May 15,2024 (included in Exhibit 4.20).4.22 Indenture, dated as of August 18, 2017, by and among the Registrant, SolarCity, and U.S. Bank NationalAssociation, as trustee.4.23 Form of 5.30% Senior Note due August 15, 2025.","Registrant named therein.4.12 Waiver to Fifth Amended and Restated Investors' RightsAgreement, dated as of May 18, 2016,between the Registrant and certain holders of the capital stock of the Registrant named therein.4.13 Waiver to Fifth Amended and Restated Investors' RightsAgreement, dated as of March 15,2017,between theRegistrant and certain holders of the capital stock of theRegistrant named therein.4.14 Waiver to Fifth Amended and Restated Investors' RightsAgreement,dated as of May 1,2019,between theRegistrant and certain holders of the capital stock of theRegistrant named therein.4.15 Indenture, dated as of May 22,2013,by and between the Registrant and U.S. Bank National Association.4.16 Third Supplemental Indenture， dated as of March 5, 2014,by and between the Registrant and U.S. BankNational Association.4.17 Form of 1.25% Convertible Senior Note Due March 1.2021 (included in Exhibit 4.16).4.18 Fourth Supplemental Indenture， dated as of March 22,2017,by and between the Registrant and U.S. Bank National Association.4.19 Form of 2.375% Convertible Senior Note Due March 15. 2022 (included in Exhibit 4.18).4.20 Fifth Supplemental Indenture, dated as of May 7, 2019,by and between Registrant and U.S. Bank NationalAssociation, related to 2.00% Convertible Senior Notesdue May 15, 2024.4.21 Form of 2.00% Convertible Senior Notes due May 15,2024 (included in Exhibit 4.20).4.22 Indenture, dated as of August 18, 2017, by and among the Registrant, SolarCity, and U.S. Bank NationalAssociation, as trustee.4.23 Form of 5.30% Senior Note due August 15, 2025.","Registrant named therein.4.12 Waiver to Fifth Amended and Restated Investors' RightsAgreement, dated as of May 18, 2016,between the Registrant and certain holders of the capital stock of the Registrant named therein.4.13 Waiver to Fifth Amended and Restated Investors' RightsAgreement, dated as of March 15,2017,between theRegistrant and certain holders of the capital stock of theRegistrant named therein.4.14 Waiver to Fifth Amended and Restated Investors' RightsAgreement,dated as of May 1,2019,between theRegistrant and certain holders of the capital stock of theRegistrant named therein.4.15 Indenture, dated as of May 22,2013,by and between the Registrant and U.S. Bank National Association.4.16 Third Supplemental Indenture， dated as of March 5, 2014,by and between the Registrant and U.S. BankNational Association.4.17 Form of 1.25% Convertible Senior Note Due March 1.2021 (included in Exhibit 4.16).4.18 Fourth Supplemental Indenture， dated as of March 22,2017,by and between the Registrant and U.S. Bank National Association.4.19 Form of 2.375% Convertible Senior Note Due March 15. 2022 (included in Exhibit 4.18).4.20 Fifth Supplemental Indenture, dated as of May 7, 2019,by and between Registrant and U.S. Bank NationalAssociation, related to 2.00% Convertible Senior Notesdue May 15, 2024.4.21 Form of 2.00% Convertible Senior Notes due May 15,2024 (included in Exhibit 4.20).4.22 Indenture, dated as of August 18, 2017, by and among the Registrant, SolarCity, and U.S. Bank NationalAssociation, as trustee.4.23 Form of 5.30% Senior Note due August 15, 2025.",Waiver to Fifth Amended and Restated Investors' Rights,8-K,8-K,8-K,001-34756,001-34756,4.14.1,4.14.1,4.14.1,4.14.1,4.14.1,,,,,,,,
"Registrant named therein.4.12 Waiver to Fifth Amended and Restated Investors' RightsAgreement, dated as of May 18, 2016,between the Registrant and certain holders of the capital stock of the Registrant named therein.4.13 Waiver to Fifth Amended and Restated Investors' RightsAgreement, dated as of March 15,2017,between theRegistrant and certain holders of the capital stock of theRegistrant named therein.4.14 Waiver to Fifth Amended and Restated Investors' RightsAgreement,dated as of May 1,2019,between theRegistrant and certain holders of the capital stock of theRegistrant named therein.4.15 Indenture, dated as of May 22,2013,by and between the Registrant and U.S. Bank National Association.4.16 Third Supplemental Indenture， dated as of March 5, 2014,by and between the Registrant and U.S. BankNational Association.4.17 Form of 1.25% Convertible Senior Note Due March 1.2021 (included in Exhibit 4.16).4.18 Fourth Supplemental Indenture， dated as of March 22,2017,by and between the Registrant and U.S. Bank National Association.4.19 Form of 2.375% Convertible Senior Note Due March 15. 2022 (included in Exhibit 4.18).4.20 Fifth Supplemental Indenture, dated as of May 7, 2019,by and between Registrant and U.S. Bank NationalAssociation, related to 2.00% Convertible Senior Notesdue May 15, 2024.4.21 Form of 2.00% Convertible Senior Notes due May 15,2024 (included in Exhibit 4.20).4.22 Indenture, dated as of August 18, 2017, by and among the Registrant, SolarCity, and U.S. Bank NationalAssociation, as trustee.4.23 Form of 5.30% Senior Note due August 15, 2025.","Registrant named therein.4.12 Waiver to Fifth Amended and Restated Investors' RightsAgreement, dated as of May 18, 2016,between the Registrant and certain holders of the capital stock of the Registrant named therein.4.13 Waiver to Fifth Amended and Restated Investors' RightsAgreement, dated as of March 15,2017,between theRegistrant and certain holders of the capital stock of theRegistrant named therein.4.14 Waiver to Fifth Amended and Restated Investors' RightsAgreement,dated as of May 1,2019,between theRegistrant and certain holders of the capital stock of theRegistrant named therein.4.15 Indenture, dated as of May 22,2013,by and between the Registrant and U.S. Bank National Association.4.16 Third Supplemental Indenture， dated as of March 5, 2014,by and between the Registrant and U.S. BankNational Association.4.17 Form of 1.25% Convertible Senior Note Due March 1.2021 (included in Exhibit 4.16).4.18 Fourth Supplemental Indenture， dated as of March 22,2017,by and between the Registrant and U.S. Bank National Association.4.19 Form of 2.375% Convertible Senior Note Due March 15. 2022 (included in Exhibit 4.18).4.20 Fifth Supplemental Indenture, dated as of May 7, 2019,by and between Registrant and U.S. Bank NationalAssociation, related to 2.00% Convertible Senior Notesdue May 15, 2024.4.21 Form of 2.00% Convertible Senior Notes due May 15,2024 (included in Exhibit 4.20).4.22 Indenture, dated as of August 18, 2017, by and among the Registrant, SolarCity, and U.S. Bank NationalAssociation, as trustee.4.23 Form of 5.30% Senior Note due August 15, 2025.","Registrant named therein.4.12 Waiver to Fifth Amended and Restated Investors' RightsAgreement, dated as of May 18, 2016,between the Registrant and certain holders of the capital stock of the Registrant named therein.4.13 Waiver to Fifth Amended and Restated Investors' RightsAgreement, dated as of March 15,2017,between theRegistrant and certain holders of the capital stock of theRegistrant named therein.4.14 Waiver to Fifth Amended and Restated Investors' RightsAgreement,dated as of May 1,2019,between theRegistrant and certain holders of the capital stock of theRegistrant named therein.4.15 Indenture, dated as of May 22,2013,by and between the Registrant and U.S. Bank National Association.4.16 Third Supplemental Indenture， dated as of March 5, 2014,by and between the Registrant and U.S. BankNational Association.4.17 Form of 1.25% Convertible Senior Note Due March 1.2021 (included in Exhibit 4.16).4.18 Fourth Supplemental Indenture， dated as of March 22,2017,by and between the Registrant and U.S. Bank National Association.4.19 Form of 2.375% Convertible Senior Note Due March 15. 2022 (included in Exhibit 4.18).4.20 Fifth Supplemental Indenture, dated as of May 7, 2019,by and between Registrant and U.S. Bank NationalAssociation, related to 2.00% Convertible Senior Notesdue May 15, 2024.4.21 Form of 2.00% Convertible Senior Notes due May 15,2024 (included in Exhibit 4.20).4.22 Indenture, dated as of August 18, 2017, by and among the Registrant, SolarCity, and U.S. Bank NationalAssociation, as trustee.4.23 Form of 5.30% Senior Note due August 15, 2025.","Registrant named therein.4.12 Waiver to Fifth Amended and Restated Investors' RightsAgreement, dated as of May 18, 2016,between the Registrant and certain holders of the capital stock of the Registrant named therein.4.13 Waiver to Fifth Amended and Restated Investors' RightsAgreement, dated as of March 15,2017,between theRegistrant and certain holders of the capital stock of theRegistrant named therein.4.14 Waiver to Fifth Amended and Restated Investors' RightsAgreement,dated as of May 1,2019,between theRegistrant and certain holders of the capital stock of theRegistrant named therein.4.15 Indenture, dated as of May 22,2013,by and between the Registrant and U.S. Bank National Association.4.16 Third Supplemental Indenture， dated as of March 5, 2014,by and between the Registrant and U.S. BankNational Association.4.17 Form of 1.25% Convertible Senior Note Due March 1.2021 (included in Exhibit 4.16).4.18 Fourth Supplemental Indenture， dated as of March 22,2017,by and between the Registrant and U.S. Bank National Association.4.19 Form of 2.375% Convertible Senior Note Due March 15. 2022 (included in Exhibit 4.18).4.20 Fifth Supplemental Indenture, dated as of May 7, 2019,by and between Registrant and U.S. Bank NationalAssociation, related to 2.00% Convertible Senior Notesdue May 15, 2024.4.21 Form of 2.00% Convertible Senior Notes due May 15,2024 (included in Exhibit 4.20).4.22 Indenture, dated as of August 18, 2017, by and among the Registrant, SolarCity, and U.S. Bank NationalAssociation, as trustee.4.23 Form of 5.30% Senior Note due August 15, 2025.","Registrant named therein.4.12 Waiver to Fifth Amended and Restated Investors' RightsAgreement, dated as of May 18, 2016,between the Registrant and certain holders of the capital stock of the Registrant named therein.4.13 Waiver to Fifth Amended and Restated Investors' RightsAgreement, dated as of March 15,2017,between theRegistrant and certain holders of the capital stock of theRegistrant named therein.4.14 Waiver to Fifth Amended and Restated Investors' RightsAgreement,dated as of May 1,2019,between theRegistrant and certain holders of the capital stock of theRegistrant named therein.4.15 Indenture, dated as of May 22,2013,by and between the Registrant and U.S. Bank National Association.4.16 Third Supplemental Indenture， dated as of March 5, 2014,by and between the Registrant and U.S. BankNational Association.4.17 Form of 1.25% Convertible Senior Note Due March 1.2021 (included in Exhibit 4.16).4.18 Fourth Supplemental Indenture， dated as of March 22,2017,by and between the Registrant and U.S. Bank National Association.4.19 Form of 2.375% Convertible Senior Note Due March 15. 2022 (included in Exhibit 4.18).4.20 Fifth Supplemental Indenture, dated as of May 7, 2019,by and between Registrant and U.S. Bank NationalAssociation, related to 2.00% Convertible Senior Notesdue May 15, 2024.4.21 Form of 2.00% Convertible Senior Notes due May 15,2024 (included in Exhibit 4.20).4.22 Indenture, dated as of August 18, 2017, by and among the Registrant, SolarCity, and U.S. Bank NationalAssociation, as trustee.4.23 Form of 5.30% Senior Note due August 15, 2025.","Agreement,dated as of May 1,2019,between the",8-K,8-K,8-K,001-34756,001-34756,4.14.1,4.14.1,4.14.1,4.14.1,4.14.1,,,,,,,,
"Registrant named therein.4.12 Waiver to Fifth Amended and Restated Investors' RightsAgreement, dated as of May 18, 2016,between the Registrant and certain holders of the capital stock of the Registrant named therein.4.13 Waiver to Fifth Amended and Restated Investors' RightsAgreement, dated as of March 15,2017,between theRegistrant and certain holders of the capital stock of theRegistrant named therein.4.14 Waiver to Fifth Amended and Restated Investors' RightsAgreement,dated as of May 1,2019,between theRegistrant and certain holders of the capital stock of theRegistrant named therein.4.15 Indenture, dated as of May 22,2013,by and between the Registrant and U.S. Bank National Association.4.16 Third Supplemental Indenture， dated as of March 5, 2014,by and between the Registrant and U.S. BankNational Association.4.17 Form of 1.25% Convertible Senior Note Due March 1.2021 (included in Exhibit 4.16).4.18 Fourth Supplemental Indenture， dated as of March 22,2017,by and between the Registrant and U.S. Bank National Association.4.19 Form of 2.375% Convertible Senior Note Due March 15. 2022 (included in Exhibit 4.18).4.20 Fifth Supplemental Indenture, dated as of May 7, 2019,by and between Registrant and U.S. Bank NationalAssociation, related to 2.00% Convertible Senior Notesdue May 15, 2024.4.21 Form of 2.00% Convertible Senior Notes due May 15,2024 (included in Exhibit 4.20).4.22 Indenture, dated as of August 18, 2017, by and among the Registrant, SolarCity, and U.S. Bank NationalAssociation, as trustee.4.23 Form of 5.30% Senior Note due August 15, 2025.","Registrant named therein.4.12 Waiver to Fifth Amended and Restated Investors' RightsAgreement, dated as of May 18, 2016,between the Registrant and certain holders of the capital stock of the Registrant named therein.4.13 Waiver to Fifth Amended and Restated Investors' RightsAgreement, dated as of March 15,2017,between theRegistrant and certain holders of the capital stock of theRegistrant named therein.4.14 Waiver to Fifth Amended and Restated Investors' RightsAgreement,dated as of May 1,2019,between theRegistrant and certain holders of the capital stock of theRegistrant named therein.4.15 Indenture, dated as of May 22,2013,by and between the Registrant and U.S. Bank National Association.4.16 Third Supplemental Indenture， dated as of March 5, 2014,by and between the Registrant and U.S. BankNational Association.4.17 Form of 1.25% Convertible Senior Note Due March 1.2021 (included in Exhibit 4.16).4.18 Fourth Supplemental Indenture， dated as of March 22,2017,by and between the Registrant and U.S. Bank National Association.4.19 Form of 2.375% Convertible Senior Note Due March 15. 2022 (included in Exhibit 4.18).4.20 Fifth Supplemental Indenture, dated as of May 7, 2019,by and between Registrant and U.S. Bank NationalAssociation, related to 2.00% Convertible Senior Notesdue May 15, 2024.4.21 Form of 2.00% Convertible Senior Notes due May 15,2024 (included in Exhibit 4.20).4.22 Indenture, dated as of August 18, 2017, by and among the Registrant, SolarCity, and U.S. Bank NationalAssociation, as trustee.4.23 Form of 5.30% Senior Note due August 15, 2025.","Registrant named therein.4.12 Waiver to Fifth Amended and Restated Investors' RightsAgreement, dated as of May 18, 2016,between the Registrant and certain holders of the capital stock of the Registrant named therein.4.13 Waiver to Fifth Amended and Restated Investors' RightsAgreement, dated as of March 15,2017,between theRegistrant and certain holders of the capital stock of theRegistrant named therein.4.14 Waiver to Fifth Amended and Restated Investors' RightsAgreement,dated as of May 1,2019,between theRegistrant and certain holders of the capital stock of theRegistrant named therein.4.15 Indenture, dated as of May 22,2013,by and between the Registrant and U.S. Bank National Association.4.16 Third Supplemental Indenture， dated as of March 5, 2014,by and between the Registrant and U.S. BankNational Association.4.17 Form of 1.25% Convertible Senior Note Due March 1.2021 (included in Exhibit 4.16).4.18 Fourth Supplemental Indenture， dated as of March 22,2017,by and between the Registrant and U.S. Bank National Association.4.19 Form of 2.375% Convertible Senior Note Due March 15. 2022 (included in Exhibit 4.18).4.20 Fifth Supplemental Indenture, dated as of May 7, 2019,by and between Registrant and U.S. Bank NationalAssociation, related to 2.00% Convertible Senior Notesdue May 15, 2024.4.21 Form of 2.00% Convertible Senior Notes due May 15,2024 (included in Exhibit 4.20).4.22 Indenture, dated as of August 18, 2017, by and among the Registrant, SolarCity, and U.S. Bank NationalAssociation, as trustee.4.23 Form of 5.30% Senior Note due August 15, 2025.","Registrant named therein.4.12 Waiver to Fifth Amended and Restated Investors' RightsAgreement, dated as of May 18, 2016,between the Registrant and certain holders of the capital stock of the Registrant named therein.4.13 Waiver to Fifth Amended and Restated Investors' RightsAgreement, dated as of March 15,2017,between theRegistrant and certain holders of the capital stock of theRegistrant named therein.4.14 Waiver to Fifth Amended and Restated Investors' RightsAgreement,dated as of May 1,2019,between theRegistrant and certain holders of the capital stock of theRegistrant named therein.4.15 Indenture, dated as of May 22,2013,by and between the Registrant and U.S. Bank National Association.4.16 Third Supplemental Indenture， dated as of March 5, 2014,by and between the Registrant and U.S. BankNational Association.4.17 Form of 1.25% Convertible Senior Note Due March 1.2021 (included in Exhibit 4.16).4.18 Fourth Supplemental Indenture， dated as of March 22,2017,by and between the Registrant and U.S. Bank National Association.4.19 Form of 2.375% Convertible Senior Note Due March 15. 2022 (included in Exhibit 4.18).4.20 Fifth Supplemental Indenture, dated as of May 7, 2019,by and between Registrant and U.S. Bank NationalAssociation, related to 2.00% Convertible Senior Notesdue May 15, 2024.4.21 Form of 2.00% Convertible Senior Notes due May 15,2024 (included in Exhibit 4.20).4.22 Indenture, dated as of August 18, 2017, by and among the Registrant, SolarCity, and U.S. Bank NationalAssociation, as trustee.4.23 Form of 5.30% Senior Note due August 15, 2025.","Registrant named therein.4.12 Waiver to Fifth Amended and Restated Investors' RightsAgreement, dated as of May 18, 2016,between the Registrant and certain holders of the capital stock of the Registrant named therein.4.13 Waiver to Fifth Amended and Restated Investors' RightsAgreement, dated as of March 15,2017,between theRegistrant and certain holders of the capital stock of theRegistrant named therein.4.14 Waiver to Fifth Amended and Restated Investors' RightsAgreement,dated as of May 1,2019,between theRegistrant and certain holders of the capital stock of theRegistrant named therein.4.15 Indenture, dated as of May 22,2013,by and between the Registrant and U.S. Bank National Association.4.16 Third Supplemental Indenture， dated as of March 5, 2014,by and between the Registrant and U.S. BankNational Association.4.17 Form of 1.25% Convertible Senior Note Due March 1.2021 (included in Exhibit 4.16).4.18 Fourth Supplemental Indenture， dated as of March 22,2017,by and between the Registrant and U.S. Bank National Association.4.19 Form of 2.375% Convertible Senior Note Due March 15. 2022 (included in Exhibit 4.18).4.20 Fifth Supplemental Indenture, dated as of May 7, 2019,by and between Registrant and U.S. Bank NationalAssociation, related to 2.00% Convertible Senior Notesdue May 15, 2024.4.21 Form of 2.00% Convertible Senior Notes due May 15,2024 (included in Exhibit 4.20).4.22 Indenture, dated as of August 18, 2017, by and among the Registrant, SolarCity, and U.S. Bank NationalAssociation, as trustee.4.23 Form of 5.30% Senior Note due August 15, 2025.",Registrant and certain holders of the capital stock of the,,,,,,4.14.1,4.14.1,4.14.1,4.14.1,4.14.1,,,,,,,,
"Registrant named therein.4.12 Waiver to Fifth Amended and Restated Investors' RightsAgreement, dated as of May 18, 2016,between the Registrant and certain holders of the capital stock of the Registrant named therein.4.13 Waiver to Fifth Amended and Restated Investors' RightsAgreement, dated as of March 15,2017,between theRegistrant and certain holders of the capital stock of theRegistrant named therein.4.14 Waiver to Fifth Amended and Restated Investors' RightsAgreement,dated as of May 1,2019,between theRegistrant and certain holders of the capital stock of theRegistrant named therein.4.15 Indenture, dated as of May 22,2013,by and between the Registrant and U.S. Bank National Association.4.16 Third Supplemental Indenture， dated as of March 5, 2014,by and between the Registrant and U.S. BankNational Association.4.17 Form of 1.25% Convertible Senior Note Due March 1.2021 (included in Exhibit 4.16).4.18 Fourth Supplemental Indenture， dated as of March 22,2017,by and between the Registrant and U.S. Bank National Association.4.19 Form of 2.375% Convertible Senior Note Due March 15. 2022 (included in Exhibit 4.18).4.20 Fifth Supplemental Indenture, dated as of May 7, 2019,by and between Registrant and U.S. Bank NationalAssociation, related to 2.00% Convertible Senior Notesdue May 15, 2024.4.21 Form of 2.00% Convertible Senior Notes due May 15,2024 (included in Exhibit 4.20).4.22 Indenture, dated as of August 18, 2017, by and among the Registrant, SolarCity, and U.S. Bank NationalAssociation, as trustee.4.23 Form of 5.30% Senior Note due August 15, 2025.","Registrant named therein.4.12 Waiver to Fifth Amended and Restated Investors' RightsAgreement, dated as of May 18, 2016,between the Registrant and certain holders of the capital stock of the Registrant named therein.4.13 Waiver to Fifth Amended and Restated Investors' RightsAgreement, dated as of March 15,2017,between theRegistrant and certain holders of the capital stock of theRegistrant named therein.4.14 Waiver to Fifth Amended and Restated Investors' RightsAgreement,dated as of May 1,2019,between theRegistrant and certain holders of the capital stock of theRegistrant named therein.4.15 Indenture, dated as of May 22,2013,by and between the Registrant and U.S. Bank National Association.4.16 Third Supplemental Indenture， dated as of March 5, 2014,by and between the Registrant and U.S. BankNational Association.4.17 Form of 1.25% Convertible Senior Note Due March 1.2021 (included in Exhibit 4.16).4.18 Fourth Supplemental Indenture， dated as of March 22,2017,by and between the Registrant and U.S. Bank National Association.4.19 Form of 2.375% Convertible Senior Note Due March 15. 2022 (included in Exhibit 4.18).4.20 Fifth Supplemental Indenture, dated as of May 7, 2019,by and between Registrant and U.S. Bank NationalAssociation, related to 2.00% Convertible Senior Notesdue May 15, 2024.4.21 Form of 2.00% Convertible Senior Notes due May 15,2024 (included in Exhibit 4.20).4.22 Indenture, dated as of August 18, 2017, by and among the Registrant, SolarCity, and U.S. Bank NationalAssociation, as trustee.4.23 Form of 5.30% Senior Note due August 15, 2025.","Registrant named therein.4.12 Waiver to Fifth Amended and Restated Investors' RightsAgreement, dated as of May 18, 2016,between the Registrant and certain holders of the capital stock of the Registrant named therein.4.13 Waiver to Fifth Amended and Restated Investors' RightsAgreement, dated as of March 15,2017,between theRegistrant and certain holders of the capital stock of theRegistrant named therein.4.14 Waiver to Fifth Amended and Restated Investors' RightsAgreement,dated as of May 1,2019,between theRegistrant and certain holders of the capital stock of theRegistrant named therein.4.15 Indenture, dated as of May 22,2013,by and between the Registrant and U.S. Bank National Association.4.16 Third Supplemental Indenture， dated as of March 5, 2014,by and between the Registrant and U.S. BankNational Association.4.17 Form of 1.25% Convertible Senior Note Due March 1.2021 (included in Exhibit 4.16).4.18 Fourth Supplemental Indenture， dated as of March 22,2017,by and between the Registrant and U.S. Bank National Association.4.19 Form of 2.375% Convertible Senior Note Due March 15. 2022 (included in Exhibit 4.18).4.20 Fifth Supplemental Indenture, dated as of May 7, 2019,by and between Registrant and U.S. Bank NationalAssociation, related to 2.00% Convertible Senior Notesdue May 15, 2024.4.21 Form of 2.00% Convertible Senior Notes due May 15,2024 (included in Exhibit 4.20).4.22 Indenture, dated as of August 18, 2017, by and among the Registrant, SolarCity, and U.S. Bank NationalAssociation, as trustee.4.23 Form of 5.30% Senior Note due August 15, 2025.","Registrant named therein.4.12 Waiver to Fifth Amended and Restated Investors' RightsAgreement, dated as of May 18, 2016,between the Registrant and certain holders of the capital stock of the Registrant named therein.4.13 Waiver to Fifth Amended and Restated Investors' RightsAgreement, dated as of March 15,2017,between theRegistrant and certain holders of the capital stock of theRegistrant named therein.4.14 Waiver to Fifth Amended and Restated Investors' RightsAgreement,dated as of May 1,2019,between theRegistrant and certain holders of the capital stock of theRegistrant named therein.4.15 Indenture, dated as of May 22,2013,by and between the Registrant and U.S. Bank National Association.4.16 Third Supplemental Indenture， dated as of March 5, 2014,by and between the Registrant and U.S. BankNational Association.4.17 Form of 1.25% Convertible Senior Note Due March 1.2021 (included in Exhibit 4.16).4.18 Fourth Supplemental Indenture， dated as of March 22,2017,by and between the Registrant and U.S. Bank National Association.4.19 Form of 2.375% Convertible Senior Note Due March 15. 2022 (included in Exhibit 4.18).4.20 Fifth Supplemental Indenture, dated as of May 7, 2019,by and between Registrant and U.S. Bank NationalAssociation, related to 2.00% Convertible Senior Notesdue May 15, 2024.4.21 Form of 2.00% Convertible Senior Notes due May 15,2024 (included in Exhibit 4.20).4.22 Indenture, dated as of August 18, 2017, by and among the Registrant, SolarCity, and U.S. Bank NationalAssociation, as trustee.4.23 Form of 5.30% Senior Note due August 15, 2025.","Registrant named therein.4.12 Waiver to Fifth Amended and Restated Investors' RightsAgreement, dated as of May 18, 2016,between the Registrant and certain holders of the capital stock of the Registrant named therein.4.13 Waiver to Fifth Amended and Restated Investors' RightsAgreement, dated as of March 15,2017,between theRegistrant and certain holders of the capital stock of theRegistrant named therein.4.14 Waiver to Fifth Amended and Restated Investors' RightsAgreement,dated as of May 1,2019,between theRegistrant and certain holders of the capital stock of theRegistrant named therein.4.15 Indenture, dated as of May 22,2013,by and between the Registrant and U.S. Bank National Association.4.16 Third Supplemental Indenture， dated as of March 5, 2014,by and between the Registrant and U.S. BankNational Association.4.17 Form of 1.25% Convertible Senior Note Due March 1.2021 (included in Exhibit 4.16).4.18 Fourth Supplemental Indenture， dated as of March 22,2017,by and between the Registrant and U.S. Bank National Association.4.19 Form of 2.375% Convertible Senior Note Due March 15. 2022 (included in Exhibit 4.18).4.20 Fifth Supplemental Indenture, dated as of May 7, 2019,by and between Registrant and U.S. Bank NationalAssociation, related to 2.00% Convertible Senior Notesdue May 15, 2024.4.21 Form of 2.00% Convertible Senior Notes due May 15,2024 (included in Exhibit 4.20).4.22 Indenture, dated as of August 18, 2017, by and among the Registrant, SolarCity, and U.S. Bank NationalAssociation, as trustee.4.23 Form of 5.30% Senior Note due August 15, 2025.",Registrant named therein.,,,,,,4.14.1,4.14.1,4.14.1,4.14.1,4.14.1,,,,,,,,
"Registrant named therein.4.12 Waiver to Fifth Amended and Restated Investors' RightsAgreement, dated as of May 18, 2016,between the Registrant and certain holders of the capital stock of the Registrant named therein.4.13 Waiver to Fifth Amended and Restated Investors' RightsAgreement, dated as of March 15,2017,between theRegistrant and certain holders of the capital stock of theRegistrant named therein.4.14 Waiver to Fifth Amended and Restated Investors' RightsAgreement,dated as of May 1,2019,between theRegistrant and certain holders of the capital stock of theRegistrant named therein.4.15 Indenture, dated as of May 22,2013,by and between the Registrant and U.S. Bank National Association.4.16 Third Supplemental Indenture， dated as of March 5, 2014,by and between the Registrant and U.S. BankNational Association.4.17 Form of 1.25% Convertible Senior Note Due March 1.2021 (included in Exhibit 4.16).4.18 Fourth Supplemental Indenture， dated as of March 22,2017,by and between the Registrant and U.S. Bank National Association.4.19 Form of 2.375% Convertible Senior Note Due March 15. 2022 (included in Exhibit 4.18).4.20 Fifth Supplemental Indenture, dated as of May 7, 2019,by and between Registrant and U.S. Bank NationalAssociation, related to 2.00% Convertible Senior Notesdue May 15, 2024.4.21 Form of 2.00% Convertible Senior Notes due May 15,2024 (included in Exhibit 4.20).4.22 Indenture, dated as of August 18, 2017, by and among the Registrant, SolarCity, and U.S. Bank NationalAssociation, as trustee.4.23 Form of 5.30% Senior Note due August 15, 2025.","Registrant named therein.4.12 Waiver to Fifth Amended and Restated Investors' RightsAgreement, dated as of May 18, 2016,between the Registrant and certain holders of the capital stock of the Registrant named therein.4.13 Waiver to Fifth Amended and Restated Investors' RightsAgreement, dated as of March 15,2017,between theRegistrant and certain holders of the capital stock of theRegistrant named therein.4.14 Waiver to Fifth Amended and Restated Investors' RightsAgreement,dated as of May 1,2019,between theRegistrant and certain holders of the capital stock of theRegistrant named therein.4.15 Indenture, dated as of May 22,2013,by and between the Registrant and U.S. Bank National Association.4.16 Third Supplemental Indenture， dated as of March 5, 2014,by and between the Registrant and U.S. BankNational Association.4.17 Form of 1.25% Convertible Senior Note Due March 1.2021 (included in Exhibit 4.16).4.18 Fourth Supplemental Indenture， dated as of March 22,2017,by and between the Registrant and U.S. Bank National Association.4.19 Form of 2.375% Convertible Senior Note Due March 15. 2022 (included in Exhibit 4.18).4.20 Fifth Supplemental Indenture, dated as of May 7, 2019,by and between Registrant and U.S. Bank NationalAssociation, related to 2.00% Convertible Senior Notesdue May 15, 2024.4.21 Form of 2.00% Convertible Senior Notes due May 15,2024 (included in Exhibit 4.20).4.22 Indenture, dated as of August 18, 2017, by and among the Registrant, SolarCity, and U.S. Bank NationalAssociation, as trustee.4.23 Form of 5.30% Senior Note due August 15, 2025.","Registrant named therein.4.12 Waiver to Fifth Amended and Restated Investors' RightsAgreement, dated as of May 18, 2016,between the Registrant and certain holders of the capital stock of the Registrant named therein.4.13 Waiver to Fifth Amended and Restated Investors' RightsAgreement, dated as of March 15,2017,between theRegistrant and certain holders of the capital stock of theRegistrant named therein.4.14 Waiver to Fifth Amended and Restated Investors' RightsAgreement,dated as of May 1,2019,between theRegistrant and certain holders of the capital stock of theRegistrant named therein.4.15 Indenture, dated as of May 22,2013,by and between the Registrant and U.S. Bank National Association.4.16 Third Supplemental Indenture， dated as of March 5, 2014,by and between the Registrant and U.S. BankNational Association.4.17 Form of 1.25% Convertible Senior Note Due March 1.2021 (included in Exhibit 4.16).4.18 Fourth Supplemental Indenture， dated as of March 22,2017,by and between the Registrant and U.S. Bank National Association.4.19 Form of 2.375% Convertible Senior Note Due March 15. 2022 (included in Exhibit 4.18).4.20 Fifth Supplemental Indenture, dated as of May 7, 2019,by and between Registrant and U.S. Bank NationalAssociation, related to 2.00% Convertible Senior Notesdue May 15, 2024.4.21 Form of 2.00% Convertible Senior Notes due May 15,2024 (included in Exhibit 4.20).4.22 Indenture, dated as of August 18, 2017, by and among the Registrant, SolarCity, and U.S. Bank NationalAssociation, as trustee.4.23 Form of 5.30% Senior Note due August 15, 2025.","Registrant named therein.4.12 Waiver to Fifth Amended and Restated Investors' RightsAgreement, dated as of May 18, 2016,between the Registrant and certain holders of the capital stock of the Registrant named therein.4.13 Waiver to Fifth Amended and Restated Investors' RightsAgreement, dated as of March 15,2017,between theRegistrant and certain holders of the capital stock of theRegistrant named therein.4.14 Waiver to Fifth Amended and Restated Investors' RightsAgreement,dated as of May 1,2019,between theRegistrant and certain holders of the capital stock of theRegistrant named therein.4.15 Indenture, dated as of May 22,2013,by and between the Registrant and U.S. Bank National Association.4.16 Third Supplemental Indenture， dated as of March 5, 2014,by and between the Registrant and U.S. BankNational Association.4.17 Form of 1.25% Convertible Senior Note Due March 1.2021 (included in Exhibit 4.16).4.18 Fourth Supplemental Indenture， dated as of March 22,2017,by and between the Registrant and U.S. Bank National Association.4.19 Form of 2.375% Convertible Senior Note Due March 15. 2022 (included in Exhibit 4.18).4.20 Fifth Supplemental Indenture, dated as of May 7, 2019,by and between Registrant and U.S. Bank NationalAssociation, related to 2.00% Convertible Senior Notesdue May 15, 2024.4.21 Form of 2.00% Convertible Senior Notes due May 15,2024 (included in Exhibit 4.20).4.22 Indenture, dated as of August 18, 2017, by and among the Registrant, SolarCity, and U.S. Bank NationalAssociation, as trustee.4.23 Form of 5.30% Senior Note due August 15, 2025.","Registrant named therein.4.12 Waiver to Fifth Amended and Restated Investors' RightsAgreement, dated as of May 18, 2016,between the Registrant and certain holders of the capital stock of the Registrant named therein.4.13 Waiver to Fifth Amended and Restated Investors' RightsAgreement, dated as of March 15,2017,between theRegistrant and certain holders of the capital stock of theRegistrant named therein.4.14 Waiver to Fifth Amended and Restated Investors' RightsAgreement,dated as of May 1,2019,between theRegistrant and certain holders of the capital stock of theRegistrant named therein.4.15 Indenture, dated as of May 22,2013,by and between the Registrant and U.S. Bank National Association.4.16 Third Supplemental Indenture， dated as of March 5, 2014,by and between the Registrant and U.S. BankNational Association.4.17 Form of 1.25% Convertible Senior Note Due March 1.2021 (included in Exhibit 4.16).4.18 Fourth Supplemental Indenture， dated as of March 22,2017,by and between the Registrant and U.S. Bank National Association.4.19 Form of 2.375% Convertible Senior Note Due March 15. 2022 (included in Exhibit 4.18).4.20 Fifth Supplemental Indenture, dated as of May 7, 2019,by and between Registrant and U.S. Bank NationalAssociation, related to 2.00% Convertible Senior Notesdue May 15, 2024.4.21 Form of 2.00% Convertible Senior Notes due May 15,2024 (included in Exhibit 4.20).4.22 Indenture, dated as of August 18, 2017, by and among the Registrant, SolarCity, and U.S. Bank NationalAssociation, as trustee.4.23 Form of 5.30% Senior Note due August 15, 2025.","Indenture, dated as of May 22,2013,by and between",8-K,8-K,8-K,001-34756,001-34756,4.14.1,4.14.1,4.14.1,4.14.1,4.14.1,,,,,,,,
"Registrant named therein.4.12 Waiver to Fifth Amended and Restated Investors' RightsAgreement, dated as of May 18, 2016,between the Registrant and certain holders of the capital stock of the Registrant named therein.4.13 Waiver to Fifth Amended and Restated Investors' RightsAgreement, dated as of March 15,2017,between theRegistrant and certain holders of the capital stock of theRegistrant named therein.4.14 Waiver to Fifth Amended and Restated Investors' RightsAgreement,dated as of May 1,2019,between theRegistrant and certain holders of the capital stock of theRegistrant named therein.4.15 Indenture, dated as of May 22,2013,by and between the Registrant and U.S. Bank National Association.4.16 Third Supplemental Indenture， dated as of March 5, 2014,by and between the Registrant and U.S. BankNational Association.4.17 Form of 1.25% Convertible Senior Note Due March 1.2021 (included in Exhibit 4.16).4.18 Fourth Supplemental Indenture， dated as of March 22,2017,by and between the Registrant and U.S. Bank National Association.4.19 Form of 2.375% Convertible Senior Note Due March 15. 2022 (included in Exhibit 4.18).4.20 Fifth Supplemental Indenture, dated as of May 7, 2019,by and between Registrant and U.S. Bank NationalAssociation, related to 2.00% Convertible Senior Notesdue May 15, 2024.4.21 Form of 2.00% Convertible Senior Notes due May 15,2024 (included in Exhibit 4.20).4.22 Indenture, dated as of August 18, 2017, by and among the Registrant, SolarCity, and U.S. Bank NationalAssociation, as trustee.4.23 Form of 5.30% Senior Note due August 15, 2025.","Registrant named therein.4.12 Waiver to Fifth Amended and Restated Investors' RightsAgreement, dated as of May 18, 2016,between the Registrant and certain holders of the capital stock of the Registrant named therein.4.13 Waiver to Fifth Amended and Restated Investors' RightsAgreement, dated as of March 15,2017,between theRegistrant and certain holders of the capital stock of theRegistrant named therein.4.14 Waiver to Fifth Amended and Restated Investors' RightsAgreement,dated as of May 1,2019,between theRegistrant and certain holders of the capital stock of theRegistrant named therein.4.15 Indenture, dated as of May 22,2013,by and between the Registrant and U.S. Bank National Association.4.16 Third Supplemental Indenture， dated as of March 5, 2014,by and between the Registrant and U.S. BankNational Association.4.17 Form of 1.25% Convertible Senior Note Due March 1.2021 (included in Exhibit 4.16).4.18 Fourth Supplemental Indenture， dated as of March 22,2017,by and between the Registrant and U.S. Bank National Association.4.19 Form of 2.375% Convertible Senior Note Due March 15. 2022 (included in Exhibit 4.18).4.20 Fifth Supplemental Indenture, dated as of May 7, 2019,by and between Registrant and U.S. Bank NationalAssociation, related to 2.00% Convertible Senior Notesdue May 15, 2024.4.21 Form of 2.00% Convertible Senior Notes due May 15,2024 (included in Exhibit 4.20).4.22 Indenture, dated as of August 18, 2017, by and among the Registrant, SolarCity, and U.S. Bank NationalAssociation, as trustee.4.23 Form of 5.30% Senior Note due August 15, 2025.","Registrant named therein.4.12 Waiver to Fifth Amended and Restated Investors' RightsAgreement, dated as of May 18, 2016,between the Registrant and certain holders of the capital stock of the Registrant named therein.4.13 Waiver to Fifth Amended and Restated Investors' RightsAgreement, dated as of March 15,2017,between theRegistrant and certain holders of the capital stock of theRegistrant named therein.4.14 Waiver to Fifth Amended and Restated Investors' RightsAgreement,dated as of May 1,2019,between theRegistrant and certain holders of the capital stock of theRegistrant named therein.4.15 Indenture, dated as of May 22,2013,by and between the Registrant and U.S. Bank National Association.4.16 Third Supplemental Indenture， dated as of March 5, 2014,by and between the Registrant and U.S. BankNational Association.4.17 Form of 1.25% Convertible Senior Note Due March 1.2021 (included in Exhibit 4.16).4.18 Fourth Supplemental Indenture， dated as of March 22,2017,by and between the Registrant and U.S. Bank National Association.4.19 Form of 2.375% Convertible Senior Note Due March 15. 2022 (included in Exhibit 4.18).4.20 Fifth Supplemental Indenture, dated as of May 7, 2019,by and between Registrant and U.S. Bank NationalAssociation, related to 2.00% Convertible Senior Notesdue May 15, 2024.4.21 Form of 2.00% Convertible Senior Notes due May 15,2024 (included in Exhibit 4.20).4.22 Indenture, dated as of August 18, 2017, by and among the Registrant, SolarCity, and U.S. Bank NationalAssociation, as trustee.4.23 Form of 5.30% Senior Note due August 15, 2025.","Registrant named therein.4.12 Waiver to Fifth Amended and Restated Investors' RightsAgreement, dated as of May 18, 2016,between the Registrant and certain holders of the capital stock of the Registrant named therein.4.13 Waiver to Fifth Amended and Restated Investors' RightsAgreement, dated as of March 15,2017,between theRegistrant and certain holders of the capital stock of theRegistrant named therein.4.14 Waiver to Fifth Amended and Restated Investors' RightsAgreement,dated as of May 1,2019,between theRegistrant and certain holders of the capital stock of theRegistrant named therein.4.15 Indenture, dated as of May 22,2013,by and between the Registrant and U.S. Bank National Association.4.16 Third Supplemental Indenture， dated as of March 5, 2014,by and between the Registrant and U.S. BankNational Association.4.17 Form of 1.25% Convertible Senior Note Due March 1.2021 (included in Exhibit 4.16).4.18 Fourth Supplemental Indenture， dated as of March 22,2017,by and between the Registrant and U.S. Bank National Association.4.19 Form of 2.375% Convertible Senior Note Due March 15. 2022 (included in Exhibit 4.18).4.20 Fifth Supplemental Indenture, dated as of May 7, 2019,by and between Registrant and U.S. Bank NationalAssociation, related to 2.00% Convertible Senior Notesdue May 15, 2024.4.21 Form of 2.00% Convertible Senior Notes due May 15,2024 (included in Exhibit 4.20).4.22 Indenture, dated as of August 18, 2017, by and among the Registrant, SolarCity, and U.S. Bank NationalAssociation, as trustee.4.23 Form of 5.30% Senior Note due August 15, 2025.","Registrant named therein.4.12 Waiver to Fifth Amended and Restated Investors' RightsAgreement, dated as of May 18, 2016,between the Registrant and certain holders of the capital stock of the Registrant named therein.4.13 Waiver to Fifth Amended and Restated Investors' RightsAgreement, dated as of March 15,2017,between theRegistrant and certain holders of the capital stock of theRegistrant named therein.4.14 Waiver to Fifth Amended and Restated Investors' RightsAgreement,dated as of May 1,2019,between theRegistrant and certain holders of the capital stock of theRegistrant named therein.4.15 Indenture, dated as of May 22,2013,by and between the Registrant and U.S. Bank National Association.4.16 Third Supplemental Indenture， dated as of March 5, 2014,by and between the Registrant and U.S. BankNational Association.4.17 Form of 1.25% Convertible Senior Note Due March 1.2021 (included in Exhibit 4.16).4.18 Fourth Supplemental Indenture， dated as of March 22,2017,by and between the Registrant and U.S. Bank National Association.4.19 Form of 2.375% Convertible Senior Note Due March 15. 2022 (included in Exhibit 4.18).4.20 Fifth Supplemental Indenture, dated as of May 7, 2019,by and between Registrant and U.S. Bank NationalAssociation, related to 2.00% Convertible Senior Notesdue May 15, 2024.4.21 Form of 2.00% Convertible Senior Notes due May 15,2024 (included in Exhibit 4.20).4.22 Indenture, dated as of August 18, 2017, by and among the Registrant, SolarCity, and U.S. Bank NationalAssociation, as trustee.4.23 Form of 5.30% Senior Note due August 15, 2025.",the Registrant and U.S. Bank National Association.,8-K,8-K,8-K,001-34756,001-34756,4.14.1,4.14.1,4.14.1,4.14.1,4.14.1,,,,,,,,
"Registrant named therein.4.12 Waiver to Fifth Amended and Restated Investors' RightsAgreement, dated as of May 18, 2016,between the Registrant and certain holders of the capital stock of the Registrant named therein.4.13 Waiver to Fifth Amended and Restated Investors' RightsAgreement, dated as of March 15,2017,between theRegistrant and certain holders of the capital stock of theRegistrant named therein.4.14 Waiver to Fifth Amended and Restated Investors' RightsAgreement,dated as of May 1,2019,between theRegistrant and certain holders of the capital stock of theRegistrant named therein.4.15 Indenture, dated as of May 22,2013,by and between the Registrant and U.S. Bank National Association.4.16 Third Supplemental Indenture， dated as of March 5, 2014,by and between the Registrant and U.S. BankNational Association.4.17 Form of 1.25% Convertible Senior Note Due March 1.2021 (included in Exhibit 4.16).4.18 Fourth Supplemental Indenture， dated as of March 22,2017,by and between the Registrant and U.S. Bank National Association.4.19 Form of 2.375% Convertible Senior Note Due March 15. 2022 (included in Exhibit 4.18).4.20 Fifth Supplemental Indenture, dated as of May 7, 2019,by and between Registrant and U.S. Bank NationalAssociation, related to 2.00% Convertible Senior Notesdue May 15, 2024.4.21 Form of 2.00% Convertible Senior Notes due May 15,2024 (included in Exhibit 4.20).4.22 Indenture, dated as of August 18, 2017, by and among the Registrant, SolarCity, and U.S. Bank NationalAssociation, as trustee.4.23 Form of 5.30% Senior Note due August 15, 2025.","Registrant named therein.4.12 Waiver to Fifth Amended and Restated Investors' RightsAgreement, dated as of May 18, 2016,between the Registrant and certain holders of the capital stock of the Registrant named therein.4.13 Waiver to Fifth Amended and Restated Investors' RightsAgreement, dated as of March 15,2017,between theRegistrant and certain holders of the capital stock of theRegistrant named therein.4.14 Waiver to Fifth Amended and Restated Investors' RightsAgreement,dated as of May 1,2019,between theRegistrant and certain holders of the capital stock of theRegistrant named therein.4.15 Indenture, dated as of May 22,2013,by and between the Registrant and U.S. Bank National Association.4.16 Third Supplemental Indenture， dated as of March 5, 2014,by and between the Registrant and U.S. BankNational Association.4.17 Form of 1.25% Convertible Senior Note Due March 1.2021 (included in Exhibit 4.16).4.18 Fourth Supplemental Indenture， dated as of March 22,2017,by and between the Registrant and U.S. Bank National Association.4.19 Form of 2.375% Convertible Senior Note Due March 15. 2022 (included in Exhibit 4.18).4.20 Fifth Supplemental Indenture, dated as of May 7, 2019,by and between Registrant and U.S. Bank NationalAssociation, related to 2.00% Convertible Senior Notesdue May 15, 2024.4.21 Form of 2.00% Convertible Senior Notes due May 15,2024 (included in Exhibit 4.20).4.22 Indenture, dated as of August 18, 2017, by and among the Registrant, SolarCity, and U.S. Bank NationalAssociation, as trustee.4.23 Form of 5.30% Senior Note due August 15, 2025.","Registrant named therein.4.12 Waiver to Fifth Amended and Restated Investors' RightsAgreement, dated as of May 18, 2016,between the Registrant and certain holders of the capital stock of the Registrant named therein.4.13 Waiver to Fifth Amended and Restated Investors' RightsAgreement, dated as of March 15,2017,between theRegistrant and certain holders of the capital stock of theRegistrant named therein.4.14 Waiver to Fifth Amended and Restated Investors' RightsAgreement,dated as of May 1,2019,between theRegistrant and certain holders of the capital stock of theRegistrant named therein.4.15 Indenture, dated as of May 22,2013,by and between the Registrant and U.S. Bank National Association.4.16 Third Supplemental Indenture， dated as of March 5, 2014,by and between the Registrant and U.S. BankNational Association.4.17 Form of 1.25% Convertible Senior Note Due March 1.2021 (included in Exhibit 4.16).4.18 Fourth Supplemental Indenture， dated as of March 22,2017,by and between the Registrant and U.S. Bank National Association.4.19 Form of 2.375% Convertible Senior Note Due March 15. 2022 (included in Exhibit 4.18).4.20 Fifth Supplemental Indenture, dated as of May 7, 2019,by and between Registrant and U.S. Bank NationalAssociation, related to 2.00% Convertible Senior Notesdue May 15, 2024.4.21 Form of 2.00% Convertible Senior Notes due May 15,2024 (included in Exhibit 4.20).4.22 Indenture, dated as of August 18, 2017, by and among the Registrant, SolarCity, and U.S. Bank NationalAssociation, as trustee.4.23 Form of 5.30% Senior Note due August 15, 2025.","Registrant named therein.4.12 Waiver to Fifth Amended and Restated Investors' RightsAgreement, dated as of May 18, 2016,between the Registrant and certain holders of the capital stock of the Registrant named therein.4.13 Waiver to Fifth Amended and Restated Investors' RightsAgreement, dated as of March 15,2017,between theRegistrant and certain holders of the capital stock of theRegistrant named therein.4.14 Waiver to Fifth Amended and Restated Investors' RightsAgreement,dated as of May 1,2019,between theRegistrant and certain holders of the capital stock of theRegistrant named therein.4.15 Indenture, dated as of May 22,2013,by and between the Registrant and U.S. Bank National Association.4.16 Third Supplemental Indenture， dated as of March 5, 2014,by and between the Registrant and U.S. BankNational Association.4.17 Form of 1.25% Convertible Senior Note Due March 1.2021 (included in Exhibit 4.16).4.18 Fourth Supplemental Indenture， dated as of March 22,2017,by and between the Registrant and U.S. Bank National Association.4.19 Form of 2.375% Convertible Senior Note Due March 15. 2022 (included in Exhibit 4.18).4.20 Fifth Supplemental Indenture, dated as of May 7, 2019,by and between Registrant and U.S. Bank NationalAssociation, related to 2.00% Convertible Senior Notesdue May 15, 2024.4.21 Form of 2.00% Convertible Senior Notes due May 15,2024 (included in Exhibit 4.20).4.22 Indenture, dated as of August 18, 2017, by and among the Registrant, SolarCity, and U.S. Bank NationalAssociation, as trustee.4.23 Form of 5.30% Senior Note due August 15, 2025.","Registrant named therein.4.12 Waiver to Fifth Amended and Restated Investors' RightsAgreement, dated as of May 18, 2016,between the Registrant and certain holders of the capital stock of the Registrant named therein.4.13 Waiver to Fifth Amended and Restated Investors' RightsAgreement, dated as of March 15,2017,between theRegistrant and certain holders of the capital stock of theRegistrant named therein.4.14 Waiver to Fifth Amended and Restated Investors' RightsAgreement,dated as of May 1,2019,between theRegistrant and certain holders of the capital stock of theRegistrant named therein.4.15 Indenture, dated as of May 22,2013,by and between the Registrant and U.S. Bank National Association.4.16 Third Supplemental Indenture， dated as of March 5, 2014,by and between the Registrant and U.S. BankNational Association.4.17 Form of 1.25% Convertible Senior Note Due March 1.2021 (included in Exhibit 4.16).4.18 Fourth Supplemental Indenture， dated as of March 22,2017,by and between the Registrant and U.S. Bank National Association.4.19 Form of 2.375% Convertible Senior Note Due March 15. 2022 (included in Exhibit 4.18).4.20 Fifth Supplemental Indenture, dated as of May 7, 2019,by and between Registrant and U.S. Bank NationalAssociation, related to 2.00% Convertible Senior Notesdue May 15, 2024.4.21 Form of 2.00% Convertible Senior Notes due May 15,2024 (included in Exhibit 4.20).4.22 Indenture, dated as of August 18, 2017, by and among the Registrant, SolarCity, and U.S. Bank NationalAssociation, as trustee.4.23 Form of 5.30% Senior Note due August 15, 2025.","Third Supplemental Indenture， dated as of March 5,",8-K,8-K,8-K,001-34756,001-34756,4.4,4.4,4.4,4.4,,"March 5,2014March 5,2014",,,,,,,
"Registrant named therein.4.12 Waiver to Fifth Amended and Restated Investors' RightsAgreement, dated as of May 18, 2016,between the Registrant and certain holders of the capital stock of the Registrant named therein.4.13 Waiver to Fifth Amended and Restated Investors' RightsAgreement, dated as of March 15,2017,between theRegistrant and certain holders of the capital stock of theRegistrant named therein.4.14 Waiver to Fifth Amended and Restated Investors' RightsAgreement,dated as of May 1,2019,between theRegistrant and certain holders of the capital stock of theRegistrant named therein.4.15 Indenture, dated as of May 22,2013,by and between the Registrant and U.S. Bank National Association.4.16 Third Supplemental Indenture， dated as of March 5, 2014,by and between the Registrant and U.S. BankNational Association.4.17 Form of 1.25% Convertible Senior Note Due March 1.2021 (included in Exhibit 4.16).4.18 Fourth Supplemental Indenture， dated as of March 22,2017,by and between the Registrant and U.S. Bank National Association.4.19 Form of 2.375% Convertible Senior Note Due March 15. 2022 (included in Exhibit 4.18).4.20 Fifth Supplemental Indenture, dated as of May 7, 2019,by and between Registrant and U.S. Bank NationalAssociation, related to 2.00% Convertible Senior Notesdue May 15, 2024.4.21 Form of 2.00% Convertible Senior Notes due May 15,2024 (included in Exhibit 4.20).4.22 Indenture, dated as of August 18, 2017, by and among the Registrant, SolarCity, and U.S. Bank NationalAssociation, as trustee.4.23 Form of 5.30% Senior Note due August 15, 2025.","Registrant named therein.4.12 Waiver to Fifth Amended and Restated Investors' RightsAgreement, dated as of May 18, 2016,between the Registrant and certain holders of the capital stock of the Registrant named therein.4.13 Waiver to Fifth Amended and Restated Investors' RightsAgreement, dated as of March 15,2017,between theRegistrant and certain holders of the capital stock of theRegistrant named therein.4.14 Waiver to Fifth Amended and Restated Investors' RightsAgreement,dated as of May 1,2019,between theRegistrant and certain holders of the capital stock of theRegistrant named therein.4.15 Indenture, dated as of May 22,2013,by and between the Registrant and U.S. Bank National Association.4.16 Third Supplemental Indenture， dated as of March 5, 2014,by and between the Registrant and U.S. BankNational Association.4.17 Form of 1.25% Convertible Senior Note Due March 1.2021 (included in Exhibit 4.16).4.18 Fourth Supplemental Indenture， dated as of March 22,2017,by and between the Registrant and U.S. Bank National Association.4.19 Form of 2.375% Convertible Senior Note Due March 15. 2022 (included in Exhibit 4.18).4.20 Fifth Supplemental Indenture, dated as of May 7, 2019,by and between Registrant and U.S. Bank NationalAssociation, related to 2.00% Convertible Senior Notesdue May 15, 2024.4.21 Form of 2.00% Convertible Senior Notes due May 15,2024 (included in Exhibit 4.20).4.22 Indenture, dated as of August 18, 2017, by and among the Registrant, SolarCity, and U.S. Bank NationalAssociation, as trustee.4.23 Form of 5.30% Senior Note due August 15, 2025.","Registrant named therein.4.12 Waiver to Fifth Amended and Restated Investors' RightsAgreement, dated as of May 18, 2016,between the Registrant and certain holders of the capital stock of the Registrant named therein.4.13 Waiver to Fifth Amended and Restated Investors' RightsAgreement, dated as of March 15,2017,between theRegistrant and certain holders of the capital stock of theRegistrant named therein.4.14 Waiver to Fifth Amended and Restated Investors' RightsAgreement,dated as of May 1,2019,between theRegistrant and certain holders of the capital stock of theRegistrant named therein.4.15 Indenture, dated as of May 22,2013,by and between the Registrant and U.S. Bank National Association.4.16 Third Supplemental Indenture， dated as of March 5, 2014,by and between the Registrant and U.S. BankNational Association.4.17 Form of 1.25% Convertible Senior Note Due March 1.2021 (included in Exhibit 4.16).4.18 Fourth Supplemental Indenture， dated as of March 22,2017,by and between the Registrant and U.S. Bank National Association.4.19 Form of 2.375% Convertible Senior Note Due March 15. 2022 (included in Exhibit 4.18).4.20 Fifth Supplemental Indenture, dated as of May 7, 2019,by and between Registrant and U.S. Bank NationalAssociation, related to 2.00% Convertible Senior Notesdue May 15, 2024.4.21 Form of 2.00% Convertible Senior Notes due May 15,2024 (included in Exhibit 4.20).4.22 Indenture, dated as of August 18, 2017, by and among the Registrant, SolarCity, and U.S. Bank NationalAssociation, as trustee.4.23 Form of 5.30% Senior Note due August 15, 2025.","Registrant named therein.4.12 Waiver to Fifth Amended and Restated Investors' RightsAgreement, dated as of May 18, 2016,between the Registrant and certain holders of the capital stock of the Registrant named therein.4.13 Waiver to Fifth Amended and Restated Investors' RightsAgreement, dated as of March 15,2017,between theRegistrant and certain holders of the capital stock of theRegistrant named therein.4.14 Waiver to Fifth Amended and Restated Investors' RightsAgreement,dated as of May 1,2019,between theRegistrant and certain holders of the capital stock of theRegistrant named therein.4.15 Indenture, dated as of May 22,2013,by and between the Registrant and U.S. Bank National Association.4.16 Third Supplemental Indenture， dated as of March 5, 2014,by and between the Registrant and U.S. BankNational Association.4.17 Form of 1.25% Convertible Senior Note Due March 1.2021 (included in Exhibit 4.16).4.18 Fourth Supplemental Indenture， dated as of March 22,2017,by and between the Registrant and U.S. Bank National Association.4.19 Form of 2.375% Convertible Senior Note Due March 15. 2022 (included in Exhibit 4.18).4.20 Fifth Supplemental Indenture, dated as of May 7, 2019,by and between Registrant and U.S. Bank NationalAssociation, related to 2.00% Convertible Senior Notesdue May 15, 2024.4.21 Form of 2.00% Convertible Senior Notes due May 15,2024 (included in Exhibit 4.20).4.22 Indenture, dated as of August 18, 2017, by and among the Registrant, SolarCity, and U.S. Bank NationalAssociation, as trustee.4.23 Form of 5.30% Senior Note due August 15, 2025.","Registrant named therein.4.12 Waiver to Fifth Amended and Restated Investors' RightsAgreement, dated as of May 18, 2016,between the Registrant and certain holders of the capital stock of the Registrant named therein.4.13 Waiver to Fifth Amended and Restated Investors' RightsAgreement, dated as of March 15,2017,between theRegistrant and certain holders of the capital stock of theRegistrant named therein.4.14 Waiver to Fifth Amended and Restated Investors' RightsAgreement,dated as of May 1,2019,between theRegistrant and certain holders of the capital stock of theRegistrant named therein.4.15 Indenture, dated as of May 22,2013,by and between the Registrant and U.S. Bank National Association.4.16 Third Supplemental Indenture， dated as of March 5, 2014,by and between the Registrant and U.S. BankNational Association.4.17 Form of 1.25% Convertible Senior Note Due March 1.2021 (included in Exhibit 4.16).4.18 Fourth Supplemental Indenture， dated as of March 22,2017,by and between the Registrant and U.S. Bank National Association.4.19 Form of 2.375% Convertible Senior Note Due March 15. 2022 (included in Exhibit 4.18).4.20 Fifth Supplemental Indenture, dated as of May 7, 2019,by and between Registrant and U.S. Bank NationalAssociation, related to 2.00% Convertible Senior Notesdue May 15, 2024.4.21 Form of 2.00% Convertible Senior Notes due May 15,2024 (included in Exhibit 4.20).4.22 Indenture, dated as of August 18, 2017, by and among the Registrant, SolarCity, and U.S. Bank NationalAssociation, as trustee.4.23 Form of 5.30% Senior Note due August 15, 2025.","2014,by and between the Registrant and U.S. Bank",8-K,8-K,8-K,001-34756,001-34756,4.4,4.4,4.4,4.4,,"March 5,2014March 5,2014",,,,,,,
"Registrant named therein.4.12 Waiver to Fifth Amended and Restated Investors' RightsAgreement, dated as of May 18, 2016,between the Registrant and certain holders of the capital stock of the Registrant named therein.4.13 Waiver to Fifth Amended and Restated Investors' RightsAgreement, dated as of March 15,2017,between theRegistrant and certain holders of the capital stock of theRegistrant named therein.4.14 Waiver to Fifth Amended and Restated Investors' RightsAgreement,dated as of May 1,2019,between theRegistrant and certain holders of the capital stock of theRegistrant named therein.4.15 Indenture, dated as of May 22,2013,by and between the Registrant and U.S. Bank National Association.4.16 Third Supplemental Indenture， dated as of March 5, 2014,by and between the Registrant and U.S. BankNational Association.4.17 Form of 1.25% Convertible Senior Note Due March 1.2021 (included in Exhibit 4.16).4.18 Fourth Supplemental Indenture， dated as of March 22,2017,by and between the Registrant and U.S. Bank National Association.4.19 Form of 2.375% Convertible Senior Note Due March 15. 2022 (included in Exhibit 4.18).4.20 Fifth Supplemental Indenture, dated as of May 7, 2019,by and between Registrant and U.S. Bank NationalAssociation, related to 2.00% Convertible Senior Notesdue May 15, 2024.4.21 Form of 2.00% Convertible Senior Notes due May 15,2024 (included in Exhibit 4.20).4.22 Indenture, dated as of August 18, 2017, by and among the Registrant, SolarCity, and U.S. Bank NationalAssociation, as trustee.4.23 Form of 5.30% Senior Note due August 15, 2025.","Registrant named therein.4.12 Waiver to Fifth Amended and Restated Investors' RightsAgreement, dated as of May 18, 2016,between the Registrant and certain holders of the capital stock of the Registrant named therein.4.13 Waiver to Fifth Amended and Restated Investors' RightsAgreement, dated as of March 15,2017,between theRegistrant and certain holders of the capital stock of theRegistrant named therein.4.14 Waiver to Fifth Amended and Restated Investors' RightsAgreement,dated as of May 1,2019,between theRegistrant and certain holders of the capital stock of theRegistrant named therein.4.15 Indenture, dated as of May 22,2013,by and between the Registrant and U.S. Bank National Association.4.16 Third Supplemental Indenture， dated as of March 5, 2014,by and between the Registrant and U.S. BankNational Association.4.17 Form of 1.25% Convertible Senior Note Due March 1.2021 (included in Exhibit 4.16).4.18 Fourth Supplemental Indenture， dated as of March 22,2017,by and between the Registrant and U.S. Bank National Association.4.19 Form of 2.375% Convertible Senior Note Due March 15. 2022 (included in Exhibit 4.18).4.20 Fifth Supplemental Indenture, dated as of May 7, 2019,by and between Registrant and U.S. Bank NationalAssociation, related to 2.00% Convertible Senior Notesdue May 15, 2024.4.21 Form of 2.00% Convertible Senior Notes due May 15,2024 (included in Exhibit 4.20).4.22 Indenture, dated as of August 18, 2017, by and among the Registrant, SolarCity, and U.S. Bank NationalAssociation, as trustee.4.23 Form of 5.30% Senior Note due August 15, 2025.","Registrant named therein.4.12 Waiver to Fifth Amended and Restated Investors' RightsAgreement, dated as of May 18, 2016,between the Registrant and certain holders of the capital stock of the Registrant named therein.4.13 Waiver to Fifth Amended and Restated Investors' RightsAgreement, dated as of March 15,2017,between theRegistrant and certain holders of the capital stock of theRegistrant named therein.4.14 Waiver to Fifth Amended and Restated Investors' RightsAgreement,dated as of May 1,2019,between theRegistrant and certain holders of the capital stock of theRegistrant named therein.4.15 Indenture, dated as of May 22,2013,by and between the Registrant and U.S. Bank National Association.4.16 Third Supplemental Indenture， dated as of March 5, 2014,by and between the Registrant and U.S. BankNational Association.4.17 Form of 1.25% Convertible Senior Note Due March 1.2021 (included in Exhibit 4.16).4.18 Fourth Supplemental Indenture， dated as of March 22,2017,by and between the Registrant and U.S. Bank National Association.4.19 Form of 2.375% Convertible Senior Note Due March 15. 2022 (included in Exhibit 4.18).4.20 Fifth Supplemental Indenture, dated as of May 7, 2019,by and between Registrant and U.S. Bank NationalAssociation, related to 2.00% Convertible Senior Notesdue May 15, 2024.4.21 Form of 2.00% Convertible Senior Notes due May 15,2024 (included in Exhibit 4.20).4.22 Indenture, dated as of August 18, 2017, by and among the Registrant, SolarCity, and U.S. Bank NationalAssociation, as trustee.4.23 Form of 5.30% Senior Note due August 15, 2025.","Registrant named therein.4.12 Waiver to Fifth Amended and Restated Investors' RightsAgreement, dated as of May 18, 2016,between the Registrant and certain holders of the capital stock of the Registrant named therein.4.13 Waiver to Fifth Amended and Restated Investors' RightsAgreement, dated as of March 15,2017,between theRegistrant and certain holders of the capital stock of theRegistrant named therein.4.14 Waiver to Fifth Amended and Restated Investors' RightsAgreement,dated as of May 1,2019,between theRegistrant and certain holders of the capital stock of theRegistrant named therein.4.15 Indenture, dated as of May 22,2013,by and between the Registrant and U.S. Bank National Association.4.16 Third Supplemental Indenture， dated as of March 5, 2014,by and between the Registrant and U.S. BankNational Association.4.17 Form of 1.25% Convertible Senior Note Due March 1.2021 (included in Exhibit 4.16).4.18 Fourth Supplemental Indenture， dated as of March 22,2017,by and between the Registrant and U.S. Bank National Association.4.19 Form of 2.375% Convertible Senior Note Due March 15. 2022 (included in Exhibit 4.18).4.20 Fifth Supplemental Indenture, dated as of May 7, 2019,by and between Registrant and U.S. Bank NationalAssociation, related to 2.00% Convertible Senior Notesdue May 15, 2024.4.21 Form of 2.00% Convertible Senior Notes due May 15,2024 (included in Exhibit 4.20).4.22 Indenture, dated as of August 18, 2017, by and among the Registrant, SolarCity, and U.S. Bank NationalAssociation, as trustee.4.23 Form of 5.30% Senior Note due August 15, 2025.","Registrant named therein.4.12 Waiver to Fifth Amended and Restated Investors' RightsAgreement, dated as of May 18, 2016,between the Registrant and certain holders of the capital stock of the Registrant named therein.4.13 Waiver to Fifth Amended and Restated Investors' RightsAgreement, dated as of March 15,2017,between theRegistrant and certain holders of the capital stock of theRegistrant named therein.4.14 Waiver to Fifth Amended and Restated Investors' RightsAgreement,dated as of May 1,2019,between theRegistrant and certain holders of the capital stock of theRegistrant named therein.4.15 Indenture, dated as of May 22,2013,by and between the Registrant and U.S. Bank National Association.4.16 Third Supplemental Indenture， dated as of March 5, 2014,by and between the Registrant and U.S. BankNational Association.4.17 Form of 1.25% Convertible Senior Note Due March 1.2021 (included in Exhibit 4.16).4.18 Fourth Supplemental Indenture， dated as of March 22,2017,by and between the Registrant and U.S. Bank National Association.4.19 Form of 2.375% Convertible Senior Note Due March 15. 2022 (included in Exhibit 4.18).4.20 Fifth Supplemental Indenture, dated as of May 7, 2019,by and between Registrant and U.S. Bank NationalAssociation, related to 2.00% Convertible Senior Notesdue May 15, 2024.4.21 Form of 2.00% Convertible Senior Notes due May 15,2024 (included in Exhibit 4.20).4.22 Indenture, dated as of August 18, 2017, by and among the Registrant, SolarCity, and U.S. Bank NationalAssociation, as trustee.4.23 Form of 5.30% Senior Note due August 15, 2025.",National Association.,,,,,001-34756,001-34756,4.4,4.4,4.4,4.4,"March 5,2014March 5,2014",,,,,,,
"Registrant named therein.4.12 Waiver to Fifth Amended and Restated Investors' RightsAgreement, dated as of May 18, 2016,between the Registrant and certain holders of the capital stock of the Registrant named therein.4.13 Waiver to Fifth Amended and Restated Investors' RightsAgreement, dated as of March 15,2017,between theRegistrant and certain holders of the capital stock of theRegistrant named therein.4.14 Waiver to Fifth Amended and Restated Investors' RightsAgreement,dated as of May 1,2019,between theRegistrant and certain holders of the capital stock of theRegistrant named therein.4.15 Indenture, dated as of May 22,2013,by and between the Registrant and U.S. Bank National Association.4.16 Third Supplemental Indenture， dated as of March 5, 2014,by and between the Registrant and U.S. BankNational Association.4.17 Form of 1.25% Convertible Senior Note Due March 1.2021 (included in Exhibit 4.16).4.18 Fourth Supplemental Indenture， dated as of March 22,2017,by and between the Registrant and U.S. Bank National Association.4.19 Form of 2.375% Convertible Senior Note Due March 15. 2022 (included in Exhibit 4.18).4.20 Fifth Supplemental Indenture, dated as of May 7, 2019,by and between Registrant and U.S. Bank NationalAssociation, related to 2.00% Convertible Senior Notesdue May 15, 2024.4.21 Form of 2.00% Convertible Senior Notes due May 15,2024 (included in Exhibit 4.20).4.22 Indenture, dated as of August 18, 2017, by and among the Registrant, SolarCity, and U.S. Bank NationalAssociation, as trustee.4.23 Form of 5.30% Senior Note due August 15, 2025.","Registrant named therein.4.12 Waiver to Fifth Amended and Restated Investors' RightsAgreement, dated as of May 18, 2016,between the Registrant and certain holders of the capital stock of the Registrant named therein.4.13 Waiver to Fifth Amended and Restated Investors' RightsAgreement, dated as of March 15,2017,between theRegistrant and certain holders of the capital stock of theRegistrant named therein.4.14 Waiver to Fifth Amended and Restated Investors' RightsAgreement,dated as of May 1,2019,between theRegistrant and certain holders of the capital stock of theRegistrant named therein.4.15 Indenture, dated as of May 22,2013,by and between the Registrant and U.S. Bank National Association.4.16 Third Supplemental Indenture， dated as of March 5, 2014,by and between the Registrant and U.S. BankNational Association.4.17 Form of 1.25% Convertible Senior Note Due March 1.2021 (included in Exhibit 4.16).4.18 Fourth Supplemental Indenture， dated as of March 22,2017,by and between the Registrant and U.S. Bank National Association.4.19 Form of 2.375% Convertible Senior Note Due March 15. 2022 (included in Exhibit 4.18).4.20 Fifth Supplemental Indenture, dated as of May 7, 2019,by and between Registrant and U.S. Bank NationalAssociation, related to 2.00% Convertible Senior Notesdue May 15, 2024.4.21 Form of 2.00% Convertible Senior Notes due May 15,2024 (included in Exhibit 4.20).4.22 Indenture, dated as of August 18, 2017, by and among the Registrant, SolarCity, and U.S. Bank NationalAssociation, as trustee.4.23 Form of 5.30% Senior Note due August 15, 2025.","Registrant named therein.4.12 Waiver to Fifth Amended and Restated Investors' RightsAgreement, dated as of May 18, 2016,between the Registrant and certain holders of the capital stock of the Registrant named therein.4.13 Waiver to Fifth Amended and Restated Investors' RightsAgreement, dated as of March 15,2017,between theRegistrant and certain holders of the capital stock of theRegistrant named therein.4.14 Waiver to Fifth Amended and Restated Investors' RightsAgreement,dated as of May 1,2019,between theRegistrant and certain holders of the capital stock of theRegistrant named therein.4.15 Indenture, dated as of May 22,2013,by and between the Registrant and U.S. Bank National Association.4.16 Third Supplemental Indenture， dated as of March 5, 2014,by and between the Registrant and U.S. BankNational Association.4.17 Form of 1.25% Convertible Senior Note Due March 1.2021 (included in Exhibit 4.16).4.18 Fourth Supplemental Indenture， dated as of March 22,2017,by and between the Registrant and U.S. Bank National Association.4.19 Form of 2.375% Convertible Senior Note Due March 15. 2022 (included in Exhibit 4.18).4.20 Fifth Supplemental Indenture, dated as of May 7, 2019,by and between Registrant and U.S. Bank NationalAssociation, related to 2.00% Convertible Senior Notesdue May 15, 2024.4.21 Form of 2.00% Convertible Senior Notes due May 15,2024 (included in Exhibit 4.20).4.22 Indenture, dated as of August 18, 2017, by and among the Registrant, SolarCity, and U.S. Bank NationalAssociation, as trustee.4.23 Form of 5.30% Senior Note due August 15, 2025.","Registrant named therein.4.12 Waiver to Fifth Amended and Restated Investors' RightsAgreement, dated as of May 18, 2016,between the Registrant and certain holders of the capital stock of the Registrant named therein.4.13 Waiver to Fifth Amended and Restated Investors' RightsAgreement, dated as of March 15,2017,between theRegistrant and certain holders of the capital stock of theRegistrant named therein.4.14 Waiver to Fifth Amended and Restated Investors' RightsAgreement,dated as of May 1,2019,between theRegistrant and certain holders of the capital stock of theRegistrant named therein.4.15 Indenture, dated as of May 22,2013,by and between the Registrant and U.S. Bank National Association.4.16 Third Supplemental Indenture， dated as of March 5, 2014,by and between the Registrant and U.S. BankNational Association.4.17 Form of 1.25% Convertible Senior Note Due March 1.2021 (included in Exhibit 4.16).4.18 Fourth Supplemental Indenture， dated as of March 22,2017,by and between the Registrant and U.S. Bank National Association.4.19 Form of 2.375% Convertible Senior Note Due March 15. 2022 (included in Exhibit 4.18).4.20 Fifth Supplemental Indenture, dated as of May 7, 2019,by and between Registrant and U.S. Bank NationalAssociation, related to 2.00% Convertible Senior Notesdue May 15, 2024.4.21 Form of 2.00% Convertible Senior Notes due May 15,2024 (included in Exhibit 4.20).4.22 Indenture, dated as of August 18, 2017, by and among the Registrant, SolarCity, and U.S. Bank NationalAssociation, as trustee.4.23 Form of 5.30% Senior Note due August 15, 2025.","Registrant named therein.4.12 Waiver to Fifth Amended and Restated Investors' RightsAgreement, dated as of May 18, 2016,between the Registrant and certain holders of the capital stock of the Registrant named therein.4.13 Waiver to Fifth Amended and Restated Investors' RightsAgreement, dated as of March 15,2017,between theRegistrant and certain holders of the capital stock of theRegistrant named therein.4.14 Waiver to Fifth Amended and Restated Investors' RightsAgreement,dated as of May 1,2019,between theRegistrant and certain holders of the capital stock of theRegistrant named therein.4.15 Indenture, dated as of May 22,2013,by and between the Registrant and U.S. Bank National Association.4.16 Third Supplemental Indenture， dated as of March 5, 2014,by and between the Registrant and U.S. BankNational Association.4.17 Form of 1.25% Convertible Senior Note Due March 1.2021 (included in Exhibit 4.16).4.18 Fourth Supplemental Indenture， dated as of March 22,2017,by and between the Registrant and U.S. Bank National Association.4.19 Form of 2.375% Convertible Senior Note Due March 15. 2022 (included in Exhibit 4.18).4.20 Fifth Supplemental Indenture, dated as of May 7, 2019,by and between Registrant and U.S. Bank NationalAssociation, related to 2.00% Convertible Senior Notesdue May 15, 2024.4.21 Form of 2.00% Convertible Senior Notes due May 15,2024 (included in Exhibit 4.20).4.22 Indenture, dated as of August 18, 2017, by and among the Registrant, SolarCity, and U.S. Bank NationalAssociation, as trustee.4.23 Form of 5.30% Senior Note due August 15, 2025.",Form of 1.25% Convertible Senior Note Due March 1.2021 (included in Exhibit 4.16).,8-K,8-K,8-K,,,,,,,,,,,,,,,
"Registrant named therein.4.12 Waiver to Fifth Amended and Restated Investors' RightsAgreement, dated as of May 18, 2016,between the Registrant and certain holders of the capital stock of the Registrant named therein.4.13 Waiver to Fifth Amended and Restated Investors' RightsAgreement, dated as of March 15,2017,between theRegistrant and certain holders of the capital stock of theRegistrant named therein.4.14 Waiver to Fifth Amended and Restated Investors' RightsAgreement,dated as of May 1,2019,between theRegistrant and certain holders of the capital stock of theRegistrant named therein.4.15 Indenture, dated as of May 22,2013,by and between the Registrant and U.S. Bank National Association.4.16 Third Supplemental Indenture， dated as of March 5, 2014,by and between the Registrant and U.S. BankNational Association.4.17 Form of 1.25% Convertible Senior Note Due March 1.2021 (included in Exhibit 4.16).4.18 Fourth Supplemental Indenture， dated as of March 22,2017,by and between the Registrant and U.S. Bank National Association.4.19 Form of 2.375% Convertible Senior Note Due March 15. 2022 (included in Exhibit 4.18).4.20 Fifth Supplemental Indenture, dated as of May 7, 2019,by and between Registrant and U.S. Bank NationalAssociation, related to 2.00% Convertible Senior Notesdue May 15, 2024.4.21 Form of 2.00% Convertible Senior Notes due May 15,2024 (included in Exhibit 4.20).4.22 Indenture, dated as of August 18, 2017, by and among the Registrant, SolarCity, and U.S. Bank NationalAssociation, as trustee.4.23 Form of 5.30% Senior Note due August 15, 2025.","Registrant named therein.4.12 Waiver to Fifth Amended and Restated Investors' RightsAgreement, dated as of May 18, 2016,between the Registrant and certain holders of the capital stock of the Registrant named therein.4.13 Waiver to Fifth Amended and Restated Investors' RightsAgreement, dated as of March 15,2017,between theRegistrant and certain holders of the capital stock of theRegistrant named therein.4.14 Waiver to Fifth Amended and Restated Investors' RightsAgreement,dated as of May 1,2019,between theRegistrant and certain holders of the capital stock of theRegistrant named therein.4.15 Indenture, dated as of May 22,2013,by and between the Registrant and U.S. Bank National Association.4.16 Third Supplemental Indenture， dated as of March 5, 2014,by and between the Registrant and U.S. BankNational Association.4.17 Form of 1.25% Convertible Senior Note Due March 1.2021 (included in Exhibit 4.16).4.18 Fourth Supplemental Indenture， dated as of March 22,2017,by and between the Registrant and U.S. Bank National Association.4.19 Form of 2.375% Convertible Senior Note Due March 15. 2022 (included in Exhibit 4.18).4.20 Fifth Supplemental Indenture, dated as of May 7, 2019,by and between Registrant and U.S. Bank NationalAssociation, related to 2.00% Convertible Senior Notesdue May 15, 2024.4.21 Form of 2.00% Convertible Senior Notes due May 15,2024 (included in Exhibit 4.20).4.22 Indenture, dated as of August 18, 2017, by and among the Registrant, SolarCity, and U.S. Bank NationalAssociation, as trustee.4.23 Form of 5.30% Senior Note due August 15, 2025.","Registrant named therein.4.12 Waiver to Fifth Amended and Restated Investors' RightsAgreement, dated as of May 18, 2016,between the Registrant and certain holders of the capital stock of the Registrant named therein.4.13 Waiver to Fifth Amended and Restated Investors' RightsAgreement, dated as of March 15,2017,between theRegistrant and certain holders of the capital stock of theRegistrant named therein.4.14 Waiver to Fifth Amended and Restated Investors' RightsAgreement,dated as of May 1,2019,between theRegistrant and certain holders of the capital stock of theRegistrant named therein.4.15 Indenture, dated as of May 22,2013,by and between the Registrant and U.S. Bank National Association.4.16 Third Supplemental Indenture， dated as of March 5, 2014,by and between the Registrant and U.S. BankNational Association.4.17 Form of 1.25% Convertible Senior Note Due March 1.2021 (included in Exhibit 4.16).4.18 Fourth Supplemental Indenture， dated as of March 22,2017,by and between the Registrant and U.S. Bank National Association.4.19 Form of 2.375% Convertible Senior Note Due March 15. 2022 (included in Exhibit 4.18).4.20 Fifth Supplemental Indenture, dated as of May 7, 2019,by and between Registrant and U.S. Bank NationalAssociation, related to 2.00% Convertible Senior Notesdue May 15, 2024.4.21 Form of 2.00% Convertible Senior Notes due May 15,2024 (included in Exhibit 4.20).4.22 Indenture, dated as of August 18, 2017, by and among the Registrant, SolarCity, and U.S. Bank NationalAssociation, as trustee.4.23 Form of 5.30% Senior Note due August 15, 2025.","Registrant named therein.4.12 Waiver to Fifth Amended and Restated Investors' RightsAgreement, dated as of May 18, 2016,between the Registrant and certain holders of the capital stock of the Registrant named therein.4.13 Waiver to Fifth Amended and Restated Investors' RightsAgreement, dated as of March 15,2017,between theRegistrant and certain holders of the capital stock of theRegistrant named therein.4.14 Waiver to Fifth Amended and Restated Investors' RightsAgreement,dated as of May 1,2019,between theRegistrant and certain holders of the capital stock of theRegistrant named therein.4.15 Indenture, dated as of May 22,2013,by and between the Registrant and U.S. Bank National Association.4.16 Third Supplemental Indenture， dated as of March 5, 2014,by and between the Registrant and U.S. BankNational Association.4.17 Form of 1.25% Convertible Senior Note Due March 1.2021 (included in Exhibit 4.16).4.18 Fourth Supplemental Indenture， dated as of March 22,2017,by and between the Registrant and U.S. Bank National Association.4.19 Form of 2.375% Convertible Senior Note Due March 15. 2022 (included in Exhibit 4.18).4.20 Fifth Supplemental Indenture, dated as of May 7, 2019,by and between Registrant and U.S. Bank NationalAssociation, related to 2.00% Convertible Senior Notesdue May 15, 2024.4.21 Form of 2.00% Convertible Senior Notes due May 15,2024 (included in Exhibit 4.20).4.22 Indenture, dated as of August 18, 2017, by and among the Registrant, SolarCity, and U.S. Bank NationalAssociation, as trustee.4.23 Form of 5.30% Senior Note due August 15, 2025.","Registrant named therein.4.12 Waiver to Fifth Amended and Restated Investors' RightsAgreement, dated as of May 18, 2016,between the Registrant and certain holders of the capital stock of the Registrant named therein.4.13 Waiver to Fifth Amended and Restated Investors' RightsAgreement, dated as of March 15,2017,between theRegistrant and certain holders of the capital stock of theRegistrant named therein.4.14 Waiver to Fifth Amended and Restated Investors' RightsAgreement,dated as of May 1,2019,between theRegistrant and certain holders of the capital stock of theRegistrant named therein.4.15 Indenture, dated as of May 22,2013,by and between the Registrant and U.S. Bank National Association.4.16 Third Supplemental Indenture， dated as of March 5, 2014,by and between the Registrant and U.S. BankNational Association.4.17 Form of 1.25% Convertible Senior Note Due March 1.2021 (included in Exhibit 4.16).4.18 Fourth Supplemental Indenture， dated as of March 22,2017,by and between the Registrant and U.S. Bank National Association.4.19 Form of 2.375% Convertible Senior Note Due March 15. 2022 (included in Exhibit 4.18).4.20 Fifth Supplemental Indenture, dated as of May 7, 2019,by and between Registrant and U.S. Bank NationalAssociation, related to 2.00% Convertible Senior Notesdue May 15, 2024.4.21 Form of 2.00% Convertible Senior Notes due May 15,2024 (included in Exhibit 4.20).4.22 Indenture, dated as of August 18, 2017, by and among the Registrant, SolarCity, and U.S. Bank NationalAssociation, as trustee.4.23 Form of 5.30% Senior Note due August 15, 2025.","Fourth Supplemental Indenture， dated as of March 22,2017,by and between the Registrant and U.S. Bank",8-K,8-K,8-K,001-34756,001-34756,001-34756,4.4,4.4,4.4,4.4,"March 5,2014March 5,2014",,4.2,4.2,4.2,4.2,,"March 22,2017"
"Registrant named therein.4.12 Waiver to Fifth Amended and Restated Investors' RightsAgreement, dated as of May 18, 2016,between the Registrant and certain holders of the capital stock of the Registrant named therein.4.13 Waiver to Fifth Amended and Restated Investors' RightsAgreement, dated as of March 15,2017,between theRegistrant and certain holders of the capital stock of theRegistrant named therein.4.14 Waiver to Fifth Amended and Restated Investors' RightsAgreement,dated as of May 1,2019,between theRegistrant and certain holders of the capital stock of theRegistrant named therein.4.15 Indenture, dated as of May 22,2013,by and between the Registrant and U.S. Bank National Association.4.16 Third Supplemental Indenture， dated as of March 5, 2014,by and between the Registrant and U.S. BankNational Association.4.17 Form of 1.25% Convertible Senior Note Due March 1.2021 (included in Exhibit 4.16).4.18 Fourth Supplemental Indenture， dated as of March 22,2017,by and between the Registrant and U.S. Bank National Association.4.19 Form of 2.375% Convertible Senior Note Due March 15. 2022 (included in Exhibit 4.18).4.20 Fifth Supplemental Indenture, dated as of May 7, 2019,by and between Registrant and U.S. Bank NationalAssociation, related to 2.00% Convertible Senior Notesdue May 15, 2024.4.21 Form of 2.00% Convertible Senior Notes due May 15,2024 (included in Exhibit 4.20).4.22 Indenture, dated as of August 18, 2017, by and among the Registrant, SolarCity, and U.S. Bank NationalAssociation, as trustee.4.23 Form of 5.30% Senior Note due August 15, 2025.","Registrant named therein.4.12 Waiver to Fifth Amended and Restated Investors' RightsAgreement, dated as of May 18, 2016,between the Registrant and certain holders of the capital stock of the Registrant named therein.4.13 Waiver to Fifth Amended and Restated Investors' RightsAgreement, dated as of March 15,2017,between theRegistrant and certain holders of the capital stock of theRegistrant named therein.4.14 Waiver to Fifth Amended and Restated Investors' RightsAgreement,dated as of May 1,2019,between theRegistrant and certain holders of the capital stock of theRegistrant named therein.4.15 Indenture, dated as of May 22,2013,by and between the Registrant and U.S. Bank National Association.4.16 Third Supplemental Indenture， dated as of March 5, 2014,by and between the Registrant and U.S. BankNational Association.4.17 Form of 1.25% Convertible Senior Note Due March 1.2021 (included in Exhibit 4.16).4.18 Fourth Supplemental Indenture， dated as of March 22,2017,by and between the Registrant and U.S. Bank National Association.4.19 Form of 2.375% Convertible Senior Note Due March 15. 2022 (included in Exhibit 4.18).4.20 Fifth Supplemental Indenture, dated as of May 7, 2019,by and between Registrant and U.S. Bank NationalAssociation, related to 2.00% Convertible Senior Notesdue May 15, 2024.4.21 Form of 2.00% Convertible Senior Notes due May 15,2024 (included in Exhibit 4.20).4.22 Indenture, dated as of August 18, 2017, by and among the Registrant, SolarCity, and U.S. Bank NationalAssociation, as trustee.4.23 Form of 5.30% Senior Note due August 15, 2025.","Registrant named therein.4.12 Waiver to Fifth Amended and Restated Investors' RightsAgreement, dated as of May 18, 2016,between the Registrant and certain holders of the capital stock of the Registrant named therein.4.13 Waiver to Fifth Amended and Restated Investors' RightsAgreement, dated as of March 15,2017,between theRegistrant and certain holders of the capital stock of theRegistrant named therein.4.14 Waiver to Fifth Amended and Restated Investors' RightsAgreement,dated as of May 1,2019,between theRegistrant and certain holders of the capital stock of theRegistrant named therein.4.15 Indenture, dated as of May 22,2013,by and between the Registrant and U.S. Bank National Association.4.16 Third Supplemental Indenture， dated as of March 5, 2014,by and between the Registrant and U.S. BankNational Association.4.17 Form of 1.25% Convertible Senior Note Due March 1.2021 (included in Exhibit 4.16).4.18 Fourth Supplemental Indenture， dated as of March 22,2017,by and between the Registrant and U.S. Bank National Association.4.19 Form of 2.375% Convertible Senior Note Due March 15. 2022 (included in Exhibit 4.18).4.20 Fifth Supplemental Indenture, dated as of May 7, 2019,by and between Registrant and U.S. Bank NationalAssociation, related to 2.00% Convertible Senior Notesdue May 15, 2024.4.21 Form of 2.00% Convertible Senior Notes due May 15,2024 (included in Exhibit 4.20).4.22 Indenture, dated as of August 18, 2017, by and among the Registrant, SolarCity, and U.S. Bank NationalAssociation, as trustee.4.23 Form of 5.30% Senior Note due August 15, 2025.","Registrant named therein.4.12 Waiver to Fifth Amended and Restated Investors' RightsAgreement, dated as of May 18, 2016,between the Registrant and certain holders of the capital stock of the Registrant named therein.4.13 Waiver to Fifth Amended and Restated Investors' RightsAgreement, dated as of March 15,2017,between theRegistrant and certain holders of the capital stock of theRegistrant named therein.4.14 Waiver to Fifth Amended and Restated Investors' RightsAgreement,dated as of May 1,2019,between theRegistrant and certain holders of the capital stock of theRegistrant named therein.4.15 Indenture, dated as of May 22,2013,by and between the Registrant and U.S. Bank National Association.4.16 Third Supplemental Indenture， dated as of March 5, 2014,by and between the Registrant and U.S. BankNational Association.4.17 Form of 1.25% Convertible Senior Note Due March 1.2021 (included in Exhibit 4.16).4.18 Fourth Supplemental Indenture， dated as of March 22,2017,by and between the Registrant and U.S. Bank National Association.4.19 Form of 2.375% Convertible Senior Note Due March 15. 2022 (included in Exhibit 4.18).4.20 Fifth Supplemental Indenture, dated as of May 7, 2019,by and between Registrant and U.S. Bank NationalAssociation, related to 2.00% Convertible Senior Notesdue May 15, 2024.4.21 Form of 2.00% Convertible Senior Notes due May 15,2024 (included in Exhibit 4.20).4.22 Indenture, dated as of August 18, 2017, by and among the Registrant, SolarCity, and U.S. Bank NationalAssociation, as trustee.4.23 Form of 5.30% Senior Note due August 15, 2025.","Registrant named therein.4.12 Waiver to Fifth Amended and Restated Investors' RightsAgreement, dated as of May 18, 2016,between the Registrant and certain holders of the capital stock of the Registrant named therein.4.13 Waiver to Fifth Amended and Restated Investors' RightsAgreement, dated as of March 15,2017,between theRegistrant and certain holders of the capital stock of theRegistrant named therein.4.14 Waiver to Fifth Amended and Restated Investors' RightsAgreement,dated as of May 1,2019,between theRegistrant and certain holders of the capital stock of theRegistrant named therein.4.15 Indenture, dated as of May 22,2013,by and between the Registrant and U.S. Bank National Association.4.16 Third Supplemental Indenture， dated as of March 5, 2014,by and between the Registrant and U.S. BankNational Association.4.17 Form of 1.25% Convertible Senior Note Due March 1.2021 (included in Exhibit 4.16).4.18 Fourth Supplemental Indenture， dated as of March 22,2017,by and between the Registrant and U.S. Bank National Association.4.19 Form of 2.375% Convertible Senior Note Due March 15. 2022 (included in Exhibit 4.18).4.20 Fifth Supplemental Indenture, dated as of May 7, 2019,by and between Registrant and U.S. Bank NationalAssociation, related to 2.00% Convertible Senior Notesdue May 15, 2024.4.21 Form of 2.00% Convertible Senior Notes due May 15,2024 (included in Exhibit 4.20).4.22 Indenture, dated as of August 18, 2017, by and among the Registrant, SolarCity, and U.S. Bank NationalAssociation, as trustee.4.23 Form of 5.30% Senior Note due August 15, 2025.",National Association.,,,,001-34756,001-34756,4.2,4.2,4.2,4.2,,"March 22,2017",,,,,,,
"Registrant named therein.4.12 Waiver to Fifth Amended and Restated Investors' RightsAgreement, dated as of May 18, 2016,between the Registrant and certain holders of the capital stock of the Registrant named therein.4.13 Waiver to Fifth Amended and Restated Investors' RightsAgreement, dated as of March 15,2017,between theRegistrant and certain holders of the capital stock of theRegistrant named therein.4.14 Waiver to Fifth Amended and Restated Investors' RightsAgreement,dated as of May 1,2019,between theRegistrant and certain holders of the capital stock of theRegistrant named therein.4.15 Indenture, dated as of May 22,2013,by and between the Registrant and U.S. Bank National Association.4.16 Third Supplemental Indenture， dated as of March 5, 2014,by and between the Registrant and U.S. BankNational Association.4.17 Form of 1.25% Convertible Senior Note Due March 1.2021 (included in Exhibit 4.16).4.18 Fourth Supplemental Indenture， dated as of March 22,2017,by and between the Registrant and U.S. Bank National Association.4.19 Form of 2.375% Convertible Senior Note Due March 15. 2022 (included in Exhibit 4.18).4.20 Fifth Supplemental Indenture, dated as of May 7, 2019,by and between Registrant and U.S. Bank NationalAssociation, related to 2.00% Convertible Senior Notesdue May 15, 2024.4.21 Form of 2.00% Convertible Senior Notes due May 15,2024 (included in Exhibit 4.20).4.22 Indenture, dated as of August 18, 2017, by and among the Registrant, SolarCity, and U.S. Bank NationalAssociation, as trustee.4.23 Form of 5.30% Senior Note due August 15, 2025.","Registrant named therein.4.12 Waiver to Fifth Amended and Restated Investors' RightsAgreement, dated as of May 18, 2016,between the Registrant and certain holders of the capital stock of the Registrant named therein.4.13 Waiver to Fifth Amended and Restated Investors' RightsAgreement, dated as of March 15,2017,between theRegistrant and certain holders of the capital stock of theRegistrant named therein.4.14 Waiver to Fifth Amended and Restated Investors' RightsAgreement,dated as of May 1,2019,between theRegistrant and certain holders of the capital stock of theRegistrant named therein.4.15 Indenture, dated as of May 22,2013,by and between the Registrant and U.S. Bank National Association.4.16 Third Supplemental Indenture， dated as of March 5, 2014,by and between the Registrant and U.S. BankNational Association.4.17 Form of 1.25% Convertible Senior Note Due March 1.2021 (included in Exhibit 4.16).4.18 Fourth Supplemental Indenture， dated as of March 22,2017,by and between the Registrant and U.S. Bank National Association.4.19 Form of 2.375% Convertible Senior Note Due March 15. 2022 (included in Exhibit 4.18).4.20 Fifth Supplemental Indenture, dated as of May 7, 2019,by and between Registrant and U.S. Bank NationalAssociation, related to 2.00% Convertible Senior Notesdue May 15, 2024.4.21 Form of 2.00% Convertible Senior Notes due May 15,2024 (included in Exhibit 4.20).4.22 Indenture, dated as of August 18, 2017, by and among the Registrant, SolarCity, and U.S. Bank NationalAssociation, as trustee.4.23 Form of 5.30% Senior Note due August 15, 2025.","Registrant named therein.4.12 Waiver to Fifth Amended and Restated Investors' RightsAgreement, dated as of May 18, 2016,between the Registrant and certain holders of the capital stock of the Registrant named therein.4.13 Waiver to Fifth Amended and Restated Investors' RightsAgreement, dated as of March 15,2017,between theRegistrant and certain holders of the capital stock of theRegistrant named therein.4.14 Waiver to Fifth Amended and Restated Investors' RightsAgreement,dated as of May 1,2019,between theRegistrant and certain holders of the capital stock of theRegistrant named therein.4.15 Indenture, dated as of May 22,2013,by and between the Registrant and U.S. Bank National Association.4.16 Third Supplemental Indenture， dated as of March 5, 2014,by and between the Registrant and U.S. BankNational Association.4.17 Form of 1.25% Convertible Senior Note Due March 1.2021 (included in Exhibit 4.16).4.18 Fourth Supplemental Indenture， dated as of March 22,2017,by and between the Registrant and U.S. Bank National Association.4.19 Form of 2.375% Convertible Senior Note Due March 15. 2022 (included in Exhibit 4.18).4.20 Fifth Supplemental Indenture, dated as of May 7, 2019,by and between Registrant and U.S. Bank NationalAssociation, related to 2.00% Convertible Senior Notesdue May 15, 2024.4.21 Form of 2.00% Convertible Senior Notes due May 15,2024 (included in Exhibit 4.20).4.22 Indenture, dated as of August 18, 2017, by and among the Registrant, SolarCity, and U.S. Bank NationalAssociation, as trustee.4.23 Form of 5.30% Senior Note due August 15, 2025.","Registrant named therein.4.12 Waiver to Fifth Amended and Restated Investors' RightsAgreement, dated as of May 18, 2016,between the Registrant and certain holders of the capital stock of the Registrant named therein.4.13 Waiver to Fifth Amended and Restated Investors' RightsAgreement, dated as of March 15,2017,between theRegistrant and certain holders of the capital stock of theRegistrant named therein.4.14 Waiver to Fifth Amended and Restated Investors' RightsAgreement,dated as of May 1,2019,between theRegistrant and certain holders of the capital stock of theRegistrant named therein.4.15 Indenture, dated as of May 22,2013,by and between the Registrant and U.S. Bank National Association.4.16 Third Supplemental Indenture， dated as of March 5, 2014,by and between the Registrant and U.S. BankNational Association.4.17 Form of 1.25% Convertible Senior Note Due March 1.2021 (included in Exhibit 4.16).4.18 Fourth Supplemental Indenture， dated as of March 22,2017,by and between the Registrant and U.S. Bank National Association.4.19 Form of 2.375% Convertible Senior Note Due March 15. 2022 (included in Exhibit 4.18).4.20 Fifth Supplemental Indenture, dated as of May 7, 2019,by and between Registrant and U.S. Bank NationalAssociation, related to 2.00% Convertible Senior Notesdue May 15, 2024.4.21 Form of 2.00% Convertible Senior Notes due May 15,2024 (included in Exhibit 4.20).4.22 Indenture, dated as of August 18, 2017, by and among the Registrant, SolarCity, and U.S. Bank NationalAssociation, as trustee.4.23 Form of 5.30% Senior Note due August 15, 2025.","Registrant named therein.4.12 Waiver to Fifth Amended and Restated Investors' RightsAgreement, dated as of May 18, 2016,between the Registrant and certain holders of the capital stock of the Registrant named therein.4.13 Waiver to Fifth Amended and Restated Investors' RightsAgreement, dated as of March 15,2017,between theRegistrant and certain holders of the capital stock of theRegistrant named therein.4.14 Waiver to Fifth Amended and Restated Investors' RightsAgreement,dated as of May 1,2019,between theRegistrant and certain holders of the capital stock of theRegistrant named therein.4.15 Indenture, dated as of May 22,2013,by and between the Registrant and U.S. Bank National Association.4.16 Third Supplemental Indenture， dated as of March 5, 2014,by and between the Registrant and U.S. BankNational Association.4.17 Form of 1.25% Convertible Senior Note Due March 1.2021 (included in Exhibit 4.16).4.18 Fourth Supplemental Indenture， dated as of March 22,2017,by and between the Registrant and U.S. Bank National Association.4.19 Form of 2.375% Convertible Senior Note Due March 15. 2022 (included in Exhibit 4.18).4.20 Fifth Supplemental Indenture, dated as of May 7, 2019,by and between Registrant and U.S. Bank NationalAssociation, related to 2.00% Convertible Senior Notesdue May 15, 2024.4.21 Form of 2.00% Convertible Senior Notes due May 15,2024 (included in Exhibit 4.20).4.22 Indenture, dated as of August 18, 2017, by and among the Registrant, SolarCity, and U.S. Bank NationalAssociation, as trustee.4.23 Form of 5.30% Senior Note due August 15, 2025.",Form of 2.375% Convertible Senior Note Due March 15. 2022 (included in Exhibit 4.18).,8-K,8-K,8-K,001-34756,001-34756,4.2,4.2,4.2,4.2,,"March 22,2017",,,,,,,
"Registrant named therein.4.12 Waiver to Fifth Amended and Restated Investors' RightsAgreement, dated as of May 18, 2016,between the Registrant and certain holders of the capital stock of the Registrant named therein.4.13 Waiver to Fifth Amended and Restated Investors' RightsAgreement, dated as of March 15,2017,between theRegistrant and certain holders of the capital stock of theRegistrant named therein.4.14 Waiver to Fifth Amended and Restated Investors' RightsAgreement,dated as of May 1,2019,between theRegistrant and certain holders of the capital stock of theRegistrant named therein.4.15 Indenture, dated as of May 22,2013,by and between the Registrant and U.S. Bank National Association.4.16 Third Supplemental Indenture， dated as of March 5, 2014,by and between the Registrant and U.S. BankNational Association.4.17 Form of 1.25% Convertible Senior Note Due March 1.2021 (included in Exhibit 4.16).4.18 Fourth Supplemental Indenture， dated as of March 22,2017,by and between the Registrant and U.S. Bank National Association.4.19 Form of 2.375% Convertible Senior Note Due March 15. 2022 (included in Exhibit 4.18).4.20 Fifth Supplemental Indenture, dated as of May 7, 2019,by and between Registrant and U.S. Bank NationalAssociation, related to 2.00% Convertible Senior Notesdue May 15, 2024.4.21 Form of 2.00% Convertible Senior Notes due May 15,2024 (included in Exhibit 4.20).4.22 Indenture, dated as of August 18, 2017, by and among the Registrant, SolarCity, and U.S. Bank NationalAssociation, as trustee.4.23 Form of 5.30% Senior Note due August 15, 2025.","Registrant named therein.4.12 Waiver to Fifth Amended and Restated Investors' RightsAgreement, dated as of May 18, 2016,between the Registrant and certain holders of the capital stock of the Registrant named therein.4.13 Waiver to Fifth Amended and Restated Investors' RightsAgreement, dated as of March 15,2017,between theRegistrant and certain holders of the capital stock of theRegistrant named therein.4.14 Waiver to Fifth Amended and Restated Investors' RightsAgreement,dated as of May 1,2019,between theRegistrant and certain holders of the capital stock of theRegistrant named therein.4.15 Indenture, dated as of May 22,2013,by and between the Registrant and U.S. Bank National Association.4.16 Third Supplemental Indenture， dated as of March 5, 2014,by and between the Registrant and U.S. BankNational Association.4.17 Form of 1.25% Convertible Senior Note Due March 1.2021 (included in Exhibit 4.16).4.18 Fourth Supplemental Indenture， dated as of March 22,2017,by and between the Registrant and U.S. Bank National Association.4.19 Form of 2.375% Convertible Senior Note Due March 15. 2022 (included in Exhibit 4.18).4.20 Fifth Supplemental Indenture, dated as of May 7, 2019,by and between Registrant and U.S. Bank NationalAssociation, related to 2.00% Convertible Senior Notesdue May 15, 2024.4.21 Form of 2.00% Convertible Senior Notes due May 15,2024 (included in Exhibit 4.20).4.22 Indenture, dated as of August 18, 2017, by and among the Registrant, SolarCity, and U.S. Bank NationalAssociation, as trustee.4.23 Form of 5.30% Senior Note due August 15, 2025.","Registrant named therein.4.12 Waiver to Fifth Amended and Restated Investors' RightsAgreement, dated as of May 18, 2016,between the Registrant and certain holders of the capital stock of the Registrant named therein.4.13 Waiver to Fifth Amended and Restated Investors' RightsAgreement, dated as of March 15,2017,between theRegistrant and certain holders of the capital stock of theRegistrant named therein.4.14 Waiver to Fifth Amended and Restated Investors' RightsAgreement,dated as of May 1,2019,between theRegistrant and certain holders of the capital stock of theRegistrant named therein.4.15 Indenture, dated as of May 22,2013,by and between the Registrant and U.S. Bank National Association.4.16 Third Supplemental Indenture， dated as of March 5, 2014,by and between the Registrant and U.S. BankNational Association.4.17 Form of 1.25% Convertible Senior Note Due March 1.2021 (included in Exhibit 4.16).4.18 Fourth Supplemental Indenture， dated as of March 22,2017,by and between the Registrant and U.S. Bank National Association.4.19 Form of 2.375% Convertible Senior Note Due March 15. 2022 (included in Exhibit 4.18).4.20 Fifth Supplemental Indenture, dated as of May 7, 2019,by and between Registrant and U.S. Bank NationalAssociation, related to 2.00% Convertible Senior Notesdue May 15, 2024.4.21 Form of 2.00% Convertible Senior Notes due May 15,2024 (included in Exhibit 4.20).4.22 Indenture, dated as of August 18, 2017, by and among the Registrant, SolarCity, and U.S. Bank NationalAssociation, as trustee.4.23 Form of 5.30% Senior Note due August 15, 2025.","Registrant named therein.4.12 Waiver to Fifth Amended and Restated Investors' RightsAgreement, dated as of May 18, 2016,between the Registrant and certain holders of the capital stock of the Registrant named therein.4.13 Waiver to Fifth Amended and Restated Investors' RightsAgreement, dated as of March 15,2017,between theRegistrant and certain holders of the capital stock of theRegistrant named therein.4.14 Waiver to Fifth Amended and Restated Investors' RightsAgreement,dated as of May 1,2019,between theRegistrant and certain holders of the capital stock of theRegistrant named therein.4.15 Indenture, dated as of May 22,2013,by and between the Registrant and U.S. Bank National Association.4.16 Third Supplemental Indenture， dated as of March 5, 2014,by and between the Registrant and U.S. BankNational Association.4.17 Form of 1.25% Convertible Senior Note Due March 1.2021 (included in Exhibit 4.16).4.18 Fourth Supplemental Indenture， dated as of March 22,2017,by and between the Registrant and U.S. Bank National Association.4.19 Form of 2.375% Convertible Senior Note Due March 15. 2022 (included in Exhibit 4.18).4.20 Fifth Supplemental Indenture, dated as of May 7, 2019,by and between Registrant and U.S. Bank NationalAssociation, related to 2.00% Convertible Senior Notesdue May 15, 2024.4.21 Form of 2.00% Convertible Senior Notes due May 15,2024 (included in Exhibit 4.20).4.22 Indenture, dated as of August 18, 2017, by and among the Registrant, SolarCity, and U.S. Bank NationalAssociation, as trustee.4.23 Form of 5.30% Senior Note due August 15, 2025.","Registrant named therein.4.12 Waiver to Fifth Amended and Restated Investors' RightsAgreement, dated as of May 18, 2016,between the Registrant and certain holders of the capital stock of the Registrant named therein.4.13 Waiver to Fifth Amended and Restated Investors' RightsAgreement, dated as of March 15,2017,between theRegistrant and certain holders of the capital stock of theRegistrant named therein.4.14 Waiver to Fifth Amended and Restated Investors' RightsAgreement,dated as of May 1,2019,between theRegistrant and certain holders of the capital stock of theRegistrant named therein.4.15 Indenture, dated as of May 22,2013,by and between the Registrant and U.S. Bank National Association.4.16 Third Supplemental Indenture， dated as of March 5, 2014,by and between the Registrant and U.S. BankNational Association.4.17 Form of 1.25% Convertible Senior Note Due March 1.2021 (included in Exhibit 4.16).4.18 Fourth Supplemental Indenture， dated as of March 22,2017,by and between the Registrant and U.S. Bank National Association.4.19 Form of 2.375% Convertible Senior Note Due March 15. 2022 (included in Exhibit 4.18).4.20 Fifth Supplemental Indenture, dated as of May 7, 2019,by and between Registrant and U.S. Bank NationalAssociation, related to 2.00% Convertible Senior Notesdue May 15, 2024.4.21 Form of 2.00% Convertible Senior Notes due May 15,2024 (included in Exhibit 4.20).4.22 Indenture, dated as of August 18, 2017, by and among the Registrant, SolarCity, and U.S. Bank NationalAssociation, as trustee.4.23 Form of 5.30% Senior Note due August 15, 2025.","Fifth Supplemental Indenture, dated as of May 7, 2019,by and between Registrant and U.S. Bank National",8-K,8-K,8-K,001-34756,001-34756,4.2,4.2,4.2,4.2,,"May 8, 2019",,,,,,,
"Registrant named therein.4.12 Waiver to Fifth Amended and Restated Investors' RightsAgreement, dated as of May 18, 2016,between the Registrant and certain holders of the capital stock of the Registrant named therein.4.13 Waiver to Fifth Amended and Restated Investors' RightsAgreement, dated as of March 15,2017,between theRegistrant and certain holders of the capital stock of theRegistrant named therein.4.14 Waiver to Fifth Amended and Restated Investors' RightsAgreement,dated as of May 1,2019,between theRegistrant and certain holders of the capital stock of theRegistrant named therein.4.15 Indenture, dated as of May 22,2013,by and between the Registrant and U.S. Bank National Association.4.16 Third Supplemental Indenture， dated as of March 5, 2014,by and between the Registrant and U.S. BankNational Association.4.17 Form of 1.25% Convertible Senior Note Due March 1.2021 (included in Exhibit 4.16).4.18 Fourth Supplemental Indenture， dated as of March 22,2017,by and between the Registrant and U.S. Bank National Association.4.19 Form of 2.375% Convertible Senior Note Due March 15. 2022 (included in Exhibit 4.18).4.20 Fifth Supplemental Indenture, dated as of May 7, 2019,by and between Registrant and U.S. Bank NationalAssociation, related to 2.00% Convertible Senior Notesdue May 15, 2024.4.21 Form of 2.00% Convertible Senior Notes due May 15,2024 (included in Exhibit 4.20).4.22 Indenture, dated as of August 18, 2017, by and among the Registrant, SolarCity, and U.S. Bank NationalAssociation, as trustee.4.23 Form of 5.30% Senior Note due August 15, 2025.","Registrant named therein.4.12 Waiver to Fifth Amended and Restated Investors' RightsAgreement, dated as of May 18, 2016,between the Registrant and certain holders of the capital stock of the Registrant named therein.4.13 Waiver to Fifth Amended and Restated Investors' RightsAgreement, dated as of March 15,2017,between theRegistrant and certain holders of the capital stock of theRegistrant named therein.4.14 Waiver to Fifth Amended and Restated Investors' RightsAgreement,dated as of May 1,2019,between theRegistrant and certain holders of the capital stock of theRegistrant named therein.4.15 Indenture, dated as of May 22,2013,by and between the Registrant and U.S. Bank National Association.4.16 Third Supplemental Indenture， dated as of March 5, 2014,by and between the Registrant and U.S. BankNational Association.4.17 Form of 1.25% Convertible Senior Note Due March 1.2021 (included in Exhibit 4.16).4.18 Fourth Supplemental Indenture， dated as of March 22,2017,by and between the Registrant and U.S. Bank National Association.4.19 Form of 2.375% Convertible Senior Note Due March 15. 2022 (included in Exhibit 4.18).4.20 Fifth Supplemental Indenture, dated as of May 7, 2019,by and between Registrant and U.S. Bank NationalAssociation, related to 2.00% Convertible Senior Notesdue May 15, 2024.4.21 Form of 2.00% Convertible Senior Notes due May 15,2024 (included in Exhibit 4.20).4.22 Indenture, dated as of August 18, 2017, by and among the Registrant, SolarCity, and U.S. Bank NationalAssociation, as trustee.4.23 Form of 5.30% Senior Note due August 15, 2025.","Registrant named therein.4.12 Waiver to Fifth Amended and Restated Investors' RightsAgreement, dated as of May 18, 2016,between the Registrant and certain holders of the capital stock of the Registrant named therein.4.13 Waiver to Fifth Amended and Restated Investors' RightsAgreement, dated as of March 15,2017,between theRegistrant and certain holders of the capital stock of theRegistrant named therein.4.14 Waiver to Fifth Amended and Restated Investors' RightsAgreement,dated as of May 1,2019,between theRegistrant and certain holders of the capital stock of theRegistrant named therein.4.15 Indenture, dated as of May 22,2013,by and between the Registrant and U.S. Bank National Association.4.16 Third Supplemental Indenture， dated as of March 5, 2014,by and between the Registrant and U.S. BankNational Association.4.17 Form of 1.25% Convertible Senior Note Due March 1.2021 (included in Exhibit 4.16).4.18 Fourth Supplemental Indenture， dated as of March 22,2017,by and between the Registrant and U.S. Bank National Association.4.19 Form of 2.375% Convertible Senior Note Due March 15. 2022 (included in Exhibit 4.18).4.20 Fifth Supplemental Indenture, dated as of May 7, 2019,by and between Registrant and U.S. Bank NationalAssociation, related to 2.00% Convertible Senior Notesdue May 15, 2024.4.21 Form of 2.00% Convertible Senior Notes due May 15,2024 (included in Exhibit 4.20).4.22 Indenture, dated as of August 18, 2017, by and among the Registrant, SolarCity, and U.S. Bank NationalAssociation, as trustee.4.23 Form of 5.30% Senior Note due August 15, 2025.","Registrant named therein.4.12 Waiver to Fifth Amended and Restated Investors' RightsAgreement, dated as of May 18, 2016,between the Registrant and certain holders of the capital stock of the Registrant named therein.4.13 Waiver to Fifth Amended and Restated Investors' RightsAgreement, dated as of March 15,2017,between theRegistrant and certain holders of the capital stock of theRegistrant named therein.4.14 Waiver to Fifth Amended and Restated Investors' RightsAgreement,dated as of May 1,2019,between theRegistrant and certain holders of the capital stock of theRegistrant named therein.4.15 Indenture, dated as of May 22,2013,by and between the Registrant and U.S. Bank National Association.4.16 Third Supplemental Indenture， dated as of March 5, 2014,by and between the Registrant and U.S. BankNational Association.4.17 Form of 1.25% Convertible Senior Note Due March 1.2021 (included in Exhibit 4.16).4.18 Fourth Supplemental Indenture， dated as of March 22,2017,by and between the Registrant and U.S. Bank National Association.4.19 Form of 2.375% Convertible Senior Note Due March 15. 2022 (included in Exhibit 4.18).4.20 Fifth Supplemental Indenture, dated as of May 7, 2019,by and between Registrant and U.S. Bank NationalAssociation, related to 2.00% Convertible Senior Notesdue May 15, 2024.4.21 Form of 2.00% Convertible Senior Notes due May 15,2024 (included in Exhibit 4.20).4.22 Indenture, dated as of August 18, 2017, by and among the Registrant, SolarCity, and U.S. Bank NationalAssociation, as trustee.4.23 Form of 5.30% Senior Note due August 15, 2025.","Registrant named therein.4.12 Waiver to Fifth Amended and Restated Investors' RightsAgreement, dated as of May 18, 2016,between the Registrant and certain holders of the capital stock of the Registrant named therein.4.13 Waiver to Fifth Amended and Restated Investors' RightsAgreement, dated as of March 15,2017,between theRegistrant and certain holders of the capital stock of theRegistrant named therein.4.14 Waiver to Fifth Amended and Restated Investors' RightsAgreement,dated as of May 1,2019,between theRegistrant and certain holders of the capital stock of theRegistrant named therein.4.15 Indenture, dated as of May 22,2013,by and between the Registrant and U.S. Bank National Association.4.16 Third Supplemental Indenture， dated as of March 5, 2014,by and between the Registrant and U.S. BankNational Association.4.17 Form of 1.25% Convertible Senior Note Due March 1.2021 (included in Exhibit 4.16).4.18 Fourth Supplemental Indenture， dated as of March 22,2017,by and between the Registrant and U.S. Bank National Association.4.19 Form of 2.375% Convertible Senior Note Due March 15. 2022 (included in Exhibit 4.18).4.20 Fifth Supplemental Indenture, dated as of May 7, 2019,by and between Registrant and U.S. Bank NationalAssociation, related to 2.00% Convertible Senior Notesdue May 15, 2024.4.21 Form of 2.00% Convertible Senior Notes due May 15,2024 (included in Exhibit 4.20).4.22 Indenture, dated as of August 18, 2017, by and among the Registrant, SolarCity, and U.S. Bank NationalAssociation, as trustee.4.23 Form of 5.30% Senior Note due August 15, 2025.","Association, related to 2.00% Convertible Senior Notes",,,,,,,,,,"May 8,2019","May 8,2019",,,,,,,
"Registrant named therein.4.12 Waiver to Fifth Amended and Restated Investors' RightsAgreement, dated as of May 18, 2016,between the Registrant and certain holders of the capital stock of the Registrant named therein.4.13 Waiver to Fifth Amended and Restated Investors' RightsAgreement, dated as of March 15,2017,between theRegistrant and certain holders of the capital stock of theRegistrant named therein.4.14 Waiver to Fifth Amended and Restated Investors' RightsAgreement,dated as of May 1,2019,between theRegistrant and certain holders of the capital stock of theRegistrant named therein.4.15 Indenture, dated as of May 22,2013,by and between the Registrant and U.S. Bank National Association.4.16 Third Supplemental Indenture， dated as of March 5, 2014,by and between the Registrant and U.S. BankNational Association.4.17 Form of 1.25% Convertible Senior Note Due March 1.2021 (included in Exhibit 4.16).4.18 Fourth Supplemental Indenture， dated as of March 22,2017,by and between the Registrant and U.S. Bank National Association.4.19 Form of 2.375% Convertible Senior Note Due March 15. 2022 (included in Exhibit 4.18).4.20 Fifth Supplemental Indenture, dated as of May 7, 2019,by and between Registrant and U.S. Bank NationalAssociation, related to 2.00% Convertible Senior Notesdue May 15, 2024.4.21 Form of 2.00% Convertible Senior Notes due May 15,2024 (included in Exhibit 4.20).4.22 Indenture, dated as of August 18, 2017, by and among the Registrant, SolarCity, and U.S. Bank NationalAssociation, as trustee.4.23 Form of 5.30% Senior Note due August 15, 2025.","Registrant named therein.4.12 Waiver to Fifth Amended and Restated Investors' RightsAgreement, dated as of May 18, 2016,between the Registrant and certain holders of the capital stock of the Registrant named therein.4.13 Waiver to Fifth Amended and Restated Investors' RightsAgreement, dated as of March 15,2017,between theRegistrant and certain holders of the capital stock of theRegistrant named therein.4.14 Waiver to Fifth Amended and Restated Investors' RightsAgreement,dated as of May 1,2019,between theRegistrant and certain holders of the capital stock of theRegistrant named therein.4.15 Indenture, dated as of May 22,2013,by and between the Registrant and U.S. Bank National Association.4.16 Third Supplemental Indenture， dated as of March 5, 2014,by and between the Registrant and U.S. BankNational Association.4.17 Form of 1.25% Convertible Senior Note Due March 1.2021 (included in Exhibit 4.16).4.18 Fourth Supplemental Indenture， dated as of March 22,2017,by and between the Registrant and U.S. Bank National Association.4.19 Form of 2.375% Convertible Senior Note Due March 15. 2022 (included in Exhibit 4.18).4.20 Fifth Supplemental Indenture, dated as of May 7, 2019,by and between Registrant and U.S. Bank NationalAssociation, related to 2.00% Convertible Senior Notesdue May 15, 2024.4.21 Form of 2.00% Convertible Senior Notes due May 15,2024 (included in Exhibit 4.20).4.22 Indenture, dated as of August 18, 2017, by and among the Registrant, SolarCity, and U.S. Bank NationalAssociation, as trustee.4.23 Form of 5.30% Senior Note due August 15, 2025.","Registrant named therein.4.12 Waiver to Fifth Amended and Restated Investors' RightsAgreement, dated as of May 18, 2016,between the Registrant and certain holders of the capital stock of the Registrant named therein.4.13 Waiver to Fifth Amended and Restated Investors' RightsAgreement, dated as of March 15,2017,between theRegistrant and certain holders of the capital stock of theRegistrant named therein.4.14 Waiver to Fifth Amended and Restated Investors' RightsAgreement,dated as of May 1,2019,between theRegistrant and certain holders of the capital stock of theRegistrant named therein.4.15 Indenture, dated as of May 22,2013,by and between the Registrant and U.S. Bank National Association.4.16 Third Supplemental Indenture， dated as of March 5, 2014,by and between the Registrant and U.S. BankNational Association.4.17 Form of 1.25% Convertible Senior Note Due March 1.2021 (included in Exhibit 4.16).4.18 Fourth Supplemental Indenture， dated as of March 22,2017,by and between the Registrant and U.S. Bank National Association.4.19 Form of 2.375% Convertible Senior Note Due March 15. 2022 (included in Exhibit 4.18).4.20 Fifth Supplemental Indenture, dated as of May 7, 2019,by and between Registrant and U.S. Bank NationalAssociation, related to 2.00% Convertible Senior Notesdue May 15, 2024.4.21 Form of 2.00% Convertible Senior Notes due May 15,2024 (included in Exhibit 4.20).4.22 Indenture, dated as of August 18, 2017, by and among the Registrant, SolarCity, and U.S. Bank NationalAssociation, as trustee.4.23 Form of 5.30% Senior Note due August 15, 2025.","Registrant named therein.4.12 Waiver to Fifth Amended and Restated Investors' RightsAgreement, dated as of May 18, 2016,between the Registrant and certain holders of the capital stock of the Registrant named therein.4.13 Waiver to Fifth Amended and Restated Investors' RightsAgreement, dated as of March 15,2017,between theRegistrant and certain holders of the capital stock of theRegistrant named therein.4.14 Waiver to Fifth Amended and Restated Investors' RightsAgreement,dated as of May 1,2019,between theRegistrant and certain holders of the capital stock of theRegistrant named therein.4.15 Indenture, dated as of May 22,2013,by and between the Registrant and U.S. Bank National Association.4.16 Third Supplemental Indenture， dated as of March 5, 2014,by and between the Registrant and U.S. BankNational Association.4.17 Form of 1.25% Convertible Senior Note Due March 1.2021 (included in Exhibit 4.16).4.18 Fourth Supplemental Indenture， dated as of March 22,2017,by and between the Registrant and U.S. Bank National Association.4.19 Form of 2.375% Convertible Senior Note Due March 15. 2022 (included in Exhibit 4.18).4.20 Fifth Supplemental Indenture, dated as of May 7, 2019,by and between Registrant and U.S. Bank NationalAssociation, related to 2.00% Convertible Senior Notesdue May 15, 2024.4.21 Form of 2.00% Convertible Senior Notes due May 15,2024 (included in Exhibit 4.20).4.22 Indenture, dated as of August 18, 2017, by and among the Registrant, SolarCity, and U.S. Bank NationalAssociation, as trustee.4.23 Form of 5.30% Senior Note due August 15, 2025.","Registrant named therein.4.12 Waiver to Fifth Amended and Restated Investors' RightsAgreement, dated as of May 18, 2016,between the Registrant and certain holders of the capital stock of the Registrant named therein.4.13 Waiver to Fifth Amended and Restated Investors' RightsAgreement, dated as of March 15,2017,between theRegistrant and certain holders of the capital stock of theRegistrant named therein.4.14 Waiver to Fifth Amended and Restated Investors' RightsAgreement,dated as of May 1,2019,between theRegistrant and certain holders of the capital stock of theRegistrant named therein.4.15 Indenture, dated as of May 22,2013,by and between the Registrant and U.S. Bank National Association.4.16 Third Supplemental Indenture， dated as of March 5, 2014,by and between the Registrant and U.S. BankNational Association.4.17 Form of 1.25% Convertible Senior Note Due March 1.2021 (included in Exhibit 4.16).4.18 Fourth Supplemental Indenture， dated as of March 22,2017,by and between the Registrant and U.S. Bank National Association.4.19 Form of 2.375% Convertible Senior Note Due March 15. 2022 (included in Exhibit 4.18).4.20 Fifth Supplemental Indenture, dated as of May 7, 2019,by and between Registrant and U.S. Bank NationalAssociation, related to 2.00% Convertible Senior Notesdue May 15, 2024.4.21 Form of 2.00% Convertible Senior Notes due May 15,2024 (included in Exhibit 4.20).4.22 Indenture, dated as of August 18, 2017, by and among the Registrant, SolarCity, and U.S. Bank NationalAssociation, as trustee.4.23 Form of 5.30% Senior Note due August 15, 2025.","due May 15, 2024.",,,,,,,,,,"May 8,2019","May 8,2019",,,,,,,
"Registrant named therein.4.12 Waiver to Fifth Amended and Restated Investors' RightsAgreement, dated as of May 18, 2016,between the Registrant and certain holders of the capital stock of the Registrant named therein.4.13 Waiver to Fifth Amended and Restated Investors' RightsAgreement, dated as of March 15,2017,between theRegistrant and certain holders of the capital stock of theRegistrant named therein.4.14 Waiver to Fifth Amended and Restated Investors' RightsAgreement,dated as of May 1,2019,between theRegistrant and certain holders of the capital stock of theRegistrant named therein.4.15 Indenture, dated as of May 22,2013,by and between the Registrant and U.S. Bank National Association.4.16 Third Supplemental Indenture， dated as of March 5, 2014,by and between the Registrant and U.S. BankNational Association.4.17 Form of 1.25% Convertible Senior Note Due March 1.2021 (included in Exhibit 4.16).4.18 Fourth Supplemental Indenture， dated as of March 22,2017,by and between the Registrant and U.S. Bank National Association.4.19 Form of 2.375% Convertible Senior Note Due March 15. 2022 (included in Exhibit 4.18).4.20 Fifth Supplemental Indenture, dated as of May 7, 2019,by and between Registrant and U.S. Bank NationalAssociation, related to 2.00% Convertible Senior Notesdue May 15, 2024.4.21 Form of 2.00% Convertible Senior Notes due May 15,2024 (included in Exhibit 4.20).4.22 Indenture, dated as of August 18, 2017, by and among the Registrant, SolarCity, and U.S. Bank NationalAssociation, as trustee.4.23 Form of 5.30% Senior Note due August 15, 2025.","Registrant named therein.4.12 Waiver to Fifth Amended and Restated Investors' RightsAgreement, dated as of May 18, 2016,between the Registrant and certain holders of the capital stock of the Registrant named therein.4.13 Waiver to Fifth Amended and Restated Investors' RightsAgreement, dated as of March 15,2017,between theRegistrant and certain holders of the capital stock of theRegistrant named therein.4.14 Waiver to Fifth Amended and Restated Investors' RightsAgreement,dated as of May 1,2019,between theRegistrant and certain holders of the capital stock of theRegistrant named therein.4.15 Indenture, dated as of May 22,2013,by and between the Registrant and U.S. Bank National Association.4.16 Third Supplemental Indenture， dated as of March 5, 2014,by and between the Registrant and U.S. BankNational Association.4.17 Form of 1.25% Convertible Senior Note Due March 1.2021 (included in Exhibit 4.16).4.18 Fourth Supplemental Indenture， dated as of March 22,2017,by and between the Registrant and U.S. Bank National Association.4.19 Form of 2.375% Convertible Senior Note Due March 15. 2022 (included in Exhibit 4.18).4.20 Fifth Supplemental Indenture, dated as of May 7, 2019,by and between Registrant and U.S. Bank NationalAssociation, related to 2.00% Convertible Senior Notesdue May 15, 2024.4.21 Form of 2.00% Convertible Senior Notes due May 15,2024 (included in Exhibit 4.20).4.22 Indenture, dated as of August 18, 2017, by and among the Registrant, SolarCity, and U.S. Bank NationalAssociation, as trustee.4.23 Form of 5.30% Senior Note due August 15, 2025.","Registrant named therein.4.12 Waiver to Fifth Amended and Restated Investors' RightsAgreement, dated as of May 18, 2016,between the Registrant and certain holders of the capital stock of the Registrant named therein.4.13 Waiver to Fifth Amended and Restated Investors' RightsAgreement, dated as of March 15,2017,between theRegistrant and certain holders of the capital stock of theRegistrant named therein.4.14 Waiver to Fifth Amended and Restated Investors' RightsAgreement,dated as of May 1,2019,between theRegistrant and certain holders of the capital stock of theRegistrant named therein.4.15 Indenture, dated as of May 22,2013,by and between the Registrant and U.S. Bank National Association.4.16 Third Supplemental Indenture， dated as of March 5, 2014,by and between the Registrant and U.S. BankNational Association.4.17 Form of 1.25% Convertible Senior Note Due March 1.2021 (included in Exhibit 4.16).4.18 Fourth Supplemental Indenture， dated as of March 22,2017,by and between the Registrant and U.S. Bank National Association.4.19 Form of 2.375% Convertible Senior Note Due March 15. 2022 (included in Exhibit 4.18).4.20 Fifth Supplemental Indenture, dated as of May 7, 2019,by and between Registrant and U.S. Bank NationalAssociation, related to 2.00% Convertible Senior Notesdue May 15, 2024.4.21 Form of 2.00% Convertible Senior Notes due May 15,2024 (included in Exhibit 4.20).4.22 Indenture, dated as of August 18, 2017, by and among the Registrant, SolarCity, and U.S. Bank NationalAssociation, as trustee.4.23 Form of 5.30% Senior Note due August 15, 2025.","Registrant named therein.4.12 Waiver to Fifth Amended and Restated Investors' RightsAgreement, dated as of May 18, 2016,between the Registrant and certain holders of the capital stock of the Registrant named therein.4.13 Waiver to Fifth Amended and Restated Investors' RightsAgreement, dated as of March 15,2017,between theRegistrant and certain holders of the capital stock of theRegistrant named therein.4.14 Waiver to Fifth Amended and Restated Investors' RightsAgreement,dated as of May 1,2019,between theRegistrant and certain holders of the capital stock of theRegistrant named therein.4.15 Indenture, dated as of May 22,2013,by and between the Registrant and U.S. Bank National Association.4.16 Third Supplemental Indenture， dated as of March 5, 2014,by and between the Registrant and U.S. BankNational Association.4.17 Form of 1.25% Convertible Senior Note Due March 1.2021 (included in Exhibit 4.16).4.18 Fourth Supplemental Indenture， dated as of March 22,2017,by and between the Registrant and U.S. Bank National Association.4.19 Form of 2.375% Convertible Senior Note Due March 15. 2022 (included in Exhibit 4.18).4.20 Fifth Supplemental Indenture, dated as of May 7, 2019,by and between Registrant and U.S. Bank NationalAssociation, related to 2.00% Convertible Senior Notesdue May 15, 2024.4.21 Form of 2.00% Convertible Senior Notes due May 15,2024 (included in Exhibit 4.20).4.22 Indenture, dated as of August 18, 2017, by and among the Registrant, SolarCity, and U.S. Bank NationalAssociation, as trustee.4.23 Form of 5.30% Senior Note due August 15, 2025.","Registrant named therein.4.12 Waiver to Fifth Amended and Restated Investors' RightsAgreement, dated as of May 18, 2016,between the Registrant and certain holders of the capital stock of the Registrant named therein.4.13 Waiver to Fifth Amended and Restated Investors' RightsAgreement, dated as of March 15,2017,between theRegistrant and certain holders of the capital stock of theRegistrant named therein.4.14 Waiver to Fifth Amended and Restated Investors' RightsAgreement,dated as of May 1,2019,between theRegistrant and certain holders of the capital stock of theRegistrant named therein.4.15 Indenture, dated as of May 22,2013,by and between the Registrant and U.S. Bank National Association.4.16 Third Supplemental Indenture， dated as of March 5, 2014,by and between the Registrant and U.S. BankNational Association.4.17 Form of 1.25% Convertible Senior Note Due March 1.2021 (included in Exhibit 4.16).4.18 Fourth Supplemental Indenture， dated as of March 22,2017,by and between the Registrant and U.S. Bank National Association.4.19 Form of 2.375% Convertible Senior Note Due March 15. 2022 (included in Exhibit 4.18).4.20 Fifth Supplemental Indenture, dated as of May 7, 2019,by and between Registrant and U.S. Bank NationalAssociation, related to 2.00% Convertible Senior Notesdue May 15, 2024.4.21 Form of 2.00% Convertible Senior Notes due May 15,2024 (included in Exhibit 4.20).4.22 Indenture, dated as of August 18, 2017, by and among the Registrant, SolarCity, and U.S. Bank NationalAssociation, as trustee.4.23 Form of 5.30% Senior Note due August 15, 2025.","Form of 2.00% Convertible Senior Notes due May 15,2024 (included in Exhibit 4.20).",8-K,8-K,8-K,001-34756,001-34756,4.2,4.2,4.2,4.2,4.2,"May 8,2019",,,,,,,
"Registrant named therein.4.12 Waiver to Fifth Amended and Restated Investors' RightsAgreement, dated as of May 18, 2016,between the Registrant and certain holders of the capital stock of the Registrant named therein.4.13 Waiver to Fifth Amended and Restated Investors' RightsAgreement, dated as of March 15,2017,between theRegistrant and certain holders of the capital stock of theRegistrant named therein.4.14 Waiver to Fifth Amended and Restated Investors' RightsAgreement,dated as of May 1,2019,between theRegistrant and certain holders of the capital stock of theRegistrant named therein.4.15 Indenture, dated as of May 22,2013,by and between the Registrant and U.S. Bank National Association.4.16 Third Supplemental Indenture， dated as of March 5, 2014,by and between the Registrant and U.S. BankNational Association.4.17 Form of 1.25% Convertible Senior Note Due March 1.2021 (included in Exhibit 4.16).4.18 Fourth Supplemental Indenture， dated as of March 22,2017,by and between the Registrant and U.S. Bank National Association.4.19 Form of 2.375% Convertible Senior Note Due March 15. 2022 (included in Exhibit 4.18).4.20 Fifth Supplemental Indenture, dated as of May 7, 2019,by and between Registrant and U.S. Bank NationalAssociation, related to 2.00% Convertible Senior Notesdue May 15, 2024.4.21 Form of 2.00% Convertible Senior Notes due May 15,2024 (included in Exhibit 4.20).4.22 Indenture, dated as of August 18, 2017, by and among the Registrant, SolarCity, and U.S. Bank NationalAssociation, as trustee.4.23 Form of 5.30% Senior Note due August 15, 2025.","Registrant named therein.4.12 Waiver to Fifth Amended and Restated Investors' RightsAgreement, dated as of May 18, 2016,between the Registrant and certain holders of the capital stock of the Registrant named therein.4.13 Waiver to Fifth Amended and Restated Investors' RightsAgreement, dated as of March 15,2017,between theRegistrant and certain holders of the capital stock of theRegistrant named therein.4.14 Waiver to Fifth Amended and Restated Investors' RightsAgreement,dated as of May 1,2019,between theRegistrant and certain holders of the capital stock of theRegistrant named therein.4.15 Indenture, dated as of May 22,2013,by and between the Registrant and U.S. Bank National Association.4.16 Third Supplemental Indenture， dated as of March 5, 2014,by and between the Registrant and U.S. BankNational Association.4.17 Form of 1.25% Convertible Senior Note Due March 1.2021 (included in Exhibit 4.16).4.18 Fourth Supplemental Indenture， dated as of March 22,2017,by and between the Registrant and U.S. Bank National Association.4.19 Form of 2.375% Convertible Senior Note Due March 15. 2022 (included in Exhibit 4.18).4.20 Fifth Supplemental Indenture, dated as of May 7, 2019,by and between Registrant and U.S. Bank NationalAssociation, related to 2.00% Convertible Senior Notesdue May 15, 2024.4.21 Form of 2.00% Convertible Senior Notes due May 15,2024 (included in Exhibit 4.20).4.22 Indenture, dated as of August 18, 2017, by and among the Registrant, SolarCity, and U.S. Bank NationalAssociation, as trustee.4.23 Form of 5.30% Senior Note due August 15, 2025.","Registrant named therein.4.12 Waiver to Fifth Amended and Restated Investors' RightsAgreement, dated as of May 18, 2016,between the Registrant and certain holders of the capital stock of the Registrant named therein.4.13 Waiver to Fifth Amended and Restated Investors' RightsAgreement, dated as of March 15,2017,between theRegistrant and certain holders of the capital stock of theRegistrant named therein.4.14 Waiver to Fifth Amended and Restated Investors' RightsAgreement,dated as of May 1,2019,between theRegistrant and certain holders of the capital stock of theRegistrant named therein.4.15 Indenture, dated as of May 22,2013,by and between the Registrant and U.S. Bank National Association.4.16 Third Supplemental Indenture， dated as of March 5, 2014,by and between the Registrant and U.S. BankNational Association.4.17 Form of 1.25% Convertible Senior Note Due March 1.2021 (included in Exhibit 4.16).4.18 Fourth Supplemental Indenture， dated as of March 22,2017,by and between the Registrant and U.S. Bank National Association.4.19 Form of 2.375% Convertible Senior Note Due March 15. 2022 (included in Exhibit 4.18).4.20 Fifth Supplemental Indenture, dated as of May 7, 2019,by and between Registrant and U.S. Bank NationalAssociation, related to 2.00% Convertible Senior Notesdue May 15, 2024.4.21 Form of 2.00% Convertible Senior Notes due May 15,2024 (included in Exhibit 4.20).4.22 Indenture, dated as of August 18, 2017, by and among the Registrant, SolarCity, and U.S. Bank NationalAssociation, as trustee.4.23 Form of 5.30% Senior Note due August 15, 2025.","Registrant named therein.4.12 Waiver to Fifth Amended and Restated Investors' RightsAgreement, dated as of May 18, 2016,between the Registrant and certain holders of the capital stock of the Registrant named therein.4.13 Waiver to Fifth Amended and Restated Investors' RightsAgreement, dated as of March 15,2017,between theRegistrant and certain holders of the capital stock of theRegistrant named therein.4.14 Waiver to Fifth Amended and Restated Investors' RightsAgreement,dated as of May 1,2019,between theRegistrant and certain holders of the capital stock of theRegistrant named therein.4.15 Indenture, dated as of May 22,2013,by and between the Registrant and U.S. Bank National Association.4.16 Third Supplemental Indenture， dated as of March 5, 2014,by and between the Registrant and U.S. BankNational Association.4.17 Form of 1.25% Convertible Senior Note Due March 1.2021 (included in Exhibit 4.16).4.18 Fourth Supplemental Indenture， dated as of March 22,2017,by and between the Registrant and U.S. Bank National Association.4.19 Form of 2.375% Convertible Senior Note Due March 15. 2022 (included in Exhibit 4.18).4.20 Fifth Supplemental Indenture, dated as of May 7, 2019,by and between Registrant and U.S. Bank NationalAssociation, related to 2.00% Convertible Senior Notesdue May 15, 2024.4.21 Form of 2.00% Convertible Senior Notes due May 15,2024 (included in Exhibit 4.20).4.22 Indenture, dated as of August 18, 2017, by and among the Registrant, SolarCity, and U.S. Bank NationalAssociation, as trustee.4.23 Form of 5.30% Senior Note due August 15, 2025.","Registrant named therein.4.12 Waiver to Fifth Amended and Restated Investors' RightsAgreement, dated as of May 18, 2016,between the Registrant and certain holders of the capital stock of the Registrant named therein.4.13 Waiver to Fifth Amended and Restated Investors' RightsAgreement, dated as of March 15,2017,between theRegistrant and certain holders of the capital stock of theRegistrant named therein.4.14 Waiver to Fifth Amended and Restated Investors' RightsAgreement,dated as of May 1,2019,between theRegistrant and certain holders of the capital stock of theRegistrant named therein.4.15 Indenture, dated as of May 22,2013,by and between the Registrant and U.S. Bank National Association.4.16 Third Supplemental Indenture， dated as of March 5, 2014,by and between the Registrant and U.S. BankNational Association.4.17 Form of 1.25% Convertible Senior Note Due March 1.2021 (included in Exhibit 4.16).4.18 Fourth Supplemental Indenture， dated as of March 22,2017,by and between the Registrant and U.S. Bank National Association.4.19 Form of 2.375% Convertible Senior Note Due March 15. 2022 (included in Exhibit 4.18).4.20 Fifth Supplemental Indenture, dated as of May 7, 2019,by and between Registrant and U.S. Bank NationalAssociation, related to 2.00% Convertible Senior Notesdue May 15, 2024.4.21 Form of 2.00% Convertible Senior Notes due May 15,2024 (included in Exhibit 4.20).4.22 Indenture, dated as of August 18, 2017, by and among the Registrant, SolarCity, and U.S. Bank NationalAssociation, as trustee.4.23 Form of 5.30% Senior Note due August 15, 2025.","Indenture, dated as of August 18, 2017, by and among the Registrant, SolarCity, and U.S. Bank National",8-K,8-K,8-K,001-34756,001-34756,"4.1 August 23,20174.2 August 23,2017","4.1 August 23,20174.2 August 23,2017","4.1 August 23,20174.2 August 23,2017","4.1 August 23,20174.2 August 23,2017","4.1 August 23,20174.2 August 23,2017","4.1 August 23,20174.2 August 23,2017",4.1,4.1,4.1,,,,
"Registrant named therein.4.12 Waiver to Fifth Amended and Restated Investors' RightsAgreement, dated as of May 18, 2016,between the Registrant and certain holders of the capital stock of the Registrant named therein.4.13 Waiver to Fifth Amended and Restated Investors' RightsAgreement, dated as of March 15,2017,between theRegistrant and certain holders of the capital stock of theRegistrant named therein.4.14 Waiver to Fifth Amended and Restated Investors' RightsAgreement,dated as of May 1,2019,between theRegistrant and certain holders of the capital stock of theRegistrant named therein.4.15 Indenture, dated as of May 22,2013,by and between the Registrant and U.S. Bank National Association.4.16 Third Supplemental Indenture， dated as of March 5, 2014,by and between the Registrant and U.S. BankNational Association.4.17 Form of 1.25% Convertible Senior Note Due March 1.2021 (included in Exhibit 4.16).4.18 Fourth Supplemental Indenture， dated as of March 22,2017,by and between the Registrant and U.S. Bank National Association.4.19 Form of 2.375% Convertible Senior Note Due March 15. 2022 (included in Exhibit 4.18).4.20 Fifth Supplemental Indenture, dated as of May 7, 2019,by and between Registrant and U.S. Bank NationalAssociation, related to 2.00% Convertible Senior Notesdue May 15, 2024.4.21 Form of 2.00% Convertible Senior Notes due May 15,2024 (included in Exhibit 4.20).4.22 Indenture, dated as of August 18, 2017, by and among the Registrant, SolarCity, and U.S. Bank NationalAssociation, as trustee.4.23 Form of 5.30% Senior Note due August 15, 2025.","Registrant named therein.4.12 Waiver to Fifth Amended and Restated Investors' RightsAgreement, dated as of May 18, 2016,between the Registrant and certain holders of the capital stock of the Registrant named therein.4.13 Waiver to Fifth Amended and Restated Investors' RightsAgreement, dated as of March 15,2017,between theRegistrant and certain holders of the capital stock of theRegistrant named therein.4.14 Waiver to Fifth Amended and Restated Investors' RightsAgreement,dated as of May 1,2019,between theRegistrant and certain holders of the capital stock of theRegistrant named therein.4.15 Indenture, dated as of May 22,2013,by and between the Registrant and U.S. Bank National Association.4.16 Third Supplemental Indenture， dated as of March 5, 2014,by and between the Registrant and U.S. BankNational Association.4.17 Form of 1.25% Convertible Senior Note Due March 1.2021 (included in Exhibit 4.16).4.18 Fourth Supplemental Indenture， dated as of March 22,2017,by and between the Registrant and U.S. Bank National Association.4.19 Form of 2.375% Convertible Senior Note Due March 15. 2022 (included in Exhibit 4.18).4.20 Fifth Supplemental Indenture, dated as of May 7, 2019,by and between Registrant and U.S. Bank NationalAssociation, related to 2.00% Convertible Senior Notesdue May 15, 2024.4.21 Form of 2.00% Convertible Senior Notes due May 15,2024 (included in Exhibit 4.20).4.22 Indenture, dated as of August 18, 2017, by and among the Registrant, SolarCity, and U.S. Bank NationalAssociation, as trustee.4.23 Form of 5.30% Senior Note due August 15, 2025.","Registrant named therein.4.12 Waiver to Fifth Amended and Restated Investors' RightsAgreement, dated as of May 18, 2016,between the Registrant and certain holders of the capital stock of the Registrant named therein.4.13 Waiver to Fifth Amended and Restated Investors' RightsAgreement, dated as of March 15,2017,between theRegistrant and certain holders of the capital stock of theRegistrant named therein.4.14 Waiver to Fifth Amended and Restated Investors' RightsAgreement,dated as of May 1,2019,between theRegistrant and certain holders of the capital stock of theRegistrant named therein.4.15 Indenture, dated as of May 22,2013,by and between the Registrant and U.S. Bank National Association.4.16 Third Supplemental Indenture， dated as of March 5, 2014,by and between the Registrant and U.S. BankNational Association.4.17 Form of 1.25% Convertible Senior Note Due March 1.2021 (included in Exhibit 4.16).4.18 Fourth Supplemental Indenture， dated as of March 22,2017,by and between the Registrant and U.S. Bank National Association.4.19 Form of 2.375% Convertible Senior Note Due March 15. 2022 (included in Exhibit 4.18).4.20 Fifth Supplemental Indenture, dated as of May 7, 2019,by and between Registrant and U.S. Bank NationalAssociation, related to 2.00% Convertible Senior Notesdue May 15, 2024.4.21 Form of 2.00% Convertible Senior Notes due May 15,2024 (included in Exhibit 4.20).4.22 Indenture, dated as of August 18, 2017, by and among the Registrant, SolarCity, and U.S. Bank NationalAssociation, as trustee.4.23 Form of 5.30% Senior Note due August 15, 2025.","Registrant named therein.4.12 Waiver to Fifth Amended and Restated Investors' RightsAgreement, dated as of May 18, 2016,between the Registrant and certain holders of the capital stock of the Registrant named therein.4.13 Waiver to Fifth Amended and Restated Investors' RightsAgreement, dated as of March 15,2017,between theRegistrant and certain holders of the capital stock of theRegistrant named therein.4.14 Waiver to Fifth Amended and Restated Investors' RightsAgreement,dated as of May 1,2019,between theRegistrant and certain holders of the capital stock of theRegistrant named therein.4.15 Indenture, dated as of May 22,2013,by and between the Registrant and U.S. Bank National Association.4.16 Third Supplemental Indenture， dated as of March 5, 2014,by and between the Registrant and U.S. BankNational Association.4.17 Form of 1.25% Convertible Senior Note Due March 1.2021 (included in Exhibit 4.16).4.18 Fourth Supplemental Indenture， dated as of March 22,2017,by and between the Registrant and U.S. Bank National Association.4.19 Form of 2.375% Convertible Senior Note Due March 15. 2022 (included in Exhibit 4.18).4.20 Fifth Supplemental Indenture, dated as of May 7, 2019,by and between Registrant and U.S. Bank NationalAssociation, related to 2.00% Convertible Senior Notesdue May 15, 2024.4.21 Form of 2.00% Convertible Senior Notes due May 15,2024 (included in Exhibit 4.20).4.22 Indenture, dated as of August 18, 2017, by and among the Registrant, SolarCity, and U.S. Bank NationalAssociation, as trustee.4.23 Form of 5.30% Senior Note due August 15, 2025.","Registrant named therein.4.12 Waiver to Fifth Amended and Restated Investors' RightsAgreement, dated as of May 18, 2016,between the Registrant and certain holders of the capital stock of the Registrant named therein.4.13 Waiver to Fifth Amended and Restated Investors' RightsAgreement, dated as of March 15,2017,between theRegistrant and certain holders of the capital stock of theRegistrant named therein.4.14 Waiver to Fifth Amended and Restated Investors' RightsAgreement,dated as of May 1,2019,between theRegistrant and certain holders of the capital stock of theRegistrant named therein.4.15 Indenture, dated as of May 22,2013,by and between the Registrant and U.S. Bank National Association.4.16 Third Supplemental Indenture， dated as of March 5, 2014,by and between the Registrant and U.S. BankNational Association.4.17 Form of 1.25% Convertible Senior Note Due March 1.2021 (included in Exhibit 4.16).4.18 Fourth Supplemental Indenture， dated as of March 22,2017,by and between the Registrant and U.S. Bank National Association.4.19 Form of 2.375% Convertible Senior Note Due March 15. 2022 (included in Exhibit 4.18).4.20 Fifth Supplemental Indenture, dated as of May 7, 2019,by and between Registrant and U.S. Bank NationalAssociation, related to 2.00% Convertible Senior Notesdue May 15, 2024.4.21 Form of 2.00% Convertible Senior Notes due May 15,2024 (included in Exhibit 4.20).4.22 Indenture, dated as of August 18, 2017, by and among the Registrant, SolarCity, and U.S. Bank NationalAssociation, as trustee.4.23 Form of 5.30% Senior Note due August 15, 2025.","Association, as trustee.",,,,,,"4.1 August 23,20174.2 August 23,2017","4.1 August 23,20174.2 August 23,2017","4.1 August 23,20174.2 August 23,2017","4.1 August 23,20174.2 August 23,2017","4.1 August 23,20174.2 August 23,2017","4.1 August 23,20174.2 August 23,2017",,,,,,,
"Registrant named therein.4.12 Waiver to Fifth Amended and Restated Investors' RightsAgreement, dated as of May 18, 2016,between the Registrant and certain holders of the capital stock of the Registrant named therein.4.13 Waiver to Fifth Amended and Restated Investors' RightsAgreement, dated as of March 15,2017,between theRegistrant and certain holders of the capital stock of theRegistrant named therein.4.14 Waiver to Fifth Amended and Restated Investors' RightsAgreement,dated as of May 1,2019,between theRegistrant and certain holders of the capital stock of theRegistrant named therein.4.15 Indenture, dated as of May 22,2013,by and between the Registrant and U.S. Bank National Association.4.16 Third Supplemental Indenture， dated as of March 5, 2014,by and between the Registrant and U.S. BankNational Association.4.17 Form of 1.25% Convertible Senior Note Due March 1.2021 (included in Exhibit 4.16).4.18 Fourth Supplemental Indenture， dated as of March 22,2017,by and between the Registrant and U.S. Bank National Association.4.19 Form of 2.375% Convertible Senior Note Due March 15. 2022 (included in Exhibit 4.18).4.20 Fifth Supplemental Indenture, dated as of May 7, 2019,by and between Registrant and U.S. Bank NationalAssociation, related to 2.00% Convertible Senior Notesdue May 15, 2024.4.21 Form of 2.00% Convertible Senior Notes due May 15,2024 (included in Exhibit 4.20).4.22 Indenture, dated as of August 18, 2017, by and among the Registrant, SolarCity, and U.S. Bank NationalAssociation, as trustee.4.23 Form of 5.30% Senior Note due August 15, 2025.","Registrant named therein.4.12 Waiver to Fifth Amended and Restated Investors' RightsAgreement, dated as of May 18, 2016,between the Registrant and certain holders of the capital stock of the Registrant named therein.4.13 Waiver to Fifth Amended and Restated Investors' RightsAgreement, dated as of March 15,2017,between theRegistrant and certain holders of the capital stock of theRegistrant named therein.4.14 Waiver to Fifth Amended and Restated Investors' RightsAgreement,dated as of May 1,2019,between theRegistrant and certain holders of the capital stock of theRegistrant named therein.4.15 Indenture, dated as of May 22,2013,by and between the Registrant and U.S. Bank National Association.4.16 Third Supplemental Indenture， dated as of March 5, 2014,by and between the Registrant and U.S. BankNational Association.4.17 Form of 1.25% Convertible Senior Note Due March 1.2021 (included in Exhibit 4.16).4.18 Fourth Supplemental Indenture， dated as of March 22,2017,by and between the Registrant and U.S. Bank National Association.4.19 Form of 2.375% Convertible Senior Note Due March 15. 2022 (included in Exhibit 4.18).4.20 Fifth Supplemental Indenture, dated as of May 7, 2019,by and between Registrant and U.S. Bank NationalAssociation, related to 2.00% Convertible Senior Notesdue May 15, 2024.4.21 Form of 2.00% Convertible Senior Notes due May 15,2024 (included in Exhibit 4.20).4.22 Indenture, dated as of August 18, 2017, by and among the Registrant, SolarCity, and U.S. Bank NationalAssociation, as trustee.4.23 Form of 5.30% Senior Note due August 15, 2025.","Registrant named therein.4.12 Waiver to Fifth Amended and Restated Investors' RightsAgreement, dated as of May 18, 2016,between the Registrant and certain holders of the capital stock of the Registrant named therein.4.13 Waiver to Fifth Amended and Restated Investors' RightsAgreement, dated as of March 15,2017,between theRegistrant and certain holders of the capital stock of theRegistrant named therein.4.14 Waiver to Fifth Amended and Restated Investors' RightsAgreement,dated as of May 1,2019,between theRegistrant and certain holders of the capital stock of theRegistrant named therein.4.15 Indenture, dated as of May 22,2013,by and between the Registrant and U.S. Bank National Association.4.16 Third Supplemental Indenture， dated as of March 5, 2014,by and between the Registrant and U.S. BankNational Association.4.17 Form of 1.25% Convertible Senior Note Due March 1.2021 (included in Exhibit 4.16).4.18 Fourth Supplemental Indenture， dated as of March 22,2017,by and between the Registrant and U.S. Bank National Association.4.19 Form of 2.375% Convertible Senior Note Due March 15. 2022 (included in Exhibit 4.18).4.20 Fifth Supplemental Indenture, dated as of May 7, 2019,by and between Registrant and U.S. Bank NationalAssociation, related to 2.00% Convertible Senior Notesdue May 15, 2024.4.21 Form of 2.00% Convertible Senior Notes due May 15,2024 (included in Exhibit 4.20).4.22 Indenture, dated as of August 18, 2017, by and among the Registrant, SolarCity, and U.S. Bank NationalAssociation, as trustee.4.23 Form of 5.30% Senior Note due August 15, 2025.","Registrant named therein.4.12 Waiver to Fifth Amended and Restated Investors' RightsAgreement, dated as of May 18, 2016,between the Registrant and certain holders of the capital stock of the Registrant named therein.4.13 Waiver to Fifth Amended and Restated Investors' RightsAgreement, dated as of March 15,2017,between theRegistrant and certain holders of the capital stock of theRegistrant named therein.4.14 Waiver to Fifth Amended and Restated Investors' RightsAgreement,dated as of May 1,2019,between theRegistrant and certain holders of the capital stock of theRegistrant named therein.4.15 Indenture, dated as of May 22,2013,by and between the Registrant and U.S. Bank National Association.4.16 Third Supplemental Indenture， dated as of March 5, 2014,by and between the Registrant and U.S. BankNational Association.4.17 Form of 1.25% Convertible Senior Note Due March 1.2021 (included in Exhibit 4.16).4.18 Fourth Supplemental Indenture， dated as of March 22,2017,by and between the Registrant and U.S. Bank National Association.4.19 Form of 2.375% Convertible Senior Note Due March 15. 2022 (included in Exhibit 4.18).4.20 Fifth Supplemental Indenture, dated as of May 7, 2019,by and between Registrant and U.S. Bank NationalAssociation, related to 2.00% Convertible Senior Notesdue May 15, 2024.4.21 Form of 2.00% Convertible Senior Notes due May 15,2024 (included in Exhibit 4.20).4.22 Indenture, dated as of August 18, 2017, by and among the Registrant, SolarCity, and U.S. Bank NationalAssociation, as trustee.4.23 Form of 5.30% Senior Note due August 15, 2025.","Registrant named therein.4.12 Waiver to Fifth Amended and Restated Investors' RightsAgreement, dated as of May 18, 2016,between the Registrant and certain holders of the capital stock of the Registrant named therein.4.13 Waiver to Fifth Amended and Restated Investors' RightsAgreement, dated as of March 15,2017,between theRegistrant and certain holders of the capital stock of theRegistrant named therein.4.14 Waiver to Fifth Amended and Restated Investors' RightsAgreement,dated as of May 1,2019,between theRegistrant and certain holders of the capital stock of theRegistrant named therein.4.15 Indenture, dated as of May 22,2013,by and between the Registrant and U.S. Bank National Association.4.16 Third Supplemental Indenture， dated as of March 5, 2014,by and between the Registrant and U.S. BankNational Association.4.17 Form of 1.25% Convertible Senior Note Due March 1.2021 (included in Exhibit 4.16).4.18 Fourth Supplemental Indenture， dated as of March 22,2017,by and between the Registrant and U.S. Bank National Association.4.19 Form of 2.375% Convertible Senior Note Due March 15. 2022 (included in Exhibit 4.18).4.20 Fifth Supplemental Indenture, dated as of May 7, 2019,by and between Registrant and U.S. Bank NationalAssociation, related to 2.00% Convertible Senior Notesdue May 15, 2024.4.21 Form of 2.00% Convertible Senior Notes due May 15,2024 (included in Exhibit 4.20).4.22 Indenture, dated as of August 18, 2017, by and among the Registrant, SolarCity, and U.S. Bank NationalAssociation, as trustee.4.23 Form of 5.30% Senior Note due August 15, 2025.",8-K 001-34756,8-K 001-34756,8-K 001-34756,8-K 001-34756,8-K 001-34756,,,,,,,,,,,,,,