Exhibit Incorporatedby Reference FiledNumber Exhibit Description Form FileNo. Exhibit Filing Date Herewith,Exhibit Incorporatedby Reference FiledNumber Exhibit Description Form FileNo. Exhibit Filing Date Herewith,Exhibit Incorporatedby Reference FiledNumber Exhibit Description Form FileNo. Exhibit Filing Date Herewith,Exhibit Incorporatedby Reference FiledNumber Exhibit Description Form FileNo. Exhibit Filing Date Herewith,Exhibit Incorporatedby Reference FiledNumber Exhibit Description Form FileNo. Exhibit Filing Date Herewith,Exhibit Incorporatedby Reference FiledNumber Exhibit Description Form FileNo. Exhibit Filing Date Herewith,Exhibit Incorporatedby Reference FiledNumber Exhibit Description Form FileNo. Exhibit Filing Date Herewith,Exhibit Incorporatedby Reference FiledNumber Exhibit Description Form FileNo. Exhibit Filing Date Herewith,Exhibit Incorporatedby Reference FiledNumber Exhibit Description Form FileNo. Exhibit Filing Date Herewith
10.4310.44,10.4310.44,10.4310.44,10.4310.44,,,,,
10.4310.44,10.4310.44,10.4310.44,10.4310.44,"party thereto,as borrowers, Wells Fargo Bank, National","party thereto,as borrowers, Wells Fargo Bank, National","party thereto,as borrowers, Wells Fargo Bank, National","party thereto,as borrowers, Wells Fargo Bank, National","party thereto,as borrowers, Wells Fargo Bank, National"
10.4310.44,10.4310.44,10.4310.44,10.4310.44,"Association, as documentation agent, JPMorgan Chase","Association, as documentation agent, JPMorgan Chase","Association, as documentation agent, JPMorgan Chase","Association, as documentation agent, JPMorgan Chase","Association, as documentation agent, JPMorgan Chase"
10.4310.44,10.4310.44,10.4310.44,10.4310.44,"Bank N.A., Goldman Sachs Bank USA, Morgan Stanley","Bank N.A., Goldman Sachs Bank USA, Morgan Stanley","Bank N.A., Goldman Sachs Bank USA, Morgan Stanley","Bank N.A., Goldman Sachs Bank USA, Morgan Stanley","Bank N.A., Goldman Sachs Bank USA, Morgan Stanley"
10.4310.44,10.4310.44,10.4310.44,10.4310.44,,,,,
10.4310.44,10.4310.44,10.4310.44,10.4310.44,,,,,
10.4310.44,10.4310.44,10.4310.44,10.4310.44,"thereto,and Deutsche Bank AG New York Branch, as","thereto,and Deutsche Bank AG New York Branch, as","thereto,and Deutsche Bank AG New York Branch, as","thereto,and Deutsche Bank AG New York Branch, as","thereto,and Deutsche Bank AG New York Branch, as"
10.4310.44,10.4310.44,10.4310.44,10.4310.44,"Agreement,dated as of December 23， 2020, in respect of","Agreement,dated as of December 23， 2020, in respect of","Agreement,dated as of December 23， 2020, in respect of","Agreement,dated as of December 23， 2020, in respect of","Agreement,dated as of December 23， 2020, in respect of"
10.4310.44,10.4310.44,10.4310.44,10.4310.44,"the Amended and Restated ABL Credit Agreement,","the Amended and Restated ABL Credit Agreement,","the Amended and Restated ABL Credit Agreement,","the Amended and Restated ABL Credit Agreement,","the Amended and Restated ABL Credit Agreement,"
10.4310.44,10.4310.44,10.4310.44,10.4310.44,,,,,
10.4310.44,10.4310.44,10.4310.44,10.4310.44,Registrant's and Tesla Motors Netherlands B.V.'s direct,Registrant's and Tesla Motors Netherlands B.V.'s direct,Registrant's and Tesla Motors Netherlands B.V.'s direct,Registrant's and Tesla Motors Netherlands B.V.'s direct,Registrant's and Tesla Motors Netherlands B.V.'s direct
10.4310.44,10.4310.44,10.4310.44,10.4310.44,,,,"or indirect subsidiaries from time to time party thereto,","or indirect subsidiaries from time to time party thereto,"
,,,,"as borrowers, Wells Fargo Bank, National Association,","as borrowers, Wells Fargo Bank, National Association,","as borrowers, Wells Fargo Bank, National Association,","as borrowers, Wells Fargo Bank, National Association,","as borrowers, Wells Fargo Bank, National Association,"
,,,,"Goldman Sachs Bank USA, Morgan Stanley Senior","Goldman Sachs Bank USA, Morgan Stanley Senior","Goldman Sachs Bank USA, Morgan Stanley Senior","Goldman Sachs Bank USA, Morgan Stanley Senior","Goldman Sachs Bank USA, Morgan Stanley Senior"
,,,,"Funding Inc. and Bank of America， N.A., as syndication","Funding Inc. and Bank of America， N.A., as syndication","Funding Inc. and Bank of America， N.A., as syndication","Funding Inc. and Bank of America， N.A., as syndication","Funding Inc. and Bank of America， N.A., as syndication"
10.45t10.46tt10.47t,10.45t10.46tt10.47t,10.45t10.46tt10.47t,10.45t10.46tt10.47t,"agents,the lenders from time to time party thereto,and","agents,the lenders from time to time party thereto,and","agents,the lenders from time to time party thereto,and","agents,the lenders from time to time party thereto,and","agents,the lenders from time to time party thereto,and"
10.45t10.46tt10.47t,10.45t10.46tt10.47t,10.45t10.46tt10.47t,10.45t10.46tt10.47t,"Deutsche Bank AG New York Branch, as administrative","Deutsche Bank AG New York Branch, as administrative","Deutsche Bank AG New York Branch, as administrative","Deutsche Bank AG New York Branch, as administrative","Deutsche Bank AG New York Branch, as administrative"
10.45t10.46tt10.47t,10.45t10.46tt10.47t,10.45t10.46tt10.47t,10.45t10.46tt10.47t,agent and collateral agent.,agent and collateral agent.,agent and collateral agent.,agent and collateral agent.,agent and collateral agent.
10.45t10.46tt10.47t,10.45t10.46tt10.47t,10.45t10.46tt10.47t,10.45t10.46tt10.47t,"Agreement for Tax Abatement and Incentives, dated as","Agreement for Tax Abatement and Incentives, dated as","Agreement for Tax Abatement and Incentives, dated as","Agreement for Tax Abatement and Incentives, dated as","Agreement for Tax Abatement and Incentives, dated as"
10.45t10.46tt10.47t,10.45t10.46tt10.47t,10.45t10.46tt10.47t,10.45t10.46tt10.47t,"of May 7, 2015,by and between Tesla Motors, Inc.and","of May 7, 2015,by and between Tesla Motors, Inc.and","of May 7, 2015,by and between Tesla Motors, Inc.and","of May 7, 2015,by and between Tesla Motors, Inc.and","of May 7, 2015,by and between Tesla Motors, Inc.and"
10.45t10.46tt10.47t,10.45t10.46tt10.47t,10.45t10.46tt10.47t,10.45t10.46tt10.47t,"the State of Nevada,acting by and through the Nevada","the State of Nevada,acting by and through the Nevada","the State of Nevada,acting by and through the Nevada","the State of Nevada,acting by and through the Nevada","the State of Nevada,acting by and through the Nevada"
10.45t10.46tt10.47t,10.45t10.46tt10.47t,10.45t10.46tt10.47t,10.45t10.46tt10.47t,Governor's Office of Economic Development.,Governor's Office of Economic Development.,Governor's Office of Economic Development.,Governor's Office of Economic Development.,Governor's Office of Economic Development.
10.45t10.46tt10.47t,10.45t10.46tt10.47t,10.45t10.46tt10.47t,10.45t10.46tt10.47t,Second Amended and Restated Loan and Security,Second Amended and Restated Loan and Security,Second Amended and Restated Loan and Security,Second Amended and Restated Loan and Security,Second Amended and Restated Loan and Security
10.45t10.46tt10.47t,10.45t10.46tt10.47t,10.45t10.46tt10.47t,10.45t10.46tt10.47t,"Agreement, dated as of August 28,2020,by and among","Agreement, dated as of August 28,2020,by and among","Agreement, dated as of August 28,2020,by and among","Agreement, dated as of August 28,2020,by and among","Agreement, dated as of August 28,2020,by and among"
10.45t10.46tt10.47t,10.45t10.46tt10.47t,10.45t10.46tt10.47t,10.45t10.46tt10.47t,"Tesla 2014 Warehouse SPV LLC, Tesla Finance LLC, the","Tesla 2014 Warehouse SPV LLC, Tesla Finance LLC, the","Tesla 2014 Warehouse SPV LLC, Tesla Finance LLC, the","Tesla 2014 Warehouse SPV LLC, Tesla Finance LLC, the","Tesla 2014 Warehouse SPV LLC, Tesla Finance LLC, the"
10.45t10.46tt10.47t,10.45t10.46tt10.47t,10.45t10.46tt10.47t,10.45t10.46tt10.47t,Lenders and Group Agents from time to time party,Lenders and Group Agents from time to time party,Lenders and Group Agents from time to time party,Lenders and Group Agents from time to time party,Lenders and Group Agents from time to time party
10.45t10.46tt10.47t,10.45t10.46tt10.47t,10.45t10.46tt10.47t,10.45t10.46tt10.47t,"thereto, Deutsche Bank Trust Company Americas,as","thereto, Deutsche Bank Trust Company Americas,as","thereto, Deutsche Bank Trust Company Americas,as","thereto, Deutsche Bank Trust Company Americas,as","thereto, Deutsche Bank Trust Company Americas,as"
10.45t10.46tt10.47t,10.45t10.46tt10.47t,10.45t10.46tt10.47t,10.45t10.46tt10.47t,"Paying Agent，and Deutsche Bank AG,New York Branch,","Paying Agent，and Deutsche Bank AG,New York Branch,","Paying Agent，and Deutsche Bank AG,New York Branch,","Paying Agent，and Deutsche Bank AG,New York Branch,","Paying Agent，and Deutsche Bank AG,New York Branch,"
10.45t10.46tt10.47t,10.45t10.46tt10.47t,10.45t10.46tt10.47t,10.45t10.46tt10.47t,as Administrative Agent.,as Administrative Agent.,as Administrative Agent.,as Administrative Agent.,as Administrative Agent.
10.45t10.46tt10.47t,10.45t10.46tt10.47t,10.45t10.46tt10.47t,10.45t10.46tt10.47t,"Loan and Security Agreement, executed on December28,2018,by and among LML 2018 Warehouse SPV,","Loan and Security Agreement, executed on December28,2018,by and among LML 2018 Warehouse SPV,","Loan and Security Agreement, executed on December28,2018,by and among LML 2018 Warehouse SPV,","Loan and Security Agreement, executed on December28,2018,by and among LML 2018 Warehouse SPV,","Loan and Security Agreement, executed on December28,2018,by and among LML 2018 Warehouse SPV,"
10.45t10.46tt10.47t,10.45t10.46tt10.47t,10.45t10.46tt10.47t,10.45t10.46tt10.47t,"LLC, Tesla Finance LLC, the Lenders and Group Agents","LLC, Tesla Finance LLC, the Lenders and Group Agents","LLC, Tesla Finance LLC, the Lenders and Group Agents","LLC, Tesla Finance LLC, the Lenders and Group Agents","LLC, Tesla Finance LLC, the Lenders and Group Agents"
10.45t10.46tt10.47t,10.45t10.46tt10.47t,10.45t10.46tt10.47t,10.45t10.46tt10.47t,"from time to time party thereto, Deutsche Bank Trust","from time to time party thereto, Deutsche Bank Trust","from time to time party thereto, Deutsche Bank Trust","from time to time party thereto, Deutsche Bank Trust","from time to time party thereto, Deutsche Bank Trust"
10.45t10.46tt10.47t,10.45t10.46tt10.47t,10.45t10.46tt10.47t,10.45t10.46tt10.47t,"Company Americas,as Paying Agent, and Deutsche Bank","Company Americas,as Paying Agent, and Deutsche Bank","Company Americas,as Paying Agent, and Deutsche Bank","Company Americas,as Paying Agent, and Deutsche Bank","Company Americas,as Paying Agent, and Deutsche Bank"
10.45t10.46tt10.47t,10.45t10.46tt10.47t,10.45t10.46tt10.47t,10.45t10.46tt10.47t,"AG,New York Branch,as Administrative Agent.","AG,New York Branch,as Administrative Agent.","AG,New York Branch,as Administrative Agent.","AG,New York Branch,as Administrative Agent.","AG,New York Branch,as Administrative Agent."
10.48t+10.49t10.5010.51,10.48t+10.49t10.5010.51,,,,,,,
10.48t+10.49t10.5010.51,10.48t+10.49t10.5010.51,,,,,,,
10.48t+10.49t10.5010.51,10.48t+10.49t10.5010.51,,,"Letter of Consent,dated as of June 14,2019,by and 10-Q 001-34756 10.1 July 29,2019among LML 2018 Warehouse SPV, LLC, Deutsche BankAG, New York Branch, as Administrative Agent, and theGroup Agents party thereto,in respect of the Loan andSecurity Agreement, dated as of August 17, 2017 and as amended from time to time,by and among LMLWarehouse SPV, LLC， Tesla Finance LLC,and theLenders, Group Agents and Administrative Agent from time to time party thereto. Amendment No. 1 to Loan and Security Agreement. 10-Q 001-34756 10.2 October 29,2019dated as of August 16. 2019,by and among LML 2018Warehouse SPV, LLC, Deutsche Bank Trust CompanyAmericas,as Paying Agent, and Deutsche Bank AG, NewYork Branch,as Administrative Agent, and the Lenders and Group Agents from time to time party thereto.Amendment No. 2 to Loan and Security Agreement, 10-K 001-34756 10.69 February 13,2020dated as of December 13, 2019,by and among LML2018 Warehouse SPV, LLC， Deutsche Bank TrustCompany Americas,as Paying Agent,and Deutsche BankAG，New York Branch,as Administrative Agent, and the Lenders and Group Agents from time to time partythereto.","Letter of Consent,dated as of June 14,2019,by and 10-Q 001-34756 10.1 July 29,2019among LML 2018 Warehouse SPV, LLC, Deutsche BankAG, New York Branch, as Administrative Agent, and theGroup Agents party thereto,in respect of the Loan andSecurity Agreement, dated as of August 17, 2017 and as amended from time to time,by and among LMLWarehouse SPV, LLC， Tesla Finance LLC,and theLenders, Group Agents and Administrative Agent from time to time party thereto. Amendment No. 1 to Loan and Security Agreement. 10-Q 001-34756 10.2 October 29,2019dated as of August 16. 2019,by and among LML 2018Warehouse SPV, LLC, Deutsche Bank Trust CompanyAmericas,as Paying Agent, and Deutsche Bank AG, NewYork Branch,as Administrative Agent, and the Lenders and Group Agents from time to time party thereto.Amendment No. 2 to Loan and Security Agreement, 10-K 001-34756 10.69 February 13,2020dated as of December 13, 2019,by and among LML2018 Warehouse SPV, LLC， Deutsche Bank TrustCompany Americas,as Paying Agent,and Deutsche BankAG，New York Branch,as Administrative Agent, and the Lenders and Group Agents from time to time partythereto.","Letter of Consent,dated as of June 14,2019,by and 10-Q 001-34756 10.1 July 29,2019among LML 2018 Warehouse SPV, LLC, Deutsche BankAG, New York Branch, as Administrative Agent, and theGroup Agents party thereto,in respect of the Loan andSecurity Agreement, dated as of August 17, 2017 and as amended from time to time,by and among LMLWarehouse SPV, LLC， Tesla Finance LLC,and theLenders, Group Agents and Administrative Agent from time to time party thereto. Amendment No. 1 to Loan and Security Agreement. 10-Q 001-34756 10.2 October 29,2019dated as of August 16. 2019,by and among LML 2018Warehouse SPV, LLC, Deutsche Bank Trust CompanyAmericas,as Paying Agent, and Deutsche Bank AG, NewYork Branch,as Administrative Agent, and the Lenders and Group Agents from time to time party thereto.Amendment No. 2 to Loan and Security Agreement, 10-K 001-34756 10.69 February 13,2020dated as of December 13, 2019,by and among LML2018 Warehouse SPV, LLC， Deutsche Bank TrustCompany Americas,as Paying Agent,and Deutsche BankAG，New York Branch,as Administrative Agent, and the Lenders and Group Agents from time to time partythereto.",,
10.48t+10.49t10.5010.51,10.48t+10.49t10.5010.51,,,"Letter of Consent,dated as of June 14,2019,by and 10-Q 001-34756 10.1 July 29,2019among LML 2018 Warehouse SPV, LLC, Deutsche BankAG, New York Branch, as Administrative Agent, and theGroup Agents party thereto,in respect of the Loan andSecurity Agreement, dated as of August 17, 2017 and as amended from time to time,by and among LMLWarehouse SPV, LLC， Tesla Finance LLC,and theLenders, Group Agents and Administrative Agent from time to time party thereto. Amendment No. 1 to Loan and Security Agreement. 10-Q 001-34756 10.2 October 29,2019dated as of August 16. 2019,by and among LML 2018Warehouse SPV, LLC, Deutsche Bank Trust CompanyAmericas,as Paying Agent, and Deutsche Bank AG, NewYork Branch,as Administrative Agent, and the Lenders and Group Agents from time to time party thereto.Amendment No. 2 to Loan and Security Agreement, 10-K 001-34756 10.69 February 13,2020dated as of December 13, 2019,by and among LML2018 Warehouse SPV, LLC， Deutsche Bank TrustCompany Americas,as Paying Agent,and Deutsche BankAG，New York Branch,as Administrative Agent, and the Lenders and Group Agents from time to time partythereto.","Letter of Consent,dated as of June 14,2019,by and 10-Q 001-34756 10.1 July 29,2019among LML 2018 Warehouse SPV, LLC, Deutsche BankAG, New York Branch, as Administrative Agent, and theGroup Agents party thereto,in respect of the Loan andSecurity Agreement, dated as of August 17, 2017 and as amended from time to time,by and among LMLWarehouse SPV, LLC， Tesla Finance LLC,and theLenders, Group Agents and Administrative Agent from time to time party thereto. Amendment No. 1 to Loan and Security Agreement. 10-Q 001-34756 10.2 October 29,2019dated as of August 16. 2019,by and among LML 2018Warehouse SPV, LLC, Deutsche Bank Trust CompanyAmericas,as Paying Agent, and Deutsche Bank AG, NewYork Branch,as Administrative Agent, and the Lenders and Group Agents from time to time party thereto.Amendment No. 2 to Loan and Security Agreement, 10-K 001-34756 10.69 February 13,2020dated as of December 13, 2019,by and among LML2018 Warehouse SPV, LLC， Deutsche Bank TrustCompany Americas,as Paying Agent,and Deutsche BankAG，New York Branch,as Administrative Agent, and the Lenders and Group Agents from time to time partythereto.","Letter of Consent,dated as of June 14,2019,by and 10-Q 001-34756 10.1 July 29,2019among LML 2018 Warehouse SPV, LLC, Deutsche BankAG, New York Branch, as Administrative Agent, and theGroup Agents party thereto,in respect of the Loan andSecurity Agreement, dated as of August 17, 2017 and as amended from time to time,by and among LMLWarehouse SPV, LLC， Tesla Finance LLC,and theLenders, Group Agents and Administrative Agent from time to time party thereto. Amendment No. 1 to Loan and Security Agreement. 10-Q 001-34756 10.2 October 29,2019dated as of August 16. 2019,by and among LML 2018Warehouse SPV, LLC, Deutsche Bank Trust CompanyAmericas,as Paying Agent, and Deutsche Bank AG, NewYork Branch,as Administrative Agent, and the Lenders and Group Agents from time to time party thereto.Amendment No. 2 to Loan and Security Agreement, 10-K 001-34756 10.69 February 13,2020dated as of December 13, 2019,by and among LML2018 Warehouse SPV, LLC， Deutsche Bank TrustCompany Americas,as Paying Agent,and Deutsche BankAG，New York Branch,as Administrative Agent, and the Lenders and Group Agents from time to time partythereto.","among LML 2018 Warehouse SPV, LLC, Deutsche Bank","among LML 2018 Warehouse SPV, LLC, Deutsche Bank"
10.48t+10.49t10.5010.51,10.48t+10.49t10.5010.51,"AG, New York Branch, as Administrative Agent, and the","AG, New York Branch, as Administrative Agent, and the","Letter of Consent,dated as of June 14,2019,by and 10-Q 001-34756 10.1 July 29,2019among LML 2018 Warehouse SPV, LLC, Deutsche BankAG, New York Branch, as Administrative Agent, and theGroup Agents party thereto,in respect of the Loan andSecurity Agreement, dated as of August 17, 2017 and as amended from time to time,by and among LMLWarehouse SPV, LLC， Tesla Finance LLC,and theLenders, Group Agents and Administrative Agent from time to time party thereto. Amendment No. 1 to Loan and Security Agreement. 10-Q 001-34756 10.2 October 29,2019dated as of August 16. 2019,by and among LML 2018Warehouse SPV, LLC, Deutsche Bank Trust CompanyAmericas,as Paying Agent, and Deutsche Bank AG, NewYork Branch,as Administrative Agent, and the Lenders and Group Agents from time to time party thereto.Amendment No. 2 to Loan and Security Agreement, 10-K 001-34756 10.69 February 13,2020dated as of December 13, 2019,by and among LML2018 Warehouse SPV, LLC， Deutsche Bank TrustCompany Americas,as Paying Agent,and Deutsche BankAG，New York Branch,as Administrative Agent, and the Lenders and Group Agents from time to time partythereto.","Letter of Consent,dated as of June 14,2019,by and 10-Q 001-34756 10.1 July 29,2019among LML 2018 Warehouse SPV, LLC, Deutsche BankAG, New York Branch, as Administrative Agent, and theGroup Agents party thereto,in respect of the Loan andSecurity Agreement, dated as of August 17, 2017 and as amended from time to time,by and among LMLWarehouse SPV, LLC， Tesla Finance LLC,and theLenders, Group Agents and Administrative Agent from time to time party thereto. Amendment No. 1 to Loan and Security Agreement. 10-Q 001-34756 10.2 October 29,2019dated as of August 16. 2019,by and among LML 2018Warehouse SPV, LLC, Deutsche Bank Trust CompanyAmericas,as Paying Agent, and Deutsche Bank AG, NewYork Branch,as Administrative Agent, and the Lenders and Group Agents from time to time party thereto.Amendment No. 2 to Loan and Security Agreement, 10-K 001-34756 10.69 February 13,2020dated as of December 13, 2019,by and among LML2018 Warehouse SPV, LLC， Deutsche Bank TrustCompany Americas,as Paying Agent,and Deutsche BankAG，New York Branch,as Administrative Agent, and the Lenders and Group Agents from time to time partythereto.","Letter of Consent,dated as of June 14,2019,by and 10-Q 001-34756 10.1 July 29,2019among LML 2018 Warehouse SPV, LLC, Deutsche BankAG, New York Branch, as Administrative Agent, and theGroup Agents party thereto,in respect of the Loan andSecurity Agreement, dated as of August 17, 2017 and as amended from time to time,by and among LMLWarehouse SPV, LLC， Tesla Finance LLC,and theLenders, Group Agents and Administrative Agent from time to time party thereto. Amendment No. 1 to Loan and Security Agreement. 10-Q 001-34756 10.2 October 29,2019dated as of August 16. 2019,by and among LML 2018Warehouse SPV, LLC, Deutsche Bank Trust CompanyAmericas,as Paying Agent, and Deutsche Bank AG, NewYork Branch,as Administrative Agent, and the Lenders and Group Agents from time to time party thereto.Amendment No. 2 to Loan and Security Agreement, 10-K 001-34756 10.69 February 13,2020dated as of December 13, 2019,by and among LML2018 Warehouse SPV, LLC， Deutsche Bank TrustCompany Americas,as Paying Agent,and Deutsche BankAG，New York Branch,as Administrative Agent, and the Lenders and Group Agents from time to time partythereto.",,
10.48t+10.49t10.5010.51,10.48t+10.49t10.5010.51,"Group Agents party thereto,in respect of the Loan and","Group Agents party thereto,in respect of the Loan and","Letter of Consent,dated as of June 14,2019,by and 10-Q 001-34756 10.1 July 29,2019among LML 2018 Warehouse SPV, LLC, Deutsche BankAG, New York Branch, as Administrative Agent, and theGroup Agents party thereto,in respect of the Loan andSecurity Agreement, dated as of August 17, 2017 and as amended from time to time,by and among LMLWarehouse SPV, LLC， Tesla Finance LLC,and theLenders, Group Agents and Administrative Agent from time to time party thereto. Amendment No. 1 to Loan and Security Agreement. 10-Q 001-34756 10.2 October 29,2019dated as of August 16. 2019,by and among LML 2018Warehouse SPV, LLC, Deutsche Bank Trust CompanyAmericas,as Paying Agent, and Deutsche Bank AG, NewYork Branch,as Administrative Agent, and the Lenders and Group Agents from time to time party thereto.Amendment No. 2 to Loan and Security Agreement, 10-K 001-34756 10.69 February 13,2020dated as of December 13, 2019,by and among LML2018 Warehouse SPV, LLC， Deutsche Bank TrustCompany Americas,as Paying Agent,and Deutsche BankAG，New York Branch,as Administrative Agent, and the Lenders and Group Agents from time to time partythereto.","Letter of Consent,dated as of June 14,2019,by and 10-Q 001-34756 10.1 July 29,2019among LML 2018 Warehouse SPV, LLC, Deutsche BankAG, New York Branch, as Administrative Agent, and theGroup Agents party thereto,in respect of the Loan andSecurity Agreement, dated as of August 17, 2017 and as amended from time to time,by and among LMLWarehouse SPV, LLC， Tesla Finance LLC,and theLenders, Group Agents and Administrative Agent from time to time party thereto. Amendment No. 1 to Loan and Security Agreement. 10-Q 001-34756 10.2 October 29,2019dated as of August 16. 2019,by and among LML 2018Warehouse SPV, LLC, Deutsche Bank Trust CompanyAmericas,as Paying Agent, and Deutsche Bank AG, NewYork Branch,as Administrative Agent, and the Lenders and Group Agents from time to time party thereto.Amendment No. 2 to Loan and Security Agreement, 10-K 001-34756 10.69 February 13,2020dated as of December 13, 2019,by and among LML2018 Warehouse SPV, LLC， Deutsche Bank TrustCompany Americas,as Paying Agent,and Deutsche BankAG，New York Branch,as Administrative Agent, and the Lenders and Group Agents from time to time partythereto.","Letter of Consent,dated as of June 14,2019,by and 10-Q 001-34756 10.1 July 29,2019among LML 2018 Warehouse SPV, LLC, Deutsche BankAG, New York Branch, as Administrative Agent, and theGroup Agents party thereto,in respect of the Loan andSecurity Agreement, dated as of August 17, 2017 and as amended from time to time,by and among LMLWarehouse SPV, LLC， Tesla Finance LLC,and theLenders, Group Agents and Administrative Agent from time to time party thereto. Amendment No. 1 to Loan and Security Agreement. 10-Q 001-34756 10.2 October 29,2019dated as of August 16. 2019,by and among LML 2018Warehouse SPV, LLC, Deutsche Bank Trust CompanyAmericas,as Paying Agent, and Deutsche Bank AG, NewYork Branch,as Administrative Agent, and the Lenders and Group Agents from time to time party thereto.Amendment No. 2 to Loan and Security Agreement, 10-K 001-34756 10.69 February 13,2020dated as of December 13, 2019,by and among LML2018 Warehouse SPV, LLC， Deutsche Bank TrustCompany Americas,as Paying Agent,and Deutsche BankAG，New York Branch,as Administrative Agent, and the Lenders and Group Agents from time to time partythereto.",,
10.48t+10.49t10.5010.51,10.48t+10.49t10.5010.51,"Security Agreement, dated as of August 17, 2017 and as","Security Agreement, dated as of August 17, 2017 and as","Letter of Consent,dated as of June 14,2019,by and 10-Q 001-34756 10.1 July 29,2019among LML 2018 Warehouse SPV, LLC, Deutsche BankAG, New York Branch, as Administrative Agent, and theGroup Agents party thereto,in respect of the Loan andSecurity Agreement, dated as of August 17, 2017 and as amended from time to time,by and among LMLWarehouse SPV, LLC， Tesla Finance LLC,and theLenders, Group Agents and Administrative Agent from time to time party thereto. Amendment No. 1 to Loan and Security Agreement. 10-Q 001-34756 10.2 October 29,2019dated as of August 16. 2019,by and among LML 2018Warehouse SPV, LLC, Deutsche Bank Trust CompanyAmericas,as Paying Agent, and Deutsche Bank AG, NewYork Branch,as Administrative Agent, and the Lenders and Group Agents from time to time party thereto.Amendment No. 2 to Loan and Security Agreement, 10-K 001-34756 10.69 February 13,2020dated as of December 13, 2019,by and among LML2018 Warehouse SPV, LLC， Deutsche Bank TrustCompany Americas,as Paying Agent,and Deutsche BankAG，New York Branch,as Administrative Agent, and the Lenders and Group Agents from time to time partythereto.","Letter of Consent,dated as of June 14,2019,by and 10-Q 001-34756 10.1 July 29,2019among LML 2018 Warehouse SPV, LLC, Deutsche BankAG, New York Branch, as Administrative Agent, and theGroup Agents party thereto,in respect of the Loan andSecurity Agreement, dated as of August 17, 2017 and as amended from time to time,by and among LMLWarehouse SPV, LLC， Tesla Finance LLC,and theLenders, Group Agents and Administrative Agent from time to time party thereto. Amendment No. 1 to Loan and Security Agreement. 10-Q 001-34756 10.2 October 29,2019dated as of August 16. 2019,by and among LML 2018Warehouse SPV, LLC, Deutsche Bank Trust CompanyAmericas,as Paying Agent, and Deutsche Bank AG, NewYork Branch,as Administrative Agent, and the Lenders and Group Agents from time to time party thereto.Amendment No. 2 to Loan and Security Agreement, 10-K 001-34756 10.69 February 13,2020dated as of December 13, 2019,by and among LML2018 Warehouse SPV, LLC， Deutsche Bank TrustCompany Americas,as Paying Agent,and Deutsche BankAG，New York Branch,as Administrative Agent, and the Lenders and Group Agents from time to time partythereto.","Letter of Consent,dated as of June 14,2019,by and 10-Q 001-34756 10.1 July 29,2019among LML 2018 Warehouse SPV, LLC, Deutsche BankAG, New York Branch, as Administrative Agent, and theGroup Agents party thereto,in respect of the Loan andSecurity Agreement, dated as of August 17, 2017 and as amended from time to time,by and among LMLWarehouse SPV, LLC， Tesla Finance LLC,and theLenders, Group Agents and Administrative Agent from time to time party thereto. Amendment No. 1 to Loan and Security Agreement. 10-Q 001-34756 10.2 October 29,2019dated as of August 16. 2019,by and among LML 2018Warehouse SPV, LLC, Deutsche Bank Trust CompanyAmericas,as Paying Agent, and Deutsche Bank AG, NewYork Branch,as Administrative Agent, and the Lenders and Group Agents from time to time party thereto.Amendment No. 2 to Loan and Security Agreement, 10-K 001-34756 10.69 February 13,2020dated as of December 13, 2019,by and among LML2018 Warehouse SPV, LLC， Deutsche Bank TrustCompany Americas,as Paying Agent,and Deutsche BankAG，New York Branch,as Administrative Agent, and the Lenders and Group Agents from time to time partythereto.",,
10.48t+10.49t10.5010.51,10.48t+10.49t10.5010.51,"amended from time to time,by and among LML","amended from time to time,by and among LML","Letter of Consent,dated as of June 14,2019,by and 10-Q 001-34756 10.1 July 29,2019among LML 2018 Warehouse SPV, LLC, Deutsche BankAG, New York Branch, as Administrative Agent, and theGroup Agents party thereto,in respect of the Loan andSecurity Agreement, dated as of August 17, 2017 and as amended from time to time,by and among LMLWarehouse SPV, LLC， Tesla Finance LLC,and theLenders, Group Agents and Administrative Agent from time to time party thereto. Amendment No. 1 to Loan and Security Agreement. 10-Q 001-34756 10.2 October 29,2019dated as of August 16. 2019,by and among LML 2018Warehouse SPV, LLC, Deutsche Bank Trust CompanyAmericas,as Paying Agent, and Deutsche Bank AG, NewYork Branch,as Administrative Agent, and the Lenders and Group Agents from time to time party thereto.Amendment No. 2 to Loan and Security Agreement, 10-K 001-34756 10.69 February 13,2020dated as of December 13, 2019,by and among LML2018 Warehouse SPV, LLC， Deutsche Bank TrustCompany Americas,as Paying Agent,and Deutsche BankAG，New York Branch,as Administrative Agent, and the Lenders and Group Agents from time to time partythereto.","Letter of Consent,dated as of June 14,2019,by and 10-Q 001-34756 10.1 July 29,2019among LML 2018 Warehouse SPV, LLC, Deutsche BankAG, New York Branch, as Administrative Agent, and theGroup Agents party thereto,in respect of the Loan andSecurity Agreement, dated as of August 17, 2017 and as amended from time to time,by and among LMLWarehouse SPV, LLC， Tesla Finance LLC,and theLenders, Group Agents and Administrative Agent from time to time party thereto. Amendment No. 1 to Loan and Security Agreement. 10-Q 001-34756 10.2 October 29,2019dated as of August 16. 2019,by and among LML 2018Warehouse SPV, LLC, Deutsche Bank Trust CompanyAmericas,as Paying Agent, and Deutsche Bank AG, NewYork Branch,as Administrative Agent, and the Lenders and Group Agents from time to time party thereto.Amendment No. 2 to Loan and Security Agreement, 10-K 001-34756 10.69 February 13,2020dated as of December 13, 2019,by and among LML2018 Warehouse SPV, LLC， Deutsche Bank TrustCompany Americas,as Paying Agent,and Deutsche BankAG，New York Branch,as Administrative Agent, and the Lenders and Group Agents from time to time partythereto.","Letter of Consent,dated as of June 14,2019,by and 10-Q 001-34756 10.1 July 29,2019among LML 2018 Warehouse SPV, LLC, Deutsche BankAG, New York Branch, as Administrative Agent, and theGroup Agents party thereto,in respect of the Loan andSecurity Agreement, dated as of August 17, 2017 and as amended from time to time,by and among LMLWarehouse SPV, LLC， Tesla Finance LLC,and theLenders, Group Agents and Administrative Agent from time to time party thereto. Amendment No. 1 to Loan and Security Agreement. 10-Q 001-34756 10.2 October 29,2019dated as of August 16. 2019,by and among LML 2018Warehouse SPV, LLC, Deutsche Bank Trust CompanyAmericas,as Paying Agent, and Deutsche Bank AG, NewYork Branch,as Administrative Agent, and the Lenders and Group Agents from time to time party thereto.Amendment No. 2 to Loan and Security Agreement, 10-K 001-34756 10.69 February 13,2020dated as of December 13, 2019,by and among LML2018 Warehouse SPV, LLC， Deutsche Bank TrustCompany Americas,as Paying Agent,and Deutsche BankAG，New York Branch,as Administrative Agent, and the Lenders and Group Agents from time to time partythereto.",,
10.48t+10.49t10.5010.51,10.48t+10.49t10.5010.51,"Warehouse SPV, LLC， Tesla Finance LLC,and the","Warehouse SPV, LLC， Tesla Finance LLC,and the","Letter of Consent,dated as of June 14,2019,by and 10-Q 001-34756 10.1 July 29,2019among LML 2018 Warehouse SPV, LLC, Deutsche BankAG, New York Branch, as Administrative Agent, and theGroup Agents party thereto,in respect of the Loan andSecurity Agreement, dated as of August 17, 2017 and as amended from time to time,by and among LMLWarehouse SPV, LLC， Tesla Finance LLC,and theLenders, Group Agents and Administrative Agent from time to time party thereto. Amendment No. 1 to Loan and Security Agreement. 10-Q 001-34756 10.2 October 29,2019dated as of August 16. 2019,by and among LML 2018Warehouse SPV, LLC, Deutsche Bank Trust CompanyAmericas,as Paying Agent, and Deutsche Bank AG, NewYork Branch,as Administrative Agent, and the Lenders and Group Agents from time to time party thereto.Amendment No. 2 to Loan and Security Agreement, 10-K 001-34756 10.69 February 13,2020dated as of December 13, 2019,by and among LML2018 Warehouse SPV, LLC， Deutsche Bank TrustCompany Americas,as Paying Agent,and Deutsche BankAG，New York Branch,as Administrative Agent, and the Lenders and Group Agents from time to time partythereto.","Letter of Consent,dated as of June 14,2019,by and 10-Q 001-34756 10.1 July 29,2019among LML 2018 Warehouse SPV, LLC, Deutsche BankAG, New York Branch, as Administrative Agent, and theGroup Agents party thereto,in respect of the Loan andSecurity Agreement, dated as of August 17, 2017 and as amended from time to time,by and among LMLWarehouse SPV, LLC， Tesla Finance LLC,and theLenders, Group Agents and Administrative Agent from time to time party thereto. Amendment No. 1 to Loan and Security Agreement. 10-Q 001-34756 10.2 October 29,2019dated as of August 16. 2019,by and among LML 2018Warehouse SPV, LLC, Deutsche Bank Trust CompanyAmericas,as Paying Agent, and Deutsche Bank AG, NewYork Branch,as Administrative Agent, and the Lenders and Group Agents from time to time party thereto.Amendment No. 2 to Loan and Security Agreement, 10-K 001-34756 10.69 February 13,2020dated as of December 13, 2019,by and among LML2018 Warehouse SPV, LLC， Deutsche Bank TrustCompany Americas,as Paying Agent,and Deutsche BankAG，New York Branch,as Administrative Agent, and the Lenders and Group Agents from time to time partythereto.","Letter of Consent,dated as of June 14,2019,by and 10-Q 001-34756 10.1 July 29,2019among LML 2018 Warehouse SPV, LLC, Deutsche BankAG, New York Branch, as Administrative Agent, and theGroup Agents party thereto,in respect of the Loan andSecurity Agreement, dated as of August 17, 2017 and as amended from time to time,by and among LMLWarehouse SPV, LLC， Tesla Finance LLC,and theLenders, Group Agents and Administrative Agent from time to time party thereto. Amendment No. 1 to Loan and Security Agreement. 10-Q 001-34756 10.2 October 29,2019dated as of August 16. 2019,by and among LML 2018Warehouse SPV, LLC, Deutsche Bank Trust CompanyAmericas,as Paying Agent, and Deutsche Bank AG, NewYork Branch,as Administrative Agent, and the Lenders and Group Agents from time to time party thereto.Amendment No. 2 to Loan and Security Agreement, 10-K 001-34756 10.69 February 13,2020dated as of December 13, 2019,by and among LML2018 Warehouse SPV, LLC， Deutsche Bank TrustCompany Americas,as Paying Agent,and Deutsche BankAG，New York Branch,as Administrative Agent, and the Lenders and Group Agents from time to time partythereto.",,
10.48t+10.49t10.5010.51,10.48t+10.49t10.5010.51,"Lenders, Group Agents and Administrative Agent from time to time party thereto.","Lenders, Group Agents and Administrative Agent from time to time party thereto.","Letter of Consent,dated as of June 14,2019,by and 10-Q 001-34756 10.1 July 29,2019among LML 2018 Warehouse SPV, LLC, Deutsche BankAG, New York Branch, as Administrative Agent, and theGroup Agents party thereto,in respect of the Loan andSecurity Agreement, dated as of August 17, 2017 and as amended from time to time,by and among LMLWarehouse SPV, LLC， Tesla Finance LLC,and theLenders, Group Agents and Administrative Agent from time to time party thereto. Amendment No. 1 to Loan and Security Agreement. 10-Q 001-34756 10.2 October 29,2019dated as of August 16. 2019,by and among LML 2018Warehouse SPV, LLC, Deutsche Bank Trust CompanyAmericas,as Paying Agent, and Deutsche Bank AG, NewYork Branch,as Administrative Agent, and the Lenders and Group Agents from time to time party thereto.Amendment No. 2 to Loan and Security Agreement, 10-K 001-34756 10.69 February 13,2020dated as of December 13, 2019,by and among LML2018 Warehouse SPV, LLC， Deutsche Bank TrustCompany Americas,as Paying Agent,and Deutsche BankAG，New York Branch,as Administrative Agent, and the Lenders and Group Agents from time to time partythereto.","Letter of Consent,dated as of June 14,2019,by and 10-Q 001-34756 10.1 July 29,2019among LML 2018 Warehouse SPV, LLC, Deutsche BankAG, New York Branch, as Administrative Agent, and theGroup Agents party thereto,in respect of the Loan andSecurity Agreement, dated as of August 17, 2017 and as amended from time to time,by and among LMLWarehouse SPV, LLC， Tesla Finance LLC,and theLenders, Group Agents and Administrative Agent from time to time party thereto. Amendment No. 1 to Loan and Security Agreement. 10-Q 001-34756 10.2 October 29,2019dated as of August 16. 2019,by and among LML 2018Warehouse SPV, LLC, Deutsche Bank Trust CompanyAmericas,as Paying Agent, and Deutsche Bank AG, NewYork Branch,as Administrative Agent, and the Lenders and Group Agents from time to time party thereto.Amendment No. 2 to Loan and Security Agreement, 10-K 001-34756 10.69 February 13,2020dated as of December 13, 2019,by and among LML2018 Warehouse SPV, LLC， Deutsche Bank TrustCompany Americas,as Paying Agent,and Deutsche BankAG，New York Branch,as Administrative Agent, and the Lenders and Group Agents from time to time partythereto.","Letter of Consent,dated as of June 14,2019,by and 10-Q 001-34756 10.1 July 29,2019among LML 2018 Warehouse SPV, LLC, Deutsche BankAG, New York Branch, as Administrative Agent, and theGroup Agents party thereto,in respect of the Loan andSecurity Agreement, dated as of August 17, 2017 and as amended from time to time,by and among LMLWarehouse SPV, LLC， Tesla Finance LLC,and theLenders, Group Agents and Administrative Agent from time to time party thereto. Amendment No. 1 to Loan and Security Agreement. 10-Q 001-34756 10.2 October 29,2019dated as of August 16. 2019,by and among LML 2018Warehouse SPV, LLC, Deutsche Bank Trust CompanyAmericas,as Paying Agent, and Deutsche Bank AG, NewYork Branch,as Administrative Agent, and the Lenders and Group Agents from time to time party thereto.Amendment No. 2 to Loan and Security Agreement, 10-K 001-34756 10.69 February 13,2020dated as of December 13, 2019,by and among LML2018 Warehouse SPV, LLC， Deutsche Bank TrustCompany Americas,as Paying Agent,and Deutsche BankAG，New York Branch,as Administrative Agent, and the Lenders and Group Agents from time to time partythereto.",,
10.48t+10.49t10.5010.51,10.48t+10.49t10.5010.51,Amendment No. 1 to Loan and Security Agreement.,Amendment No. 1 to Loan and Security Agreement.,"Letter of Consent,dated as of June 14,2019,by and 10-Q 001-34756 10.1 July 29,2019among LML 2018 Warehouse SPV, LLC, Deutsche BankAG, New York Branch, as Administrative Agent, and theGroup Agents party thereto,in respect of the Loan andSecurity Agreement, dated as of August 17, 2017 and as amended from time to time,by and among LMLWarehouse SPV, LLC， Tesla Finance LLC,and theLenders, Group Agents and Administrative Agent from time to time party thereto. Amendment No. 1 to Loan and Security Agreement. 10-Q 001-34756 10.2 October 29,2019dated as of August 16. 2019,by and among LML 2018Warehouse SPV, LLC, Deutsche Bank Trust CompanyAmericas,as Paying Agent, and Deutsche Bank AG, NewYork Branch,as Administrative Agent, and the Lenders and Group Agents from time to time party thereto.Amendment No. 2 to Loan and Security Agreement, 10-K 001-34756 10.69 February 13,2020dated as of December 13, 2019,by and among LML2018 Warehouse SPV, LLC， Deutsche Bank TrustCompany Americas,as Paying Agent,and Deutsche BankAG，New York Branch,as Administrative Agent, and the Lenders and Group Agents from time to time partythereto.","Letter of Consent,dated as of June 14,2019,by and 10-Q 001-34756 10.1 July 29,2019among LML 2018 Warehouse SPV, LLC, Deutsche BankAG, New York Branch, as Administrative Agent, and theGroup Agents party thereto,in respect of the Loan andSecurity Agreement, dated as of August 17, 2017 and as amended from time to time,by and among LMLWarehouse SPV, LLC， Tesla Finance LLC,and theLenders, Group Agents and Administrative Agent from time to time party thereto. Amendment No. 1 to Loan and Security Agreement. 10-Q 001-34756 10.2 October 29,2019dated as of August 16. 2019,by and among LML 2018Warehouse SPV, LLC, Deutsche Bank Trust CompanyAmericas,as Paying Agent, and Deutsche Bank AG, NewYork Branch,as Administrative Agent, and the Lenders and Group Agents from time to time party thereto.Amendment No. 2 to Loan and Security Agreement, 10-K 001-34756 10.69 February 13,2020dated as of December 13, 2019,by and among LML2018 Warehouse SPV, LLC， Deutsche Bank TrustCompany Americas,as Paying Agent,and Deutsche BankAG，New York Branch,as Administrative Agent, and the Lenders and Group Agents from time to time partythereto.","Letter of Consent,dated as of June 14,2019,by and 10-Q 001-34756 10.1 July 29,2019among LML 2018 Warehouse SPV, LLC, Deutsche BankAG, New York Branch, as Administrative Agent, and theGroup Agents party thereto,in respect of the Loan andSecurity Agreement, dated as of August 17, 2017 and as amended from time to time,by and among LMLWarehouse SPV, LLC， Tesla Finance LLC,and theLenders, Group Agents and Administrative Agent from time to time party thereto. Amendment No. 1 to Loan and Security Agreement. 10-Q 001-34756 10.2 October 29,2019dated as of August 16. 2019,by and among LML 2018Warehouse SPV, LLC, Deutsche Bank Trust CompanyAmericas,as Paying Agent, and Deutsche Bank AG, NewYork Branch,as Administrative Agent, and the Lenders and Group Agents from time to time party thereto.Amendment No. 2 to Loan and Security Agreement, 10-K 001-34756 10.69 February 13,2020dated as of December 13, 2019,by and among LML2018 Warehouse SPV, LLC， Deutsche Bank TrustCompany Americas,as Paying Agent,and Deutsche BankAG，New York Branch,as Administrative Agent, and the Lenders and Group Agents from time to time partythereto.",,
10.48t+10.49t10.5010.51,10.48t+10.49t10.5010.51,"dated as of August 16. 2019,by and among LML 2018Warehouse SPV, LLC, Deutsche Bank Trust Company","dated as of August 16. 2019,by and among LML 2018Warehouse SPV, LLC, Deutsche Bank Trust Company","Letter of Consent,dated as of June 14,2019,by and 10-Q 001-34756 10.1 July 29,2019among LML 2018 Warehouse SPV, LLC, Deutsche BankAG, New York Branch, as Administrative Agent, and theGroup Agents party thereto,in respect of the Loan andSecurity Agreement, dated as of August 17, 2017 and as amended from time to time,by and among LMLWarehouse SPV, LLC， Tesla Finance LLC,and theLenders, Group Agents and Administrative Agent from time to time party thereto. Amendment No. 1 to Loan and Security Agreement. 10-Q 001-34756 10.2 October 29,2019dated as of August 16. 2019,by and among LML 2018Warehouse SPV, LLC, Deutsche Bank Trust CompanyAmericas,as Paying Agent, and Deutsche Bank AG, NewYork Branch,as Administrative Agent, and the Lenders and Group Agents from time to time party thereto.Amendment No. 2 to Loan and Security Agreement, 10-K 001-34756 10.69 February 13,2020dated as of December 13, 2019,by and among LML2018 Warehouse SPV, LLC， Deutsche Bank TrustCompany Americas,as Paying Agent,and Deutsche BankAG，New York Branch,as Administrative Agent, and the Lenders and Group Agents from time to time partythereto.","Letter of Consent,dated as of June 14,2019,by and 10-Q 001-34756 10.1 July 29,2019among LML 2018 Warehouse SPV, LLC, Deutsche BankAG, New York Branch, as Administrative Agent, and theGroup Agents party thereto,in respect of the Loan andSecurity Agreement, dated as of August 17, 2017 and as amended from time to time,by and among LMLWarehouse SPV, LLC， Tesla Finance LLC,and theLenders, Group Agents and Administrative Agent from time to time party thereto. Amendment No. 1 to Loan and Security Agreement. 10-Q 001-34756 10.2 October 29,2019dated as of August 16. 2019,by and among LML 2018Warehouse SPV, LLC, Deutsche Bank Trust CompanyAmericas,as Paying Agent, and Deutsche Bank AG, NewYork Branch,as Administrative Agent, and the Lenders and Group Agents from time to time party thereto.Amendment No. 2 to Loan and Security Agreement, 10-K 001-34756 10.69 February 13,2020dated as of December 13, 2019,by and among LML2018 Warehouse SPV, LLC， Deutsche Bank TrustCompany Americas,as Paying Agent,and Deutsche BankAG，New York Branch,as Administrative Agent, and the Lenders and Group Agents from time to time partythereto.","Letter of Consent,dated as of June 14,2019,by and 10-Q 001-34756 10.1 July 29,2019among LML 2018 Warehouse SPV, LLC, Deutsche BankAG, New York Branch, as Administrative Agent, and theGroup Agents party thereto,in respect of the Loan andSecurity Agreement, dated as of August 17, 2017 and as amended from time to time,by and among LMLWarehouse SPV, LLC， Tesla Finance LLC,and theLenders, Group Agents and Administrative Agent from time to time party thereto. Amendment No. 1 to Loan and Security Agreement. 10-Q 001-34756 10.2 October 29,2019dated as of August 16. 2019,by and among LML 2018Warehouse SPV, LLC, Deutsche Bank Trust CompanyAmericas,as Paying Agent, and Deutsche Bank AG, NewYork Branch,as Administrative Agent, and the Lenders and Group Agents from time to time party thereto.Amendment No. 2 to Loan and Security Agreement, 10-K 001-34756 10.69 February 13,2020dated as of December 13, 2019,by and among LML2018 Warehouse SPV, LLC， Deutsche Bank TrustCompany Americas,as Paying Agent,and Deutsche BankAG，New York Branch,as Administrative Agent, and the Lenders and Group Agents from time to time partythereto.",,
10.48t+10.49t10.5010.51,10.48t+10.49t10.5010.51,"Americas,as Paying Agent, and Deutsche Bank AG, New","Americas,as Paying Agent, and Deutsche Bank AG, New","Letter of Consent,dated as of June 14,2019,by and 10-Q 001-34756 10.1 July 29,2019among LML 2018 Warehouse SPV, LLC, Deutsche BankAG, New York Branch, as Administrative Agent, and theGroup Agents party thereto,in respect of the Loan andSecurity Agreement, dated as of August 17, 2017 and as amended from time to time,by and among LMLWarehouse SPV, LLC， Tesla Finance LLC,and theLenders, Group Agents and Administrative Agent from time to time party thereto. Amendment No. 1 to Loan and Security Agreement. 10-Q 001-34756 10.2 October 29,2019dated as of August 16. 2019,by and among LML 2018Warehouse SPV, LLC, Deutsche Bank Trust CompanyAmericas,as Paying Agent, and Deutsche Bank AG, NewYork Branch,as Administrative Agent, and the Lenders and Group Agents from time to time party thereto.Amendment No. 2 to Loan and Security Agreement, 10-K 001-34756 10.69 February 13,2020dated as of December 13, 2019,by and among LML2018 Warehouse SPV, LLC， Deutsche Bank TrustCompany Americas,as Paying Agent,and Deutsche BankAG，New York Branch,as Administrative Agent, and the Lenders and Group Agents from time to time partythereto.","Letter of Consent,dated as of June 14,2019,by and 10-Q 001-34756 10.1 July 29,2019among LML 2018 Warehouse SPV, LLC, Deutsche BankAG, New York Branch, as Administrative Agent, and theGroup Agents party thereto,in respect of the Loan andSecurity Agreement, dated as of August 17, 2017 and as amended from time to time,by and among LMLWarehouse SPV, LLC， Tesla Finance LLC,and theLenders, Group Agents and Administrative Agent from time to time party thereto. Amendment No. 1 to Loan and Security Agreement. 10-Q 001-34756 10.2 October 29,2019dated as of August 16. 2019,by and among LML 2018Warehouse SPV, LLC, Deutsche Bank Trust CompanyAmericas,as Paying Agent, and Deutsche Bank AG, NewYork Branch,as Administrative Agent, and the Lenders and Group Agents from time to time party thereto.Amendment No. 2 to Loan and Security Agreement, 10-K 001-34756 10.69 February 13,2020dated as of December 13, 2019,by and among LML2018 Warehouse SPV, LLC， Deutsche Bank TrustCompany Americas,as Paying Agent,and Deutsche BankAG，New York Branch,as Administrative Agent, and the Lenders and Group Agents from time to time partythereto.","Letter of Consent,dated as of June 14,2019,by and 10-Q 001-34756 10.1 July 29,2019among LML 2018 Warehouse SPV, LLC, Deutsche BankAG, New York Branch, as Administrative Agent, and theGroup Agents party thereto,in respect of the Loan andSecurity Agreement, dated as of August 17, 2017 and as amended from time to time,by and among LMLWarehouse SPV, LLC， Tesla Finance LLC,and theLenders, Group Agents and Administrative Agent from time to time party thereto. Amendment No. 1 to Loan and Security Agreement. 10-Q 001-34756 10.2 October 29,2019dated as of August 16. 2019,by and among LML 2018Warehouse SPV, LLC, Deutsche Bank Trust CompanyAmericas,as Paying Agent, and Deutsche Bank AG, NewYork Branch,as Administrative Agent, and the Lenders and Group Agents from time to time party thereto.Amendment No. 2 to Loan and Security Agreement, 10-K 001-34756 10.69 February 13,2020dated as of December 13, 2019,by and among LML2018 Warehouse SPV, LLC， Deutsche Bank TrustCompany Americas,as Paying Agent,and Deutsche BankAG，New York Branch,as Administrative Agent, and the Lenders and Group Agents from time to time partythereto.",,
10.48t+10.49t10.5010.51,10.48t+10.49t10.5010.51,"York Branch,as Administrative Agent, and the Lenders","York Branch,as Administrative Agent, and the Lenders","Letter of Consent,dated as of June 14,2019,by and 10-Q 001-34756 10.1 July 29,2019among LML 2018 Warehouse SPV, LLC, Deutsche BankAG, New York Branch, as Administrative Agent, and theGroup Agents party thereto,in respect of the Loan andSecurity Agreement, dated as of August 17, 2017 and as amended from time to time,by and among LMLWarehouse SPV, LLC， Tesla Finance LLC,and theLenders, Group Agents and Administrative Agent from time to time party thereto. Amendment No. 1 to Loan and Security Agreement. 10-Q 001-34756 10.2 October 29,2019dated as of August 16. 2019,by and among LML 2018Warehouse SPV, LLC, Deutsche Bank Trust CompanyAmericas,as Paying Agent, and Deutsche Bank AG, NewYork Branch,as Administrative Agent, and the Lenders and Group Agents from time to time party thereto.Amendment No. 2 to Loan and Security Agreement, 10-K 001-34756 10.69 February 13,2020dated as of December 13, 2019,by and among LML2018 Warehouse SPV, LLC， Deutsche Bank TrustCompany Americas,as Paying Agent,and Deutsche BankAG，New York Branch,as Administrative Agent, and the Lenders and Group Agents from time to time partythereto.","Letter of Consent,dated as of June 14,2019,by and 10-Q 001-34756 10.1 July 29,2019among LML 2018 Warehouse SPV, LLC, Deutsche BankAG, New York Branch, as Administrative Agent, and theGroup Agents party thereto,in respect of the Loan andSecurity Agreement, dated as of August 17, 2017 and as amended from time to time,by and among LMLWarehouse SPV, LLC， Tesla Finance LLC,and theLenders, Group Agents and Administrative Agent from time to time party thereto. Amendment No. 1 to Loan and Security Agreement. 10-Q 001-34756 10.2 October 29,2019dated as of August 16. 2019,by and among LML 2018Warehouse SPV, LLC, Deutsche Bank Trust CompanyAmericas,as Paying Agent, and Deutsche Bank AG, NewYork Branch,as Administrative Agent, and the Lenders and Group Agents from time to time party thereto.Amendment No. 2 to Loan and Security Agreement, 10-K 001-34756 10.69 February 13,2020dated as of December 13, 2019,by and among LML2018 Warehouse SPV, LLC， Deutsche Bank TrustCompany Americas,as Paying Agent,and Deutsche BankAG，New York Branch,as Administrative Agent, and the Lenders and Group Agents from time to time partythereto.","Letter of Consent,dated as of June 14,2019,by and 10-Q 001-34756 10.1 July 29,2019among LML 2018 Warehouse SPV, LLC, Deutsche BankAG, New York Branch, as Administrative Agent, and theGroup Agents party thereto,in respect of the Loan andSecurity Agreement, dated as of August 17, 2017 and as amended from time to time,by and among LMLWarehouse SPV, LLC， Tesla Finance LLC,and theLenders, Group Agents and Administrative Agent from time to time party thereto. Amendment No. 1 to Loan and Security Agreement. 10-Q 001-34756 10.2 October 29,2019dated as of August 16. 2019,by and among LML 2018Warehouse SPV, LLC, Deutsche Bank Trust CompanyAmericas,as Paying Agent, and Deutsche Bank AG, NewYork Branch,as Administrative Agent, and the Lenders and Group Agents from time to time party thereto.Amendment No. 2 to Loan and Security Agreement, 10-K 001-34756 10.69 February 13,2020dated as of December 13, 2019,by and among LML2018 Warehouse SPV, LLC， Deutsche Bank TrustCompany Americas,as Paying Agent,and Deutsche BankAG，New York Branch,as Administrative Agent, and the Lenders and Group Agents from time to time partythereto.",,
10.48t+10.49t10.5010.51,10.48t+10.49t10.5010.51,and Group Agents from time to time party thereto.,and Group Agents from time to time party thereto.,"Letter of Consent,dated as of June 14,2019,by and 10-Q 001-34756 10.1 July 29,2019among LML 2018 Warehouse SPV, LLC, Deutsche BankAG, New York Branch, as Administrative Agent, and theGroup Agents party thereto,in respect of the Loan andSecurity Agreement, dated as of August 17, 2017 and as amended from time to time,by and among LMLWarehouse SPV, LLC， Tesla Finance LLC,and theLenders, Group Agents and Administrative Agent from time to time party thereto. Amendment No. 1 to Loan and Security Agreement. 10-Q 001-34756 10.2 October 29,2019dated as of August 16. 2019,by and among LML 2018Warehouse SPV, LLC, Deutsche Bank Trust CompanyAmericas,as Paying Agent, and Deutsche Bank AG, NewYork Branch,as Administrative Agent, and the Lenders and Group Agents from time to time party thereto.Amendment No. 2 to Loan and Security Agreement, 10-K 001-34756 10.69 February 13,2020dated as of December 13, 2019,by and among LML2018 Warehouse SPV, LLC， Deutsche Bank TrustCompany Americas,as Paying Agent,and Deutsche BankAG，New York Branch,as Administrative Agent, and the Lenders and Group Agents from time to time partythereto.","Letter of Consent,dated as of June 14,2019,by and 10-Q 001-34756 10.1 July 29,2019among LML 2018 Warehouse SPV, LLC, Deutsche BankAG, New York Branch, as Administrative Agent, and theGroup Agents party thereto,in respect of the Loan andSecurity Agreement, dated as of August 17, 2017 and as amended from time to time,by and among LMLWarehouse SPV, LLC， Tesla Finance LLC,and theLenders, Group Agents and Administrative Agent from time to time party thereto. Amendment No. 1 to Loan and Security Agreement. 10-Q 001-34756 10.2 October 29,2019dated as of August 16. 2019,by and among LML 2018Warehouse SPV, LLC, Deutsche Bank Trust CompanyAmericas,as Paying Agent, and Deutsche Bank AG, NewYork Branch,as Administrative Agent, and the Lenders and Group Agents from time to time party thereto.Amendment No. 2 to Loan and Security Agreement, 10-K 001-34756 10.69 February 13,2020dated as of December 13, 2019,by and among LML2018 Warehouse SPV, LLC， Deutsche Bank TrustCompany Americas,as Paying Agent,and Deutsche BankAG，New York Branch,as Administrative Agent, and the Lenders and Group Agents from time to time partythereto.","Letter of Consent,dated as of June 14,2019,by and 10-Q 001-34756 10.1 July 29,2019among LML 2018 Warehouse SPV, LLC, Deutsche BankAG, New York Branch, as Administrative Agent, and theGroup Agents party thereto,in respect of the Loan andSecurity Agreement, dated as of August 17, 2017 and as amended from time to time,by and among LMLWarehouse SPV, LLC， Tesla Finance LLC,and theLenders, Group Agents and Administrative Agent from time to time party thereto. Amendment No. 1 to Loan and Security Agreement. 10-Q 001-34756 10.2 October 29,2019dated as of August 16. 2019,by and among LML 2018Warehouse SPV, LLC, Deutsche Bank Trust CompanyAmericas,as Paying Agent, and Deutsche Bank AG, NewYork Branch,as Administrative Agent, and the Lenders and Group Agents from time to time party thereto.Amendment No. 2 to Loan and Security Agreement, 10-K 001-34756 10.69 February 13,2020dated as of December 13, 2019,by and among LML2018 Warehouse SPV, LLC， Deutsche Bank TrustCompany Americas,as Paying Agent,and Deutsche BankAG，New York Branch,as Administrative Agent, and the Lenders and Group Agents from time to time partythereto.",,
10.48t+10.49t10.5010.51,10.48t+10.49t10.5010.51,"Amendment No. 2 to Loan and Security Agreement,","Amendment No. 2 to Loan and Security Agreement,","Letter of Consent,dated as of June 14,2019,by and 10-Q 001-34756 10.1 July 29,2019among LML 2018 Warehouse SPV, LLC, Deutsche BankAG, New York Branch, as Administrative Agent, and theGroup Agents party thereto,in respect of the Loan andSecurity Agreement, dated as of August 17, 2017 and as amended from time to time,by and among LMLWarehouse SPV, LLC， Tesla Finance LLC,and theLenders, Group Agents and Administrative Agent from time to time party thereto. Amendment No. 1 to Loan and Security Agreement. 10-Q 001-34756 10.2 October 29,2019dated as of August 16. 2019,by and among LML 2018Warehouse SPV, LLC, Deutsche Bank Trust CompanyAmericas,as Paying Agent, and Deutsche Bank AG, NewYork Branch,as Administrative Agent, and the Lenders and Group Agents from time to time party thereto.Amendment No. 2 to Loan and Security Agreement, 10-K 001-34756 10.69 February 13,2020dated as of December 13, 2019,by and among LML2018 Warehouse SPV, LLC， Deutsche Bank TrustCompany Americas,as Paying Agent,and Deutsche BankAG，New York Branch,as Administrative Agent, and the Lenders and Group Agents from time to time partythereto.","Letter of Consent,dated as of June 14,2019,by and 10-Q 001-34756 10.1 July 29,2019among LML 2018 Warehouse SPV, LLC, Deutsche BankAG, New York Branch, as Administrative Agent, and theGroup Agents party thereto,in respect of the Loan andSecurity Agreement, dated as of August 17, 2017 and as amended from time to time,by and among LMLWarehouse SPV, LLC， Tesla Finance LLC,and theLenders, Group Agents and Administrative Agent from time to time party thereto. Amendment No. 1 to Loan and Security Agreement. 10-Q 001-34756 10.2 October 29,2019dated as of August 16. 2019,by and among LML 2018Warehouse SPV, LLC, Deutsche Bank Trust CompanyAmericas,as Paying Agent, and Deutsche Bank AG, NewYork Branch,as Administrative Agent, and the Lenders and Group Agents from time to time party thereto.Amendment No. 2 to Loan and Security Agreement, 10-K 001-34756 10.69 February 13,2020dated as of December 13, 2019,by and among LML2018 Warehouse SPV, LLC， Deutsche Bank TrustCompany Americas,as Paying Agent,and Deutsche BankAG，New York Branch,as Administrative Agent, and the Lenders and Group Agents from time to time partythereto.","Letter of Consent,dated as of June 14,2019,by and 10-Q 001-34756 10.1 July 29,2019among LML 2018 Warehouse SPV, LLC, Deutsche BankAG, New York Branch, as Administrative Agent, and theGroup Agents party thereto,in respect of the Loan andSecurity Agreement, dated as of August 17, 2017 and as amended from time to time,by and among LMLWarehouse SPV, LLC， Tesla Finance LLC,and theLenders, Group Agents and Administrative Agent from time to time party thereto. Amendment No. 1 to Loan and Security Agreement. 10-Q 001-34756 10.2 October 29,2019dated as of August 16. 2019,by and among LML 2018Warehouse SPV, LLC, Deutsche Bank Trust CompanyAmericas,as Paying Agent, and Deutsche Bank AG, NewYork Branch,as Administrative Agent, and the Lenders and Group Agents from time to time party thereto.Amendment No. 2 to Loan and Security Agreement, 10-K 001-34756 10.69 February 13,2020dated as of December 13, 2019,by and among LML2018 Warehouse SPV, LLC， Deutsche Bank TrustCompany Americas,as Paying Agent,and Deutsche BankAG，New York Branch,as Administrative Agent, and the Lenders and Group Agents from time to time partythereto.",,
10.48t+10.49t10.5010.51,10.48t+10.49t10.5010.51,"dated as of December 13, 2019,by and among LML","dated as of December 13, 2019,by and among LML","Letter of Consent,dated as of June 14,2019,by and 10-Q 001-34756 10.1 July 29,2019among LML 2018 Warehouse SPV, LLC, Deutsche BankAG, New York Branch, as Administrative Agent, and theGroup Agents party thereto,in respect of the Loan andSecurity Agreement, dated as of August 17, 2017 and as amended from time to time,by and among LMLWarehouse SPV, LLC， Tesla Finance LLC,and theLenders, Group Agents and Administrative Agent from time to time party thereto. Amendment No. 1 to Loan and Security Agreement. 10-Q 001-34756 10.2 October 29,2019dated as of August 16. 2019,by and among LML 2018Warehouse SPV, LLC, Deutsche Bank Trust CompanyAmericas,as Paying Agent, and Deutsche Bank AG, NewYork Branch,as Administrative Agent, and the Lenders and Group Agents from time to time party thereto.Amendment No. 2 to Loan and Security Agreement, 10-K 001-34756 10.69 February 13,2020dated as of December 13, 2019,by and among LML2018 Warehouse SPV, LLC， Deutsche Bank TrustCompany Americas,as Paying Agent,and Deutsche BankAG，New York Branch,as Administrative Agent, and the Lenders and Group Agents from time to time partythereto.","Letter of Consent,dated as of June 14,2019,by and 10-Q 001-34756 10.1 July 29,2019among LML 2018 Warehouse SPV, LLC, Deutsche BankAG, New York Branch, as Administrative Agent, and theGroup Agents party thereto,in respect of the Loan andSecurity Agreement, dated as of August 17, 2017 and as amended from time to time,by and among LMLWarehouse SPV, LLC， Tesla Finance LLC,and theLenders, Group Agents and Administrative Agent from time to time party thereto. Amendment No. 1 to Loan and Security Agreement. 10-Q 001-34756 10.2 October 29,2019dated as of August 16. 2019,by and among LML 2018Warehouse SPV, LLC, Deutsche Bank Trust CompanyAmericas,as Paying Agent, and Deutsche Bank AG, NewYork Branch,as Administrative Agent, and the Lenders and Group Agents from time to time party thereto.Amendment No. 2 to Loan and Security Agreement, 10-K 001-34756 10.69 February 13,2020dated as of December 13, 2019,by and among LML2018 Warehouse SPV, LLC， Deutsche Bank TrustCompany Americas,as Paying Agent,and Deutsche BankAG，New York Branch,as Administrative Agent, and the Lenders and Group Agents from time to time partythereto.","Letter of Consent,dated as of June 14,2019,by and 10-Q 001-34756 10.1 July 29,2019among LML 2018 Warehouse SPV, LLC, Deutsche BankAG, New York Branch, as Administrative Agent, and theGroup Agents party thereto,in respect of the Loan andSecurity Agreement, dated as of August 17, 2017 and as amended from time to time,by and among LMLWarehouse SPV, LLC， Tesla Finance LLC,and theLenders, Group Agents and Administrative Agent from time to time party thereto. Amendment No. 1 to Loan and Security Agreement. 10-Q 001-34756 10.2 October 29,2019dated as of August 16. 2019,by and among LML 2018Warehouse SPV, LLC, Deutsche Bank Trust CompanyAmericas,as Paying Agent, and Deutsche Bank AG, NewYork Branch,as Administrative Agent, and the Lenders and Group Agents from time to time party thereto.Amendment No. 2 to Loan and Security Agreement, 10-K 001-34756 10.69 February 13,2020dated as of December 13, 2019,by and among LML2018 Warehouse SPV, LLC， Deutsche Bank TrustCompany Americas,as Paying Agent,and Deutsche BankAG，New York Branch,as Administrative Agent, and the Lenders and Group Agents from time to time partythereto.",,
10.48t+10.49t10.5010.51,10.48t+10.49t10.5010.51,"2018 Warehouse SPV, LLC， Deutsche Bank Trust","2018 Warehouse SPV, LLC， Deutsche Bank Trust","Letter of Consent,dated as of June 14,2019,by and 10-Q 001-34756 10.1 July 29,2019among LML 2018 Warehouse SPV, LLC, Deutsche BankAG, New York Branch, as Administrative Agent, and theGroup Agents party thereto,in respect of the Loan andSecurity Agreement, dated as of August 17, 2017 and as amended from time to time,by and among LMLWarehouse SPV, LLC， Tesla Finance LLC,and theLenders, Group Agents and Administrative Agent from time to time party thereto. Amendment No. 1 to Loan and Security Agreement. 10-Q 001-34756 10.2 October 29,2019dated as of August 16. 2019,by and among LML 2018Warehouse SPV, LLC, Deutsche Bank Trust CompanyAmericas,as Paying Agent, and Deutsche Bank AG, NewYork Branch,as Administrative Agent, and the Lenders and Group Agents from time to time party thereto.Amendment No. 2 to Loan and Security Agreement, 10-K 001-34756 10.69 February 13,2020dated as of December 13, 2019,by and among LML2018 Warehouse SPV, LLC， Deutsche Bank TrustCompany Americas,as Paying Agent,and Deutsche BankAG，New York Branch,as Administrative Agent, and the Lenders and Group Agents from time to time partythereto.","Letter of Consent,dated as of June 14,2019,by and 10-Q 001-34756 10.1 July 29,2019among LML 2018 Warehouse SPV, LLC, Deutsche BankAG, New York Branch, as Administrative Agent, and theGroup Agents party thereto,in respect of the Loan andSecurity Agreement, dated as of August 17, 2017 and as amended from time to time,by and among LMLWarehouse SPV, LLC， Tesla Finance LLC,and theLenders, Group Agents and Administrative Agent from time to time party thereto. Amendment No. 1 to Loan and Security Agreement. 10-Q 001-34756 10.2 October 29,2019dated as of August 16. 2019,by and among LML 2018Warehouse SPV, LLC, Deutsche Bank Trust CompanyAmericas,as Paying Agent, and Deutsche Bank AG, NewYork Branch,as Administrative Agent, and the Lenders and Group Agents from time to time party thereto.Amendment No. 2 to Loan and Security Agreement, 10-K 001-34756 10.69 February 13,2020dated as of December 13, 2019,by and among LML2018 Warehouse SPV, LLC， Deutsche Bank TrustCompany Americas,as Paying Agent,and Deutsche BankAG，New York Branch,as Administrative Agent, and the Lenders and Group Agents from time to time partythereto.","Letter of Consent,dated as of June 14,2019,by and 10-Q 001-34756 10.1 July 29,2019among LML 2018 Warehouse SPV, LLC, Deutsche BankAG, New York Branch, as Administrative Agent, and theGroup Agents party thereto,in respect of the Loan andSecurity Agreement, dated as of August 17, 2017 and as amended from time to time,by and among LMLWarehouse SPV, LLC， Tesla Finance LLC,and theLenders, Group Agents and Administrative Agent from time to time party thereto. Amendment No. 1 to Loan and Security Agreement. 10-Q 001-34756 10.2 October 29,2019dated as of August 16. 2019,by and among LML 2018Warehouse SPV, LLC, Deutsche Bank Trust CompanyAmericas,as Paying Agent, and Deutsche Bank AG, NewYork Branch,as Administrative Agent, and the Lenders and Group Agents from time to time party thereto.Amendment No. 2 to Loan and Security Agreement, 10-K 001-34756 10.69 February 13,2020dated as of December 13, 2019,by and among LML2018 Warehouse SPV, LLC， Deutsche Bank TrustCompany Americas,as Paying Agent,and Deutsche BankAG，New York Branch,as Administrative Agent, and the Lenders and Group Agents from time to time partythereto.",,
10.48t+10.49t10.5010.51,10.48t+10.49t10.5010.51,"Company Americas,as Paying Agent,and Deutsche Bank","Company Americas,as Paying Agent,and Deutsche Bank","Letter of Consent,dated as of June 14,2019,by and 10-Q 001-34756 10.1 July 29,2019among LML 2018 Warehouse SPV, LLC, Deutsche BankAG, New York Branch, as Administrative Agent, and theGroup Agents party thereto,in respect of the Loan andSecurity Agreement, dated as of August 17, 2017 and as amended from time to time,by and among LMLWarehouse SPV, LLC， Tesla Finance LLC,and theLenders, Group Agents and Administrative Agent from time to time party thereto. Amendment No. 1 to Loan and Security Agreement. 10-Q 001-34756 10.2 October 29,2019dated as of August 16. 2019,by and among LML 2018Warehouse SPV, LLC, Deutsche Bank Trust CompanyAmericas,as Paying Agent, and Deutsche Bank AG, NewYork Branch,as Administrative Agent, and the Lenders and Group Agents from time to time party thereto.Amendment No. 2 to Loan and Security Agreement, 10-K 001-34756 10.69 February 13,2020dated as of December 13, 2019,by and among LML2018 Warehouse SPV, LLC， Deutsche Bank TrustCompany Americas,as Paying Agent,and Deutsche BankAG，New York Branch,as Administrative Agent, and the Lenders and Group Agents from time to time partythereto.","Letter of Consent,dated as of June 14,2019,by and 10-Q 001-34756 10.1 July 29,2019among LML 2018 Warehouse SPV, LLC, Deutsche BankAG, New York Branch, as Administrative Agent, and theGroup Agents party thereto,in respect of the Loan andSecurity Agreement, dated as of August 17, 2017 and as amended from time to time,by and among LMLWarehouse SPV, LLC， Tesla Finance LLC,and theLenders, Group Agents and Administrative Agent from time to time party thereto. Amendment No. 1 to Loan and Security Agreement. 10-Q 001-34756 10.2 October 29,2019dated as of August 16. 2019,by and among LML 2018Warehouse SPV, LLC, Deutsche Bank Trust CompanyAmericas,as Paying Agent, and Deutsche Bank AG, NewYork Branch,as Administrative Agent, and the Lenders and Group Agents from time to time party thereto.Amendment No. 2 to Loan and Security Agreement, 10-K 001-34756 10.69 February 13,2020dated as of December 13, 2019,by and among LML2018 Warehouse SPV, LLC， Deutsche Bank TrustCompany Americas,as Paying Agent,and Deutsche BankAG，New York Branch,as Administrative Agent, and the Lenders and Group Agents from time to time partythereto.","Letter of Consent,dated as of June 14,2019,by and 10-Q 001-34756 10.1 July 29,2019among LML 2018 Warehouse SPV, LLC, Deutsche BankAG, New York Branch, as Administrative Agent, and theGroup Agents party thereto,in respect of the Loan andSecurity Agreement, dated as of August 17, 2017 and as amended from time to time,by and among LMLWarehouse SPV, LLC， Tesla Finance LLC,and theLenders, Group Agents and Administrative Agent from time to time party thereto. Amendment No. 1 to Loan and Security Agreement. 10-Q 001-34756 10.2 October 29,2019dated as of August 16. 2019,by and among LML 2018Warehouse SPV, LLC, Deutsche Bank Trust CompanyAmericas,as Paying Agent, and Deutsche Bank AG, NewYork Branch,as Administrative Agent, and the Lenders and Group Agents from time to time party thereto.Amendment No. 2 to Loan and Security Agreement, 10-K 001-34756 10.69 February 13,2020dated as of December 13, 2019,by and among LML2018 Warehouse SPV, LLC， Deutsche Bank TrustCompany Americas,as Paying Agent,and Deutsche BankAG，New York Branch,as Administrative Agent, and the Lenders and Group Agents from time to time partythereto.",,
10.48t+10.49t10.5010.51,10.48t+10.49t10.5010.51,"AG，New York Branch,as Administrative Agent, and the","AG，New York Branch,as Administrative Agent, and the","Letter of Consent,dated as of June 14,2019,by and 10-Q 001-34756 10.1 July 29,2019among LML 2018 Warehouse SPV, LLC, Deutsche BankAG, New York Branch, as Administrative Agent, and theGroup Agents party thereto,in respect of the Loan andSecurity Agreement, dated as of August 17, 2017 and as amended from time to time,by and among LMLWarehouse SPV, LLC， Tesla Finance LLC,and theLenders, Group Agents and Administrative Agent from time to time party thereto. Amendment No. 1 to Loan and Security Agreement. 10-Q 001-34756 10.2 October 29,2019dated as of August 16. 2019,by and among LML 2018Warehouse SPV, LLC, Deutsche Bank Trust CompanyAmericas,as Paying Agent, and Deutsche Bank AG, NewYork Branch,as Administrative Agent, and the Lenders and Group Agents from time to time party thereto.Amendment No. 2 to Loan and Security Agreement, 10-K 001-34756 10.69 February 13,2020dated as of December 13, 2019,by and among LML2018 Warehouse SPV, LLC， Deutsche Bank TrustCompany Americas,as Paying Agent,and Deutsche BankAG，New York Branch,as Administrative Agent, and the Lenders and Group Agents from time to time partythereto.","Letter of Consent,dated as of June 14,2019,by and 10-Q 001-34756 10.1 July 29,2019among LML 2018 Warehouse SPV, LLC, Deutsche BankAG, New York Branch, as Administrative Agent, and theGroup Agents party thereto,in respect of the Loan andSecurity Agreement, dated as of August 17, 2017 and as amended from time to time,by and among LMLWarehouse SPV, LLC， Tesla Finance LLC,and theLenders, Group Agents and Administrative Agent from time to time party thereto. Amendment No. 1 to Loan and Security Agreement. 10-Q 001-34756 10.2 October 29,2019dated as of August 16. 2019,by and among LML 2018Warehouse SPV, LLC, Deutsche Bank Trust CompanyAmericas,as Paying Agent, and Deutsche Bank AG, NewYork Branch,as Administrative Agent, and the Lenders and Group Agents from time to time party thereto.Amendment No. 2 to Loan and Security Agreement, 10-K 001-34756 10.69 February 13,2020dated as of December 13, 2019,by and among LML2018 Warehouse SPV, LLC， Deutsche Bank TrustCompany Americas,as Paying Agent,and Deutsche BankAG，New York Branch,as Administrative Agent, and the Lenders and Group Agents from time to time partythereto.","Letter of Consent,dated as of June 14,2019,by and 10-Q 001-34756 10.1 July 29,2019among LML 2018 Warehouse SPV, LLC, Deutsche BankAG, New York Branch, as Administrative Agent, and theGroup Agents party thereto,in respect of the Loan andSecurity Agreement, dated as of August 17, 2017 and as amended from time to time,by and among LMLWarehouse SPV, LLC， Tesla Finance LLC,and theLenders, Group Agents and Administrative Agent from time to time party thereto. Amendment No. 1 to Loan and Security Agreement. 10-Q 001-34756 10.2 October 29,2019dated as of August 16. 2019,by and among LML 2018Warehouse SPV, LLC, Deutsche Bank Trust CompanyAmericas,as Paying Agent, and Deutsche Bank AG, NewYork Branch,as Administrative Agent, and the Lenders and Group Agents from time to time party thereto.Amendment No. 2 to Loan and Security Agreement, 10-K 001-34756 10.69 February 13,2020dated as of December 13, 2019,by and among LML2018 Warehouse SPV, LLC， Deutsche Bank TrustCompany Americas,as Paying Agent,and Deutsche BankAG，New York Branch,as Administrative Agent, and the Lenders and Group Agents from time to time partythereto.",,
10.48t+10.49t10.5010.51,10.48t+10.49t10.5010.51,Lenders and Group Agents from time to time party,Lenders and Group Agents from time to time party,"Letter of Consent,dated as of June 14,2019,by and 10-Q 001-34756 10.1 July 29,2019among LML 2018 Warehouse SPV, LLC, Deutsche BankAG, New York Branch, as Administrative Agent, and theGroup Agents party thereto,in respect of the Loan andSecurity Agreement, dated as of August 17, 2017 and as amended from time to time,by and among LMLWarehouse SPV, LLC， Tesla Finance LLC,and theLenders, Group Agents and Administrative Agent from time to time party thereto. Amendment No. 1 to Loan and Security Agreement. 10-Q 001-34756 10.2 October 29,2019dated as of August 16. 2019,by and among LML 2018Warehouse SPV, LLC, Deutsche Bank Trust CompanyAmericas,as Paying Agent, and Deutsche Bank AG, NewYork Branch,as Administrative Agent, and the Lenders and Group Agents from time to time party thereto.Amendment No. 2 to Loan and Security Agreement, 10-K 001-34756 10.69 February 13,2020dated as of December 13, 2019,by and among LML2018 Warehouse SPV, LLC， Deutsche Bank TrustCompany Americas,as Paying Agent,and Deutsche BankAG，New York Branch,as Administrative Agent, and the Lenders and Group Agents from time to time partythereto.","Letter of Consent,dated as of June 14,2019,by and 10-Q 001-34756 10.1 July 29,2019among LML 2018 Warehouse SPV, LLC, Deutsche BankAG, New York Branch, as Administrative Agent, and theGroup Agents party thereto,in respect of the Loan andSecurity Agreement, dated as of August 17, 2017 and as amended from time to time,by and among LMLWarehouse SPV, LLC， Tesla Finance LLC,and theLenders, Group Agents and Administrative Agent from time to time party thereto. Amendment No. 1 to Loan and Security Agreement. 10-Q 001-34756 10.2 October 29,2019dated as of August 16. 2019,by and among LML 2018Warehouse SPV, LLC, Deutsche Bank Trust CompanyAmericas,as Paying Agent, and Deutsche Bank AG, NewYork Branch,as Administrative Agent, and the Lenders and Group Agents from time to time party thereto.Amendment No. 2 to Loan and Security Agreement, 10-K 001-34756 10.69 February 13,2020dated as of December 13, 2019,by and among LML2018 Warehouse SPV, LLC， Deutsche Bank TrustCompany Americas,as Paying Agent,and Deutsche BankAG，New York Branch,as Administrative Agent, and the Lenders and Group Agents from time to time partythereto.","Letter of Consent,dated as of June 14,2019,by and 10-Q 001-34756 10.1 July 29,2019among LML 2018 Warehouse SPV, LLC, Deutsche BankAG, New York Branch, as Administrative Agent, and theGroup Agents party thereto,in respect of the Loan andSecurity Agreement, dated as of August 17, 2017 and as amended from time to time,by and among LMLWarehouse SPV, LLC， Tesla Finance LLC,and theLenders, Group Agents and Administrative Agent from time to time party thereto. Amendment No. 1 to Loan and Security Agreement. 10-Q 001-34756 10.2 October 29,2019dated as of August 16. 2019,by and among LML 2018Warehouse SPV, LLC, Deutsche Bank Trust CompanyAmericas,as Paying Agent, and Deutsche Bank AG, NewYork Branch,as Administrative Agent, and the Lenders and Group Agents from time to time party thereto.Amendment No. 2 to Loan and Security Agreement, 10-K 001-34756 10.69 February 13,2020dated as of December 13, 2019,by and among LML2018 Warehouse SPV, LLC， Deutsche Bank TrustCompany Americas,as Paying Agent,and Deutsche BankAG，New York Branch,as Administrative Agent, and the Lenders and Group Agents from time to time partythereto.",,
10.48t+10.49t10.5010.51,10.48t+10.49t10.5010.51,thereto.,thereto.,"Letter of Consent,dated as of June 14,2019,by and 10-Q 001-34756 10.1 July 29,2019among LML 2018 Warehouse SPV, LLC, Deutsche BankAG, New York Branch, as Administrative Agent, and theGroup Agents party thereto,in respect of the Loan andSecurity Agreement, dated as of August 17, 2017 and as amended from time to time,by and among LMLWarehouse SPV, LLC， Tesla Finance LLC,and theLenders, Group Agents and Administrative Agent from time to time party thereto. Amendment No. 1 to Loan and Security Agreement. 10-Q 001-34756 10.2 October 29,2019dated as of August 16. 2019,by and among LML 2018Warehouse SPV, LLC, Deutsche Bank Trust CompanyAmericas,as Paying Agent, and Deutsche Bank AG, NewYork Branch,as Administrative Agent, and the Lenders and Group Agents from time to time party thereto.Amendment No. 2 to Loan and Security Agreement, 10-K 001-34756 10.69 February 13,2020dated as of December 13, 2019,by and among LML2018 Warehouse SPV, LLC， Deutsche Bank TrustCompany Americas,as Paying Agent,and Deutsche BankAG，New York Branch,as Administrative Agent, and the Lenders and Group Agents from time to time partythereto.","Letter of Consent,dated as of June 14,2019,by and 10-Q 001-34756 10.1 July 29,2019among LML 2018 Warehouse SPV, LLC, Deutsche BankAG, New York Branch, as Administrative Agent, and theGroup Agents party thereto,in respect of the Loan andSecurity Agreement, dated as of August 17, 2017 and as amended from time to time,by and among LMLWarehouse SPV, LLC， Tesla Finance LLC,and theLenders, Group Agents and Administrative Agent from time to time party thereto. Amendment No. 1 to Loan and Security Agreement. 10-Q 001-34756 10.2 October 29,2019dated as of August 16. 2019,by and among LML 2018Warehouse SPV, LLC, Deutsche Bank Trust CompanyAmericas,as Paying Agent, and Deutsche Bank AG, NewYork Branch,as Administrative Agent, and the Lenders and Group Agents from time to time party thereto.Amendment No. 2 to Loan and Security Agreement, 10-K 001-34756 10.69 February 13,2020dated as of December 13, 2019,by and among LML2018 Warehouse SPV, LLC， Deutsche Bank TrustCompany Americas,as Paying Agent,and Deutsche BankAG，New York Branch,as Administrative Agent, and the Lenders and Group Agents from time to time partythereto.","Letter of Consent,dated as of June 14,2019,by and 10-Q 001-34756 10.1 July 29,2019among LML 2018 Warehouse SPV, LLC, Deutsche BankAG, New York Branch, as Administrative Agent, and theGroup Agents party thereto,in respect of the Loan andSecurity Agreement, dated as of August 17, 2017 and as amended from time to time,by and among LMLWarehouse SPV, LLC， Tesla Finance LLC,and theLenders, Group Agents and Administrative Agent from time to time party thereto. Amendment No. 1 to Loan and Security Agreement. 10-Q 001-34756 10.2 October 29,2019dated as of August 16. 2019,by and among LML 2018Warehouse SPV, LLC, Deutsche Bank Trust CompanyAmericas,as Paying Agent, and Deutsche Bank AG, NewYork Branch,as Administrative Agent, and the Lenders and Group Agents from time to time party thereto.Amendment No. 2 to Loan and Security Agreement, 10-K 001-34756 10.69 February 13,2020dated as of December 13, 2019,by and among LML2018 Warehouse SPV, LLC， Deutsche Bank TrustCompany Americas,as Paying Agent,and Deutsche BankAG，New York Branch,as Administrative Agent, and the Lenders and Group Agents from time to time partythereto.",,
10.48t+10.49t10.5010.51,10.48t+10.49t10.5010.51,"Letter of Consent, dated February 18, 2020,by and 10-Q 001-34756 10.1 April 30,2020among LML 2018 Warehouse SPV, LLC, Tesla 2014Warehouse SPV LLC, LLC and Deutsche Bank AG, New York Branch, as Administrative Agent and as GroupAgent under the 2018 Loan Agreement and the 2014Loan Agreement, and the Group Agents party thereto, inrespect of (i) the Loan and Security Agreement, dated December 27, 2018 and as amended from time to time,among LML 2018 Warehouse SPV, LLC, Tesla FinanceLLC，Deutsche Bank Trust Company Americans, as Paying Agent, Deutsche Bank AG, New York Branch, asAdministrative Agent, the lenders parties and agentparties thereto,and (ii) the Amended and Restated Loan and Security Agreement, dated August 17. 2017 and asamended from time to time,among Tesla 2014Warehouse SPV LLC, Tesla Finance LLC, the lendersand group agents party thereto, Deutsche Bank TrustCompany Americas, as Paying Agent, and Deutsche Bank AG， New York Branch, as Administrative Agent.","Letter of Consent, dated February 18, 2020,by and 10-Q 001-34756 10.1 April 30,2020among LML 2018 Warehouse SPV, LLC, Tesla 2014Warehouse SPV LLC, LLC and Deutsche Bank AG, New York Branch, as Administrative Agent and as GroupAgent under the 2018 Loan Agreement and the 2014Loan Agreement, and the Group Agents party thereto, inrespect of (i) the Loan and Security Agreement, dated December 27, 2018 and as amended from time to time,among LML 2018 Warehouse SPV, LLC, Tesla FinanceLLC，Deutsche Bank Trust Company Americans, as Paying Agent, Deutsche Bank AG, New York Branch, asAdministrative Agent, the lenders parties and agentparties thereto,and (ii) the Amended and Restated Loan and Security Agreement, dated August 17. 2017 and asamended from time to time,among Tesla 2014Warehouse SPV LLC, Tesla Finance LLC, the lendersand group agents party thereto, Deutsche Bank TrustCompany Americas, as Paying Agent, and Deutsche Bank AG， New York Branch, as Administrative Agent.","Letter of Consent, dated February 18, 2020,by and 10-Q 001-34756 10.1 April 30,2020among LML 2018 Warehouse SPV, LLC, Tesla 2014Warehouse SPV LLC, LLC and Deutsche Bank AG, New York Branch, as Administrative Agent and as GroupAgent under the 2018 Loan Agreement and the 2014Loan Agreement, and the Group Agents party thereto, inrespect of (i) the Loan and Security Agreement, dated December 27, 2018 and as amended from time to time,among LML 2018 Warehouse SPV, LLC, Tesla FinanceLLC，Deutsche Bank Trust Company Americans, as Paying Agent, Deutsche Bank AG, New York Branch, asAdministrative Agent, the lenders parties and agentparties thereto,and (ii) the Amended and Restated Loan and Security Agreement, dated August 17. 2017 and asamended from time to time,among Tesla 2014Warehouse SPV LLC, Tesla Finance LLC, the lendersand group agents party thereto, Deutsche Bank TrustCompany Americas, as Paying Agent, and Deutsche Bank AG， New York Branch, as Administrative Agent.",,,,
10.48t+10.49t10.5010.51,10.48t+10.49t10.5010.51,"Letter of Consent, dated February 18, 2020,by and 10-Q 001-34756 10.1 April 30,2020among LML 2018 Warehouse SPV, LLC, Tesla 2014Warehouse SPV LLC, LLC and Deutsche Bank AG, New York Branch, as Administrative Agent and as GroupAgent under the 2018 Loan Agreement and the 2014Loan Agreement, and the Group Agents party thereto, inrespect of (i) the Loan and Security Agreement, dated December 27, 2018 and as amended from time to time,among LML 2018 Warehouse SPV, LLC, Tesla FinanceLLC，Deutsche Bank Trust Company Americans, as Paying Agent, Deutsche Bank AG, New York Branch, asAdministrative Agent, the lenders parties and agentparties thereto,and (ii) the Amended and Restated Loan and Security Agreement, dated August 17. 2017 and asamended from time to time,among Tesla 2014Warehouse SPV LLC, Tesla Finance LLC, the lendersand group agents party thereto, Deutsche Bank TrustCompany Americas, as Paying Agent, and Deutsche Bank AG， New York Branch, as Administrative Agent.","Letter of Consent, dated February 18, 2020,by and 10-Q 001-34756 10.1 April 30,2020among LML 2018 Warehouse SPV, LLC, Tesla 2014Warehouse SPV LLC, LLC and Deutsche Bank AG, New York Branch, as Administrative Agent and as GroupAgent under the 2018 Loan Agreement and the 2014Loan Agreement, and the Group Agents party thereto, inrespect of (i) the Loan and Security Agreement, dated December 27, 2018 and as amended from time to time,among LML 2018 Warehouse SPV, LLC, Tesla FinanceLLC，Deutsche Bank Trust Company Americans, as Paying Agent, Deutsche Bank AG, New York Branch, asAdministrative Agent, the lenders parties and agentparties thereto,and (ii) the Amended and Restated Loan and Security Agreement, dated August 17. 2017 and asamended from time to time,among Tesla 2014Warehouse SPV LLC, Tesla Finance LLC, the lendersand group agents party thereto, Deutsche Bank TrustCompany Americas, as Paying Agent, and Deutsche Bank AG， New York Branch, as Administrative Agent.","Letter of Consent, dated February 18, 2020,by and 10-Q 001-34756 10.1 April 30,2020among LML 2018 Warehouse SPV, LLC, Tesla 2014Warehouse SPV LLC, LLC and Deutsche Bank AG, New York Branch, as Administrative Agent and as GroupAgent under the 2018 Loan Agreement and the 2014Loan Agreement, and the Group Agents party thereto, inrespect of (i) the Loan and Security Agreement, dated December 27, 2018 and as amended from time to time,among LML 2018 Warehouse SPV, LLC, Tesla FinanceLLC，Deutsche Bank Trust Company Americans, as Paying Agent, Deutsche Bank AG, New York Branch, asAdministrative Agent, the lenders parties and agentparties thereto,and (ii) the Amended and Restated Loan and Security Agreement, dated August 17. 2017 and asamended from time to time,among Tesla 2014Warehouse SPV LLC, Tesla Finance LLC, the lendersand group agents party thereto, Deutsche Bank TrustCompany Americas, as Paying Agent, and Deutsche Bank AG， New York Branch, as Administrative Agent.","among LML 2018 Warehouse SPV, LLC, Tesla 2014","among LML 2018 Warehouse SPV, LLC, Tesla 2014",,
10.48t+10.49t10.5010.51,10.48t+10.49t10.5010.51,"Letter of Consent, dated February 18, 2020,by and 10-Q 001-34756 10.1 April 30,2020among LML 2018 Warehouse SPV, LLC, Tesla 2014Warehouse SPV LLC, LLC and Deutsche Bank AG, New York Branch, as Administrative Agent and as GroupAgent under the 2018 Loan Agreement and the 2014Loan Agreement, and the Group Agents party thereto, inrespect of (i) the Loan and Security Agreement, dated December 27, 2018 and as amended from time to time,among LML 2018 Warehouse SPV, LLC, Tesla FinanceLLC，Deutsche Bank Trust Company Americans, as Paying Agent, Deutsche Bank AG, New York Branch, asAdministrative Agent, the lenders parties and agentparties thereto,and (ii) the Amended and Restated Loan and Security Agreement, dated August 17. 2017 and asamended from time to time,among Tesla 2014Warehouse SPV LLC, Tesla Finance LLC, the lendersand group agents party thereto, Deutsche Bank TrustCompany Americas, as Paying Agent, and Deutsche Bank AG， New York Branch, as Administrative Agent.","Letter of Consent, dated February 18, 2020,by and 10-Q 001-34756 10.1 April 30,2020among LML 2018 Warehouse SPV, LLC, Tesla 2014Warehouse SPV LLC, LLC and Deutsche Bank AG, New York Branch, as Administrative Agent and as GroupAgent under the 2018 Loan Agreement and the 2014Loan Agreement, and the Group Agents party thereto, inrespect of (i) the Loan and Security Agreement, dated December 27, 2018 and as amended from time to time,among LML 2018 Warehouse SPV, LLC, Tesla FinanceLLC，Deutsche Bank Trust Company Americans, as Paying Agent, Deutsche Bank AG, New York Branch, asAdministrative Agent, the lenders parties and agentparties thereto,and (ii) the Amended and Restated Loan and Security Agreement, dated August 17. 2017 and asamended from time to time,among Tesla 2014Warehouse SPV LLC, Tesla Finance LLC, the lendersand group agents party thereto, Deutsche Bank TrustCompany Americas, as Paying Agent, and Deutsche Bank AG， New York Branch, as Administrative Agent.","Letter of Consent, dated February 18, 2020,by and 10-Q 001-34756 10.1 April 30,2020among LML 2018 Warehouse SPV, LLC, Tesla 2014Warehouse SPV LLC, LLC and Deutsche Bank AG, New York Branch, as Administrative Agent and as GroupAgent under the 2018 Loan Agreement and the 2014Loan Agreement, and the Group Agents party thereto, inrespect of (i) the Loan and Security Agreement, dated December 27, 2018 and as amended from time to time,among LML 2018 Warehouse SPV, LLC, Tesla FinanceLLC，Deutsche Bank Trust Company Americans, as Paying Agent, Deutsche Bank AG, New York Branch, asAdministrative Agent, the lenders parties and agentparties thereto,and (ii) the Amended and Restated Loan and Security Agreement, dated August 17. 2017 and asamended from time to time,among Tesla 2014Warehouse SPV LLC, Tesla Finance LLC, the lendersand group agents party thereto, Deutsche Bank TrustCompany Americas, as Paying Agent, and Deutsche Bank AG， New York Branch, as Administrative Agent.","Warehouse SPV LLC, LLC and Deutsche Bank AG, New","Warehouse SPV LLC, LLC and Deutsche Bank AG, New",,
10.48t+10.49t10.5010.51,10.48t+10.49t10.5010.51,"Letter of Consent, dated February 18, 2020,by and 10-Q 001-34756 10.1 April 30,2020among LML 2018 Warehouse SPV, LLC, Tesla 2014Warehouse SPV LLC, LLC and Deutsche Bank AG, New York Branch, as Administrative Agent and as GroupAgent under the 2018 Loan Agreement and the 2014Loan Agreement, and the Group Agents party thereto, inrespect of (i) the Loan and Security Agreement, dated December 27, 2018 and as amended from time to time,among LML 2018 Warehouse SPV, LLC, Tesla FinanceLLC，Deutsche Bank Trust Company Americans, as Paying Agent, Deutsche Bank AG, New York Branch, asAdministrative Agent, the lenders parties and agentparties thereto,and (ii) the Amended and Restated Loan and Security Agreement, dated August 17. 2017 and asamended from time to time,among Tesla 2014Warehouse SPV LLC, Tesla Finance LLC, the lendersand group agents party thereto, Deutsche Bank TrustCompany Americas, as Paying Agent, and Deutsche Bank AG， New York Branch, as Administrative Agent.","Letter of Consent, dated February 18, 2020,by and 10-Q 001-34756 10.1 April 30,2020among LML 2018 Warehouse SPV, LLC, Tesla 2014Warehouse SPV LLC, LLC and Deutsche Bank AG, New York Branch, as Administrative Agent and as GroupAgent under the 2018 Loan Agreement and the 2014Loan Agreement, and the Group Agents party thereto, inrespect of (i) the Loan and Security Agreement, dated December 27, 2018 and as amended from time to time,among LML 2018 Warehouse SPV, LLC, Tesla FinanceLLC，Deutsche Bank Trust Company Americans, as Paying Agent, Deutsche Bank AG, New York Branch, asAdministrative Agent, the lenders parties and agentparties thereto,and (ii) the Amended and Restated Loan and Security Agreement, dated August 17. 2017 and asamended from time to time,among Tesla 2014Warehouse SPV LLC, Tesla Finance LLC, the lendersand group agents party thereto, Deutsche Bank TrustCompany Americas, as Paying Agent, and Deutsche Bank AG， New York Branch, as Administrative Agent.","Letter of Consent, dated February 18, 2020,by and 10-Q 001-34756 10.1 April 30,2020among LML 2018 Warehouse SPV, LLC, Tesla 2014Warehouse SPV LLC, LLC and Deutsche Bank AG, New York Branch, as Administrative Agent and as GroupAgent under the 2018 Loan Agreement and the 2014Loan Agreement, and the Group Agents party thereto, inrespect of (i) the Loan and Security Agreement, dated December 27, 2018 and as amended from time to time,among LML 2018 Warehouse SPV, LLC, Tesla FinanceLLC，Deutsche Bank Trust Company Americans, as Paying Agent, Deutsche Bank AG, New York Branch, asAdministrative Agent, the lenders parties and agentparties thereto,and (ii) the Amended and Restated Loan and Security Agreement, dated August 17. 2017 and asamended from time to time,among Tesla 2014Warehouse SPV LLC, Tesla Finance LLC, the lendersand group agents party thereto, Deutsche Bank TrustCompany Americas, as Paying Agent, and Deutsche Bank AG， New York Branch, as Administrative Agent.","York Branch, as Administrative Agent and as Group","York Branch, as Administrative Agent and as Group",,
10.48t+10.49t10.5010.51,10.48t+10.49t10.5010.51,"Letter of Consent, dated February 18, 2020,by and 10-Q 001-34756 10.1 April 30,2020among LML 2018 Warehouse SPV, LLC, Tesla 2014Warehouse SPV LLC, LLC and Deutsche Bank AG, New York Branch, as Administrative Agent and as GroupAgent under the 2018 Loan Agreement and the 2014Loan Agreement, and the Group Agents party thereto, inrespect of (i) the Loan and Security Agreement, dated December 27, 2018 and as amended from time to time,among LML 2018 Warehouse SPV, LLC, Tesla FinanceLLC，Deutsche Bank Trust Company Americans, as Paying Agent, Deutsche Bank AG, New York Branch, asAdministrative Agent, the lenders parties and agentparties thereto,and (ii) the Amended and Restated Loan and Security Agreement, dated August 17. 2017 and asamended from time to time,among Tesla 2014Warehouse SPV LLC, Tesla Finance LLC, the lendersand group agents party thereto, Deutsche Bank TrustCompany Americas, as Paying Agent, and Deutsche Bank AG， New York Branch, as Administrative Agent.","Letter of Consent, dated February 18, 2020,by and 10-Q 001-34756 10.1 April 30,2020among LML 2018 Warehouse SPV, LLC, Tesla 2014Warehouse SPV LLC, LLC and Deutsche Bank AG, New York Branch, as Administrative Agent and as GroupAgent under the 2018 Loan Agreement and the 2014Loan Agreement, and the Group Agents party thereto, inrespect of (i) the Loan and Security Agreement, dated December 27, 2018 and as amended from time to time,among LML 2018 Warehouse SPV, LLC, Tesla FinanceLLC，Deutsche Bank Trust Company Americans, as Paying Agent, Deutsche Bank AG, New York Branch, asAdministrative Agent, the lenders parties and agentparties thereto,and (ii) the Amended and Restated Loan and Security Agreement, dated August 17. 2017 and asamended from time to time,among Tesla 2014Warehouse SPV LLC, Tesla Finance LLC, the lendersand group agents party thereto, Deutsche Bank TrustCompany Americas, as Paying Agent, and Deutsche Bank AG， New York Branch, as Administrative Agent.","Letter of Consent, dated February 18, 2020,by and 10-Q 001-34756 10.1 April 30,2020among LML 2018 Warehouse SPV, LLC, Tesla 2014Warehouse SPV LLC, LLC and Deutsche Bank AG, New York Branch, as Administrative Agent and as GroupAgent under the 2018 Loan Agreement and the 2014Loan Agreement, and the Group Agents party thereto, inrespect of (i) the Loan and Security Agreement, dated December 27, 2018 and as amended from time to time,among LML 2018 Warehouse SPV, LLC, Tesla FinanceLLC，Deutsche Bank Trust Company Americans, as Paying Agent, Deutsche Bank AG, New York Branch, asAdministrative Agent, the lenders parties and agentparties thereto,and (ii) the Amended and Restated Loan and Security Agreement, dated August 17. 2017 and asamended from time to time,among Tesla 2014Warehouse SPV LLC, Tesla Finance LLC, the lendersand group agents party thereto, Deutsche Bank TrustCompany Americas, as Paying Agent, and Deutsche Bank AG， New York Branch, as Administrative Agent.",Agent under the 2018 Loan Agreement and the 2014,Agent under the 2018 Loan Agreement and the 2014,,
10.48t+10.49t10.5010.51,10.48t+10.49t10.5010.51,"Letter of Consent, dated February 18, 2020,by and 10-Q 001-34756 10.1 April 30,2020among LML 2018 Warehouse SPV, LLC, Tesla 2014Warehouse SPV LLC, LLC and Deutsche Bank AG, New York Branch, as Administrative Agent and as GroupAgent under the 2018 Loan Agreement and the 2014Loan Agreement, and the Group Agents party thereto, inrespect of (i) the Loan and Security Agreement, dated December 27, 2018 and as amended from time to time,among LML 2018 Warehouse SPV, LLC, Tesla FinanceLLC，Deutsche Bank Trust Company Americans, as Paying Agent, Deutsche Bank AG, New York Branch, asAdministrative Agent, the lenders parties and agentparties thereto,and (ii) the Amended and Restated Loan and Security Agreement, dated August 17. 2017 and asamended from time to time,among Tesla 2014Warehouse SPV LLC, Tesla Finance LLC, the lendersand group agents party thereto, Deutsche Bank TrustCompany Americas, as Paying Agent, and Deutsche Bank AG， New York Branch, as Administrative Agent.","Letter of Consent, dated February 18, 2020,by and 10-Q 001-34756 10.1 April 30,2020among LML 2018 Warehouse SPV, LLC, Tesla 2014Warehouse SPV LLC, LLC and Deutsche Bank AG, New York Branch, as Administrative Agent and as GroupAgent under the 2018 Loan Agreement and the 2014Loan Agreement, and the Group Agents party thereto, inrespect of (i) the Loan and Security Agreement, dated December 27, 2018 and as amended from time to time,among LML 2018 Warehouse SPV, LLC, Tesla FinanceLLC，Deutsche Bank Trust Company Americans, as Paying Agent, Deutsche Bank AG, New York Branch, asAdministrative Agent, the lenders parties and agentparties thereto,and (ii) the Amended and Restated Loan and Security Agreement, dated August 17. 2017 and asamended from time to time,among Tesla 2014Warehouse SPV LLC, Tesla Finance LLC, the lendersand group agents party thereto, Deutsche Bank TrustCompany Americas, as Paying Agent, and Deutsche Bank AG， New York Branch, as Administrative Agent.","Letter of Consent, dated February 18, 2020,by and 10-Q 001-34756 10.1 April 30,2020among LML 2018 Warehouse SPV, LLC, Tesla 2014Warehouse SPV LLC, LLC and Deutsche Bank AG, New York Branch, as Administrative Agent and as GroupAgent under the 2018 Loan Agreement and the 2014Loan Agreement, and the Group Agents party thereto, inrespect of (i) the Loan and Security Agreement, dated December 27, 2018 and as amended from time to time,among LML 2018 Warehouse SPV, LLC, Tesla FinanceLLC，Deutsche Bank Trust Company Americans, as Paying Agent, Deutsche Bank AG, New York Branch, asAdministrative Agent, the lenders parties and agentparties thereto,and (ii) the Amended and Restated Loan and Security Agreement, dated August 17. 2017 and asamended from time to time,among Tesla 2014Warehouse SPV LLC, Tesla Finance LLC, the lendersand group agents party thereto, Deutsche Bank TrustCompany Americas, as Paying Agent, and Deutsche Bank AG， New York Branch, as Administrative Agent.","Loan Agreement, and the Group Agents party thereto, in","Loan Agreement, and the Group Agents party thereto, in",,
10.48t+10.49t10.5010.51,10.48t+10.49t10.5010.51,"Letter of Consent, dated February 18, 2020,by and 10-Q 001-34756 10.1 April 30,2020among LML 2018 Warehouse SPV, LLC, Tesla 2014Warehouse SPV LLC, LLC and Deutsche Bank AG, New York Branch, as Administrative Agent and as GroupAgent under the 2018 Loan Agreement and the 2014Loan Agreement, and the Group Agents party thereto, inrespect of (i) the Loan and Security Agreement, dated December 27, 2018 and as amended from time to time,among LML 2018 Warehouse SPV, LLC, Tesla FinanceLLC，Deutsche Bank Trust Company Americans, as Paying Agent, Deutsche Bank AG, New York Branch, asAdministrative Agent, the lenders parties and agentparties thereto,and (ii) the Amended and Restated Loan and Security Agreement, dated August 17. 2017 and asamended from time to time,among Tesla 2014Warehouse SPV LLC, Tesla Finance LLC, the lendersand group agents party thereto, Deutsche Bank TrustCompany Americas, as Paying Agent, and Deutsche Bank AG， New York Branch, as Administrative Agent.","Letter of Consent, dated February 18, 2020,by and 10-Q 001-34756 10.1 April 30,2020among LML 2018 Warehouse SPV, LLC, Tesla 2014Warehouse SPV LLC, LLC and Deutsche Bank AG, New York Branch, as Administrative Agent and as GroupAgent under the 2018 Loan Agreement and the 2014Loan Agreement, and the Group Agents party thereto, inrespect of (i) the Loan and Security Agreement, dated December 27, 2018 and as amended from time to time,among LML 2018 Warehouse SPV, LLC, Tesla FinanceLLC，Deutsche Bank Trust Company Americans, as Paying Agent, Deutsche Bank AG, New York Branch, asAdministrative Agent, the lenders parties and agentparties thereto,and (ii) the Amended and Restated Loan and Security Agreement, dated August 17. 2017 and asamended from time to time,among Tesla 2014Warehouse SPV LLC, Tesla Finance LLC, the lendersand group agents party thereto, Deutsche Bank TrustCompany Americas, as Paying Agent, and Deutsche Bank AG， New York Branch, as Administrative Agent.","Letter of Consent, dated February 18, 2020,by and 10-Q 001-34756 10.1 April 30,2020among LML 2018 Warehouse SPV, LLC, Tesla 2014Warehouse SPV LLC, LLC and Deutsche Bank AG, New York Branch, as Administrative Agent and as GroupAgent under the 2018 Loan Agreement and the 2014Loan Agreement, and the Group Agents party thereto, inrespect of (i) the Loan and Security Agreement, dated December 27, 2018 and as amended from time to time,among LML 2018 Warehouse SPV, LLC, Tesla FinanceLLC，Deutsche Bank Trust Company Americans, as Paying Agent, Deutsche Bank AG, New York Branch, asAdministrative Agent, the lenders parties and agentparties thereto,and (ii) the Amended and Restated Loan and Security Agreement, dated August 17. 2017 and asamended from time to time,among Tesla 2014Warehouse SPV LLC, Tesla Finance LLC, the lendersand group agents party thereto, Deutsche Bank TrustCompany Americas, as Paying Agent, and Deutsche Bank AG， New York Branch, as Administrative Agent.","respect of (i) the Loan and Security Agreement, dated","respect of (i) the Loan and Security Agreement, dated",,
10.48t+10.49t10.5010.51,10.48t+10.49t10.5010.51,"Letter of Consent, dated February 18, 2020,by and 10-Q 001-34756 10.1 April 30,2020among LML 2018 Warehouse SPV, LLC, Tesla 2014Warehouse SPV LLC, LLC and Deutsche Bank AG, New York Branch, as Administrative Agent and as GroupAgent under the 2018 Loan Agreement and the 2014Loan Agreement, and the Group Agents party thereto, inrespect of (i) the Loan and Security Agreement, dated December 27, 2018 and as amended from time to time,among LML 2018 Warehouse SPV, LLC, Tesla FinanceLLC，Deutsche Bank Trust Company Americans, as Paying Agent, Deutsche Bank AG, New York Branch, asAdministrative Agent, the lenders parties and agentparties thereto,and (ii) the Amended and Restated Loan and Security Agreement, dated August 17. 2017 and asamended from time to time,among Tesla 2014Warehouse SPV LLC, Tesla Finance LLC, the lendersand group agents party thereto, Deutsche Bank TrustCompany Americas, as Paying Agent, and Deutsche Bank AG， New York Branch, as Administrative Agent.","Letter of Consent, dated February 18, 2020,by and 10-Q 001-34756 10.1 April 30,2020among LML 2018 Warehouse SPV, LLC, Tesla 2014Warehouse SPV LLC, LLC and Deutsche Bank AG, New York Branch, as Administrative Agent and as GroupAgent under the 2018 Loan Agreement and the 2014Loan Agreement, and the Group Agents party thereto, inrespect of (i) the Loan and Security Agreement, dated December 27, 2018 and as amended from time to time,among LML 2018 Warehouse SPV, LLC, Tesla FinanceLLC，Deutsche Bank Trust Company Americans, as Paying Agent, Deutsche Bank AG, New York Branch, asAdministrative Agent, the lenders parties and agentparties thereto,and (ii) the Amended and Restated Loan and Security Agreement, dated August 17. 2017 and asamended from time to time,among Tesla 2014Warehouse SPV LLC, Tesla Finance LLC, the lendersand group agents party thereto, Deutsche Bank TrustCompany Americas, as Paying Agent, and Deutsche Bank AG， New York Branch, as Administrative Agent.","Letter of Consent, dated February 18, 2020,by and 10-Q 001-34756 10.1 April 30,2020among LML 2018 Warehouse SPV, LLC, Tesla 2014Warehouse SPV LLC, LLC and Deutsche Bank AG, New York Branch, as Administrative Agent and as GroupAgent under the 2018 Loan Agreement and the 2014Loan Agreement, and the Group Agents party thereto, inrespect of (i) the Loan and Security Agreement, dated December 27, 2018 and as amended from time to time,among LML 2018 Warehouse SPV, LLC, Tesla FinanceLLC，Deutsche Bank Trust Company Americans, as Paying Agent, Deutsche Bank AG, New York Branch, asAdministrative Agent, the lenders parties and agentparties thereto,and (ii) the Amended and Restated Loan and Security Agreement, dated August 17. 2017 and asamended from time to time,among Tesla 2014Warehouse SPV LLC, Tesla Finance LLC, the lendersand group agents party thereto, Deutsche Bank TrustCompany Americas, as Paying Agent, and Deutsche Bank AG， New York Branch, as Administrative Agent.","December 27, 2018 and as amended from time to time,","December 27, 2018 and as amended from time to time,",,
10.48t+10.49t10.5010.51,10.48t+10.49t10.5010.51,"Letter of Consent, dated February 18, 2020,by and 10-Q 001-34756 10.1 April 30,2020among LML 2018 Warehouse SPV, LLC, Tesla 2014Warehouse SPV LLC, LLC and Deutsche Bank AG, New York Branch, as Administrative Agent and as GroupAgent under the 2018 Loan Agreement and the 2014Loan Agreement, and the Group Agents party thereto, inrespect of (i) the Loan and Security Agreement, dated December 27, 2018 and as amended from time to time,among LML 2018 Warehouse SPV, LLC, Tesla FinanceLLC，Deutsche Bank Trust Company Americans, as Paying Agent, Deutsche Bank AG, New York Branch, asAdministrative Agent, the lenders parties and agentparties thereto,and (ii) the Amended and Restated Loan and Security Agreement, dated August 17. 2017 and asamended from time to time,among Tesla 2014Warehouse SPV LLC, Tesla Finance LLC, the lendersand group agents party thereto, Deutsche Bank TrustCompany Americas, as Paying Agent, and Deutsche Bank AG， New York Branch, as Administrative Agent.","Letter of Consent, dated February 18, 2020,by and 10-Q 001-34756 10.1 April 30,2020among LML 2018 Warehouse SPV, LLC, Tesla 2014Warehouse SPV LLC, LLC and Deutsche Bank AG, New York Branch, as Administrative Agent and as GroupAgent under the 2018 Loan Agreement and the 2014Loan Agreement, and the Group Agents party thereto, inrespect of (i) the Loan and Security Agreement, dated December 27, 2018 and as amended from time to time,among LML 2018 Warehouse SPV, LLC, Tesla FinanceLLC，Deutsche Bank Trust Company Americans, as Paying Agent, Deutsche Bank AG, New York Branch, asAdministrative Agent, the lenders parties and agentparties thereto,and (ii) the Amended and Restated Loan and Security Agreement, dated August 17. 2017 and asamended from time to time,among Tesla 2014Warehouse SPV LLC, Tesla Finance LLC, the lendersand group agents party thereto, Deutsche Bank TrustCompany Americas, as Paying Agent, and Deutsche Bank AG， New York Branch, as Administrative Agent.","Letter of Consent, dated February 18, 2020,by and 10-Q 001-34756 10.1 April 30,2020among LML 2018 Warehouse SPV, LLC, Tesla 2014Warehouse SPV LLC, LLC and Deutsche Bank AG, New York Branch, as Administrative Agent and as GroupAgent under the 2018 Loan Agreement and the 2014Loan Agreement, and the Group Agents party thereto, inrespect of (i) the Loan and Security Agreement, dated December 27, 2018 and as amended from time to time,among LML 2018 Warehouse SPV, LLC, Tesla FinanceLLC，Deutsche Bank Trust Company Americans, as Paying Agent, Deutsche Bank AG, New York Branch, asAdministrative Agent, the lenders parties and agentparties thereto,and (ii) the Amended and Restated Loan and Security Agreement, dated August 17. 2017 and asamended from time to time,among Tesla 2014Warehouse SPV LLC, Tesla Finance LLC, the lendersand group agents party thereto, Deutsche Bank TrustCompany Americas, as Paying Agent, and Deutsche Bank AG， New York Branch, as Administrative Agent.","December 27, 2018 and as amended from time to time,","December 27, 2018 and as amended from time to time,",,
10.48t+10.49t10.5010.51,10.48t+10.49t10.5010.51,"Letter of Consent, dated February 18, 2020,by and 10-Q 001-34756 10.1 April 30,2020among LML 2018 Warehouse SPV, LLC, Tesla 2014Warehouse SPV LLC, LLC and Deutsche Bank AG, New York Branch, as Administrative Agent and as GroupAgent under the 2018 Loan Agreement and the 2014Loan Agreement, and the Group Agents party thereto, inrespect of (i) the Loan and Security Agreement, dated December 27, 2018 and as amended from time to time,among LML 2018 Warehouse SPV, LLC, Tesla FinanceLLC，Deutsche Bank Trust Company Americans, as Paying Agent, Deutsche Bank AG, New York Branch, asAdministrative Agent, the lenders parties and agentparties thereto,and (ii) the Amended and Restated Loan and Security Agreement, dated August 17. 2017 and asamended from time to time,among Tesla 2014Warehouse SPV LLC, Tesla Finance LLC, the lendersand group agents party thereto, Deutsche Bank TrustCompany Americas, as Paying Agent, and Deutsche Bank AG， New York Branch, as Administrative Agent.","Letter of Consent, dated February 18, 2020,by and 10-Q 001-34756 10.1 April 30,2020among LML 2018 Warehouse SPV, LLC, Tesla 2014Warehouse SPV LLC, LLC and Deutsche Bank AG, New York Branch, as Administrative Agent and as GroupAgent under the 2018 Loan Agreement and the 2014Loan Agreement, and the Group Agents party thereto, inrespect of (i) the Loan and Security Agreement, dated December 27, 2018 and as amended from time to time,among LML 2018 Warehouse SPV, LLC, Tesla FinanceLLC，Deutsche Bank Trust Company Americans, as Paying Agent, Deutsche Bank AG, New York Branch, asAdministrative Agent, the lenders parties and agentparties thereto,and (ii) the Amended and Restated Loan and Security Agreement, dated August 17. 2017 and asamended from time to time,among Tesla 2014Warehouse SPV LLC, Tesla Finance LLC, the lendersand group agents party thereto, Deutsche Bank TrustCompany Americas, as Paying Agent, and Deutsche Bank AG， New York Branch, as Administrative Agent.","Letter of Consent, dated February 18, 2020,by and 10-Q 001-34756 10.1 April 30,2020among LML 2018 Warehouse SPV, LLC, Tesla 2014Warehouse SPV LLC, LLC and Deutsche Bank AG, New York Branch, as Administrative Agent and as GroupAgent under the 2018 Loan Agreement and the 2014Loan Agreement, and the Group Agents party thereto, inrespect of (i) the Loan and Security Agreement, dated December 27, 2018 and as amended from time to time,among LML 2018 Warehouse SPV, LLC, Tesla FinanceLLC，Deutsche Bank Trust Company Americans, as Paying Agent, Deutsche Bank AG, New York Branch, asAdministrative Agent, the lenders parties and agentparties thereto,and (ii) the Amended and Restated Loan and Security Agreement, dated August 17. 2017 and asamended from time to time,among Tesla 2014Warehouse SPV LLC, Tesla Finance LLC, the lendersand group agents party thereto, Deutsche Bank TrustCompany Americas, as Paying Agent, and Deutsche Bank AG， New York Branch, as Administrative Agent.","among LML 2018 Warehouse SPV, LLC, Tesla Finance","among LML 2018 Warehouse SPV, LLC, Tesla Finance",,
10.48t+10.49t10.5010.51,10.48t+10.49t10.5010.51,"Letter of Consent, dated February 18, 2020,by and 10-Q 001-34756 10.1 April 30,2020among LML 2018 Warehouse SPV, LLC, Tesla 2014Warehouse SPV LLC, LLC and Deutsche Bank AG, New York Branch, as Administrative Agent and as GroupAgent under the 2018 Loan Agreement and the 2014Loan Agreement, and the Group Agents party thereto, inrespect of (i) the Loan and Security Agreement, dated December 27, 2018 and as amended from time to time,among LML 2018 Warehouse SPV, LLC, Tesla FinanceLLC，Deutsche Bank Trust Company Americans, as Paying Agent, Deutsche Bank AG, New York Branch, asAdministrative Agent, the lenders parties and agentparties thereto,and (ii) the Amended and Restated Loan and Security Agreement, dated August 17. 2017 and asamended from time to time,among Tesla 2014Warehouse SPV LLC, Tesla Finance LLC, the lendersand group agents party thereto, Deutsche Bank TrustCompany Americas, as Paying Agent, and Deutsche Bank AG， New York Branch, as Administrative Agent.","Letter of Consent, dated February 18, 2020,by and 10-Q 001-34756 10.1 April 30,2020among LML 2018 Warehouse SPV, LLC, Tesla 2014Warehouse SPV LLC, LLC and Deutsche Bank AG, New York Branch, as Administrative Agent and as GroupAgent under the 2018 Loan Agreement and the 2014Loan Agreement, and the Group Agents party thereto, inrespect of (i) the Loan and Security Agreement, dated December 27, 2018 and as amended from time to time,among LML 2018 Warehouse SPV, LLC, Tesla FinanceLLC，Deutsche Bank Trust Company Americans, as Paying Agent, Deutsche Bank AG, New York Branch, asAdministrative Agent, the lenders parties and agentparties thereto,and (ii) the Amended and Restated Loan and Security Agreement, dated August 17. 2017 and asamended from time to time,among Tesla 2014Warehouse SPV LLC, Tesla Finance LLC, the lendersand group agents party thereto, Deutsche Bank TrustCompany Americas, as Paying Agent, and Deutsche Bank AG， New York Branch, as Administrative Agent.","Letter of Consent, dated February 18, 2020,by and 10-Q 001-34756 10.1 April 30,2020among LML 2018 Warehouse SPV, LLC, Tesla 2014Warehouse SPV LLC, LLC and Deutsche Bank AG, New York Branch, as Administrative Agent and as GroupAgent under the 2018 Loan Agreement and the 2014Loan Agreement, and the Group Agents party thereto, inrespect of (i) the Loan and Security Agreement, dated December 27, 2018 and as amended from time to time,among LML 2018 Warehouse SPV, LLC, Tesla FinanceLLC，Deutsche Bank Trust Company Americans, as Paying Agent, Deutsche Bank AG, New York Branch, asAdministrative Agent, the lenders parties and agentparties thereto,and (ii) the Amended and Restated Loan and Security Agreement, dated August 17. 2017 and asamended from time to time,among Tesla 2014Warehouse SPV LLC, Tesla Finance LLC, the lendersand group agents party thereto, Deutsche Bank TrustCompany Americas, as Paying Agent, and Deutsche Bank AG， New York Branch, as Administrative Agent.","LLC，Deutsche Bank Trust Company Americans, as","LLC，Deutsche Bank Trust Company Americans, as",,
10.48t+10.49t10.5010.51,10.48t+10.49t10.5010.51,"Letter of Consent, dated February 18, 2020,by and 10-Q 001-34756 10.1 April 30,2020among LML 2018 Warehouse SPV, LLC, Tesla 2014Warehouse SPV LLC, LLC and Deutsche Bank AG, New York Branch, as Administrative Agent and as GroupAgent under the 2018 Loan Agreement and the 2014Loan Agreement, and the Group Agents party thereto, inrespect of (i) the Loan and Security Agreement, dated December 27, 2018 and as amended from time to time,among LML 2018 Warehouse SPV, LLC, Tesla FinanceLLC，Deutsche Bank Trust Company Americans, as Paying Agent, Deutsche Bank AG, New York Branch, asAdministrative Agent, the lenders parties and agentparties thereto,and (ii) the Amended and Restated Loan and Security Agreement, dated August 17. 2017 and asamended from time to time,among Tesla 2014Warehouse SPV LLC, Tesla Finance LLC, the lendersand group agents party thereto, Deutsche Bank TrustCompany Americas, as Paying Agent, and Deutsche Bank AG， New York Branch, as Administrative Agent.","Letter of Consent, dated February 18, 2020,by and 10-Q 001-34756 10.1 April 30,2020among LML 2018 Warehouse SPV, LLC, Tesla 2014Warehouse SPV LLC, LLC and Deutsche Bank AG, New York Branch, as Administrative Agent and as GroupAgent under the 2018 Loan Agreement and the 2014Loan Agreement, and the Group Agents party thereto, inrespect of (i) the Loan and Security Agreement, dated December 27, 2018 and as amended from time to time,among LML 2018 Warehouse SPV, LLC, Tesla FinanceLLC，Deutsche Bank Trust Company Americans, as Paying Agent, Deutsche Bank AG, New York Branch, asAdministrative Agent, the lenders parties and agentparties thereto,and (ii) the Amended and Restated Loan and Security Agreement, dated August 17. 2017 and asamended from time to time,among Tesla 2014Warehouse SPV LLC, Tesla Finance LLC, the lendersand group agents party thereto, Deutsche Bank TrustCompany Americas, as Paying Agent, and Deutsche Bank AG， New York Branch, as Administrative Agent.","Letter of Consent, dated February 18, 2020,by and 10-Q 001-34756 10.1 April 30,2020among LML 2018 Warehouse SPV, LLC, Tesla 2014Warehouse SPV LLC, LLC and Deutsche Bank AG, New York Branch, as Administrative Agent and as GroupAgent under the 2018 Loan Agreement and the 2014Loan Agreement, and the Group Agents party thereto, inrespect of (i) the Loan and Security Agreement, dated December 27, 2018 and as amended from time to time,among LML 2018 Warehouse SPV, LLC, Tesla FinanceLLC，Deutsche Bank Trust Company Americans, as Paying Agent, Deutsche Bank AG, New York Branch, asAdministrative Agent, the lenders parties and agentparties thereto,and (ii) the Amended and Restated Loan and Security Agreement, dated August 17. 2017 and asamended from time to time,among Tesla 2014Warehouse SPV LLC, Tesla Finance LLC, the lendersand group agents party thereto, Deutsche Bank TrustCompany Americas, as Paying Agent, and Deutsche Bank AG， New York Branch, as Administrative Agent.","Paying Agent, Deutsche Bank AG, New York Branch, as","Paying Agent, Deutsche Bank AG, New York Branch, as",,
10.48t+10.49t10.5010.51,10.48t+10.49t10.5010.51,"Letter of Consent, dated February 18, 2020,by and 10-Q 001-34756 10.1 April 30,2020among LML 2018 Warehouse SPV, LLC, Tesla 2014Warehouse SPV LLC, LLC and Deutsche Bank AG, New York Branch, as Administrative Agent and as GroupAgent under the 2018 Loan Agreement and the 2014Loan Agreement, and the Group Agents party thereto, inrespect of (i) the Loan and Security Agreement, dated December 27, 2018 and as amended from time to time,among LML 2018 Warehouse SPV, LLC, Tesla FinanceLLC，Deutsche Bank Trust Company Americans, as Paying Agent, Deutsche Bank AG, New York Branch, asAdministrative Agent, the lenders parties and agentparties thereto,and (ii) the Amended and Restated Loan and Security Agreement, dated August 17. 2017 and asamended from time to time,among Tesla 2014Warehouse SPV LLC, Tesla Finance LLC, the lendersand group agents party thereto, Deutsche Bank TrustCompany Americas, as Paying Agent, and Deutsche Bank AG， New York Branch, as Administrative Agent.","Letter of Consent, dated February 18, 2020,by and 10-Q 001-34756 10.1 April 30,2020among LML 2018 Warehouse SPV, LLC, Tesla 2014Warehouse SPV LLC, LLC and Deutsche Bank AG, New York Branch, as Administrative Agent and as GroupAgent under the 2018 Loan Agreement and the 2014Loan Agreement, and the Group Agents party thereto, inrespect of (i) the Loan and Security Agreement, dated December 27, 2018 and as amended from time to time,among LML 2018 Warehouse SPV, LLC, Tesla FinanceLLC，Deutsche Bank Trust Company Americans, as Paying Agent, Deutsche Bank AG, New York Branch, asAdministrative Agent, the lenders parties and agentparties thereto,and (ii) the Amended and Restated Loan and Security Agreement, dated August 17. 2017 and asamended from time to time,among Tesla 2014Warehouse SPV LLC, Tesla Finance LLC, the lendersand group agents party thereto, Deutsche Bank TrustCompany Americas, as Paying Agent, and Deutsche Bank AG， New York Branch, as Administrative Agent.","Letter of Consent, dated February 18, 2020,by and 10-Q 001-34756 10.1 April 30,2020among LML 2018 Warehouse SPV, LLC, Tesla 2014Warehouse SPV LLC, LLC and Deutsche Bank AG, New York Branch, as Administrative Agent and as GroupAgent under the 2018 Loan Agreement and the 2014Loan Agreement, and the Group Agents party thereto, inrespect of (i) the Loan and Security Agreement, dated December 27, 2018 and as amended from time to time,among LML 2018 Warehouse SPV, LLC, Tesla FinanceLLC，Deutsche Bank Trust Company Americans, as Paying Agent, Deutsche Bank AG, New York Branch, asAdministrative Agent, the lenders parties and agentparties thereto,and (ii) the Amended and Restated Loan and Security Agreement, dated August 17. 2017 and asamended from time to time,among Tesla 2014Warehouse SPV LLC, Tesla Finance LLC, the lendersand group agents party thereto, Deutsche Bank TrustCompany Americas, as Paying Agent, and Deutsche Bank AG， New York Branch, as Administrative Agent.","Administrative Agent, the lenders parties and agent","Administrative Agent, the lenders parties and agent",,
10.48t+10.49t10.5010.51,10.48t+10.49t10.5010.51,"Letter of Consent, dated February 18, 2020,by and 10-Q 001-34756 10.1 April 30,2020among LML 2018 Warehouse SPV, LLC, Tesla 2014Warehouse SPV LLC, LLC and Deutsche Bank AG, New York Branch, as Administrative Agent and as GroupAgent under the 2018 Loan Agreement and the 2014Loan Agreement, and the Group Agents party thereto, inrespect of (i) the Loan and Security Agreement, dated December 27, 2018 and as amended from time to time,among LML 2018 Warehouse SPV, LLC, Tesla FinanceLLC，Deutsche Bank Trust Company Americans, as Paying Agent, Deutsche Bank AG, New York Branch, asAdministrative Agent, the lenders parties and agentparties thereto,and (ii) the Amended and Restated Loan and Security Agreement, dated August 17. 2017 and asamended from time to time,among Tesla 2014Warehouse SPV LLC, Tesla Finance LLC, the lendersand group agents party thereto, Deutsche Bank TrustCompany Americas, as Paying Agent, and Deutsche Bank AG， New York Branch, as Administrative Agent.","Letter of Consent, dated February 18, 2020,by and 10-Q 001-34756 10.1 April 30,2020among LML 2018 Warehouse SPV, LLC, Tesla 2014Warehouse SPV LLC, LLC and Deutsche Bank AG, New York Branch, as Administrative Agent and as GroupAgent under the 2018 Loan Agreement and the 2014Loan Agreement, and the Group Agents party thereto, inrespect of (i) the Loan and Security Agreement, dated December 27, 2018 and as amended from time to time,among LML 2018 Warehouse SPV, LLC, Tesla FinanceLLC，Deutsche Bank Trust Company Americans, as Paying Agent, Deutsche Bank AG, New York Branch, asAdministrative Agent, the lenders parties and agentparties thereto,and (ii) the Amended and Restated Loan and Security Agreement, dated August 17. 2017 and asamended from time to time,among Tesla 2014Warehouse SPV LLC, Tesla Finance LLC, the lendersand group agents party thereto, Deutsche Bank TrustCompany Americas, as Paying Agent, and Deutsche Bank AG， New York Branch, as Administrative Agent.","Letter of Consent, dated February 18, 2020,by and 10-Q 001-34756 10.1 April 30,2020among LML 2018 Warehouse SPV, LLC, Tesla 2014Warehouse SPV LLC, LLC and Deutsche Bank AG, New York Branch, as Administrative Agent and as GroupAgent under the 2018 Loan Agreement and the 2014Loan Agreement, and the Group Agents party thereto, inrespect of (i) the Loan and Security Agreement, dated December 27, 2018 and as amended from time to time,among LML 2018 Warehouse SPV, LLC, Tesla FinanceLLC，Deutsche Bank Trust Company Americans, as Paying Agent, Deutsche Bank AG, New York Branch, asAdministrative Agent, the lenders parties and agentparties thereto,and (ii) the Amended and Restated Loan and Security Agreement, dated August 17. 2017 and asamended from time to time,among Tesla 2014Warehouse SPV LLC, Tesla Finance LLC, the lendersand group agents party thereto, Deutsche Bank TrustCompany Americas, as Paying Agent, and Deutsche Bank AG， New York Branch, as Administrative Agent.","parties thereto,and (ii) the Amended and Restated Loan","parties thereto,and (ii) the Amended and Restated Loan",,
10.48t+10.49t10.5010.51,10.48t+10.49t10.5010.51,"Letter of Consent, dated February 18, 2020,by and 10-Q 001-34756 10.1 April 30,2020among LML 2018 Warehouse SPV, LLC, Tesla 2014Warehouse SPV LLC, LLC and Deutsche Bank AG, New York Branch, as Administrative Agent and as GroupAgent under the 2018 Loan Agreement and the 2014Loan Agreement, and the Group Agents party thereto, inrespect of (i) the Loan and Security Agreement, dated December 27, 2018 and as amended from time to time,among LML 2018 Warehouse SPV, LLC, Tesla FinanceLLC，Deutsche Bank Trust Company Americans, as Paying Agent, Deutsche Bank AG, New York Branch, asAdministrative Agent, the lenders parties and agentparties thereto,and (ii) the Amended and Restated Loan and Security Agreement, dated August 17. 2017 and asamended from time to time,among Tesla 2014Warehouse SPV LLC, Tesla Finance LLC, the lendersand group agents party thereto, Deutsche Bank TrustCompany Americas, as Paying Agent, and Deutsche Bank AG， New York Branch, as Administrative Agent.","Letter of Consent, dated February 18, 2020,by and 10-Q 001-34756 10.1 April 30,2020among LML 2018 Warehouse SPV, LLC, Tesla 2014Warehouse SPV LLC, LLC and Deutsche Bank AG, New York Branch, as Administrative Agent and as GroupAgent under the 2018 Loan Agreement and the 2014Loan Agreement, and the Group Agents party thereto, inrespect of (i) the Loan and Security Agreement, dated December 27, 2018 and as amended from time to time,among LML 2018 Warehouse SPV, LLC, Tesla FinanceLLC，Deutsche Bank Trust Company Americans, as Paying Agent, Deutsche Bank AG, New York Branch, asAdministrative Agent, the lenders parties and agentparties thereto,and (ii) the Amended and Restated Loan and Security Agreement, dated August 17. 2017 and asamended from time to time,among Tesla 2014Warehouse SPV LLC, Tesla Finance LLC, the lendersand group agents party thereto, Deutsche Bank TrustCompany Americas, as Paying Agent, and Deutsche Bank AG， New York Branch, as Administrative Agent.","Letter of Consent, dated February 18, 2020,by and 10-Q 001-34756 10.1 April 30,2020among LML 2018 Warehouse SPV, LLC, Tesla 2014Warehouse SPV LLC, LLC and Deutsche Bank AG, New York Branch, as Administrative Agent and as GroupAgent under the 2018 Loan Agreement and the 2014Loan Agreement, and the Group Agents party thereto, inrespect of (i) the Loan and Security Agreement, dated December 27, 2018 and as amended from time to time,among LML 2018 Warehouse SPV, LLC, Tesla FinanceLLC，Deutsche Bank Trust Company Americans, as Paying Agent, Deutsche Bank AG, New York Branch, asAdministrative Agent, the lenders parties and agentparties thereto,and (ii) the Amended and Restated Loan and Security Agreement, dated August 17. 2017 and asamended from time to time,among Tesla 2014Warehouse SPV LLC, Tesla Finance LLC, the lendersand group agents party thereto, Deutsche Bank TrustCompany Americas, as Paying Agent, and Deutsche Bank AG， New York Branch, as Administrative Agent.","and Security Agreement, dated August 17. 2017 and as","and Security Agreement, dated August 17. 2017 and as",,
10.48t+10.49t10.5010.51,10.48t+10.49t10.5010.51,"Letter of Consent, dated February 18, 2020,by and 10-Q 001-34756 10.1 April 30,2020among LML 2018 Warehouse SPV, LLC, Tesla 2014Warehouse SPV LLC, LLC and Deutsche Bank AG, New York Branch, as Administrative Agent and as GroupAgent under the 2018 Loan Agreement and the 2014Loan Agreement, and the Group Agents party thereto, inrespect of (i) the Loan and Security Agreement, dated December 27, 2018 and as amended from time to time,among LML 2018 Warehouse SPV, LLC, Tesla FinanceLLC，Deutsche Bank Trust Company Americans, as Paying Agent, Deutsche Bank AG, New York Branch, asAdministrative Agent, the lenders parties and agentparties thereto,and (ii) the Amended and Restated Loan and Security Agreement, dated August 17. 2017 and asamended from time to time,among Tesla 2014Warehouse SPV LLC, Tesla Finance LLC, the lendersand group agents party thereto, Deutsche Bank TrustCompany Americas, as Paying Agent, and Deutsche Bank AG， New York Branch, as Administrative Agent.","Letter of Consent, dated February 18, 2020,by and 10-Q 001-34756 10.1 April 30,2020among LML 2018 Warehouse SPV, LLC, Tesla 2014Warehouse SPV LLC, LLC and Deutsche Bank AG, New York Branch, as Administrative Agent and as GroupAgent under the 2018 Loan Agreement and the 2014Loan Agreement, and the Group Agents party thereto, inrespect of (i) the Loan and Security Agreement, dated December 27, 2018 and as amended from time to time,among LML 2018 Warehouse SPV, LLC, Tesla FinanceLLC，Deutsche Bank Trust Company Americans, as Paying Agent, Deutsche Bank AG, New York Branch, asAdministrative Agent, the lenders parties and agentparties thereto,and (ii) the Amended and Restated Loan and Security Agreement, dated August 17. 2017 and asamended from time to time,among Tesla 2014Warehouse SPV LLC, Tesla Finance LLC, the lendersand group agents party thereto, Deutsche Bank TrustCompany Americas, as Paying Agent, and Deutsche Bank AG， New York Branch, as Administrative Agent.","Letter of Consent, dated February 18, 2020,by and 10-Q 001-34756 10.1 April 30,2020among LML 2018 Warehouse SPV, LLC, Tesla 2014Warehouse SPV LLC, LLC and Deutsche Bank AG, New York Branch, as Administrative Agent and as GroupAgent under the 2018 Loan Agreement and the 2014Loan Agreement, and the Group Agents party thereto, inrespect of (i) the Loan and Security Agreement, dated December 27, 2018 and as amended from time to time,among LML 2018 Warehouse SPV, LLC, Tesla FinanceLLC，Deutsche Bank Trust Company Americans, as Paying Agent, Deutsche Bank AG, New York Branch, asAdministrative Agent, the lenders parties and agentparties thereto,and (ii) the Amended and Restated Loan and Security Agreement, dated August 17. 2017 and asamended from time to time,among Tesla 2014Warehouse SPV LLC, Tesla Finance LLC, the lendersand group agents party thereto, Deutsche Bank TrustCompany Americas, as Paying Agent, and Deutsche Bank AG， New York Branch, as Administrative Agent.","amended from time to time,among Tesla 2014","amended from time to time,among Tesla 2014",,
10.48t+10.49t10.5010.51,10.48t+10.49t10.5010.51,"Letter of Consent, dated February 18, 2020,by and 10-Q 001-34756 10.1 April 30,2020among LML 2018 Warehouse SPV, LLC, Tesla 2014Warehouse SPV LLC, LLC and Deutsche Bank AG, New York Branch, as Administrative Agent and as GroupAgent under the 2018 Loan Agreement and the 2014Loan Agreement, and the Group Agents party thereto, inrespect of (i) the Loan and Security Agreement, dated December 27, 2018 and as amended from time to time,among LML 2018 Warehouse SPV, LLC, Tesla FinanceLLC，Deutsche Bank Trust Company Americans, as Paying Agent, Deutsche Bank AG, New York Branch, asAdministrative Agent, the lenders parties and agentparties thereto,and (ii) the Amended and Restated Loan and Security Agreement, dated August 17. 2017 and asamended from time to time,among Tesla 2014Warehouse SPV LLC, Tesla Finance LLC, the lendersand group agents party thereto, Deutsche Bank TrustCompany Americas, as Paying Agent, and Deutsche Bank AG， New York Branch, as Administrative Agent.","Letter of Consent, dated February 18, 2020,by and 10-Q 001-34756 10.1 April 30,2020among LML 2018 Warehouse SPV, LLC, Tesla 2014Warehouse SPV LLC, LLC and Deutsche Bank AG, New York Branch, as Administrative Agent and as GroupAgent under the 2018 Loan Agreement and the 2014Loan Agreement, and the Group Agents party thereto, inrespect of (i) the Loan and Security Agreement, dated December 27, 2018 and as amended from time to time,among LML 2018 Warehouse SPV, LLC, Tesla FinanceLLC，Deutsche Bank Trust Company Americans, as Paying Agent, Deutsche Bank AG, New York Branch, asAdministrative Agent, the lenders parties and agentparties thereto,and (ii) the Amended and Restated Loan and Security Agreement, dated August 17. 2017 and asamended from time to time,among Tesla 2014Warehouse SPV LLC, Tesla Finance LLC, the lendersand group agents party thereto, Deutsche Bank TrustCompany Americas, as Paying Agent, and Deutsche Bank AG， New York Branch, as Administrative Agent.","Letter of Consent, dated February 18, 2020,by and 10-Q 001-34756 10.1 April 30,2020among LML 2018 Warehouse SPV, LLC, Tesla 2014Warehouse SPV LLC, LLC and Deutsche Bank AG, New York Branch, as Administrative Agent and as GroupAgent under the 2018 Loan Agreement and the 2014Loan Agreement, and the Group Agents party thereto, inrespect of (i) the Loan and Security Agreement, dated December 27, 2018 and as amended from time to time,among LML 2018 Warehouse SPV, LLC, Tesla FinanceLLC，Deutsche Bank Trust Company Americans, as Paying Agent, Deutsche Bank AG, New York Branch, asAdministrative Agent, the lenders parties and agentparties thereto,and (ii) the Amended and Restated Loan and Security Agreement, dated August 17. 2017 and asamended from time to time,among Tesla 2014Warehouse SPV LLC, Tesla Finance LLC, the lendersand group agents party thereto, Deutsche Bank TrustCompany Americas, as Paying Agent, and Deutsche Bank AG， New York Branch, as Administrative Agent.","Warehouse SPV LLC, Tesla Finance LLC, the lenders","Warehouse SPV LLC, Tesla Finance LLC, the lenders",,
10.48t+10.49t10.5010.51,10.48t+10.49t10.5010.51,"Letter of Consent, dated February 18, 2020,by and 10-Q 001-34756 10.1 April 30,2020among LML 2018 Warehouse SPV, LLC, Tesla 2014Warehouse SPV LLC, LLC and Deutsche Bank AG, New York Branch, as Administrative Agent and as GroupAgent under the 2018 Loan Agreement and the 2014Loan Agreement, and the Group Agents party thereto, inrespect of (i) the Loan and Security Agreement, dated December 27, 2018 and as amended from time to time,among LML 2018 Warehouse SPV, LLC, Tesla FinanceLLC，Deutsche Bank Trust Company Americans, as Paying Agent, Deutsche Bank AG, New York Branch, asAdministrative Agent, the lenders parties and agentparties thereto,and (ii) the Amended and Restated Loan and Security Agreement, dated August 17. 2017 and asamended from time to time,among Tesla 2014Warehouse SPV LLC, Tesla Finance LLC, the lendersand group agents party thereto, Deutsche Bank TrustCompany Americas, as Paying Agent, and Deutsche Bank AG， New York Branch, as Administrative Agent.","Letter of Consent, dated February 18, 2020,by and 10-Q 001-34756 10.1 April 30,2020among LML 2018 Warehouse SPV, LLC, Tesla 2014Warehouse SPV LLC, LLC and Deutsche Bank AG, New York Branch, as Administrative Agent and as GroupAgent under the 2018 Loan Agreement and the 2014Loan Agreement, and the Group Agents party thereto, inrespect of (i) the Loan and Security Agreement, dated December 27, 2018 and as amended from time to time,among LML 2018 Warehouse SPV, LLC, Tesla FinanceLLC，Deutsche Bank Trust Company Americans, as Paying Agent, Deutsche Bank AG, New York Branch, asAdministrative Agent, the lenders parties and agentparties thereto,and (ii) the Amended and Restated Loan and Security Agreement, dated August 17. 2017 and asamended from time to time,among Tesla 2014Warehouse SPV LLC, Tesla Finance LLC, the lendersand group agents party thereto, Deutsche Bank TrustCompany Americas, as Paying Agent, and Deutsche Bank AG， New York Branch, as Administrative Agent.","Letter of Consent, dated February 18, 2020,by and 10-Q 001-34756 10.1 April 30,2020among LML 2018 Warehouse SPV, LLC, Tesla 2014Warehouse SPV LLC, LLC and Deutsche Bank AG, New York Branch, as Administrative Agent and as GroupAgent under the 2018 Loan Agreement and the 2014Loan Agreement, and the Group Agents party thereto, inrespect of (i) the Loan and Security Agreement, dated December 27, 2018 and as amended from time to time,among LML 2018 Warehouse SPV, LLC, Tesla FinanceLLC，Deutsche Bank Trust Company Americans, as Paying Agent, Deutsche Bank AG, New York Branch, asAdministrative Agent, the lenders parties and agentparties thereto,and (ii) the Amended and Restated Loan and Security Agreement, dated August 17. 2017 and asamended from time to time,among Tesla 2014Warehouse SPV LLC, Tesla Finance LLC, the lendersand group agents party thereto, Deutsche Bank TrustCompany Americas, as Paying Agent, and Deutsche Bank AG， New York Branch, as Administrative Agent.","and group agents party thereto, Deutsche Bank Trust","and group agents party thereto, Deutsche Bank Trust",,
10.48t+10.49t10.5010.51,10.48t+10.49t10.5010.51,"Letter of Consent, dated February 18, 2020,by and 10-Q 001-34756 10.1 April 30,2020among LML 2018 Warehouse SPV, LLC, Tesla 2014Warehouse SPV LLC, LLC and Deutsche Bank AG, New York Branch, as Administrative Agent and as GroupAgent under the 2018 Loan Agreement and the 2014Loan Agreement, and the Group Agents party thereto, inrespect of (i) the Loan and Security Agreement, dated December 27, 2018 and as amended from time to time,among LML 2018 Warehouse SPV, LLC, Tesla FinanceLLC，Deutsche Bank Trust Company Americans, as Paying Agent, Deutsche Bank AG, New York Branch, asAdministrative Agent, the lenders parties and agentparties thereto,and (ii) the Amended and Restated Loan and Security Agreement, dated August 17. 2017 and asamended from time to time,among Tesla 2014Warehouse SPV LLC, Tesla Finance LLC, the lendersand group agents party thereto, Deutsche Bank TrustCompany Americas, as Paying Agent, and Deutsche Bank AG， New York Branch, as Administrative Agent.","Letter of Consent, dated February 18, 2020,by and 10-Q 001-34756 10.1 April 30,2020among LML 2018 Warehouse SPV, LLC, Tesla 2014Warehouse SPV LLC, LLC and Deutsche Bank AG, New York Branch, as Administrative Agent and as GroupAgent under the 2018 Loan Agreement and the 2014Loan Agreement, and the Group Agents party thereto, inrespect of (i) the Loan and Security Agreement, dated December 27, 2018 and as amended from time to time,among LML 2018 Warehouse SPV, LLC, Tesla FinanceLLC，Deutsche Bank Trust Company Americans, as Paying Agent, Deutsche Bank AG, New York Branch, asAdministrative Agent, the lenders parties and agentparties thereto,and (ii) the Amended and Restated Loan and Security Agreement, dated August 17. 2017 and asamended from time to time,among Tesla 2014Warehouse SPV LLC, Tesla Finance LLC, the lendersand group agents party thereto, Deutsche Bank TrustCompany Americas, as Paying Agent, and Deutsche Bank AG， New York Branch, as Administrative Agent.","Letter of Consent, dated February 18, 2020,by and 10-Q 001-34756 10.1 April 30,2020among LML 2018 Warehouse SPV, LLC, Tesla 2014Warehouse SPV LLC, LLC and Deutsche Bank AG, New York Branch, as Administrative Agent and as GroupAgent under the 2018 Loan Agreement and the 2014Loan Agreement, and the Group Agents party thereto, inrespect of (i) the Loan and Security Agreement, dated December 27, 2018 and as amended from time to time,among LML 2018 Warehouse SPV, LLC, Tesla FinanceLLC，Deutsche Bank Trust Company Americans, as Paying Agent, Deutsche Bank AG, New York Branch, asAdministrative Agent, the lenders parties and agentparties thereto,and (ii) the Amended and Restated Loan and Security Agreement, dated August 17. 2017 and asamended from time to time,among Tesla 2014Warehouse SPV LLC, Tesla Finance LLC, the lendersand group agents party thereto, Deutsche Bank TrustCompany Americas, as Paying Agent, and Deutsche Bank AG， New York Branch, as Administrative Agent.","Company Americas, as Paying Agent, and Deutsche Bank","Company Americas, as Paying Agent, and Deutsche Bank",,
