"Identification of Non-performing advances (NPA)and provisioning on advances:Total LoansandAdvances (Netof Provision)asat March31,201:13236CrorProvisionforNPAasatMarch31221:0,53Crores(Refer Schedule 9, Schedule 17(C)(2), Schedule 18(13))","Identification of Non-performing advances (NPA)and provisioning on advances:Total LoansandAdvances (Netof Provision)asat March31,201:13236CrorProvisionforNPAasatMarch31221:0,53Crores(Refer Schedule 9, Schedule 17(C)(2), Schedule 18(13))","Identification of Non-performing advances (NPA)and provisioning on advances:Total LoansandAdvances (Netof Provision)asat March31,201:13236CrorProvisionforNPAasatMarch31221:0,53Crores(Refer Schedule 9, Schedule 17(C)(2), Schedule 18(13))","Identification of Non-performing advances (NPA)and provisioning on advances:Total LoansandAdvances (Netof Provision)asat March31,201:13236CrorProvisionforNPAasatMarch31221:0,53Crores(Refer Schedule 9, Schedule 17(C)(2), Schedule 18(13))","Identification of Non-performing advances (NPA)and provisioning on advances:Total LoansandAdvances (Netof Provision)asat March31,201:13236CrorProvisionforNPAasatMarch31221:0,53Crores(Refer Schedule 9, Schedule 17(C)(2), Schedule 18(13))","Identification of Non-performing advances (NPA)and provisioning on advances:Total LoansandAdvances (Netof Provision)asat March31,201:13236CrorProvisionforNPAasatMarch31221:0,53Crores(Refer Schedule 9, Schedule 17(C)(2), Schedule 18(13))","Identification of Non-performing advances (NPA)and provisioning on advances:Total LoansandAdvances (Netof Provision)asat March31,201:13236CrorProvisionforNPAasatMarch31221:0,53Crores(Refer Schedule 9, Schedule 17(C)(2), Schedule 18(13))","Identification of Non-performing advances (NPA)and provisioning on advances:Total LoansandAdvances (Netof Provision)asat March31,201:13236CrorProvisionforNPAasatMarch31221:0,53Crores(Refer Schedule 9, Schedule 17(C)(2), Schedule 18(13))","Identification of Non-performing advances (NPA)and provisioning on advances:Total LoansandAdvances (Netof Provision)asat March31,201:13236CrorProvisionforNPAasatMarch31221:0,53Crores(Refer Schedule 9, Schedule 17(C)(2), Schedule 18(13))",,,,,,,,,,,,,Evaluation of itigations included in Contingent Liabilities,"As at March 31, 20201,292 Crores92 Crores","As at March 31, 20201,292 Crores92 Crores",,,,,,,
"Identification of Non-performing advances (NPA)and provisioning on advances:Total LoansandAdvances (Netof Provision)asat March31,201:13236CrorProvisionforNPAasatMarch31221:0,53Crores(Refer Schedule 9, Schedule 17(C)(2), Schedule 18(13))","Identification of Non-performing advances (NPA)and provisioning on advances:Total LoansandAdvances (Netof Provision)asat March31,201:13236CrorProvisionforNPAasatMarch31221:0,53Crores(Refer Schedule 9, Schedule 17(C)(2), Schedule 18(13))","Identification of Non-performing advances (NPA)and provisioning on advances:Total LoansandAdvances (Netof Provision)asat March31,201:13236CrorProvisionforNPAasatMarch31221:0,53Crores(Refer Schedule 9, Schedule 17(C)(2), Schedule 18(13))","Identification of Non-performing advances (NPA)and provisioning on advances:Total LoansandAdvances (Netof Provision)asat March31,201:13236CrorProvisionforNPAasatMarch31221:0,53Crores(Refer Schedule 9, Schedule 17(C)(2), Schedule 18(13))","Identification of Non-performing advances (NPA)and provisioning on advances:Total LoansandAdvances (Netof Provision)asat March31,201:13236CrorProvisionforNPAasatMarch31221:0,53Crores(Refer Schedule 9, Schedule 17(C)(2), Schedule 18(13))","Identification of Non-performing advances (NPA)and provisioning on advances:Total LoansandAdvances (Netof Provision)asat March31,201:13236CrorProvisionforNPAasatMarch31221:0,53Crores(Refer Schedule 9, Schedule 17(C)(2), Schedule 18(13))","Identification of Non-performing advances (NPA)and provisioning on advances:Total LoansandAdvances (Netof Provision)asat March31,201:13236CrorProvisionforNPAasatMarch31221:0,53Crores(Refer Schedule 9, Schedule 17(C)(2), Schedule 18(13))","Identification of Non-performing advances (NPA)and provisioning on advances:Total LoansandAdvances (Netof Provision)asat March31,201:13236CrorProvisionforNPAasatMarch31221:0,53Crores(Refer Schedule 9, Schedule 17(C)(2), Schedule 18(13))","Identification of Non-performing advances (NPA)and provisioning on advances:Total LoansandAdvances (Netof Provision)asat March31,201:13236CrorProvisionforNPAasatMarch31221:0,53Crores(Refer Schedule 9, Schedule 17(C)(2), Schedule 18(13))",,,,,,,,,,,,,"Particulars As at March 31,2021","As at March 31, 20201,292 Crores92 Crores","As at March 31, 20201,292 Crores92 Crores",,,,,,,
"Identification of Non-performing advances (NPA)and provisioning on advances:Total LoansandAdvances (Netof Provision)asat March31,201:13236CrorProvisionforNPAasatMarch31221:0,53Crores(Refer Schedule 9, Schedule 17(C)(2), Schedule 18(13))","Identification of Non-performing advances (NPA)and provisioning on advances:Total LoansandAdvances (Netof Provision)asat March31,201:13236CrorProvisionforNPAasatMarch31221:0,53Crores(Refer Schedule 9, Schedule 17(C)(2), Schedule 18(13))","Identification of Non-performing advances (NPA)and provisioning on advances:Total LoansandAdvances (Netof Provision)asat March31,201:13236CrorProvisionforNPAasatMarch31221:0,53Crores(Refer Schedule 9, Schedule 17(C)(2), Schedule 18(13))","Identification of Non-performing advances (NPA)and provisioning on advances:Total LoansandAdvances (Netof Provision)asat March31,201:13236CrorProvisionforNPAasatMarch31221:0,53Crores(Refer Schedule 9, Schedule 17(C)(2), Schedule 18(13))","Identification of Non-performing advances (NPA)and provisioning on advances:Total LoansandAdvances (Netof Provision)asat March31,201:13236CrorProvisionforNPAasatMarch31221:0,53Crores(Refer Schedule 9, Schedule 17(C)(2), Schedule 18(13))","Identification of Non-performing advances (NPA)and provisioning on advances:Total LoansandAdvances (Netof Provision)asat March31,201:13236CrorProvisionforNPAasatMarch31221:0,53Crores(Refer Schedule 9, Schedule 17(C)(2), Schedule 18(13))","Identification of Non-performing advances (NPA)and provisioning on advances:Total LoansandAdvances (Netof Provision)asat March31,201:13236CrorProvisionforNPAasatMarch31221:0,53Crores(Refer Schedule 9, Schedule 17(C)(2), Schedule 18(13))","Identification of Non-performing advances (NPA)and provisioning on advances:Total LoansandAdvances (Netof Provision)asat March31,201:13236CrorProvisionforNPAasatMarch31221:0,53Crores(Refer Schedule 9, Schedule 17(C)(2), Schedule 18(13))","Identification of Non-performing advances (NPA)and provisioning on advances:Total LoansandAdvances (Netof Provision)asat March31,201:13236CrorProvisionforNPAasatMarch31221:0,53Crores(Refer Schedule 9, Schedule 17(C)(2), Schedule 18(13))",,,,,,,,,,,,,"Taxes 1,268 Crores","As at March 31, 20201,292 Crores92 Crores","As at March 31, 20201,292 Crores92 Crores",,,,,,,
,,,,,,,,,,,,,,,,,,,,,_Legal Cases 228 Crores,"As at March 31, 20201,292 Crores92 Crores","As at March 31, 20201,292 Crores92 Crores",,,,,,,
Key Audit Matter,Key Audit Matter,Key Audit Matter,Key Audit Matter,Key Audit Matter,Key Audit Matter,Key Audit Matter,Key Audit Matter,Key Audit Matter,How our audit addressed the key audit matter,How our audit addressed the key audit matter,How our audit addressed the key audit matter,How our audit addressed the key audit matter,How our audit addressed the key audit matter,How our audit addressed the key audit matter,How our audit addressed the key audit matter,How our audit addressed the key audit matter,How our audit addressed the key audit matter,How our audit addressed the key audit matter,How our audit addressed the key audit matter,,_Legal Cases 228 Crores,"As at March 31, 20201,292 Crores92 Crores","As at March 31, 20201,292 Crores92 Crores",,,,,,,
Key Audit Matter,Key Audit Matter,Key Audit Matter,Key Audit Matter,Key Audit Matter,Key Audit Matter,Key Audit Matter,Key Audit Matter,Key Audit Matter,How our audit addressed the key audit matter,How our audit addressed the key audit matter,How our audit addressed the key audit matter,How our audit addressed the key audit matter,How our audit addressed the key audit matter,How our audit addressed the key audit matter,How our audit addressed the key audit matter,How our audit addressed the key audit matter,How our audit addressed the key audit matter,How our audit addressed the key audit matter,How our audit addressed the key audit matter,,"(Refer Schedule 12, Schedule 17(C)(18), Schedules18(18)(d)(1)and (2))","As at March 31, 20201,292 Crores92 Crores","As at March 31, 20201,292 Crores92 Crores",,,,,,,
"The Reserve Bank of India’s (""RBl"") guidelines on Income recognitionand asset classification (""IRAC"") prescribe the prudential norms for","The Reserve Bank of India’s (""RBl"") guidelines on Income recognitionand asset classification (""IRAC"") prescribe the prudential norms for","The Reserve Bank of India’s (""RBl"") guidelines on Income recognitionand asset classification (""IRAC"") prescribe the prudential norms for","The Reserve Bank of India’s (""RBl"") guidelines on Income recognitionand asset classification (""IRAC"") prescribe the prudential norms for","The Reserve Bank of India’s (""RBl"") guidelines on Income recognitionand asset classification (""IRAC"") prescribe the prudential norms for","The Reserve Bank of India’s (""RBl"") guidelines on Income recognitionand asset classification (""IRAC"") prescribe the prudential norms for","The Reserve Bank of India’s (""RBl"") guidelines on Income recognitionand asset classification (""IRAC"") prescribe the prudential norms for","The Reserve Bank of India’s (""RBl"") guidelines on Income recognitionand asset classification (""IRAC"") prescribe the prudential norms for","The Reserve Bank of India’s (""RBl"") guidelines on Income recognitionand asset classification (""IRAC"") prescribe the prudential norms for","Tested the design and operating effectiveness of key controls(includingapplicationcontrols)over approval,recording,monitoring","Tested the design and operating effectiveness of key controls(includingapplicationcontrols)over approval,recording,monitoring","Tested the design and operating effectiveness of key controls(includingapplicationcontrols)over approval,recording,monitoring","Tested the design and operating effectiveness of key controls(includingapplicationcontrols)over approval,recording,monitoring","Tested the design and operating effectiveness of key controls(includingapplicationcontrols)over approval,recording,monitoring","Tested the design and operating effectiveness of key controls(includingapplicationcontrols)over approval,recording,monitoring","Tested the design and operating effectiveness of key controls(includingapplicationcontrols)over approval,recording,monitoring","Tested the design and operating effectiveness of key controls(includingapplicationcontrols)over approval,recording,monitoring","Tested the design and operating effectiveness of key controls(includingapplicationcontrols)over approval,recording,monitoring","Tested the design and operating effectiveness of key controls(includingapplicationcontrols)over approval,recording,monitoring","Tested the design and operating effectiveness of key controls(includingapplicationcontrols)over approval,recording,monitoring",,,"As at March 31, 20201,292 Crores92 Crores","As at March 31, 20201,292 Crores92 Crores",,,,,,,
"The Reserve Bank of India’s (""RBl"") guidelines on Income recognitionand asset classification (""IRAC"") prescribe the prudential norms for","The Reserve Bank of India’s (""RBl"") guidelines on Income recognitionand asset classification (""IRAC"") prescribe the prudential norms for","The Reserve Bank of India’s (""RBl"") guidelines on Income recognitionand asset classification (""IRAC"") prescribe the prudential norms for","The Reserve Bank of India’s (""RBl"") guidelines on Income recognitionand asset classification (""IRAC"") prescribe the prudential norms for","The Reserve Bank of India’s (""RBl"") guidelines on Income recognitionand asset classification (""IRAC"") prescribe the prudential norms for","The Reserve Bank of India’s (""RBl"") guidelines on Income recognitionand asset classification (""IRAC"") prescribe the prudential norms for","The Reserve Bank of India’s (""RBl"") guidelines on Income recognitionand asset classification (""IRAC"") prescribe the prudential norms for","The Reserve Bank of India’s (""RBl"") guidelines on Income recognitionand asset classification (""IRAC"") prescribe the prudential norms for","The Reserve Bank of India’s (""RBl"") guidelines on Income recognitionand asset classification (""IRAC"") prescribe the prudential norms for","Tested the design and operating effectiveness of key controls(includingapplicationcontrols)over approval,recording,monitoring","Tested the design and operating effectiveness of key controls(includingapplicationcontrols)over approval,recording,monitoring","Tested the design and operating effectiveness of key controls(includingapplicationcontrols)over approval,recording,monitoring","Tested the design and operating effectiveness of key controls(includingapplicationcontrols)over approval,recording,monitoring","Tested the design and operating effectiveness of key controls(includingapplicationcontrols)over approval,recording,monitoring","Tested the design and operating effectiveness of key controls(includingapplicationcontrols)over approval,recording,monitoring","Tested the design and operating effectiveness of key controls(includingapplicationcontrols)over approval,recording,monitoring","Tested the design and operating effectiveness of key controls(includingapplicationcontrols)over approval,recording,monitoring","Tested the design and operating effectiveness of key controls(includingapplicationcontrols)over approval,recording,monitoring","Tested the design and operating effectiveness of key controls(includingapplicationcontrols)over approval,recording,monitoring","Tested the design and operating effectiveness of key controls(includingapplicationcontrols)over approval,recording,monitoring",,Key Audit Matter,How our audit addressed the key audit matter,How our audit addressed the key audit matter,,,,,,,
"identificationand classfication of non-performing assets (""NPA"")","identificationand classfication of non-performing assets (""NPA"")","identificationand classfication of non-performing assets (""NPA"")","identificationand classfication of non-performing assets (""NPA"")","identificationand classfication of non-performing assets (""NPA"")","identificationand classfication of non-performing assets (""NPA"")","identificationand classfication of non-performing assets (""NPA"")","identificationand classfication of non-performing assets (""NPA"")","identificationand classfication of non-performing assets (""NPA"")","(includingapplicationcontrols)over approval,recording,monitoringand recovery of loans,monitoring_overdue/ stressed accounts,","(includingapplicationcontrols)over approval,recording,monitoringand recovery of loans,monitoring_overdue/ stressed accounts,","(includingapplicationcontrols)over approval,recording,monitoringand recovery of loans,monitoring_overdue/ stressed accounts,","(includingapplicationcontrols)over approval,recording,monitoringand recovery of loans,monitoring_overdue/ stressed accounts,","(includingapplicationcontrols)over approval,recording,monitoringand recovery of loans,monitoring_overdue/ stressed accounts,","(includingapplicationcontrols)over approval,recording,monitoringand recovery of loans,monitoring_overdue/ stressed accounts,","(includingapplicationcontrols)over approval,recording,monitoringand recovery of loans,monitoring_overdue/ stressed accounts,","(includingapplicationcontrols)over approval,recording,monitoringand recovery of loans,monitoring_overdue/ stressed accounts,","(includingapplicationcontrols)over approval,recording,monitoringand recovery of loans,monitoring_overdue/ stressed accounts,","(includingapplicationcontrols)over approval,recording,monitoringand recovery of loans,monitoring_overdue/ stressed accounts,","(includingapplicationcontrols)over approval,recording,monitoringand recovery of loans,monitoring_overdue/ stressed accounts,",,The Bank has material open tax litigations including matters under,"Our Audit procedures with respect to this matter included:Testing the design and operating effectiveness of the Bank's keycontrols over the estimation, monitoring and disclosure of provisionsand contingent iabilities.Our substantive audit procedures included and were not limited tothe following:","Our Audit procedures with respect to this matter included:Testing the design and operating effectiveness of the Bank's keycontrols over the estimation, monitoring and disclosure of provisionsand contingent iabilities.Our substantive audit procedures included and were not limited tothe following:",,,,,,,
and the minimum provision required for such assets.,and the minimum provision required for such assets.,and the minimum provision required for such assets.,and the minimum provision required for such assets.,and the minimum provision required for such assets.,and the minimum provision required for such assets.,and the minimum provision required for such assets.,and the minimum provision required for such assets.,and the minimum provision required for such assets.,"identification of NPA,provision for NPA and valuation of security and","identification of NPA,provision for NPA and valuation of security and","identification of NPA,provision for NPA and valuation of security and","identification of NPA,provision for NPA and valuation of security and","identification of NPA,provision for NPA and valuation of security and","identification of NPA,provision for NPA and valuation of security and","identification of NPA,provision for NPA and valuation of security and","identification of NPA,provision for NPA and valuation of security and","identification of NPA,provision for NPA and valuation of security and","identification of NPA,provision for NPA and valuation of security and","identification of NPA,provision for NPA and valuation of security and",,dispute which involve significant judgement to determine thepossible outcome of these disputes.,"Our Audit procedures with respect to this matter included:Testing the design and operating effectiveness of the Bank's keycontrols over the estimation, monitoring and disclosure of provisionsand contingent iabilities.Our substantive audit procedures included and were not limited tothe following:","Our Audit procedures with respect to this matter included:Testing the design and operating effectiveness of the Bank's keycontrols over the estimation, monitoring and disclosure of provisionsand contingent iabilities.Our substantive audit procedures included and were not limited tothe following:",,,,,,,
The Bank is required to have Board approved policy as per IRAC,The Bank is required to have Board approved policy as per IRAC,The Bank is required to have Board approved policy as per IRAC,The Bank is required to have Board approved policy as per IRAC,The Bank is required to have Board approved policy as per IRAC,The Bank is required to have Board approved policy as per IRAC,The Bank is required to have Board approved policy as per IRAC,The Bank is required to have Board approved policy as per IRAC,The Bank is required to have Board approved policy as per IRAC,"collateral.Testing of Application controls include testing of automated controls,reports and system reconciliations.","collateral.Testing of Application controls include testing of automated controls,reports and system reconciliations.","collateral.Testing of Application controls include testing of automated controls,reports and system reconciliations.","collateral.Testing of Application controls include testing of automated controls,reports and system reconciliations.","collateral.Testing of Application controls include testing of automated controls,reports and system reconciliations.","collateral.Testing of Application controls include testing of automated controls,reports and system reconciliations.","collateral.Testing of Application controls include testing of automated controls,reports and system reconciliations.","collateral.Testing of Application controls include testing of automated controls,reports and system reconciliations.","collateral.Testing of Application controls include testing of automated controls,reports and system reconciliations.","collateral.Testing of Application controls include testing of automated controls,reports and system reconciliations.","collateral.Testing of Application controls include testing of automated controls,reports and system reconciliations.",,dispute which involve significant judgement to determine thepossible outcome of these disputes.,"Our Audit procedures with respect to this matter included:Testing the design and operating effectiveness of the Bank's keycontrols over the estimation, monitoring and disclosure of provisionsand contingent iabilities.Our substantive audit procedures included and were not limited tothe following:","Our Audit procedures with respect to this matter included:Testing the design and operating effectiveness of the Bank's keycontrols over the estimation, monitoring and disclosure of provisionsand contingent iabilities.Our substantive audit procedures included and were not limited tothe following:",,,,,,,
The Bank is required to have Board approved policy as per IRAC,The Bank is required to have Board approved policy as per IRAC,The Bank is required to have Board approved policy as per IRAC,The Bank is required to have Board approved policy as per IRAC,The Bank is required to have Board approved policy as per IRAC,The Bank is required to have Board approved policy as per IRAC,The Bank is required to have Board approved policy as per IRAC,The Bank is required to have Board approved policy as per IRAC,The Bank is required to have Board approved policy as per IRAC,"collateral.Testing of Application controls include testing of automated controls,reports and system reconciliations.","collateral.Testing of Application controls include testing of automated controls,reports and system reconciliations.","collateral.Testing of Application controls include testing of automated controls,reports and system reconciliations.","collateral.Testing of Application controls include testing of automated controls,reports and system reconciliations.","collateral.Testing of Application controls include testing of automated controls,reports and system reconciliations.","collateral.Testing of Application controls include testing of automated controls,reports and system reconciliations.","collateral.Testing of Application controls include testing of automated controls,reports and system reconciliations.","collateral.Testing of Application controls include testing of automated controls,reports and system reconciliations.","collateral.Testing of Application controls include testing of automated controls,reports and system reconciliations.","collateral.Testing of Application controls include testing of automated controls,reports and system reconciliations.","collateral.Testing of Application controls include testing of automated controls,reports and system reconciliations.",,Significant management judgement is needed in determining whetheranobligation exists and whetheraprovision shouldbe recognised as,"Our Audit procedures with respect to this matter included:Testing the design and operating effectiveness of the Bank's keycontrols over the estimation, monitoring and disclosure of provisionsand contingent iabilities.Our substantive audit procedures included and were not limited tothe following:","Our Audit procedures with respect to this matter included:Testing the design and operating effectiveness of the Bank's keycontrols over the estimation, monitoring and disclosure of provisionsand contingent iabilities.Our substantive audit procedures included and were not limited tothe following:",,,,,,,
guidelines for NPA identification and provision.,guidelines for NPA identification and provision.,guidelines for NPA identification and provision.,guidelines for NPA identification and provision.,guidelines for NPA identification and provision.,,,,,,,"collateral.Testing of Application controls include testing of automated controls,reports and system reconciliations.","collateral.Testing of Application controls include testing of automated controls,reports and system reconciliations.","collateral.Testing of Application controls include testing of automated controls,reports and system reconciliations.","collateral.Testing of Application controls include testing of automated controls,reports and system reconciliations.","collateral.Testing of Application controls include testing of automated controls,reports and system reconciliations.","collateral.Testing of Application controls include testing of automated controls,reports and system reconciliations.","collateral.Testing of Application controls include testing of automated controls,reports and system reconciliations.","collateral.Testing of Application controls include testing of automated controls,reports and system reconciliations.","collateral.Testing of Application controls include testing of automated controls,reports and system reconciliations.",reports and system reconciliations.,reports and system reconciliations.,reports and system reconciliations.,reports and system reconciliations.,reports and system reconciliations.,reports and system reconciliations.,reports and system reconciliations.,reports and system reconciliations.,reports and system reconciliations.,,
The Bank is also required to apply its judgement to determine the,The Bank is also required to apply its judgement to determine the,The Bank is also required to apply its judgement to determine the,The Bank is also required to apply its judgement to determine the,The Bank is also required to apply its judgement to determine the,The Bank is also required to apply its judgement to determine the,The Bank is also required to apply its judgement to determine the,The Bank is also required to apply its judgement to determine the,The Bank is also required to apply its judgement to determine the,,,"collateral.Testing of Application controls include testing of automated controls,reports and system reconciliations.","collateral.Testing of Application controls include testing of automated controls,reports and system reconciliations.","collateral.Testing of Application controls include testing of automated controls,reports and system reconciliations.","collateral.Testing of Application controls include testing of automated controls,reports and system reconciliations.","collateral.Testing of Application controls include testing of automated controls,reports and system reconciliations.","collateral.Testing of Application controls include testing of automated controls,reports and system reconciliations.","collateral.Testing of Application controls include testing of automated controls,reports and system reconciliations.","collateral.Testing of Application controls include testing of automated controls,reports and system reconciliations.","collateral.Testing of Application controls include testing of automated controls,reports and system reconciliations.",reports and system reconciliations.,reports and system reconciliations.,reports and system reconciliations.,reports and system reconciliations.,reports and system reconciliations.,reports and system reconciliations.,reports and system reconciliations.,reports and system reconciliations.,reports and system reconciliations.,,
The Bank is also required to apply its judgement to determine the,The Bank is also required to apply its judgement to determine the,The Bank is also required to apply its judgement to determine the,The Bank is also required to apply its judgement to determine the,The Bank is also required to apply its judgement to determine the,The Bank is also required to apply its judgement to determine the,The Bank is also required to apply its judgement to determine the,The Bank is also required to apply its judgement to determine the,The Bank is also required to apply its judgement to determine the,Evaluated the governance_process_and review controls overcalculations of provision of non-performing advances，basis ofprovisioning in accordance with the Board approved policy.,Evaluated the governance_process_and review controls overcalculations of provision of non-performing advances，basis ofprovisioning in accordance with the Board approved policy.,Evaluated the governance_process_and review controls overcalculations of provision of non-performing advances，basis ofprovisioning in accordance with the Board approved policy.,Evaluated the governance_process_and review controls overcalculations of provision of non-performing advances，basis ofprovisioning in accordance with the Board approved policy.,Evaluated the governance_process_and review controls overcalculations of provision of non-performing advances，basis ofprovisioning in accordance with the Board approved policy.,Evaluated the governance_process_and review controls overcalculations of provision of non-performing advances，basis ofprovisioning in accordance with the Board approved policy.,Evaluated the governance_process_and review controls overcalculations of provision of non-performing advances，basis ofprovisioning in accordance with the Board approved policy.,eproce,eproce,eproce,Evaluated the governance_process_and review controls overcalculations of provision of non-performing advances，basis of,Evaluated the governance_process_and review controls overcalculations of provision of non-performing advances，basis of,Evaluated the governance_process_and review controls overcalculations of provision of non-performing advances，basis of,Evaluated the governance_process_and review controls overcalculations of provision of non-performing advances，basis of,,"at the reporting date,in accordance with the accounting criteria setunder Accounting Standard 29-Provisions,Contingent Liabiities",,,,,,
identificationand provisionrequiredagainst NPAsbyapplyingquantitative as well as qualitative factors.The risk of identification,identificationand provisionrequiredagainst NPAsbyapplyingquantitative as well as qualitative factors.The risk of identification,identificationand provisionrequiredagainst NPAsbyapplyingquantitative as well as qualitative factors.The risk of identification,identificationand provisionrequiredagainst NPAsbyapplyingquantitative as well as qualitative factors.The risk of identification,identificationand provisionrequiredagainst NPAsbyapplyingquantitative as well as qualitative factors.The risk of identification,identificationand provisionrequiredagainst NPAsbyapplyingquantitative as well as qualitative factors.The risk of identification,identificationand provisionrequiredagainst NPAsbyapplyingquantitative as well as qualitative factors.The risk of identification,identificationand provisionrequiredagainst NPAsbyapplyingquantitative as well as qualitative factors.The risk of identification,identificationand provisionrequiredagainst NPAsbyapplyingquantitative as well as qualitative factors.The risk of identification,Evaluated the governance_process_and review controls overcalculations of provision of non-performing advances，basis ofprovisioning in accordance with the Board approved policy.,Evaluated the governance_process_and review controls overcalculations of provision of non-performing advances，basis ofprovisioning in accordance with the Board approved policy.,Evaluated the governance_process_and review controls overcalculations of provision of non-performing advances，basis ofprovisioning in accordance with the Board approved policy.,Evaluated the governance_process_and review controls overcalculations of provision of non-performing advances，basis ofprovisioning in accordance with the Board approved policy.,Evaluated the governance_process_and review controls overcalculations of provision of non-performing advances，basis ofprovisioning in accordance with the Board approved policy.,Evaluated the governance_process_and review controls overcalculations of provision of non-performing advances，basis ofprovisioning in accordance with the Board approved policy.,Evaluated the governance_process_and review controls overcalculations of provision of non-performing advances，basis ofprovisioning in accordance with the Board approved policy.,,,,Evaluated the governance_process_and review controls overcalculations of provision of non-performing advances，basis of,Evaluated the governance_process_and review controls overcalculations of provision of non-performing advances，basis of,Evaluated the governance_process_and review controls overcalculations of provision of non-performing advances，basis of,Evaluated the governance_process_and review controls overcalculations of provision of non-performing advances，basis of,,,,,,,,
,,,,,,,,,Evaluated the governance_process_and review controls overcalculations of provision of non-performing advances，basis ofprovisioning in accordance with the Board approved policy.,Evaluated the governance_process_and review controls overcalculations of provision of non-performing advances，basis ofprovisioning in accordance with the Board approved policy.,Evaluated the governance_process_and review controls overcalculations of provision of non-performing advances，basis ofprovisioning in accordance with the Board approved policy.,Evaluated the governance_process_and review controls overcalculations of provision of non-performing advances，basis ofprovisioning in accordance with the Board approved policy.,Evaluated the governance_process_and review controls overcalculations of provision of non-performing advances，basis ofprovisioning in accordance with the Board approved policy.,Evaluated the governance_process_and review controls overcalculations of provision of non-performing advances，basis ofprovisioning in accordance with the Board approved policy.,Evaluated the governance_process_and review controls overcalculations of provision of non-performing advances，basis ofprovisioning in accordance with the Board approved policy.,provisioning,provisioning,,,,,,,,,,,,,
,,,,,,,,,Evaluated the governance_process_and review controls overcalculations of provision of non-performing advances，basis ofprovisioning in accordance with the Board approved policy.,Evaluated the governance_process_and review controls overcalculations of provision of non-performing advances，basis ofprovisioning in accordance with the Board approved policy.,Evaluated the governance_process_and review controls overcalculations of provision of non-performing advances，basis ofprovisioning in accordance with the Board approved policy.,Evaluated the governance_process_and review controls overcalculations of provision of non-performing advances，basis ofprovisioning in accordance with the Board approved policy.,Evaluated the governance_process_and review controls overcalculations of provision of non-performing advances，basis ofprovisioning in accordance with the Board approved policy.,Evaluated the governance_process_and review controls overcalculations of provision of non-performing advances，basis ofprovisioning in accordance with the Board approved policy.,Evaluated the governance_process_and review controls overcalculations of provision of non-performing advances，basis ofprovisioning in accordance with the Board approved policy.,provisioning,provisioning,calculations of provision of non-performing advances，basis ofprovisioning in accordance with the Board approved policy.,calculations of provision of non-performing advances，basis ofprovisioning in accordance with the Board approved policy.,calculations of provision of non-performing advances，basis ofprovisioning in accordance with the Board approved policy.,calculations of provision of non-performing advances，basis ofprovisioning in accordance with the Board approved policy.,calculations of provision of non-performing advances，basis ofprovisioning in accordance with the Board approved policy.,calculations of provision of non-performing advances，basis ofprovisioning in accordance with the Board approved policy.,,"under Accounting Standard 29-Provisions,Contingent Liabiitiesand Contingent Assets (AS29),orwhetheritneeds tobedisclosed","· Obtained an understanding of the Bank's process for determiningtax liabilities,tax provisions and contingent liabilities pertaining to","· Obtained an understanding of the Bank's process for determiningtax liabilities,tax provisions and contingent liabilities pertaining to",,,
of NPAs is affected by factors like stress and liquidity concerns in,of NPAs is affected by factors like stress and liquidity concerns in,of NPAs is affected by factors like stress and liquidity concerns in,of NPAs is affected by factors like stress and liquidity concerns in,of NPAs is affected by factors like stress and liquidity concerns in,of NPAs is affected by factors like stress and liquidity concerns in,of NPAs is affected by factors like stress and liquidity concerns in,of NPAs is affected by factors like stress and liquidity concerns in,of NPAs is affected by factors like stress and liquidity concerns in,,,,,,,,asacontingent liability.Further_significant judgementsare also,,,,,,,,,,,,,,
certain sectors.,certain sectors.,certain sectors.,certain sectors.,certain sectors.,certain sectors.,certain sectors.,certain sectors.,certain sectors.,Selected the borrowers based on quantitative and qualitative riskfactors for their assessment of appropriate classificationas NPA,Selected the borrowers based on quantitative and qualitative riskfactors for their assessment of appropriate classificationas NPA,Selected the borrowers based on quantitative and qualitative riskfactors for their assessment of appropriate classificationas NPA,Selected the borrowers based on quantitative and qualitative riskfactors for their assessment of appropriate classificationas NPA,Selected the borrowers based on quantitative and qualitative riskfactors for their assessment of appropriate classificationas NPA,Selected the borrowers based on quantitative and qualitative riskfactors for their assessment of appropriate classificationas NPA,Selected the borrowers based on quantitative and qualitative riskfactors for their assessment of appropriate classificationas NPA,Selected the borrowers based on quantitative and qualitative riskfactors for their assessment of appropriate classificationas NPA,Selected the borrowers based on quantitative and qualitative riskfactors for their assessment of appropriate classificationas NPA,Selected the borrowers based on quantitative and qualitative riskfactors for their assessment of appropriate classificationas NPA,Selected the borrowers based on quantitative and qualitative riskfactors for their assessment of appropriate classificationas NPA,calculations of provision of non-performing advances，basis ofprovisioning in accordance with the Board approved policy.,calculations of provision of non-performing advances，basis ofprovisioning in accordance with the Board approved policy.,calculations of provision of non-performing advances，basis ofprovisioning in accordance with the Board approved policy.,calculations of provision of non-performing advances，basis ofprovisioning in accordance with the Board approved policy.,,"involved in measuring such obligations,the most significant of which","· Obtained an understanding of the Bank's process for determiningtax liabilities,tax provisions and contingent liabilities pertaining to","· Obtained an understanding of the Bank's process for determiningtax liabilities,tax provisions and contingent liabilities pertaining to",legal matters and taxation matters;,legal matters and taxation matters;,
certain sectors.,certain sectors.,certain sectors.,certain sectors.,certain sectors.,certain sectors.,certain sectors.,certain sectors.,certain sectors.,Selected the borrowers based on quantitative and qualitative riskfactors for their assessment of appropriate classificationas NPA,Selected the borrowers based on quantitative and qualitative riskfactors for their assessment of appropriate classificationas NPA,Selected the borrowers based on quantitative and qualitative riskfactors for their assessment of appropriate classificationas NPA,Selected the borrowers based on quantitative and qualitative riskfactors for their assessment of appropriate classificationas NPA,Selected the borrowers based on quantitative and qualitative riskfactors for their assessment of appropriate classificationas NPA,Selected the borrowers based on quantitative and qualitative riskfactors for their assessment of appropriate classificationas NPA,Selected the borrowers based on quantitative and qualitative riskfactors for their assessment of appropriate classificationas NPA,Selected the borrowers based on quantitative and qualitative riskfactors for their assessment of appropriate classificationas NPA,Selected the borrowers based on quantitative and qualitative riskfactors for their assessment of appropriate classificationas NPA,Selected the borrowers based on quantitative and qualitative riskfactors for their assessment of appropriate classificationas NPA,Selected the borrowers based on quantitative and qualitative riskfactors for their assessment of appropriate classificationas NPA,,"involved in measuring such obligations,the most significant of whichare:",· Obtained list of cases /matters in respect of which litigations wereoutstanding as at reporting date;,· Obtained list of cases /matters in respect of which litigations wereoutstanding as at reporting date;,,,,,,,
"The provision on NPA is estimated based on ageing and classificationof NPAs，recovery estimates,nature of loan product, value ofsecurity and other qualitative factors and is subject to the minimumprovisioning norms specified by RBl and approved policy of the Bank","The provision on NPA is estimated based on ageing and classificationof NPAs，recovery estimates,nature of loan product, value ofsecurity and other qualitative factors and is subject to the minimumprovisioning norms specified by RBl and approved policy of the Bank","The provision on NPA is estimated based on ageing and classificationof NPAs，recovery estimates,nature of loan product, value ofsecurity and other qualitative factors and is subject to the minimumprovisioning norms specified by RBl and approved policy of the Bank","The provision on NPA is estimated based on ageing and classificationof NPAs，recovery estimates,nature of loan product, value ofsecurity and other qualitative factors and is subject to the minimumprovisioning norms specified by RBl and approved policy of the Bank","The provision on NPA is estimated based on ageing and classificationof NPAs，recovery estimates,nature of loan product, value ofsecurity and other qualitative factors and is subject to the minimumprovisioning norms specified by RBl and approved policy of the Bank","The provision on NPA is estimated based on ageing and classificationof NPAs，recovery estimates,nature of loan product, value ofsecurity and other qualitative factors and is subject to the minimumprovisioning norms specified by RBl and approved policy of the Bank","The provision on NPA is estimated based on ageing and classificationof NPAs，recovery estimates,nature of loan product, value ofsecurity and other qualitative factors and is subject to the minimumprovisioning norms specified by RBl and approved policy of the Bank","The provision on NPA is estimated based on ageing and classificationof NPAs，recovery estimates,nature of loan product, value ofsecurity and other qualitative factors and is subject to the minimumprovisioning norms specified by RBl and approved policy of the Bank","The provision on NPA is estimated based on ageing and classificationof NPAs，recovery estimates,nature of loan product, value ofsecurity and other qualitative factors and is subject to the minimumprovisioning norms specified by RBl and approved policy of the Bank",including_computation of overdue ageing to assess its correctclasification and provision amount as per extant IRAC norms andthe Bank policy.Performed other substantive procedures included and not imited tothe following:· Selected samples of performing loans and assessed independentlyas to whether those should be classfied as NPA;·For samples selected reviewed the collateral valuation，financialstatements and other qualitative information;,including_computation of overdue ageing to assess its correctclasification and provision amount as per extant IRAC norms andthe Bank policy.Performed other substantive procedures included and not imited tothe following:· Selected samples of performing loans and assessed independentlyas to whether those should be classfied as NPA;·For samples selected reviewed the collateral valuation，financialstatements and other qualitative information;,including_computation of overdue ageing to assess its correctclasification and provision amount as per extant IRAC norms andthe Bank policy.Performed other substantive procedures included and not imited tothe following:· Selected samples of performing loans and assessed independentlyas to whether those should be classfied as NPA;·For samples selected reviewed the collateral valuation，financialstatements and other qualitative information;,including_computation of overdue ageing to assess its correctclasification and provision amount as per extant IRAC norms andthe Bank policy.Performed other substantive procedures included and not imited tothe following:· Selected samples of performing loans and assessed independentlyas to whether those should be classfied as NPA;·For samples selected reviewed the collateral valuation，financialstatements and other qualitative information;,including_computation of overdue ageing to assess its correctclasification and provision amount as per extant IRAC norms andthe Bank policy.Performed other substantive procedures included and not imited tothe following:· Selected samples of performing loans and assessed independentlyas to whether those should be classfied as NPA;·For samples selected reviewed the collateral valuation，financialstatements and other qualitative information;,including_computation of overdue ageing to assess its correctclasification and provision amount as per extant IRAC norms andthe Bank policy.Performed other substantive procedures included and not imited tothe following:· Selected samples of performing loans and assessed independentlyas to whether those should be classfied as NPA;·For samples selected reviewed the collateral valuation，financialstatements and other qualitative information;,including_computation of overdue ageing to assess its correctclasification and provision amount as per extant IRAC norms andthe Bank policy.Performed other substantive procedures included and not imited tothe following:· Selected samples of performing loans and assessed independentlyas to whether those should be classfied as NPA;·For samples selected reviewed the collateral valuation，financialstatements and other qualitative information;,including_computation of overdue ageing to assess its correctclasification and provision amount as per extant IRAC norms andthe Bank policy.Performed other substantive procedures included and not imited tothe following:· Selected samples of performing loans and assessed independentlyas to whether those should be classfied as NPA;·For samples selected reviewed the collateral valuation，financialstatements and other qualitative information;,including_computation of overdue ageing to assess its correctclasification and provision amount as per extant IRAC norms andthe Bank policy.Performed other substantive procedures included and not imited tothe following:· Selected samples of performing loans and assessed independentlyas to whether those should be classfied as NPA;·For samples selected reviewed the collateral valuation，financialstatements and other qualitative information;,including_computation of overdue ageing to assess its correctclasification and provision amount as per extant IRAC norms andthe Bank policy.Performed other substantive procedures included and not imited tothe following:· Selected samples of performing loans and assessed independentlyas to whether those should be classfied as NPA;·For samples selected reviewed the collateral valuation，financialstatements and other qualitative information;,including_computation of overdue ageing to assess its correctclasification and provision amount as per extant IRAC norms andthe Bank policy.Performed other substantive procedures included and not imited tothe following:· Selected samples of performing loans and assessed independentlyas to whether those should be classfied as NPA;·For samples selected reviewed the collateral valuation，financialstatements and other qualitative information;,,,· Obtained list of cases /matters in respect of which litigations wereoutstanding as at reporting date;,· Obtained list of cases /matters in respect of which litigations wereoutstanding as at reporting date;,,,,,,,
"The provision on NPA is estimated based on ageing and classificationof NPAs，recovery estimates,nature of loan product, value ofsecurity and other qualitative factors and is subject to the minimumprovisioning norms specified by RBl and approved policy of the Bank","The provision on NPA is estimated based on ageing and classificationof NPAs，recovery estimates,nature of loan product, value ofsecurity and other qualitative factors and is subject to the minimumprovisioning norms specified by RBl and approved policy of the Bank","The provision on NPA is estimated based on ageing and classificationof NPAs，recovery estimates,nature of loan product, value ofsecurity and other qualitative factors and is subject to the minimumprovisioning norms specified by RBl and approved policy of the Bank","The provision on NPA is estimated based on ageing and classificationof NPAs，recovery estimates,nature of loan product, value ofsecurity and other qualitative factors and is subject to the minimumprovisioning norms specified by RBl and approved policy of the Bank","The provision on NPA is estimated based on ageing and classificationof NPAs，recovery estimates,nature of loan product, value ofsecurity and other qualitative factors and is subject to the minimumprovisioning norms specified by RBl and approved policy of the Bank","The provision on NPA is estimated based on ageing and classificationof NPAs，recovery estimates,nature of loan product, value ofsecurity and other qualitative factors and is subject to the minimumprovisioning norms specified by RBl and approved policy of the Bank","The provision on NPA is estimated based on ageing and classificationof NPAs，recovery estimates,nature of loan product, value ofsecurity and other qualitative factors and is subject to the minimumprovisioning norms specified by RBl and approved policy of the Bank","The provision on NPA is estimated based on ageing and classificationof NPAs，recovery estimates,nature of loan product, value ofsecurity and other qualitative factors and is subject to the minimumprovisioning norms specified by RBl and approved policy of the Bank","The provision on NPA is estimated based on ageing and classificationof NPAs，recovery estimates,nature of loan product, value ofsecurity and other qualitative factors and is subject to the minimumprovisioning norms specified by RBl and approved policy of the Bank",including_computation of overdue ageing to assess its correctclasification and provision amount as per extant IRAC norms andthe Bank policy.Performed other substantive procedures included and not imited tothe following:· Selected samples of performing loans and assessed independentlyas to whether those should be classfied as NPA;·For samples selected reviewed the collateral valuation，financialstatements and other qualitative information;,including_computation of overdue ageing to assess its correctclasification and provision amount as per extant IRAC norms andthe Bank policy.Performed other substantive procedures included and not imited tothe following:· Selected samples of performing loans and assessed independentlyas to whether those should be classfied as NPA;·For samples selected reviewed the collateral valuation，financialstatements and other qualitative information;,including_computation of overdue ageing to assess its correctclasification and provision amount as per extant IRAC norms andthe Bank policy.Performed other substantive procedures included and not imited tothe following:· Selected samples of performing loans and assessed independentlyas to whether those should be classfied as NPA;·For samples selected reviewed the collateral valuation，financialstatements and other qualitative information;,including_computation of overdue ageing to assess its correctclasification and provision amount as per extant IRAC norms andthe Bank policy.Performed other substantive procedures included and not imited tothe following:· Selected samples of performing loans and assessed independentlyas to whether those should be classfied as NPA;·For samples selected reviewed the collateral valuation，financialstatements and other qualitative information;,including_computation of overdue ageing to assess its correctclasification and provision amount as per extant IRAC norms andthe Bank policy.Performed other substantive procedures included and not imited tothe following:· Selected samples of performing loans and assessed independentlyas to whether those should be classfied as NPA;·For samples selected reviewed the collateral valuation，financialstatements and other qualitative information;,including_computation of overdue ageing to assess its correctclasification and provision amount as per extant IRAC norms andthe Bank policy.Performed other substantive procedures included and not imited tothe following:· Selected samples of performing loans and assessed independentlyas to whether those should be classfied as NPA;·For samples selected reviewed the collateral valuation，financialstatements and other qualitative information;,including_computation of overdue ageing to assess its correctclasification and provision amount as per extant IRAC norms andthe Bank policy.Performed other substantive procedures included and not imited tothe following:· Selected samples of performing loans and assessed independentlyas to whether those should be classfied as NPA;·For samples selected reviewed the collateral valuation，financialstatements and other qualitative information;,including_computation of overdue ageing to assess its correctclasification and provision amount as per extant IRAC norms andthe Bank policy.Performed other substantive procedures included and not imited tothe following:· Selected samples of performing loans and assessed independentlyas to whether those should be classfied as NPA;·For samples selected reviewed the collateral valuation，financialstatements and other qualitative information;,including_computation of overdue ageing to assess its correctclasification and provision amount as per extant IRAC norms andthe Bank policy.Performed other substantive procedures included and not imited tothe following:· Selected samples of performing loans and assessed independentlyas to whether those should be classfied as NPA;·For samples selected reviewed the collateral valuation，financialstatements and other qualitative information;,including_computation of overdue ageing to assess its correctclasification and provision amount as per extant IRAC norms andthe Bank policy.Performed other substantive procedures included and not imited tothe following:· Selected samples of performing loans and assessed independentlyas to whether those should be classfied as NPA;·For samples selected reviewed the collateral valuation，financialstatements and other qualitative information;,including_computation of overdue ageing to assess its correctclasification and provision amount as per extant IRAC norms andthe Bank policy.Performed other substantive procedures included and not imited tothe following:· Selected samples of performing loans and assessed independentlyas to whether those should be classfied as NPA;·For samples selected reviewed the collateral valuation，financialstatements and other qualitative information;,,·Assessment of liability: Judgement is involved in the determination,· Obtained list of cases /matters in respect of which litigations wereoutstanding as at reporting date;,· Obtained list of cases /matters in respect of which litigations wereoutstanding as at reporting date;,,,,,,,
"The provision on NPA is estimated based on ageing and classificationof NPAs，recovery estimates,nature of loan product, value ofsecurity and other qualitative factors and is subject to the minimumprovisioning norms specified by RBl and approved policy of the Bank","The provision on NPA is estimated based on ageing and classificationof NPAs，recovery estimates,nature of loan product, value ofsecurity and other qualitative factors and is subject to the minimumprovisioning norms specified by RBl and approved policy of the Bank","The provision on NPA is estimated based on ageing and classificationof NPAs，recovery estimates,nature of loan product, value ofsecurity and other qualitative factors and is subject to the minimumprovisioning norms specified by RBl and approved policy of the Bank","The provision on NPA is estimated based on ageing and classificationof NPAs，recovery estimates,nature of loan product, value ofsecurity and other qualitative factors and is subject to the minimumprovisioning norms specified by RBl and approved policy of the Bank","The provision on NPA is estimated based on ageing and classificationof NPAs，recovery estimates,nature of loan product, value ofsecurity and other qualitative factors and is subject to the minimumprovisioning norms specified by RBl and approved policy of the Bank","The provision on NPA is estimated based on ageing and classificationof NPAs，recovery estimates,nature of loan product, value ofsecurity and other qualitative factors and is subject to the minimumprovisioning norms specified by RBl and approved policy of the Bank","The provision on NPA is estimated based on ageing and classificationof NPAs，recovery estimates,nature of loan product, value ofsecurity and other qualitative factors and is subject to the minimumprovisioning norms specified by RBl and approved policy of the Bank","The provision on NPA is estimated based on ageing and classificationof NPAs，recovery estimates,nature of loan product, value ofsecurity and other qualitative factors and is subject to the minimumprovisioning norms specified by RBl and approved policy of the Bank","The provision on NPA is estimated based on ageing and classificationof NPAs，recovery estimates,nature of loan product, value ofsecurity and other qualitative factors and is subject to the minimumprovisioning norms specified by RBl and approved policy of the Bank",including_computation of overdue ageing to assess its correctclasification and provision amount as per extant IRAC norms andthe Bank policy.Performed other substantive procedures included and not imited tothe following:· Selected samples of performing loans and assessed independentlyas to whether those should be classfied as NPA;·For samples selected reviewed the collateral valuation，financialstatements and other qualitative information;,including_computation of overdue ageing to assess its correctclasification and provision amount as per extant IRAC norms andthe Bank policy.Performed other substantive procedures included and not imited tothe following:· Selected samples of performing loans and assessed independentlyas to whether those should be classfied as NPA;·For samples selected reviewed the collateral valuation，financialstatements and other qualitative information;,including_computation of overdue ageing to assess its correctclasification and provision amount as per extant IRAC norms andthe Bank policy.Performed other substantive procedures included and not imited tothe following:· Selected samples of performing loans and assessed independentlyas to whether those should be classfied as NPA;·For samples selected reviewed the collateral valuation，financialstatements and other qualitative information;,including_computation of overdue ageing to assess its correctclasification and provision amount as per extant IRAC norms andthe Bank policy.Performed other substantive procedures included and not imited tothe following:· Selected samples of performing loans and assessed independentlyas to whether those should be classfied as NPA;·For samples selected reviewed the collateral valuation，financialstatements and other qualitative information;,including_computation of overdue ageing to assess its correctclasification and provision amount as per extant IRAC norms andthe Bank policy.Performed other substantive procedures included and not imited tothe following:· Selected samples of performing loans and assessed independentlyas to whether those should be classfied as NPA;·For samples selected reviewed the collateral valuation，financialstatements and other qualitative information;,including_computation of overdue ageing to assess its correctclasification and provision amount as per extant IRAC norms andthe Bank policy.Performed other substantive procedures included and not imited tothe following:· Selected samples of performing loans and assessed independentlyas to whether those should be classfied as NPA;·For samples selected reviewed the collateral valuation，financialstatements and other qualitative information;,including_computation of overdue ageing to assess its correctclasification and provision amount as per extant IRAC norms andthe Bank policy.Performed other substantive procedures included and not imited tothe following:· Selected samples of performing loans and assessed independentlyas to whether those should be classfied as NPA;·For samples selected reviewed the collateral valuation，financialstatements and other qualitative information;,including_computation of overdue ageing to assess its correctclasification and provision amount as per extant IRAC norms andthe Bank policy.Performed other substantive procedures included and not imited tothe following:· Selected samples of performing loans and assessed independentlyas to whether those should be classfied as NPA;·For samples selected reviewed the collateral valuation，financialstatements and other qualitative information;,including_computation of overdue ageing to assess its correctclasification and provision amount as per extant IRAC norms andthe Bank policy.Performed other substantive procedures included and not imited tothe following:· Selected samples of performing loans and assessed independentlyas to whether those should be classfied as NPA;·For samples selected reviewed the collateral valuation，financialstatements and other qualitative information;,including_computation of overdue ageing to assess its correctclasification and provision amount as per extant IRAC norms andthe Bank policy.Performed other substantive procedures included and not imited tothe following:· Selected samples of performing loans and assessed independentlyas to whether those should be classfied as NPA;·For samples selected reviewed the collateral valuation，financialstatements and other qualitative information;,including_computation of overdue ageing to assess its correctclasification and provision amount as per extant IRAC norms andthe Bank policy.Performed other substantive procedures included and not imited tothe following:· Selected samples of performing loans and assessed independentlyas to whether those should be classfied as NPA;·For samples selected reviewed the collateral valuation，financialstatements and other qualitative information;,,of whether an outflow in respect of identified material matters areprobable and can be estimated reliably;,">For significant legal matters,we sought external confirmationsand also corroborated with management'sdocumentedconclusions on the assessment of outstanding litigationsagainst the Bank;>For significant taxation matters,we involved our tax specialistto gainan understanding of te current status of thelitigations,including understanding of various orders/notices received bythe Bank and the management's grounds of appeals before therelevant appellate authorities.",">For significant legal matters,we sought external confirmationsand also corroborated with management'sdocumentedconclusions on the assessment of outstanding litigationsagainst the Bank;>For significant taxation matters,we involved our tax specialistto gainan understanding of te current status of thelitigations,including understanding of various orders/notices received bythe Bank and the management's grounds of appeals before therelevant appellate authorities.",,,,,,,
in this regard.Additionally， the Bank makes provisions on exposures that are,in this regard.Additionally， the Bank makes provisions on exposures that are,in this regard.Additionally， the Bank makes provisions on exposures that are,in this regard.Additionally， the Bank makes provisions on exposures that are,in this regard.Additionally， the Bank makes provisions on exposures that are,in this regard.Additionally， the Bank makes provisions on exposures that are,in this regard.Additionally， the Bank makes provisions on exposures that are,in this regard.Additionally， the Bank makes provisions on exposures that are,in this regard.Additionally， the Bank makes provisions on exposures that are,including_computation of overdue ageing to assess its correctclasification and provision amount as per extant IRAC norms andthe Bank policy.Performed other substantive procedures included and not imited tothe following:· Selected samples of performing loans and assessed independentlyas to whether those should be classfied as NPA;·For samples selected reviewed the collateral valuation，financialstatements and other qualitative information;,including_computation of overdue ageing to assess its correctclasification and provision amount as per extant IRAC norms andthe Bank policy.Performed other substantive procedures included and not imited tothe following:· Selected samples of performing loans and assessed independentlyas to whether those should be classfied as NPA;·For samples selected reviewed the collateral valuation，financialstatements and other qualitative information;,including_computation of overdue ageing to assess its correctclasification and provision amount as per extant IRAC norms andthe Bank policy.Performed other substantive procedures included and not imited tothe following:· Selected samples of performing loans and assessed independentlyas to whether those should be classfied as NPA;·For samples selected reviewed the collateral valuation，financialstatements and other qualitative information;,including_computation of overdue ageing to assess its correctclasification and provision amount as per extant IRAC norms andthe Bank policy.Performed other substantive procedures included and not imited tothe following:· Selected samples of performing loans and assessed independentlyas to whether those should be classfied as NPA;·For samples selected reviewed the collateral valuation，financialstatements and other qualitative information;,including_computation of overdue ageing to assess its correctclasification and provision amount as per extant IRAC norms andthe Bank policy.Performed other substantive procedures included and not imited tothe following:· Selected samples of performing loans and assessed independentlyas to whether those should be classfied as NPA;·For samples selected reviewed the collateral valuation，financialstatements and other qualitative information;,including_computation of overdue ageing to assess its correctclasification and provision amount as per extant IRAC norms andthe Bank policy.Performed other substantive procedures included and not imited tothe following:· Selected samples of performing loans and assessed independentlyas to whether those should be classfied as NPA;·For samples selected reviewed the collateral valuation，financialstatements and other qualitative information;,including_computation of overdue ageing to assess its correctclasification and provision amount as per extant IRAC norms andthe Bank policy.Performed other substantive procedures included and not imited tothe following:· Selected samples of performing loans and assessed independentlyas to whether those should be classfied as NPA;·For samples selected reviewed the collateral valuation，financialstatements and other qualitative information;,including_computation of overdue ageing to assess its correctclasification and provision amount as per extant IRAC norms andthe Bank policy.Performed other substantive procedures included and not imited tothe following:· Selected samples of performing loans and assessed independentlyas to whether those should be classfied as NPA;·For samples selected reviewed the collateral valuation，financialstatements and other qualitative information;,including_computation of overdue ageing to assess its correctclasification and provision amount as per extant IRAC norms andthe Bank policy.Performed other substantive procedures included and not imited tothe following:· Selected samples of performing loans and assessed independentlyas to whether those should be classfied as NPA;·For samples selected reviewed the collateral valuation，financialstatements and other qualitative information;,including_computation of overdue ageing to assess its correctclasification and provision amount as per extant IRAC norms andthe Bank policy.Performed other substantive procedures included and not imited tothe following:· Selected samples of performing loans and assessed independentlyas to whether those should be classfied as NPA;·For samples selected reviewed the collateral valuation，financialstatements and other qualitative information;,including_computation of overdue ageing to assess its correctclasification and provision amount as per extant IRAC norms andthe Bank policy.Performed other substantive procedures included and not imited tothe following:· Selected samples of performing loans and assessed independentlyas to whether those should be classfied as NPA;·For samples selected reviewed the collateral valuation，financialstatements and other qualitative information;,,of whether an outflow in respect of identified material matters areprobable and can be estimated reliably;,">For significant legal matters,we sought external confirmationsand also corroborated with management'sdocumentedconclusions on the assessment of outstanding litigationsagainst the Bank;>For significant taxation matters,we involved our tax specialistto gainan understanding of te current status of thelitigations,including understanding of various orders/notices received bythe Bank and the management's grounds of appeals before therelevant appellate authorities.",">For significant legal matters,we sought external confirmationsand also corroborated with management'sdocumentedconclusions on the assessment of outstanding litigationsagainst the Bank;>For significant taxation matters,we involved our tax specialistto gainan understanding of te current status of thelitigations,including understanding of various orders/notices received bythe Bank and the management's grounds of appeals before therelevant appellate authorities.",,,,,,,
in this regard.Additionally， the Bank makes provisions on exposures that are,in this regard.Additionally， the Bank makes provisions on exposures that are,in this regard.Additionally， the Bank makes provisions on exposures that are,in this regard.Additionally， the Bank makes provisions on exposures that are,in this regard.Additionally， the Bank makes provisions on exposures that are,in this regard.Additionally， the Bank makes provisions on exposures that are,in this regard.Additionally， the Bank makes provisions on exposures that are,in this regard.Additionally， the Bank makes provisions on exposures that are,in this regard.Additionally， the Bank makes provisions on exposures that are,including_computation of overdue ageing to assess its correctclasification and provision amount as per extant IRAC norms andthe Bank policy.Performed other substantive procedures included and not imited tothe following:· Selected samples of performing loans and assessed independentlyas to whether those should be classfied as NPA;·For samples selected reviewed the collateral valuation，financialstatements and other qualitative information;,including_computation of overdue ageing to assess its correctclasification and provision amount as per extant IRAC norms andthe Bank policy.Performed other substantive procedures included and not imited tothe following:· Selected samples of performing loans and assessed independentlyas to whether those should be classfied as NPA;·For samples selected reviewed the collateral valuation，financialstatements and other qualitative information;,including_computation of overdue ageing to assess its correctclasification and provision amount as per extant IRAC norms andthe Bank policy.Performed other substantive procedures included and not imited tothe following:· Selected samples of performing loans and assessed independentlyas to whether those should be classfied as NPA;·For samples selected reviewed the collateral valuation，financialstatements and other qualitative information;,including_computation of overdue ageing to assess its correctclasification and provision amount as per extant IRAC norms andthe Bank policy.Performed other substantive procedures included and not imited tothe following:· Selected samples of performing loans and assessed independentlyas to whether those should be classfied as NPA;·For samples selected reviewed the collateral valuation，financialstatements and other qualitative information;,including_computation of overdue ageing to assess its correctclasification and provision amount as per extant IRAC norms andthe Bank policy.Performed other substantive procedures included and not imited tothe following:· Selected samples of performing loans and assessed independentlyas to whether those should be classfied as NPA;·For samples selected reviewed the collateral valuation，financialstatements and other qualitative information;,including_computation of overdue ageing to assess its correctclasification and provision amount as per extant IRAC norms andthe Bank policy.Performed other substantive procedures included and not imited tothe following:· Selected samples of performing loans and assessed independentlyas to whether those should be classfied as NPA;·For samples selected reviewed the collateral valuation，financialstatements and other qualitative information;,including_computation of overdue ageing to assess its correctclasification and provision amount as per extant IRAC norms andthe Bank policy.Performed other substantive procedures included and not imited tothe following:· Selected samples of performing loans and assessed independentlyas to whether those should be classfied as NPA;·For samples selected reviewed the collateral valuation，financialstatements and other qualitative information;,including_computation of overdue ageing to assess its correctclasification and provision amount as per extant IRAC norms andthe Bank policy.Performed other substantive procedures included and not imited tothe following:· Selected samples of performing loans and assessed independentlyas to whether those should be classfied as NPA;·For samples selected reviewed the collateral valuation，financialstatements and other qualitative information;,including_computation of overdue ageing to assess its correctclasification and provision amount as per extant IRAC norms andthe Bank policy.Performed other substantive procedures included and not imited tothe following:· Selected samples of performing loans and assessed independentlyas to whether those should be classfied as NPA;·For samples selected reviewed the collateral valuation，financialstatements and other qualitative information;,including_computation of overdue ageing to assess its correctclasification and provision amount as per extant IRAC norms andthe Bank policy.Performed other substantive procedures included and not imited tothe following:· Selected samples of performing loans and assessed independentlyas to whether those should be classfied as NPA;·For samples selected reviewed the collateral valuation，financialstatements and other qualitative information;,including_computation of overdue ageing to assess its correctclasification and provision amount as per extant IRAC norms andthe Bank policy.Performed other substantive procedures included and not imited tothe following:· Selected samples of performing loans and assessed independentlyas to whether those should be classfied as NPA;·For samples selected reviewed the collateral valuation，financialstatements and other qualitative information;,,·Adequacy of provisions: The appropriateness of assumptions andjudgements used in the estimation of significant provisions;and,">For significant legal matters,we sought external confirmationsand also corroborated with management'sdocumentedconclusions on the assessment of outstanding litigationsagainst the Bank;>For significant taxation matters,we involved our tax specialistto gainan understanding of te current status of thelitigations,including understanding of various orders/notices received bythe Bank and the management's grounds of appeals before therelevant appellate authorities.",">For significant legal matters,we sought external confirmationsand also corroborated with management'sdocumentedconclusions on the assessment of outstanding litigationsagainst the Bank;>For significant taxation matters,we involved our tax specialistto gainan understanding of te current status of thelitigations,including understanding of various orders/notices received bythe Bank and the management's grounds of appeals before therelevant appellate authorities.",,,,,,,
not classified as NPAs including advances in certain sectors and,not classified as NPAs including advances in certain sectors and,not classified as NPAs including advances in certain sectors and,not classified as NPAs including advances in certain sectors and,not classified as NPAs including advances in certain sectors and,not classified as NPAs including advances in certain sectors and,not classified as NPAs including advances in certain sectors andidentifiedadvances or groupadvances that can potentiallyslipintoNPA.These are classified as contingency provisions.,not classified as NPAs including advances in certain sectors andidentifiedadvances or groupadvances that can potentiallyslipintoNPA.These are classified as contingency provisions.,not classified as NPAs including advances in certain sectors andidentifiedadvances or groupadvances that can potentiallyslipintoNPA.These are classified as contingency provisions.,not classified as NPAs including advances in certain sectors andidentifiedadvances or groupadvances that can potentiallyslipintoNPA.These are classified as contingency provisions.,not classified as NPAs including advances in certain sectors andidentifiedadvances or groupadvances that can potentiallyslipintoNPA.These are classified as contingency provisions.,not classified as NPAs including advances in certain sectors andidentifiedadvances or groupadvances that can potentiallyslipintoNPA.These are classified as contingency provisions.,not classified as NPAs including advances in certain sectors andidentifiedadvances or groupadvances that can potentiallyslipintoNPA.These are classified as contingency provisions.,not classified as NPAs including advances in certain sectors andidentifiedadvances or groupadvances that can potentiallyslipintoNPA.These are classified as contingency provisions.,not classified as NPAs including advances in certain sectors andidentifiedadvances or groupadvances that can potentiallyslipintoNPA.These are classified as contingency provisions.,not classified as NPAs including advances in certain sectors andidentifiedadvances or groupadvances that can potentiallyslipintoNPA.These are classified as contingency provisions.,not classified as NPAs including advances in certain sectors andidentifiedadvances or groupadvances that can potentiallyslipintoNPA.These are classified as contingency provisions.,not classified as NPAs including advances in certain sectors andidentifiedadvances or groupadvances that can potentiallyslipintoNPA.These are classified as contingency provisions.,not classified as NPAs including advances in certain sectors andidentifiedadvances or groupadvances that can potentiallyslipintoNPA.These are classified as contingency provisions.,including_computation of overdue ageing to assess its correctclasification and provision amount as per extant IRAC norms andthe Bank policy.Performed other substantive procedures included and not imited tothe following:· Selected samples of performing loans and assessed independentlyas to whether those should be classfied as NPA;·For samples selected reviewed the collateral valuation，financialstatements and other qualitative information;,,,">For significant legal matters,we sought external confirmationsand also corroborated with management'sdocumentedconclusions on the assessment of outstanding litigationsagainst the Bank;>For significant taxation matters,we involved our tax specialistto gainan understanding of te current status of thelitigations,including understanding of various orders/notices received bythe Bank and the management's grounds of appeals before therelevant appellate authorities.",">For significant legal matters,we sought external confirmationsand also corroborated with management'sdocumentedconclusions on the assessment of outstanding litigationsagainst the Bank;>For significant taxation matters,we involved our tax specialistto gainan understanding of te current status of thelitigations,including understanding of various orders/notices received bythe Bank and the management's grounds of appeals before therelevant appellate authorities.",,,,,,,
identifiedadyances.,identifiedadyances.,ancesergroupady,ancesergroupady,ancesergroupady,,not classified as NPAs including advances in certain sectors andidentifiedadvances or groupadvances that can potentiallyslipintoNPA.These are classified as contingency provisions.,not classified as NPAs including advances in certain sectors andidentifiedadvances or groupadvances that can potentiallyslipintoNPA.These are classified as contingency provisions.,not classified as NPAs including advances in certain sectors andidentifiedadvances or groupadvances that can potentiallyslipintoNPA.These are classified as contingency provisions.,not classified as NPAs including advances in certain sectors andidentifiedadvances or groupadvances that can potentiallyslipintoNPA.These are classified as contingency provisions.,not classified as NPAs including advances in certain sectors andidentifiedadvances or groupadvances that can potentiallyslipintoNPA.These are classified as contingency provisions.,not classified as NPAs including advances in certain sectors andidentifiedadvances or groupadvances that can potentiallyslipintoNPA.These are classified as contingency provisions.,not classified as NPAs including advances in certain sectors andidentifiedadvances or groupadvances that can potentiallyslipintoNPA.These are classified as contingency provisions.,not classified as NPAs including advances in certain sectors andidentifiedadvances or groupadvances that can potentiallyslipintoNPA.These are classified as contingency provisions.,not classified as NPAs including advances in certain sectors andidentifiedadvances or groupadvances that can potentiallyslipintoNPA.These are classified as contingency provisions.,not classified as NPAs including advances in certain sectors andidentifiedadvances or groupadvances that can potentiallyslipintoNPA.These are classified as contingency provisions.,not classified as NPAs including advances in certain sectors andidentifiedadvances or groupadvances that can potentiallyslipintoNPA.These are classified as contingency provisions.,not classified as NPAs including advances in certain sectors andidentifiedadvances or groupadvances that can potentiallyslipintoNPA.These are classified as contingency provisions.,not classified as NPAs including advances in certain sectors andidentifiedadvances or groupadvances that can potentiallyslipintoNPA.These are classified as contingency provisions.,including_computation of overdue ageing to assess its correctclasification and provision amount as per extant IRAC norms andthe Bank policy.Performed other substantive procedures included and not imited tothe following:· Selected samples of performing loans and assessed independentlyas to whether those should be classfied as NPA;·For samples selected reviewed the collateral valuation，financialstatements and other qualitative information;,,,">For significant legal matters,we sought external confirmationsand also corroborated with management'sdocumentedconclusions on the assessment of outstanding litigationsagainst the Bank;>For significant taxation matters,we involved our tax specialistto gainan understanding of te current status of thelitigations,including understanding of various orders/notices received bythe Bank and the management's grounds of appeals before therelevant appellate authorities.",">For significant legal matters,we sought external confirmationsand also corroborated with management'sdocumentedconclusions on the assessment of outstanding litigationsagainst the Bank;>For significant taxation matters,we involved our tax specialistto gainan understanding of te current status of thelitigations,including understanding of various orders/notices received bythe Bank and the management's grounds of appeals before therelevant appellate authorities.",,,,,,,
,,,,,,not classified as NPAs including advances in certain sectors andidentifiedadvances or groupadvances that can potentiallyslipintoNPA.These are classified as contingency provisions.,not classified as NPAs including advances in certain sectors andidentifiedadvances or groupadvances that can potentiallyslipintoNPA.These are classified as contingency provisions.,not classified as NPAs including advances in certain sectors andidentifiedadvances or groupadvances that can potentiallyslipintoNPA.These are classified as contingency provisions.,not classified as NPAs including advances in certain sectors andidentifiedadvances or groupadvances that can potentiallyslipintoNPA.These are classified as contingency provisions.,not classified as NPAs including advances in certain sectors andidentifiedadvances or groupadvances that can potentiallyslipintoNPA.These are classified as contingency provisions.,not classified as NPAs including advances in certain sectors andidentifiedadvances or groupadvances that can potentiallyslipintoNPA.These are classified as contingency provisions.,not classified as NPAs including advances in certain sectors andidentifiedadvances or groupadvances that can potentiallyslipintoNPA.These are classified as contingency provisions.,not classified as NPAs including advances in certain sectors andidentifiedadvances or groupadvances that can potentiallyslipintoNPA.These are classified as contingency provisions.,not classified as NPAs including advances in certain sectors andidentifiedadvances or groupadvances that can potentiallyslipintoNPA.These are classified as contingency provisions.,not classified as NPAs including advances in certain sectors andidentifiedadvances or groupadvances that can potentiallyslipintoNPA.These are classified as contingency provisions.,not classified as NPAs including advances in certain sectors andidentifiedadvances or groupadvances that can potentiallyslipintoNPA.These are classified as contingency provisions.,not classified as NPAs including advances in certain sectors andidentifiedadvances or groupadvances that can potentiallyslipintoNPA.These are classified as contingency provisions.,not classified as NPAs including advances in certain sectors andidentifiedadvances or groupadvances that can potentiallyslipintoNPA.These are classified as contingency provisions.,including_computation of overdue ageing to assess its correctclasification and provision amount as per extant IRAC norms andthe Bank policy.Performed other substantive procedures included and not imited tothe following:· Selected samples of performing loans and assessed independentlyas to whether those should be classfied as NPA;·For samples selected reviewed the collateral valuation，financialstatements and other qualitative information;,"·Adequacy of disclosures of provision for liabilities and charges,and contingent liabilities.",including understanding of various orders/notices received bythe Bank and the management's grounds of appeals before therelevant appellate authorities.,">For significant legal matters,we sought external confirmationsand also corroborated with management'sdocumentedconclusions on the assessment of outstanding litigationsagainst the Bank;>For significant taxation matters,we involved our tax specialistto gainan understanding of te current status of thelitigations,including understanding of various orders/notices received bythe Bank and the management's grounds of appeals before therelevant appellate authorities.",">For significant legal matters,we sought external confirmationsand also corroborated with management'sdocumentedconclusions on the assessment of outstanding litigationsagainst the Bank;>For significant taxation matters,we involved our tax specialistto gainan understanding of te current status of thelitigations,including understanding of various orders/notices received bythe Bank and the management's grounds of appeals before therelevant appellate authorities.",,,,,,,
The management ofthe Bank also made an assessment of the impacton borrowers'account due to COVID-19 pandemic and in line withthe COvID-19 Regulatory Package announced bythe RBl in respect,The management ofthe Bank also made an assessment of the impacton borrowers'account due to COVID-19 pandemic and in line withthe COvID-19 Regulatory Package announced bythe RBl in respect,The management ofthe Bank also made an assessment of the impacton borrowers'account due to COVID-19 pandemic and in line withthe COvID-19 Regulatory Package announced bythe RBl in respect,The management ofthe Bank also made an assessment of the impacton borrowers'account due to COVID-19 pandemic and in line withthe COvID-19 Regulatory Package announced bythe RBl in respect,The management ofthe Bank also made an assessment of the impacton borrowers'account due to COVID-19 pandemic and in line withthe COvID-19 Regulatory Package announced bythe RBl in respect,The management ofthe Bank also made an assessment of the impacton borrowers'account due to COVID-19 pandemic and in line withthe COvID-19 Regulatory Package announced bythe RBl in respect,The management ofthe Bank also made an assessment of the impacton borrowers'account due to COVID-19 pandemic and in line withthe COvID-19 Regulatory Package announced bythe RBl in respect,The management ofthe Bank also made an assessment of the impacton borrowers'account due to COVID-19 pandemic and in line withthe COvID-19 Regulatory Package announced bythe RBl in respect,The management ofthe Bank also made an assessment of the impacton borrowers'account due to COVID-19 pandemic and in line withthe COvID-19 Regulatory Package announced bythe RBl in respect,"· Considered the accounts reported by the Bank and other Banks asSpecial Mention Accounts (""SMA"") in RBl's Central Repository ofInformation on Large Credits (CRILC)to identifystress;","· Considered the accounts reported by the Bank and other Banks asSpecial Mention Accounts (""SMA"") in RBl's Central Repository ofInformation on Large Credits (CRILC)to identifystress;","· Considered the accounts reported by the Bank and other Banks asSpecial Mention Accounts (""SMA"") in RBl's Central Repository ofInformation on Large Credits (CRILC)to identifystress;","· Considered the accounts reported by the Bank and other Banks asSpecial Mention Accounts (""SMA"") in RBl's Central Repository ofInformation on Large Credits (CRILC)to identifystress;","· Considered the accounts reported by the Bank and other Banks asSpecial Mention Accounts (""SMA"") in RBl's Central Repository ofInformation on Large Credits (CRILC)to identifystress;","· Considered the accounts reported by the Bank and other Banks asSpecial Mention Accounts (""SMA"") in RBl's Central Repository ofInformation on Large Credits (CRILC)to identifystress;","· Considered the accounts reported by the Bank and other Banks asSpecial Mention Accounts (""SMA"") in RBl's Central Repository ofInformation on Large Credits (CRILC)to identifystress;","· Considered the accounts reported by the Bank and other Banks asSpecial Mention Accounts (""SMA"") in RBl's Central Repository ofInformation on Large Credits (CRILC)to identifystress;","· Considered the accounts reported by the Bank and other Banks asSpecial Mention Accounts (""SMA"") in RBl's Central Repository ofInformation on Large Credits (CRILC)to identifystress;","· Considered the accounts reported by the Bank and other Banks asSpecial Mention Accounts (""SMA"") in RBl's Central Repository ofInformation on Large Credits (CRILC)to identifystress;","· Considered the accounts reported by the Bank and other Banks asSpecial Mention Accounts (""SMA"") in RBl's Central Repository ofInformation on Large Credits (CRILC)to identifystress;",,"The Bank's assessment is supported by the facts of matter, their own judgement, experience,and advises from legal and independent tax",">For significant legal matters,we sought external confirmationsand also corroborated with management'sdocumentedconclusions on the assessment of outstanding litigationsagainst the Bank;>For significant taxation matters,we involved our tax specialistto gainan understanding of te current status of thelitigations,including understanding of various orders/notices received bythe Bank and the management's grounds of appeals before therelevant appellate authorities.",">For significant legal matters,we sought external confirmationsand also corroborated with management'sdocumentedconclusions on the assessment of outstanding litigationsagainst the Bank;>For significant taxation matters,we involved our tax specialistto gainan understanding of te current status of thelitigations,including understanding of various orders/notices received bythe Bank and the management's grounds of appeals before therelevant appellate authorities.",relevant appellate authorities.·Evaluated the merit of the subject matter under consideration,relevant appellate authorities.·Evaluated the merit of the subject matter under consideration,,,,,
The management ofthe Bank also made an assessment of the impacton borrowers'account due to COVID-19 pandemic and in line withthe COvID-19 Regulatory Package announced bythe RBl in respect,The management ofthe Bank also made an assessment of the impacton borrowers'account due to COVID-19 pandemic and in line withthe COvID-19 Regulatory Package announced bythe RBl in respect,The management ofthe Bank also made an assessment of the impacton borrowers'account due to COVID-19 pandemic and in line withthe COvID-19 Regulatory Package announced bythe RBl in respect,The management ofthe Bank also made an assessment of the impacton borrowers'account due to COVID-19 pandemic and in line withthe COvID-19 Regulatory Package announced bythe RBl in respect,The management ofthe Bank also made an assessment of the impacton borrowers'account due to COVID-19 pandemic and in line withthe COvID-19 Regulatory Package announced bythe RBl in respect,The management ofthe Bank also made an assessment of the impacton borrowers'account due to COVID-19 pandemic and in line withthe COvID-19 Regulatory Package announced bythe RBl in respect,The management ofthe Bank also made an assessment of the impacton borrowers'account due to COVID-19 pandemic and in line withthe COvID-19 Regulatory Package announced bythe RBl in respect,The management ofthe Bank also made an assessment of the impacton borrowers'account due to COVID-19 pandemic and in line withthe COvID-19 Regulatory Package announced bythe RBl in respect,The management ofthe Bank also made an assessment of the impacton borrowers'account due to COVID-19 pandemic and in line withthe COvID-19 Regulatory Package announced bythe RBl in respect,"· Considered the accounts reported by the Bank and other Banks asSpecial Mention Accounts (""SMA"") in RBl's Central Repository ofInformation on Large Credits (CRILC)to identifystress;","· Considered the accounts reported by the Bank and other Banks asSpecial Mention Accounts (""SMA"") in RBl's Central Repository ofInformation on Large Credits (CRILC)to identifystress;","· Considered the accounts reported by the Bank and other Banks asSpecial Mention Accounts (""SMA"") in RBl's Central Repository ofInformation on Large Credits (CRILC)to identifystress;","· Considered the accounts reported by the Bank and other Banks asSpecial Mention Accounts (""SMA"") in RBl's Central Repository ofInformation on Large Credits (CRILC)to identifystress;","· Considered the accounts reported by the Bank and other Banks asSpecial Mention Accounts (""SMA"") in RBl's Central Repository ofInformation on Large Credits (CRILC)to identifystress;","· Considered the accounts reported by the Bank and other Banks asSpecial Mention Accounts (""SMA"") in RBl's Central Repository ofInformation on Large Credits (CRILC)to identifystress;","· Considered the accounts reported by the Bank and other Banks asSpecial Mention Accounts (""SMA"") in RBl's Central Repository ofInformation on Large Credits (CRILC)to identifystress;","· Considered the accounts reported by the Bank and other Banks asSpecial Mention Accounts (""SMA"") in RBl's Central Repository ofInformation on Large Credits (CRILC)to identifystress;","· Considered the accounts reported by the Bank and other Banks asSpecial Mention Accounts (""SMA"") in RBl's Central Repository ofInformation on Large Credits (CRILC)to identifystress;","· Considered the accounts reported by the Bank and other Banks asSpecial Mention Accounts (""SMA"") in RBl's Central Repository ofInformation on Large Credits (CRILC)to identifystress;","· Considered the accounts reported by the Bank and other Banks asSpecial Mention Accounts (""SMA"") in RBl's Central Repository ofInformation on Large Credits (CRILC)to identifystress;",,"consultants wherever considered necessary.Since the assessment of these open litigations requires significantlevel of judgement in interpretation of law, we have included this as","withreference to thegroundspresented thereinandavailable independent legal /tax advice; and· Agreed underlying tax balances to supporting documentation,including correspondence with tax authorities.","withreference to thegroundspresented thereinandavailable independent legal /tax advice; and· Agreed underlying tax balances to supporting documentation,including correspondence with tax authorities.",,,,,,,
of moratorium and restructuring of advances as relief measures to,of moratorium and restructuring of advances as relief measures to,of moratorium and restructuring of advances as relief measures to,of moratorium and restructuring of advances as relief measures to,of moratorium and restructuring of advances as relief measures to,of moratorium and restructuring of advances as relief measures to,of moratorium and restructuring of advances as relief measures to,of moratorium and restructuring of advances as relief measures to,of moratorium and restructuring of advances as relief measures to,,,,,,,,,,,,,"consultants wherever considered necessary.Since the assessment of these open litigations requires significantlevel of judgement in interpretation of law, we have included this as","withreference to thegroundspresented thereinandavailable independent legal /tax advice; and· Agreed underlying tax balances to supporting documentation,including correspondence with tax authorities.","withreference to thegroundspresented thereinandavailable independent legal /tax advice; and· Agreed underlying tax balances to supporting documentation,including correspondence with tax authorities.",,,,,,,
of moratorium and restructuring of advances as relief measures tothe borrowers.,of moratorium and restructuring of advances as relief measures tothe borrowers.,of moratorium and restructuring of advances as relief measures tothe borrowers.,of moratorium and restructuring of advances as relief measures tothe borrowers.,of moratorium and restructuring of advances as relief measures tothe borrowers.,of moratorium and restructuring of advances as relief measures tothe borrowers.,of moratorium and restructuring of advances as relief measures tothe borrowers.,of moratorium and restructuring of advances as relief measures tothe borrowers.,of moratorium and restructuring of advances as relief measures tothe borrowers.,·For selected samples assessed independently accounts that canpotentially be classified as NPA and Red Flagged Accounts;·Performed inquiries with the credit and risk departments to,·For selected samples assessed independently accounts that canpotentially be classified as NPA and Red Flagged Accounts;·Performed inquiries with the credit and risk departments to,·For selected samples assessed independently accounts that canpotentially be classified as NPA and Red Flagged Accounts;·Performed inquiries with the credit and risk departments to,·For selected samples assessed independently accounts that canpotentially be classified as NPA and Red Flagged Accounts;·Performed inquiries with the credit and risk departments to,·For selected samples assessed independently accounts that canpotentially be classified as NPA and Red Flagged Accounts;·Performed inquiries with the credit and risk departments to,·For selected samples assessed independently accounts that canpotentially be classified as NPA and Red Flagged Accounts;·Performed inquiries with the credit and risk departments to,·For selected samples assessed independently accounts that canpotentially be classified as NPA and Red Flagged Accounts;·Performed inquiries with the credit and risk departments to,·For selected samples assessed independently accounts that canpotentially be classified as NPA and Red Flagged Accounts;·Performed inquiries with the credit and risk departments to,·For selected samples assessed independently accounts that canpotentially be classified as NPA and Red Flagged Accounts;·Performed inquiries with the credit and risk departments to,·For selected samples assessed independently accounts that canpotentially be classified as NPA and Red Flagged Accounts;·Performed inquiries with the credit and risk departments to,·For selected samples assessed independently accounts that canpotentially be classified as NPA and Red Flagged Accounts;·Performed inquiries with the credit and risk departments to,,"consultants wherever considered necessary.Since the assessment of these open litigations requires significantlevel of judgement in interpretation of law, we have included this as","withreference to thegroundspresented thereinandavailable independent legal /tax advice; and· Agreed underlying tax balances to supporting documentation,including correspondence with tax authorities.","withreference to thegroundspresented thereinandavailable independent legal /tax advice; and· Agreed underlying tax balances to supporting documentation,including correspondence with tax authorities.",,,,,,,
"Additionall,the Bank has considered the impact of judegment,onidentificationof NPAand provisionthereof,whichwasvacatedasper","Additionall,the Bank has considered the impact of judegment,onidentificationof NPAand provisionthereof,whichwasvacatedasper","Additionall,the Bank has considered the impact of judegment,onidentificationof NPAand provisionthereof,whichwasvacatedasper","Additionall,the Bank has considered the impact of judegment,onidentificationof NPAand provisionthereof,whichwasvacatedasper","Additionall,the Bank has considered the impact of judegment,onidentificationof NPAand provisionthereof,whichwasvacatedasper","Additionall,the Bank has considered the impact of judegment,onidentificationof NPAand provisionthereof,whichwasvacatedasper","Additionall,the Bank has considered the impact of judegment,onidentificationof NPAand provisionthereof,whichwasvacatedasper","Additionall,the Bank has considered the impact of judegment,onidentificationof NPAand provisionthereof,whichwasvacatedasper","Additionall,the Bank has considered the impact of judegment,onidentificationof NPAand provisionthereof,whichwasvacatedasper",·For selected samples assessed independently accounts that canpotentially be classified as NPA and Red Flagged Accounts;·Performed inquiries with the credit and risk departments to,·For selected samples assessed independently accounts that canpotentially be classified as NPA and Red Flagged Accounts;·Performed inquiries with the credit and risk departments to,·For selected samples assessed independently accounts that canpotentially be classified as NPA and Red Flagged Accounts;·Performed inquiries with the credit and risk departments to,·For selected samples assessed independently accounts that canpotentially be classified as NPA and Red Flagged Accounts;·Performed inquiries with the credit and risk departments to,·For selected samples assessed independently accounts that canpotentially be classified as NPA and Red Flagged Accounts;·Performed inquiries with the credit and risk departments to,·For selected samples assessed independently accounts that canpotentially be classified as NPA and Red Flagged Accounts;·Performed inquiries with the credit and risk departments to,·For selected samples assessed independently accounts that canpotentially be classified as NPA and Red Flagged Accounts;·Performed inquiries with the credit and risk departments to,·For selected samples assessed independently accounts that canpotentially be classified as NPA and Red Flagged Accounts;·Performed inquiries with the credit and risk departments to,·For selected samples assessed independently accounts that canpotentially be classified as NPA and Red Flagged Accounts;·Performed inquiries with the credit and risk departments to,·For selected samples assessed independently accounts that canpotentially be classified as NPA and Red Flagged Accounts;·Performed inquiries with the credit and risk departments to,·For selected samples assessed independently accounts that canpotentially be classified as NPA and Red Flagged Accounts;·Performed inquiries with the credit and risk departments to,,,,,,,,,,,
"Additionall,the Bank has considered the impact of judegment,onidentificationof NPAand provisionthereof,whichwasvacatedasper","Additionall,the Bank has considered the impact of judegment,onidentificationof NPAand provisionthereof,whichwasvacatedasper","Additionall,the Bank has considered the impact of judegment,onidentificationof NPAand provisionthereof,whichwasvacatedasper","Additionall,the Bank has considered the impact of judegment,onidentificationof NPAand provisionthereof,whichwasvacatedasper","Additionall,the Bank has considered the impact of judegment,onidentificationof NPAand provisionthereof,whichwasvacatedasper","Additionall,the Bank has considered the impact of judegment,onidentificationof NPAand provisionthereof,whichwasvacatedasper","Additionall,the Bank has considered the impact of judegment,onidentificationof NPAand provisionthereof,whichwasvacatedasper","Additionall,the Bank has considered the impact of judegment,onidentificationof NPAand provisionthereof,whichwasvacatedasper","Additionall,the Bank has considered the impact of judegment,onidentificationof NPAand provisionthereof,whichwasvacatedasper",·For selected samples assessed independently accounts that canpotentially be classified as NPA and Red Flagged Accounts;·Performed inquiries with the credit and risk departments to,·For selected samples assessed independently accounts that canpotentially be classified as NPA and Red Flagged Accounts;·Performed inquiries with the credit and risk departments to,·For selected samples assessed independently accounts that canpotentially be classified as NPA and Red Flagged Accounts;·Performed inquiries with the credit and risk departments to,·For selected samples assessed independently accounts that canpotentially be classified as NPA and Red Flagged Accounts;·Performed inquiries with the credit and risk departments to,·For selected samples assessed independently accounts that canpotentially be classified as NPA and Red Flagged Accounts;·Performed inquiries with the credit and risk departments to,·For selected samples assessed independently accounts that canpotentially be classified as NPA and Red Flagged Accounts;·Performed inquiries with the credit and risk departments to,·For selected samples assessed independently accounts that canpotentially be classified as NPA and Red Flagged Accounts;·Performed inquiries with the credit and risk departments to,·For selected samples assessed independently accounts that canpotentially be classified as NPA and Red Flagged Accounts;·Performed inquiries with the credit and risk departments to,·For selected samples assessed independently accounts that canpotentially be classified as NPA and Red Flagged Accounts;·Performed inquiries with the credit and risk departments to,·For selected samples assessed independently accounts that canpotentially be classified as NPA and Red Flagged Accounts;·Performed inquiries with the credit and risk departments to,·For selected samples assessed independently accounts that canpotentially be classified as NPA and Red Flagged Accounts;·Performed inquiries with the credit and risk departments to,,,"withreference to thegroundspresented thereinandavailable independent legal /tax advice; and· Agreed underlying tax balances to supporting documentation,including correspondence with tax authorities.","withreference to thegroundspresented thereinandavailable independent legal /tax advice; and· Agreed underlying tax balances to supporting documentation,including correspondence with tax authorities.",,,,,,,
"Additionall,the Bank has considered the impact of judegment,onidentificationof NPAand provisionthereof,whichwasvacatedasper","Additionall,the Bank has considered the impact of judegment,onidentificationof NPAand provisionthereof,whichwasvacatedasper","Additionall,the Bank has considered the impact of judegment,onidentificationof NPAand provisionthereof,whichwasvacatedasper","Additionall,the Bank has considered the impact of judegment,onidentificationof NPAand provisionthereof,whichwasvacatedasper","Additionall,the Bank has considered the impact of judegment,onidentificationof NPAand provisionthereof,whichwasvacatedasper","Additionall,the Bank has considered the impact of judegment,onidentificationof NPAand provisionthereof,whichwasvacatedasper","Additionall,the Bank has considered the impact of judegment,onidentificationof NPAand provisionthereof,whichwasvacatedasper","Additionall,the Bank has considered the impact of judegment,onidentificationof NPAand provisionthereof,whichwasvacatedasper","Additionall,the Bank has considered the impact of judegment,onidentificationof NPAand provisionthereof,whichwasvacatedasper",·For selected samples assessed independently accounts that canpotentially be classified as NPA and Red Flagged Accounts;·Performed inquiries with the credit and risk departments to,·For selected samples assessed independently accounts that canpotentially be classified as NPA and Red Flagged Accounts;·Performed inquiries with the credit and risk departments to,·For selected samples assessed independently accounts that canpotentially be classified as NPA and Red Flagged Accounts;·Performed inquiries with the credit and risk departments to,·For selected samples assessed independently accounts that canpotentially be classified as NPA and Red Flagged Accounts;·Performed inquiries with the credit and risk departments to,·For selected samples assessed independently accounts that canpotentially be classified as NPA and Red Flagged Accounts;·Performed inquiries with the credit and risk departments to,·For selected samples assessed independently accounts that canpotentially be classified as NPA and Red Flagged Accounts;·Performed inquiries with the credit and risk departments to,·For selected samples assessed independently accounts that canpotentially be classified as NPA and Red Flagged Accounts;·Performed inquiries with the credit and risk departments to,·For selected samples assessed independently accounts that canpotentially be classified as NPA and Red Flagged Accounts;·Performed inquiries with the credit and risk departments to,·For selected samples assessed independently accounts that canpotentially be classified as NPA and Red Flagged Accounts;·Performed inquiries with the credit and risk departments to,·For selected samples assessed independently accounts that canpotentially be classified as NPA and Red Flagged Accounts;·Performed inquiries with the credit and risk departments to,·For selected samples assessed independently accounts that canpotentially be classified as NPA and Red Flagged Accounts;·Performed inquiries with the credit and risk departments to,,credit and risk departments to,credit and risk departments to,credit and risk departments to,,,,,,,
"Honourable Supreme Court Order on March 23,2021 and the RBl","Honourable Supreme Court Order on March 23,2021 and the RBl","Honourable Supreme Court Order on March 23,2021 and the RBl","Honourable Supreme Court Order on March 23,2021 and the RBl","Honourable Supreme Court Order on March 23,2021 and the RBl","Honourable Supreme Court Order on March 23,2021 and the RBl","Honourable Supreme Court Order on March 23,2021 and the RBl","Honourable Supreme Court Order on March 23,2021 and the RBl","Honourable Supreme Court Order on March 23,2021 and the RBl",,,,,,,,,,,,,,"withreference to thegroundspresented thereinandavailable independent legal /tax advice; and· Agreed underlying tax balances to supporting documentation,including correspondence with tax authorities.","withreference to thegroundspresented thereinandavailable independent legal /tax advice; and· Agreed underlying tax balances to supporting documentation,including correspondence with tax authorities.",,,,,,,
"Honourable Supreme Court Order on March 23,2021 and the RBlcircular dated April 7,2021 in that connection.","Honourable Supreme Court Order on March 23,2021 and the RBlcircular dated April 7,2021 in that connection.","Honourable Supreme Court Order on March 23,2021 and the RBlcircular dated April 7,2021 in that connection.","Honourable Supreme Court Order on March 23,2021 and the RBlcircular dated April 7,2021 in that connection.","Honourable Supreme Court Order on March 23,2021 and the RBlcircular dated April 7,2021 in that connection.","Honourable Supreme Court Order on March 23,2021 and the RBlcircular dated April 7,2021 in that connection.","Honourable Supreme Court Order on March 23,2021 and the RBlcircular dated April 7,2021 in that connection.","Honourable Supreme Court Order on March 23,2021 and the RBlcircular dated April 7,2021 in that connection.","Honourable Supreme Court Order on March 23,2021 and the RBlcircular dated April 7,2021 in that connection.",,,,,,,,,,,,,,"withreference to thegroundspresented thereinandavailable independent legal /tax advice; and· Agreed underlying tax balances to supporting documentation,including correspondence with tax authorities.","withreference to thegroundspresented thereinandavailable independent legal /tax advice; and· Agreed underlying tax balances to supporting documentation,including correspondence with tax authorities.",,,,,,,
Since the identification of NPAs_and provisioning for_advancesrequire significant level of estimation and given its significance tothe overall audit including possible observation by RBl which could,Since the identification of NPAs_and provisioning for_advancesrequire significant level of estimation and given its significance tothe overall audit including possible observation by RBl which could,Since the identification of NPAs_and provisioning for_advancesrequire significant level of estimation and given its significance tothe overall audit including possible observation by RBl which could,Since the identification of NPAs_and provisioning for_advancesrequire significant level of estimation and given its significance tothe overall audit including possible observation by RBl which could,Since the identification of NPAs_and provisioning for_advancesrequire significant level of estimation and given its significance tothe overall audit including possible observation by RBl which could,Since the identification of NPAs_and provisioning for_advancesrequire significant level of estimation and given its significance tothe overall audit including possible observation by RBl which could,Since the identification of NPAs_and provisioning for_advancesrequire significant level of estimation and given its significance tothe overall audit including possible observation by RBl which could,Since the identification of NPAs_and provisioning for_advancesrequire significant level of estimation and given its significance tothe overall audit including possible observation by RBl which could,Since the identification of NPAs_and provisioning for_advancesrequire significant level of estimation and given its significance tothe overall audit including possible observation by RBl which could,,,,,,,,,,,,,,,,,,,,,,
"result into disclosure in the financial statements,we have ascertained","result into disclosure in the financial statements,we have ascertained","result into disclosure in the financial statements,we have ascertained","result into disclosure in the financial statements,we have ascertained","result into disclosure in the financial statements,we have ascertained","result into disclosure in the financial statements,we have ascertained","result into disclosure in the financial statements,we have ascertained","result into disclosure in the financial statements,we have ascertained","result into disclosure in the financial statements,we have ascertained",,,,,,,,,,,,,,,,,,,,,,
identification and provisioning for NPAs as a key audit matter.,identification and provisioning for NPAs as a key audit matter.,identification and provisioning for NPAs as a key audit matter.,identification and provisioning for NPAs as a key audit matter.,identification and provisioning for NPAs as a key audit matter.,identification and provisioning for NPAs as a key audit matter.,identification and provisioning for NPAs as a key audit matter.,identification and provisioning for NPAs as a key audit matter.,identification and provisioning for NPAs as a key audit matter.,,,,,,,,,,,,,,,,,,,,,,
