"Mine typeTitle,leases &mineralisation Facilities, useMine&locationMeans of access Ownership Operator or options History style Power source &condition","Mine typeTitle,leases &mineralisation Facilities, useMine&locationMeans of access Ownership Operator or options History style Power source &condition","Mine typeTitle,leases &mineralisation Facilities, useMine&locationMeans of access Ownership Operator or options History style Power source &condition","Mine typeTitle,leases &mineralisation Facilities, useMine&locationMeans of access Ownership Operator or options History style Power source &condition","Mine typeTitle,leases &mineralisation Facilities, useMine&locationMeans of access Ownership Operator or options History style Power source &condition","Mine typeTitle,leases &mineralisation Facilities, useMine&locationMeans of access Ownership Operator or options History style Power source &condition","Mine typeTitle,leases &mineralisation Facilities, useMine&locationMeans of access Ownership Operator or options History style Power source &condition","Mine typeTitle,leases &mineralisation Facilities, useMine&locationMeans of access Ownership Operator or options History style Power source &condition","Mine typeTitle,leases &mineralisation Facilities, useMine&locationMeans of access Ownership Operator or options History style Power source &condition","Mine typeTitle,leases &mineralisation Facilities, useMine&locationMeans of access Ownership Operator or options History style Power source &condition","Mine typeTitle,leases &mineralisation Facilities, useMine&locationMeans of access Ownership Operator or options History style Power source &condition","Mine typeTitle,leases &mineralisation Facilities, useMine&locationMeans of access Ownership Operator or options History style Power source &condition","Mine typeTitle,leases &mineralisation Facilities, useMine&locationMeans of access Ownership Operator or options History style Power source &condition","Mine typeTitle,leases &mineralisation Facilities, useMine&locationMeans of access Ownership Operator or options History style Power source &condition","Mine typeTitle,leases &mineralisation Facilities, useMine&locationMeans of access Ownership Operator or options History style Power source &condition",,,,,,,,,,,,,,,,,,,,,
Queensland Coal Central Queensland Coal Associates joint venture,Queensland Coal Central Queensland Coal Associates joint venture,Queensland Coal Central Queensland Coal Associates joint venture,Queensland Coal Central Queensland Coal Associates joint venture,Queensland Coal Central Queensland Coal Associates joint venture,Queensland Coal Central Queensland Coal Associates joint venture,Queensland Coal Central Queensland Coal Associates joint venture,Queensland Coal Central Queensland Coal Associates joint venture,Queensland Coal Central Queensland Coal Associates joint venture,Queensland Coal Central Queensland Coal Associates joint venture,Queensland Coal Central Queensland Coal Associates joint venture,Queensland Coal Central Queensland Coal Associates joint venture,Queensland Coal Central Queensland Coal Associates joint venture,Queensland Coal Central Queensland Coal Associates joint venture,Queensland Coal Central Queensland Coal Associates joint venture,,,,,,,,,,,,,,,,,,,,,
"Bowen Basin, Public road BHP50% BMA Mining leases, Goonyella mine","Bowen Basin, Public road BHP50% BMA Mining leases, Goonyella mine","Bowen Basin, Public road BHP50% BMA Mining leases, Goonyella mine","Bowen Basin, Public road BHP50% BMA Mining leases, Goonyella mine","Bowen Basin, Public road BHP50% BMA Mining leases, Goonyella mine","Bowen Basin, Public road BHP50% BMA Mining leases, Goonyella mine","Bowen Basin, Public road BHP50% BMA Mining leases, Goonyella mine","Bowen Basin, Public road BHP50% BMA Mining leases, Goonyella mine",All open- Queensland On-site,All open- Queensland On-site,All open- Queensland On-site,All open- Queensland On-site,All open- Queensland On-site,All open- Queensland On-site,All open- Queensland On-site,,,,,,,,,,,,,,,,,,,,,
"Queensland, Coal transportedMitsubishi including commenced in","Queensland, Coal transportedMitsubishi including commenced in","Queensland, Coal transportedMitsubishi including commenced in","Queensland, Coal transportedMitsubishi including commenced in","Queensland, Coal transportedMitsubishi including commenced in","Queensland, Coal transportedMitsubishi including commenced in","Queensland, Coal transportedMitsubishi including commenced in","Queensland, Coal transportedMitsubishi including commenced in",cut except electricity grid beneficiation,cut except electricity grid beneficiation,cut except electricity grid beneficiation,cut except electricity grid beneficiation,cut except electricity grid beneficiation,cut except electricity grid beneficiation,cut except electricity grid beneficiation,,,,,,,,,,,,,,,,,,,,,
"Australia Development undeveloped 1971, merged withby rail to Hay","Australia Development undeveloped 1971, merged withby rail to Hay","Australia Development undeveloped 1971, merged withby rail to Hay","Australia Development undeveloped 1971, merged withby rail to Hay","Australia Development undeveloped 1971, merged withby rail to Hay","Australia Development undeveloped 1971, merged withby rail to Hay","Australia Development undeveloped 1971, merged withby rail to Hay","Australia Development undeveloped 1971, merged withby rail to Hay",Broadmeadow connection is processing,Broadmeadow connection is processing,Broadmeadow connection is processing,Broadmeadow connection is processing,Broadmeadow connection is processing,Broadmeadow connection is processing,Broadmeadow connection is processing,,,,,,,,,,,,,,,,,,,,,
"Goonyella Point, Gladstone,50% tenements,have adjoining Riverside","Goonyella Point, Gladstone,50% tenements,have adjoining Riverside","Goonyella Point, Gladstone,50% tenements,have adjoining Riverside","Goonyella Point, Gladstone,50% tenements,have adjoining Riverside","Goonyella Point, Gladstone,50% tenements,have adjoining Riverside","Goonyella Point, Gladstone,50% tenements,have adjoining Riverside","Goonyella Point, Gladstone,50% tenements,have adjoining Riverside","Goonyella Point, Gladstone,50% tenements,have adjoining Riverside",(longwall under medium- facilitiesunderground) term contracts Combined,(longwall under medium- facilitiesunderground) term contracts Combined,(longwall under medium- facilitiesunderground) term contracts Combined,(longwall under medium- facilitiesunderground) term contracts Combined,(longwall under medium- facilitiesunderground) term contracts Combined,(longwall under medium- facilitiesunderground) term contracts Combined,(longwall under medium- facilitiesunderground) term contracts Combined,,,,,,,,,,,,,,,,,,,,,
Riverside Dalrymple Bay expiry dates mine in 1989,Riverside Dalrymple Bay expiry dates mine in 1989,Riverside Dalrymple Bay expiry dates mine in 1989,Riverside Dalrymple Bay expiry dates mine in 1989,Riverside Dalrymple Bay expiry dates mine in 1989,Riverside Dalrymple Bay expiry dates mine in 1989,Riverside Dalrymple Bay expiry dates mine in 1989,Riverside Dalrymple Bay expiry dates mine in 1989,(longwall under medium- facilitiesunderground) term contracts Combined,(longwall under medium- facilitiesunderground) term contracts Combined,(longwall under medium- facilitiesunderground) term contracts Combined,(longwall under medium- facilitiesunderground) term contracts Combined,(longwall under medium- facilitiesunderground) term contracts Combined,(longwall under medium- facilitiesunderground) term contracts Combined,(longwall under medium- facilitiesunderground) term contracts Combined,,,,,,,,,,,,,,,,,,,,,
Broadmeadow and Abbot Point ranging up to Operatesas,Broadmeadow and Abbot Point ranging up to Operatesas,Broadmeadow and Abbot Point ranging up to Operatesas,Broadmeadow and Abbot Point ranging up to Operatesas,Broadmeadow and Abbot Point ranging up to Operatesas,Broadmeadow and Abbot Point ranging up to Operatesas,Broadmeadow and Abbot Point ranging up to Operatesas,Broadmeadow and Abbot Point ranging up to Operatesas,Bituminous coaland energy nominal capacity:,Bituminous coaland energy nominal capacity:,Bituminous coaland energy nominal capacity:,Bituminous coaland energy nominal capacity:,Bituminous coaland energy nominal capacity:,Bituminous coaland energy nominal capacity:,Bituminous coaland energy nominal capacity:,,,,,,,,,,,,,,,,,,,,,
Daunia,"ports 2043,renewable Goonyella Riverside is mined from purchasedDauniafor further periodsthe Permianvia RetailDistancesas QueenslandProductionMoranbah andAgreementsbetween theGovernmentcommenced at:Peak Downsmines and portRangal Coallegislation allowsPeak Downs in 1972measuresCaval RidgeSaraji are between160 km and Mining is permittedSaraji in 1974 Products rangeBlackwater and to continue under315kmNorwich Park Norwich Park from premiumthe legislationin 1979quality,lowminesduring the renewalvolatile, highapplication period Blackwater in 1967 vitrinite, hardAll renewal Broadmeadow coking coal toapplications (longwall medium volatilewere lodged and operations) in 2005hard coking coal,pending a decisionDaunia in 2013 andto weak cokingfrom the Minister coal,someCaval Ridge in 2014pulverised coalProduction at injection (PCI)Norwich Park coal and mediumceased in May 2012ash thermal coalas a secondaryproduct","ports 2043,renewable Goonyella Riverside is mined from purchasedDauniafor further periodsthe Permianvia RetailDistancesas QueenslandProductionMoranbah andAgreementsbetween theGovernmentcommenced at:Peak Downsmines and portRangal Coallegislation allowsPeak Downs in 1972measuresCaval RidgeSaraji are between160 km and Mining is permittedSaraji in 1974 Products rangeBlackwater and to continue under315kmNorwich Park Norwich Park from premiumthe legislationin 1979quality,lowminesduring the renewalvolatile, highapplication period Blackwater in 1967 vitrinite, hardAll renewal Broadmeadow coking coal toapplications (longwall medium volatilewere lodged and operations) in 2005hard coking coal,pending a decisionDaunia in 2013 andto weak cokingfrom the Minister coal,someCaval Ridge in 2014pulverised coalProduction at injection (PCI)Norwich Park coal and mediumceased in May 2012ash thermal coalas a secondaryproduct","ports 2043,renewable Goonyella Riverside is mined from purchasedDauniafor further periodsthe Permianvia RetailDistancesas QueenslandProductionMoranbah andAgreementsbetween theGovernmentcommenced at:Peak Downsmines and portRangal Coallegislation allowsPeak Downs in 1972measuresCaval RidgeSaraji are between160 km and Mining is permittedSaraji in 1974 Products rangeBlackwater and to continue under315kmNorwich Park Norwich Park from premiumthe legislationin 1979quality,lowminesduring the renewalvolatile, highapplication period Blackwater in 1967 vitrinite, hardAll renewal Broadmeadow coking coal toapplications (longwall medium volatilewere lodged and operations) in 2005hard coking coal,pending a decisionDaunia in 2013 andto weak cokingfrom the Minister coal,someCaval Ridge in 2014pulverised coalProduction at injection (PCI)Norwich Park coal and mediumceased in May 2012ash thermal coalas a secondaryproduct","ports 2043,renewable Goonyella Riverside is mined from purchasedDauniafor further periodsthe Permianvia RetailDistancesas QueenslandProductionMoranbah andAgreementsbetween theGovernmentcommenced at:Peak Downsmines and portRangal Coallegislation allowsPeak Downs in 1972measuresCaval RidgeSaraji are between160 km and Mining is permittedSaraji in 1974 Products rangeBlackwater and to continue under315kmNorwich Park Norwich Park from premiumthe legislationin 1979quality,lowminesduring the renewalvolatile, highapplication period Blackwater in 1967 vitrinite, hardAll renewal Broadmeadow coking coal toapplications (longwall medium volatilewere lodged and operations) in 2005hard coking coal,pending a decisionDaunia in 2013 andto weak cokingfrom the Minister coal,someCaval Ridge in 2014pulverised coalProduction at injection (PCI)Norwich Park coal and mediumceased in May 2012ash thermal coalas a secondaryproduct","ports 2043,renewable Goonyella Riverside is mined from purchasedDauniafor further periodsthe Permianvia RetailDistancesas QueenslandProductionMoranbah andAgreementsbetween theGovernmentcommenced at:Peak Downsmines and portRangal Coallegislation allowsPeak Downs in 1972measuresCaval RidgeSaraji are between160 km and Mining is permittedSaraji in 1974 Products rangeBlackwater and to continue under315kmNorwich Park Norwich Park from premiumthe legislationin 1979quality,lowminesduring the renewalvolatile, highapplication period Blackwater in 1967 vitrinite, hardAll renewal Broadmeadow coking coal toapplications (longwall medium volatilewere lodged and operations) in 2005hard coking coal,pending a decisionDaunia in 2013 andto weak cokingfrom the Minister coal,someCaval Ridge in 2014pulverised coalProduction at injection (PCI)Norwich Park coal and mediumceased in May 2012ash thermal coalas a secondaryproduct","ports 2043,renewable Goonyella Riverside is mined from purchasedDauniafor further periodsthe Permianvia RetailDistancesas QueenslandProductionMoranbah andAgreementsbetween theGovernmentcommenced at:Peak Downsmines and portRangal Coallegislation allowsPeak Downs in 1972measuresCaval RidgeSaraji are between160 km and Mining is permittedSaraji in 1974 Products rangeBlackwater and to continue under315kmNorwich Park Norwich Park from premiumthe legislationin 1979quality,lowminesduring the renewalvolatile, highapplication period Blackwater in 1967 vitrinite, hardAll renewal Broadmeadow coking coal toapplications (longwall medium volatilewere lodged and operations) in 2005hard coking coal,pending a decisionDaunia in 2013 andto weak cokingfrom the Minister coal,someCaval Ridge in 2014pulverised coalProduction at injection (PCI)Norwich Park coal and mediumceased in May 2012ash thermal coalas a secondaryproduct","ports 2043,renewable Goonyella Riverside is mined from purchasedDauniafor further periodsthe Permianvia RetailDistancesas QueenslandProductionMoranbah andAgreementsbetween theGovernmentcommenced at:Peak Downsmines and portRangal Coallegislation allowsPeak Downs in 1972measuresCaval RidgeSaraji are between160 km and Mining is permittedSaraji in 1974 Products rangeBlackwater and to continue under315kmNorwich Park Norwich Park from premiumthe legislationin 1979quality,lowminesduring the renewalvolatile, highapplication period Blackwater in 1967 vitrinite, hardAll renewal Broadmeadow coking coal toapplications (longwall medium volatilewere lodged and operations) in 2005hard coking coal,pending a decisionDaunia in 2013 andto weak cokingfrom the Minister coal,someCaval Ridge in 2014pulverised coalProduction at injection (PCI)Norwich Park coal and mediumceased in May 2012ash thermal coalas a secondaryproduct","ports 2043,renewable Goonyella Riverside is mined from purchasedDauniafor further periodsthe Permianvia RetailDistancesas QueenslandProductionMoranbah andAgreementsbetween theGovernmentcommenced at:Peak Downsmines and portRangal Coallegislation allowsPeak Downs in 1972measuresCaval RidgeSaraji are between160 km and Mining is permittedSaraji in 1974 Products rangeBlackwater and to continue under315kmNorwich Park Norwich Park from premiumthe legislationin 1979quality,lowminesduring the renewalvolatile, highapplication period Blackwater in 1967 vitrinite, hardAll renewal Broadmeadow coking coal toapplications (longwall medium volatilewere lodged and operations) in 2005hard coking coal,pending a decisionDaunia in 2013 andto weak cokingfrom the Minister coal,someCaval Ridge in 2014pulverised coalProduction at injection (PCI)Norwich Park coal and mediumceased in May 2012ash thermal coalas a secondaryproduct","ports 2043,renewable Goonyella Riverside is mined from purchasedDauniafor further periodsthe Permianvia RetailDistancesas QueenslandProductionMoranbah andAgreementsbetween theGovernmentcommenced at:Peak Downsmines and portRangal Coallegislation allowsPeak Downs in 1972measuresCaval RidgeSaraji are between160 km and Mining is permittedSaraji in 1974 Products rangeBlackwater and to continue under315kmNorwich Park Norwich Park from premiumthe legislationin 1979quality,lowminesduring the renewalvolatile, highapplication period Blackwater in 1967 vitrinite, hardAll renewal Broadmeadow coking coal toapplications (longwall medium volatilewere lodged and operations) in 2005hard coking coal,pending a decisionDaunia in 2013 andto weak cokingfrom the Minister coal,someCaval Ridge in 2014pulverised coalProduction at injection (PCI)Norwich Park coal and mediumceased in May 2012ash thermal coalas a secondaryproduct","ports 2043,renewable Goonyella Riverside is mined from purchasedDauniafor further periodsthe Permianvia RetailDistancesas QueenslandProductionMoranbah andAgreementsbetween theGovernmentcommenced at:Peak Downsmines and portRangal Coallegislation allowsPeak Downs in 1972measuresCaval RidgeSaraji are between160 km and Mining is permittedSaraji in 1974 Products rangeBlackwater and to continue under315kmNorwich Park Norwich Park from premiumthe legislationin 1979quality,lowminesduring the renewalvolatile, highapplication period Blackwater in 1967 vitrinite, hardAll renewal Broadmeadow coking coal toapplications (longwall medium volatilewere lodged and operations) in 2005hard coking coal,pending a decisionDaunia in 2013 andto weak cokingfrom the Minister coal,someCaval Ridge in 2014pulverised coalProduction at injection (PCI)Norwich Park coal and mediumceased in May 2012ash thermal coalas a secondaryproduct","ports 2043,renewable Goonyella Riverside is mined from purchasedDauniafor further periodsthe Permianvia RetailDistancesas QueenslandProductionMoranbah andAgreementsbetween theGovernmentcommenced at:Peak Downsmines and portRangal Coallegislation allowsPeak Downs in 1972measuresCaval RidgeSaraji are between160 km and Mining is permittedSaraji in 1974 Products rangeBlackwater and to continue under315kmNorwich Park Norwich Park from premiumthe legislationin 1979quality,lowminesduring the renewalvolatile, highapplication period Blackwater in 1967 vitrinite, hardAll renewal Broadmeadow coking coal toapplications (longwall medium volatilewere lodged and operations) in 2005hard coking coal,pending a decisionDaunia in 2013 andto weak cokingfrom the Minister coal,someCaval Ridge in 2014pulverised coalProduction at injection (PCI)Norwich Park coal and mediumceased in May 2012ash thermal coalas a secondaryproduct","ports 2043,renewable Goonyella Riverside is mined from purchasedDauniafor further periodsthe Permianvia RetailDistancesas QueenslandProductionMoranbah andAgreementsbetween theGovernmentcommenced at:Peak Downsmines and portRangal Coallegislation allowsPeak Downs in 1972measuresCaval RidgeSaraji are between160 km and Mining is permittedSaraji in 1974 Products rangeBlackwater and to continue under315kmNorwich Park Norwich Park from premiumthe legislationin 1979quality,lowminesduring the renewalvolatile, highapplication period Blackwater in 1967 vitrinite, hardAll renewal Broadmeadow coking coal toapplications (longwall medium volatilewere lodged and operations) in 2005hard coking coal,pending a decisionDaunia in 2013 andto weak cokingfrom the Minister coal,someCaval Ridge in 2014pulverised coalProduction at injection (PCI)Norwich Park coal and mediumceased in May 2012ash thermal coalas a secondaryproduct","ports 2043,renewable Goonyella Riverside is mined from purchasedDauniafor further periodsthe Permianvia RetailDistancesas QueenslandProductionMoranbah andAgreementsbetween theGovernmentcommenced at:Peak Downsmines and portRangal Coallegislation allowsPeak Downs in 1972measuresCaval RidgeSaraji are between160 km and Mining is permittedSaraji in 1974 Products rangeBlackwater and to continue under315kmNorwich Park Norwich Park from premiumthe legislationin 1979quality,lowminesduring the renewalvolatile, highapplication period Blackwater in 1967 vitrinite, hardAll renewal Broadmeadow coking coal toapplications (longwall medium volatilewere lodged and operations) in 2005hard coking coal,pending a decisionDaunia in 2013 andto weak cokingfrom the Minister coal,someCaval Ridge in 2014pulverised coalProduction at injection (PCI)Norwich Park coal and mediumceased in May 2012ash thermal coalas a secondaryproduct","ports 2043,renewable Goonyella Riverside is mined from purchasedDauniafor further periodsthe Permianvia RetailDistancesas QueenslandProductionMoranbah andAgreementsbetween theGovernmentcommenced at:Peak Downsmines and portRangal Coallegislation allowsPeak Downs in 1972measuresCaval RidgeSaraji are between160 km and Mining is permittedSaraji in 1974 Products rangeBlackwater and to continue under315kmNorwich Park Norwich Park from premiumthe legislationin 1979quality,lowminesduring the renewalvolatile, highapplication period Blackwater in 1967 vitrinite, hardAll renewal Broadmeadow coking coal toapplications (longwall medium volatilewere lodged and operations) in 2005hard coking coal,pending a decisionDaunia in 2013 andto weak cokingfrom the Minister coal,someCaval Ridge in 2014pulverised coalProduction at injection (PCI)Norwich Park coal and mediumceased in May 2012ash thermal coalas a secondaryproduct",,,,,,,,,,,,,,,,,,,,,
Daunia,"ports 2043,renewable Goonyella Riverside is mined from purchasedDauniafor further periodsthe Permianvia RetailDistancesas QueenslandProductionMoranbah andAgreementsbetween theGovernmentcommenced at:Peak Downsmines and portRangal Coallegislation allowsPeak Downs in 1972measuresCaval RidgeSaraji are between160 km and Mining is permittedSaraji in 1974 Products rangeBlackwater and to continue under315kmNorwich Park Norwich Park from premiumthe legislationin 1979quality,lowminesduring the renewalvolatile, highapplication period Blackwater in 1967 vitrinite, hardAll renewal Broadmeadow coking coal toapplications (longwall medium volatilewere lodged and operations) in 2005hard coking coal,pending a decisionDaunia in 2013 andto weak cokingfrom the Minister coal,someCaval Ridge in 2014pulverised coalProduction at injection (PCI)Norwich Park coal and mediumceased in May 2012ash thermal coalas a secondaryproduct","ports 2043,renewable Goonyella Riverside is mined from purchasedDauniafor further periodsthe Permianvia RetailDistancesas QueenslandProductionMoranbah andAgreementsbetween theGovernmentcommenced at:Peak Downsmines and portRangal Coallegislation allowsPeak Downs in 1972measuresCaval RidgeSaraji are between160 km and Mining is permittedSaraji in 1974 Products rangeBlackwater and to continue under315kmNorwich Park Norwich Park from premiumthe legislationin 1979quality,lowminesduring the renewalvolatile, highapplication period Blackwater in 1967 vitrinite, hardAll renewal Broadmeadow coking coal toapplications (longwall medium volatilewere lodged and operations) in 2005hard coking coal,pending a decisionDaunia in 2013 andto weak cokingfrom the Minister coal,someCaval Ridge in 2014pulverised coalProduction at injection (PCI)Norwich Park coal and mediumceased in May 2012ash thermal coalas a secondaryproduct","ports 2043,renewable Goonyella Riverside is mined from purchasedDauniafor further periodsthe Permianvia RetailDistancesas QueenslandProductionMoranbah andAgreementsbetween theGovernmentcommenced at:Peak Downsmines and portRangal Coallegislation allowsPeak Downs in 1972measuresCaval RidgeSaraji are between160 km and Mining is permittedSaraji in 1974 Products rangeBlackwater and to continue under315kmNorwich Park Norwich Park from premiumthe legislationin 1979quality,lowminesduring the renewalvolatile, highapplication period Blackwater in 1967 vitrinite, hardAll renewal Broadmeadow coking coal toapplications (longwall medium volatilewere lodged and operations) in 2005hard coking coal,pending a decisionDaunia in 2013 andto weak cokingfrom the Minister coal,someCaval Ridge in 2014pulverised coalProduction at injection (PCI)Norwich Park coal and mediumceased in May 2012ash thermal coalas a secondaryproduct","ports 2043,renewable Goonyella Riverside is mined from purchasedDauniafor further periodsthe Permianvia RetailDistancesas QueenslandProductionMoranbah andAgreementsbetween theGovernmentcommenced at:Peak Downsmines and portRangal Coallegislation allowsPeak Downs in 1972measuresCaval RidgeSaraji are between160 km and Mining is permittedSaraji in 1974 Products rangeBlackwater and to continue under315kmNorwich Park Norwich Park from premiumthe legislationin 1979quality,lowminesduring the renewalvolatile, highapplication period Blackwater in 1967 vitrinite, hardAll renewal Broadmeadow coking coal toapplications (longwall medium volatilewere lodged and operations) in 2005hard coking coal,pending a decisionDaunia in 2013 andto weak cokingfrom the Minister coal,someCaval Ridge in 2014pulverised coalProduction at injection (PCI)Norwich Park coal and mediumceased in May 2012ash thermal coalas a secondaryproduct","ports 2043,renewable Goonyella Riverside is mined from purchasedDauniafor further periodsthe Permianvia RetailDistancesas QueenslandProductionMoranbah andAgreementsbetween theGovernmentcommenced at:Peak Downsmines and portRangal Coallegislation allowsPeak Downs in 1972measuresCaval RidgeSaraji are between160 km and Mining is permittedSaraji in 1974 Products rangeBlackwater and to continue under315kmNorwich Park Norwich Park from premiumthe legislationin 1979quality,lowminesduring the renewalvolatile, highapplication period Blackwater in 1967 vitrinite, hardAll renewal Broadmeadow coking coal toapplications (longwall medium volatilewere lodged and operations) in 2005hard coking coal,pending a decisionDaunia in 2013 andto weak cokingfrom the Minister coal,someCaval Ridge in 2014pulverised coalProduction at injection (PCI)Norwich Park coal and mediumceased in May 2012ash thermal coalas a secondaryproduct","ports 2043,renewable Goonyella Riverside is mined from purchasedDauniafor further periodsthe Permianvia RetailDistancesas QueenslandProductionMoranbah andAgreementsbetween theGovernmentcommenced at:Peak Downsmines and portRangal Coallegislation allowsPeak Downs in 1972measuresCaval RidgeSaraji are between160 km and Mining is permittedSaraji in 1974 Products rangeBlackwater and to continue under315kmNorwich Park Norwich Park from premiumthe legislationin 1979quality,lowminesduring the renewalvolatile, highapplication period Blackwater in 1967 vitrinite, hardAll renewal Broadmeadow coking coal toapplications (longwall medium volatilewere lodged and operations) in 2005hard coking coal,pending a decisionDaunia in 2013 andto weak cokingfrom the Minister coal,someCaval Ridge in 2014pulverised coalProduction at injection (PCI)Norwich Park coal and mediumceased in May 2012ash thermal coalas a secondaryproduct","ports 2043,renewable Goonyella Riverside is mined from purchasedDauniafor further periodsthe Permianvia RetailDistancesas QueenslandProductionMoranbah andAgreementsbetween theGovernmentcommenced at:Peak Downsmines and portRangal Coallegislation allowsPeak Downs in 1972measuresCaval RidgeSaraji are between160 km and Mining is permittedSaraji in 1974 Products rangeBlackwater and to continue under315kmNorwich Park Norwich Park from premiumthe legislationin 1979quality,lowminesduring the renewalvolatile, highapplication period Blackwater in 1967 vitrinite, hardAll renewal Broadmeadow coking coal toapplications (longwall medium volatilewere lodged and operations) in 2005hard coking coal,pending a decisionDaunia in 2013 andto weak cokingfrom the Minister coal,someCaval Ridge in 2014pulverised coalProduction at injection (PCI)Norwich Park coal and mediumceased in May 2012ash thermal coalas a secondaryproduct","ports 2043,renewable Goonyella Riverside is mined from purchasedDauniafor further periodsthe Permianvia RetailDistancesas QueenslandProductionMoranbah andAgreementsbetween theGovernmentcommenced at:Peak Downsmines and portRangal Coallegislation allowsPeak Downs in 1972measuresCaval RidgeSaraji are between160 km and Mining is permittedSaraji in 1974 Products rangeBlackwater and to continue under315kmNorwich Park Norwich Park from premiumthe legislationin 1979quality,lowminesduring the renewalvolatile, highapplication period Blackwater in 1967 vitrinite, hardAll renewal Broadmeadow coking coal toapplications (longwall medium volatilewere lodged and operations) in 2005hard coking coal,pending a decisionDaunia in 2013 andto weak cokingfrom the Minister coal,someCaval Ridge in 2014pulverised coalProduction at injection (PCI)Norwich Park coal and mediumceased in May 2012ash thermal coalas a secondaryproduct","ports 2043,renewable Goonyella Riverside is mined from purchasedDauniafor further periodsthe Permianvia RetailDistancesas QueenslandProductionMoranbah andAgreementsbetween theGovernmentcommenced at:Peak Downsmines and portRangal Coallegislation allowsPeak Downs in 1972measuresCaval RidgeSaraji are between160 km and Mining is permittedSaraji in 1974 Products rangeBlackwater and to continue under315kmNorwich Park Norwich Park from premiumthe legislationin 1979quality,lowminesduring the renewalvolatile, highapplication period Blackwater in 1967 vitrinite, hardAll renewal Broadmeadow coking coal toapplications (longwall medium volatilewere lodged and operations) in 2005hard coking coal,pending a decisionDaunia in 2013 andto weak cokingfrom the Minister coal,someCaval Ridge in 2014pulverised coalProduction at injection (PCI)Norwich Park coal and mediumceased in May 2012ash thermal coalas a secondaryproduct","ports 2043,renewable Goonyella Riverside is mined from purchasedDauniafor further periodsthe Permianvia RetailDistancesas QueenslandProductionMoranbah andAgreementsbetween theGovernmentcommenced at:Peak Downsmines and portRangal Coallegislation allowsPeak Downs in 1972measuresCaval RidgeSaraji are between160 km and Mining is permittedSaraji in 1974 Products rangeBlackwater and to continue under315kmNorwich Park Norwich Park from premiumthe legislationin 1979quality,lowminesduring the renewalvolatile, highapplication period Blackwater in 1967 vitrinite, hardAll renewal Broadmeadow coking coal toapplications (longwall medium volatilewere lodged and operations) in 2005hard coking coal,pending a decisionDaunia in 2013 andto weak cokingfrom the Minister coal,someCaval Ridge in 2014pulverised coalProduction at injection (PCI)Norwich Park coal and mediumceased in May 2012ash thermal coalas a secondaryproduct","ports 2043,renewable Goonyella Riverside is mined from purchasedDauniafor further periodsthe Permianvia RetailDistancesas QueenslandProductionMoranbah andAgreementsbetween theGovernmentcommenced at:Peak Downsmines and portRangal Coallegislation allowsPeak Downs in 1972measuresCaval RidgeSaraji are between160 km and Mining is permittedSaraji in 1974 Products rangeBlackwater and to continue under315kmNorwich Park Norwich Park from premiumthe legislationin 1979quality,lowminesduring the renewalvolatile, highapplication period Blackwater in 1967 vitrinite, hardAll renewal Broadmeadow coking coal toapplications (longwall medium volatilewere lodged and operations) in 2005hard coking coal,pending a decisionDaunia in 2013 andto weak cokingfrom the Minister coal,someCaval Ridge in 2014pulverised coalProduction at injection (PCI)Norwich Park coal and mediumceased in May 2012ash thermal coalas a secondaryproduct","ports 2043,renewable Goonyella Riverside is mined from purchasedDauniafor further periodsthe Permianvia RetailDistancesas QueenslandProductionMoranbah andAgreementsbetween theGovernmentcommenced at:Peak Downsmines and portRangal Coallegislation allowsPeak Downs in 1972measuresCaval RidgeSaraji are between160 km and Mining is permittedSaraji in 1974 Products rangeBlackwater and to continue under315kmNorwich Park Norwich Park from premiumthe legislationin 1979quality,lowminesduring the renewalvolatile, highapplication period Blackwater in 1967 vitrinite, hardAll renewal Broadmeadow coking coal toapplications (longwall medium volatilewere lodged and operations) in 2005hard coking coal,pending a decisionDaunia in 2013 andto weak cokingfrom the Minister coal,someCaval Ridge in 2014pulverised coalProduction at injection (PCI)Norwich Park coal and mediumceased in May 2012ash thermal coalas a secondaryproduct","ports 2043,renewable Goonyella Riverside is mined from purchasedDauniafor further periodsthe Permianvia RetailDistancesas QueenslandProductionMoranbah andAgreementsbetween theGovernmentcommenced at:Peak Downsmines and portRangal Coallegislation allowsPeak Downs in 1972measuresCaval RidgeSaraji are between160 km and Mining is permittedSaraji in 1974 Products rangeBlackwater and to continue under315kmNorwich Park Norwich Park from premiumthe legislationin 1979quality,lowminesduring the renewalvolatile, highapplication period Blackwater in 1967 vitrinite, hardAll renewal Broadmeadow coking coal toapplications (longwall medium volatilewere lodged and operations) in 2005hard coking coal,pending a decisionDaunia in 2013 andto weak cokingfrom the Minister coal,someCaval Ridge in 2014pulverised coalProduction at injection (PCI)Norwich Park coal and mediumceased in May 2012ash thermal coalas a secondaryproduct","ports 2043,renewable Goonyella Riverside is mined from purchasedDauniafor further periodsthe Permianvia RetailDistancesas QueenslandProductionMoranbah andAgreementsbetween theGovernmentcommenced at:Peak Downsmines and portRangal Coallegislation allowsPeak Downs in 1972measuresCaval RidgeSaraji are between160 km and Mining is permittedSaraji in 1974 Products rangeBlackwater and to continue under315kmNorwich Park Norwich Park from premiumthe legislationin 1979quality,lowminesduring the renewalvolatile, highapplication period Blackwater in 1967 vitrinite, hardAll renewal Broadmeadow coking coal toapplications (longwall medium volatilewere lodged and operations) in 2005hard coking coal,pending a decisionDaunia in 2013 andto weak cokingfrom the Minister coal,someCaval Ridge in 2014pulverised coalProduction at injection (PCI)Norwich Park coal and mediumceased in May 2012ash thermal coalas a secondaryproduct",the Permian via Retail 67Mtpa,the Permian via Retail 67Mtpa,the Permian via Retail 67Mtpa,the Permian via Retail 67Mtpa,the Permian via Retail 67Mtpa,the Permian via Retail 67Mtpa,the Permian via Retail 67Mtpa,,,,,,,,,,,,,,
,"ports 2043,renewable Goonyella Riverside is mined from purchasedDauniafor further periodsthe Permianvia RetailDistancesas QueenslandProductionMoranbah andAgreementsbetween theGovernmentcommenced at:Peak Downsmines and portRangal Coallegislation allowsPeak Downs in 1972measuresCaval RidgeSaraji are between160 km and Mining is permittedSaraji in 1974 Products rangeBlackwater and to continue under315kmNorwich Park Norwich Park from premiumthe legislationin 1979quality,lowminesduring the renewalvolatile, highapplication period Blackwater in 1967 vitrinite, hardAll renewal Broadmeadow coking coal toapplications (longwall medium volatilewere lodged and operations) in 2005hard coking coal,pending a decisionDaunia in 2013 andto weak cokingfrom the Minister coal,someCaval Ridge in 2014pulverised coalProduction at injection (PCI)Norwich Park coal and mediumceased in May 2012ash thermal coalas a secondaryproduct","ports 2043,renewable Goonyella Riverside is mined from purchasedDauniafor further periodsthe Permianvia RetailDistancesas QueenslandProductionMoranbah andAgreementsbetween theGovernmentcommenced at:Peak Downsmines and portRangal Coallegislation allowsPeak Downs in 1972measuresCaval RidgeSaraji are between160 km and Mining is permittedSaraji in 1974 Products rangeBlackwater and to continue under315kmNorwich Park Norwich Park from premiumthe legislationin 1979quality,lowminesduring the renewalvolatile, highapplication period Blackwater in 1967 vitrinite, hardAll renewal Broadmeadow coking coal toapplications (longwall medium volatilewere lodged and operations) in 2005hard coking coal,pending a decisionDaunia in 2013 andto weak cokingfrom the Minister coal,someCaval Ridge in 2014pulverised coalProduction at injection (PCI)Norwich Park coal and mediumceased in May 2012ash thermal coalas a secondaryproduct","ports 2043,renewable Goonyella Riverside is mined from purchasedDauniafor further periodsthe Permianvia RetailDistancesas QueenslandProductionMoranbah andAgreementsbetween theGovernmentcommenced at:Peak Downsmines and portRangal Coallegislation allowsPeak Downs in 1972measuresCaval RidgeSaraji are between160 km and Mining is permittedSaraji in 1974 Products rangeBlackwater and to continue under315kmNorwich Park Norwich Park from premiumthe legislationin 1979quality,lowminesduring the renewalvolatile, highapplication period Blackwater in 1967 vitrinite, hardAll renewal Broadmeadow coking coal toapplications (longwall medium volatilewere lodged and operations) in 2005hard coking coal,pending a decisionDaunia in 2013 andto weak cokingfrom the Minister coal,someCaval Ridge in 2014pulverised coalProduction at injection (PCI)Norwich Park coal and mediumceased in May 2012ash thermal coalas a secondaryproduct","ports 2043,renewable Goonyella Riverside is mined from purchasedDauniafor further periodsthe Permianvia RetailDistancesas QueenslandProductionMoranbah andAgreementsbetween theGovernmentcommenced at:Peak Downsmines and portRangal Coallegislation allowsPeak Downs in 1972measuresCaval RidgeSaraji are between160 km and Mining is permittedSaraji in 1974 Products rangeBlackwater and to continue under315kmNorwich Park Norwich Park from premiumthe legislationin 1979quality,lowminesduring the renewalvolatile, highapplication period Blackwater in 1967 vitrinite, hardAll renewal Broadmeadow coking coal toapplications (longwall medium volatilewere lodged and operations) in 2005hard coking coal,pending a decisionDaunia in 2013 andto weak cokingfrom the Minister coal,someCaval Ridge in 2014pulverised coalProduction at injection (PCI)Norwich Park coal and mediumceased in May 2012ash thermal coalas a secondaryproduct","ports 2043,renewable Goonyella Riverside is mined from purchasedDauniafor further periodsthe Permianvia RetailDistancesas QueenslandProductionMoranbah andAgreementsbetween theGovernmentcommenced at:Peak Downsmines and portRangal Coallegislation allowsPeak Downs in 1972measuresCaval RidgeSaraji are between160 km and Mining is permittedSaraji in 1974 Products rangeBlackwater and to continue under315kmNorwich Park Norwich Park from premiumthe legislationin 1979quality,lowminesduring the renewalvolatile, highapplication period Blackwater in 1967 vitrinite, hardAll renewal Broadmeadow coking coal toapplications (longwall medium volatilewere lodged and operations) in 2005hard coking coal,pending a decisionDaunia in 2013 andto weak cokingfrom the Minister coal,someCaval Ridge in 2014pulverised coalProduction at injection (PCI)Norwich Park coal and mediumceased in May 2012ash thermal coalas a secondaryproduct","ports 2043,renewable Goonyella Riverside is mined from purchasedDauniafor further periodsthe Permianvia RetailDistancesas QueenslandProductionMoranbah andAgreementsbetween theGovernmentcommenced at:Peak Downsmines and portRangal Coallegislation allowsPeak Downs in 1972measuresCaval RidgeSaraji are between160 km and Mining is permittedSaraji in 1974 Products rangeBlackwater and to continue under315kmNorwich Park Norwich Park from premiumthe legislationin 1979quality,lowminesduring the renewalvolatile, highapplication period Blackwater in 1967 vitrinite, hardAll renewal Broadmeadow coking coal toapplications (longwall medium volatilewere lodged and operations) in 2005hard coking coal,pending a decisionDaunia in 2013 andto weak cokingfrom the Minister coal,someCaval Ridge in 2014pulverised coalProduction at injection (PCI)Norwich Park coal and mediumceased in May 2012ash thermal coalas a secondaryproduct","ports 2043,renewable Goonyella Riverside is mined from purchasedDauniafor further periodsthe Permianvia RetailDistancesas QueenslandProductionMoranbah andAgreementsbetween theGovernmentcommenced at:Peak Downsmines and portRangal Coallegislation allowsPeak Downs in 1972measuresCaval RidgeSaraji are between160 km and Mining is permittedSaraji in 1974 Products rangeBlackwater and to continue under315kmNorwich Park Norwich Park from premiumthe legislationin 1979quality,lowminesduring the renewalvolatile, highapplication period Blackwater in 1967 vitrinite, hardAll renewal Broadmeadow coking coal toapplications (longwall medium volatilewere lodged and operations) in 2005hard coking coal,pending a decisionDaunia in 2013 andto weak cokingfrom the Minister coal,someCaval Ridge in 2014pulverised coalProduction at injection (PCI)Norwich Park coal and mediumceased in May 2012ash thermal coalas a secondaryproduct","ports 2043,renewable Goonyella Riverside is mined from purchasedDauniafor further periodsthe Permianvia RetailDistancesas QueenslandProductionMoranbah andAgreementsbetween theGovernmentcommenced at:Peak Downsmines and portRangal Coallegislation allowsPeak Downs in 1972measuresCaval RidgeSaraji are between160 km and Mining is permittedSaraji in 1974 Products rangeBlackwater and to continue under315kmNorwich Park Norwich Park from premiumthe legislationin 1979quality,lowminesduring the renewalvolatile, highapplication period Blackwater in 1967 vitrinite, hardAll renewal Broadmeadow coking coal toapplications (longwall medium volatilewere lodged and operations) in 2005hard coking coal,pending a decisionDaunia in 2013 andto weak cokingfrom the Minister coal,someCaval Ridge in 2014pulverised coalProduction at injection (PCI)Norwich Park coal and mediumceased in May 2012ash thermal coalas a secondaryproduct","ports 2043,renewable Goonyella Riverside is mined from purchasedDauniafor further periodsthe Permianvia RetailDistancesas QueenslandProductionMoranbah andAgreementsbetween theGovernmentcommenced at:Peak Downsmines and portRangal Coallegislation allowsPeak Downs in 1972measuresCaval RidgeSaraji are between160 km and Mining is permittedSaraji in 1974 Products rangeBlackwater and to continue under315kmNorwich Park Norwich Park from premiumthe legislationin 1979quality,lowminesduring the renewalvolatile, highapplication period Blackwater in 1967 vitrinite, hardAll renewal Broadmeadow coking coal toapplications (longwall medium volatilewere lodged and operations) in 2005hard coking coal,pending a decisionDaunia in 2013 andto weak cokingfrom the Minister coal,someCaval Ridge in 2014pulverised coalProduction at injection (PCI)Norwich Park coal and mediumceased in May 2012ash thermal coalas a secondaryproduct","ports 2043,renewable Goonyella Riverside is mined from purchasedDauniafor further periodsthe Permianvia RetailDistancesas QueenslandProductionMoranbah andAgreementsbetween theGovernmentcommenced at:Peak Downsmines and portRangal Coallegislation allowsPeak Downs in 1972measuresCaval RidgeSaraji are between160 km and Mining is permittedSaraji in 1974 Products rangeBlackwater and to continue under315kmNorwich Park Norwich Park from premiumthe legislationin 1979quality,lowminesduring the renewalvolatile, highapplication period Blackwater in 1967 vitrinite, hardAll renewal Broadmeadow coking coal toapplications (longwall medium volatilewere lodged and operations) in 2005hard coking coal,pending a decisionDaunia in 2013 andto weak cokingfrom the Minister coal,someCaval Ridge in 2014pulverised coalProduction at injection (PCI)Norwich Park coal and mediumceased in May 2012ash thermal coalas a secondaryproduct","ports 2043,renewable Goonyella Riverside is mined from purchasedDauniafor further periodsthe Permianvia RetailDistancesas QueenslandProductionMoranbah andAgreementsbetween theGovernmentcommenced at:Peak Downsmines and portRangal Coallegislation allowsPeak Downs in 1972measuresCaval RidgeSaraji are between160 km and Mining is permittedSaraji in 1974 Products rangeBlackwater and to continue under315kmNorwich Park Norwich Park from premiumthe legislationin 1979quality,lowminesduring the renewalvolatile, highapplication period Blackwater in 1967 vitrinite, hardAll renewal Broadmeadow coking coal toapplications (longwall medium volatilewere lodged and operations) in 2005hard coking coal,pending a decisionDaunia in 2013 andto weak cokingfrom the Minister coal,someCaval Ridge in 2014pulverised coalProduction at injection (PCI)Norwich Park coal and mediumceased in May 2012ash thermal coalas a secondaryproduct","ports 2043,renewable Goonyella Riverside is mined from purchasedDauniafor further periodsthe Permianvia RetailDistancesas QueenslandProductionMoranbah andAgreementsbetween theGovernmentcommenced at:Peak Downsmines and portRangal Coallegislation allowsPeak Downs in 1972measuresCaval RidgeSaraji are between160 km and Mining is permittedSaraji in 1974 Products rangeBlackwater and to continue under315kmNorwich Park Norwich Park from premiumthe legislationin 1979quality,lowminesduring the renewalvolatile, highapplication period Blackwater in 1967 vitrinite, hardAll renewal Broadmeadow coking coal toapplications (longwall medium volatilewere lodged and operations) in 2005hard coking coal,pending a decisionDaunia in 2013 andto weak cokingfrom the Minister coal,someCaval Ridge in 2014pulverised coalProduction at injection (PCI)Norwich Park coal and mediumceased in May 2012ash thermal coalas a secondaryproduct","ports 2043,renewable Goonyella Riverside is mined from purchasedDauniafor further periodsthe Permianvia RetailDistancesas QueenslandProductionMoranbah andAgreementsbetween theGovernmentcommenced at:Peak Downsmines and portRangal Coallegislation allowsPeak Downs in 1972measuresCaval RidgeSaraji are between160 km and Mining is permittedSaraji in 1974 Products rangeBlackwater and to continue under315kmNorwich Park Norwich Park from premiumthe legislationin 1979quality,lowminesduring the renewalvolatile, highapplication period Blackwater in 1967 vitrinite, hardAll renewal Broadmeadow coking coal toapplications (longwall medium volatilewere lodged and operations) in 2005hard coking coal,pending a decisionDaunia in 2013 andto weak cokingfrom the Minister coal,someCaval Ridge in 2014pulverised coalProduction at injection (PCI)Norwich Park coal and mediumceased in May 2012ash thermal coalas a secondaryproduct","ports 2043,renewable Goonyella Riverside is mined from purchasedDauniafor further periodsthe Permianvia RetailDistancesas QueenslandProductionMoranbah andAgreementsbetween theGovernmentcommenced at:Peak Downsmines and portRangal Coallegislation allowsPeak Downs in 1972measuresCaval RidgeSaraji are between160 km and Mining is permittedSaraji in 1974 Products rangeBlackwater and to continue under315kmNorwich Park Norwich Park from premiumthe legislationin 1979quality,lowminesduring the renewalvolatile, highapplication period Blackwater in 1967 vitrinite, hardAll renewal Broadmeadow coking coal toapplications (longwall medium volatilewere lodged and operations) in 2005hard coking coal,pending a decisionDaunia in 2013 andto weak cokingfrom the Minister coal,someCaval Ridge in 2014pulverised coalProduction at injection (PCI)Norwich Park coal and mediumceased in May 2012ash thermal coalas a secondaryproduct",Moranbah and AgreementsRangal CoalmeasuresProducts range,Moranbah and AgreementsRangal CoalmeasuresProducts range,Moranbah and AgreementsRangal CoalmeasuresProducts range,Moranbah and AgreementsRangal CoalmeasuresProducts range,Moranbah and AgreementsRangal CoalmeasuresProducts range,Moranbah and AgreementsRangal CoalmeasuresProducts range,Moranbah and AgreementsRangal CoalmeasuresProducts range,,,,,,,,,,,,,,
,"ports 2043,renewable Goonyella Riverside is mined from purchasedDauniafor further periodsthe Permianvia RetailDistancesas QueenslandProductionMoranbah andAgreementsbetween theGovernmentcommenced at:Peak Downsmines and portRangal Coallegislation allowsPeak Downs in 1972measuresCaval RidgeSaraji are between160 km and Mining is permittedSaraji in 1974 Products rangeBlackwater and to continue under315kmNorwich Park Norwich Park from premiumthe legislationin 1979quality,lowminesduring the renewalvolatile, highapplication period Blackwater in 1967 vitrinite, hardAll renewal Broadmeadow coking coal toapplications (longwall medium volatilewere lodged and operations) in 2005hard coking coal,pending a decisionDaunia in 2013 andto weak cokingfrom the Minister coal,someCaval Ridge in 2014pulverised coalProduction at injection (PCI)Norwich Park coal and mediumceased in May 2012ash thermal coalas a secondaryproduct","ports 2043,renewable Goonyella Riverside is mined from purchasedDauniafor further periodsthe Permianvia RetailDistancesas QueenslandProductionMoranbah andAgreementsbetween theGovernmentcommenced at:Peak Downsmines and portRangal Coallegislation allowsPeak Downs in 1972measuresCaval RidgeSaraji are between160 km and Mining is permittedSaraji in 1974 Products rangeBlackwater and to continue under315kmNorwich Park Norwich Park from premiumthe legislationin 1979quality,lowminesduring the renewalvolatile, highapplication period Blackwater in 1967 vitrinite, hardAll renewal Broadmeadow coking coal toapplications (longwall medium volatilewere lodged and operations) in 2005hard coking coal,pending a decisionDaunia in 2013 andto weak cokingfrom the Minister coal,someCaval Ridge in 2014pulverised coalProduction at injection (PCI)Norwich Park coal and mediumceased in May 2012ash thermal coalas a secondaryproduct","ports 2043,renewable Goonyella Riverside is mined from purchasedDauniafor further periodsthe Permianvia RetailDistancesas QueenslandProductionMoranbah andAgreementsbetween theGovernmentcommenced at:Peak Downsmines and portRangal Coallegislation allowsPeak Downs in 1972measuresCaval RidgeSaraji are between160 km and Mining is permittedSaraji in 1974 Products rangeBlackwater and to continue under315kmNorwich Park Norwich Park from premiumthe legislationin 1979quality,lowminesduring the renewalvolatile, highapplication period Blackwater in 1967 vitrinite, hardAll renewal Broadmeadow coking coal toapplications (longwall medium volatilewere lodged and operations) in 2005hard coking coal,pending a decisionDaunia in 2013 andto weak cokingfrom the Minister coal,someCaval Ridge in 2014pulverised coalProduction at injection (PCI)Norwich Park coal and mediumceased in May 2012ash thermal coalas a secondaryproduct","ports 2043,renewable Goonyella Riverside is mined from purchasedDauniafor further periodsthe Permianvia RetailDistancesas QueenslandProductionMoranbah andAgreementsbetween theGovernmentcommenced at:Peak Downsmines and portRangal Coallegislation allowsPeak Downs in 1972measuresCaval RidgeSaraji are between160 km and Mining is permittedSaraji in 1974 Products rangeBlackwater and to continue under315kmNorwich Park Norwich Park from premiumthe legislationin 1979quality,lowminesduring the renewalvolatile, highapplication period Blackwater in 1967 vitrinite, hardAll renewal Broadmeadow coking coal toapplications (longwall medium volatilewere lodged and operations) in 2005hard coking coal,pending a decisionDaunia in 2013 andto weak cokingfrom the Minister coal,someCaval Ridge in 2014pulverised coalProduction at injection (PCI)Norwich Park coal and mediumceased in May 2012ash thermal coalas a secondaryproduct","ports 2043,renewable Goonyella Riverside is mined from purchasedDauniafor further periodsthe Permianvia RetailDistancesas QueenslandProductionMoranbah andAgreementsbetween theGovernmentcommenced at:Peak Downsmines and portRangal Coallegislation allowsPeak Downs in 1972measuresCaval RidgeSaraji are between160 km and Mining is permittedSaraji in 1974 Products rangeBlackwater and to continue under315kmNorwich Park Norwich Park from premiumthe legislationin 1979quality,lowminesduring the renewalvolatile, highapplication period Blackwater in 1967 vitrinite, hardAll renewal Broadmeadow coking coal toapplications (longwall medium volatilewere lodged and operations) in 2005hard coking coal,pending a decisionDaunia in 2013 andto weak cokingfrom the Minister coal,someCaval Ridge in 2014pulverised coalProduction at injection (PCI)Norwich Park coal and mediumceased in May 2012ash thermal coalas a secondaryproduct","ports 2043,renewable Goonyella Riverside is mined from purchasedDauniafor further periodsthe Permianvia RetailDistancesas QueenslandProductionMoranbah andAgreementsbetween theGovernmentcommenced at:Peak Downsmines and portRangal Coallegislation allowsPeak Downs in 1972measuresCaval RidgeSaraji are between160 km and Mining is permittedSaraji in 1974 Products rangeBlackwater and to continue under315kmNorwich Park Norwich Park from premiumthe legislationin 1979quality,lowminesduring the renewalvolatile, highapplication period Blackwater in 1967 vitrinite, hardAll renewal Broadmeadow coking coal toapplications (longwall medium volatilewere lodged and operations) in 2005hard coking coal,pending a decisionDaunia in 2013 andto weak cokingfrom the Minister coal,someCaval Ridge in 2014pulverised coalProduction at injection (PCI)Norwich Park coal and mediumceased in May 2012ash thermal coalas a secondaryproduct","ports 2043,renewable Goonyella Riverside is mined from purchasedDauniafor further periodsthe Permianvia RetailDistancesas QueenslandProductionMoranbah andAgreementsbetween theGovernmentcommenced at:Peak Downsmines and portRangal Coallegislation allowsPeak Downs in 1972measuresCaval RidgeSaraji are between160 km and Mining is permittedSaraji in 1974 Products rangeBlackwater and to continue under315kmNorwich Park Norwich Park from premiumthe legislationin 1979quality,lowminesduring the renewalvolatile, highapplication period Blackwater in 1967 vitrinite, hardAll renewal Broadmeadow coking coal toapplications (longwall medium volatilewere lodged and operations) in 2005hard coking coal,pending a decisionDaunia in 2013 andto weak cokingfrom the Minister coal,someCaval Ridge in 2014pulverised coalProduction at injection (PCI)Norwich Park coal and mediumceased in May 2012ash thermal coalas a secondaryproduct","ports 2043,renewable Goonyella Riverside is mined from purchasedDauniafor further periodsthe Permianvia RetailDistancesas QueenslandProductionMoranbah andAgreementsbetween theGovernmentcommenced at:Peak Downsmines and portRangal Coallegislation allowsPeak Downs in 1972measuresCaval RidgeSaraji are between160 km and Mining is permittedSaraji in 1974 Products rangeBlackwater and to continue under315kmNorwich Park Norwich Park from premiumthe legislationin 1979quality,lowminesduring the renewalvolatile, highapplication period Blackwater in 1967 vitrinite, hardAll renewal Broadmeadow coking coal toapplications (longwall medium volatilewere lodged and operations) in 2005hard coking coal,pending a decisionDaunia in 2013 andto weak cokingfrom the Minister coal,someCaval Ridge in 2014pulverised coalProduction at injection (PCI)Norwich Park coal and mediumceased in May 2012ash thermal coalas a secondaryproduct","ports 2043,renewable Goonyella Riverside is mined from purchasedDauniafor further periodsthe Permianvia RetailDistancesas QueenslandProductionMoranbah andAgreementsbetween theGovernmentcommenced at:Peak Downsmines and portRangal Coallegislation allowsPeak Downs in 1972measuresCaval RidgeSaraji are between160 km and Mining is permittedSaraji in 1974 Products rangeBlackwater and to continue under315kmNorwich Park Norwich Park from premiumthe legislationin 1979quality,lowminesduring the renewalvolatile, highapplication period Blackwater in 1967 vitrinite, hardAll renewal Broadmeadow coking coal toapplications (longwall medium volatilewere lodged and operations) in 2005hard coking coal,pending a decisionDaunia in 2013 andto weak cokingfrom the Minister coal,someCaval Ridge in 2014pulverised coalProduction at injection (PCI)Norwich Park coal and mediumceased in May 2012ash thermal coalas a secondaryproduct","ports 2043,renewable Goonyella Riverside is mined from purchasedDauniafor further periodsthe Permianvia RetailDistancesas QueenslandProductionMoranbah andAgreementsbetween theGovernmentcommenced at:Peak Downsmines and portRangal Coallegislation allowsPeak Downs in 1972measuresCaval RidgeSaraji are between160 km and Mining is permittedSaraji in 1974 Products rangeBlackwater and to continue under315kmNorwich Park Norwich Park from premiumthe legislationin 1979quality,lowminesduring the renewalvolatile, highapplication period Blackwater in 1967 vitrinite, hardAll renewal Broadmeadow coking coal toapplications (longwall medium volatilewere lodged and operations) in 2005hard coking coal,pending a decisionDaunia in 2013 andto weak cokingfrom the Minister coal,someCaval Ridge in 2014pulverised coalProduction at injection (PCI)Norwich Park coal and mediumceased in May 2012ash thermal coalas a secondaryproduct","ports 2043,renewable Goonyella Riverside is mined from purchasedDauniafor further periodsthe Permianvia RetailDistancesas QueenslandProductionMoranbah andAgreementsbetween theGovernmentcommenced at:Peak Downsmines and portRangal Coallegislation allowsPeak Downs in 1972measuresCaval RidgeSaraji are between160 km and Mining is permittedSaraji in 1974 Products rangeBlackwater and to continue under315kmNorwich Park Norwich Park from premiumthe legislationin 1979quality,lowminesduring the renewalvolatile, highapplication period Blackwater in 1967 vitrinite, hardAll renewal Broadmeadow coking coal toapplications (longwall medium volatilewere lodged and operations) in 2005hard coking coal,pending a decisionDaunia in 2013 andto weak cokingfrom the Minister coal,someCaval Ridge in 2014pulverised coalProduction at injection (PCI)Norwich Park coal and mediumceased in May 2012ash thermal coalas a secondaryproduct","ports 2043,renewable Goonyella Riverside is mined from purchasedDauniafor further periodsthe Permianvia RetailDistancesas QueenslandProductionMoranbah andAgreementsbetween theGovernmentcommenced at:Peak Downsmines and portRangal Coallegislation allowsPeak Downs in 1972measuresCaval RidgeSaraji are between160 km and Mining is permittedSaraji in 1974 Products rangeBlackwater and to continue under315kmNorwich Park Norwich Park from premiumthe legislationin 1979quality,lowminesduring the renewalvolatile, highapplication period Blackwater in 1967 vitrinite, hardAll renewal Broadmeadow coking coal toapplications (longwall medium volatilewere lodged and operations) in 2005hard coking coal,pending a decisionDaunia in 2013 andto weak cokingfrom the Minister coal,someCaval Ridge in 2014pulverised coalProduction at injection (PCI)Norwich Park coal and mediumceased in May 2012ash thermal coalas a secondaryproduct","ports 2043,renewable Goonyella Riverside is mined from purchasedDauniafor further periodsthe Permianvia RetailDistancesas QueenslandProductionMoranbah andAgreementsbetween theGovernmentcommenced at:Peak Downsmines and portRangal Coallegislation allowsPeak Downs in 1972measuresCaval RidgeSaraji are between160 km and Mining is permittedSaraji in 1974 Products rangeBlackwater and to continue under315kmNorwich Park Norwich Park from premiumthe legislationin 1979quality,lowminesduring the renewalvolatile, highapplication period Blackwater in 1967 vitrinite, hardAll renewal Broadmeadow coking coal toapplications (longwall medium volatilewere lodged and operations) in 2005hard coking coal,pending a decisionDaunia in 2013 andto weak cokingfrom the Minister coal,someCaval Ridge in 2014pulverised coalProduction at injection (PCI)Norwich Park coal and mediumceased in May 2012ash thermal coalas a secondaryproduct","ports 2043,renewable Goonyella Riverside is mined from purchasedDauniafor further periodsthe Permianvia RetailDistancesas QueenslandProductionMoranbah andAgreementsbetween theGovernmentcommenced at:Peak Downsmines and portRangal Coallegislation allowsPeak Downs in 1972measuresCaval RidgeSaraji are between160 km and Mining is permittedSaraji in 1974 Products rangeBlackwater and to continue under315kmNorwich Park Norwich Park from premiumthe legislationin 1979quality,lowminesduring the renewalvolatile, highapplication period Blackwater in 1967 vitrinite, hardAll renewal Broadmeadow coking coal toapplications (longwall medium volatilewere lodged and operations) in 2005hard coking coal,pending a decisionDaunia in 2013 andto weak cokingfrom the Minister coal,someCaval Ridge in 2014pulverised coalProduction at injection (PCI)Norwich Park coal and mediumceased in May 2012ash thermal coalas a secondaryproduct",Moranbah and AgreementsRangal CoalmeasuresProducts range,Moranbah and AgreementsRangal CoalmeasuresProducts range,Moranbah and AgreementsRangal CoalmeasuresProducts range,Moranbah and AgreementsRangal CoalmeasuresProducts range,Moranbah and AgreementsRangal CoalmeasuresProducts range,Moranbah and AgreementsRangal CoalmeasuresProducts range,Moranbah and AgreementsRangal CoalmeasuresProducts range,Rangal Coal,Rangal Coal,Rangal Coal,Rangal Coal,,,,,,,,,,
,"ports 2043,renewable Goonyella Riverside is mined from purchasedDauniafor further periodsthe Permianvia RetailDistancesas QueenslandProductionMoranbah andAgreementsbetween theGovernmentcommenced at:Peak Downsmines and portRangal Coallegislation allowsPeak Downs in 1972measuresCaval RidgeSaraji are between160 km and Mining is permittedSaraji in 1974 Products rangeBlackwater and to continue under315kmNorwich Park Norwich Park from premiumthe legislationin 1979quality,lowminesduring the renewalvolatile, highapplication period Blackwater in 1967 vitrinite, hardAll renewal Broadmeadow coking coal toapplications (longwall medium volatilewere lodged and operations) in 2005hard coking coal,pending a decisionDaunia in 2013 andto weak cokingfrom the Minister coal,someCaval Ridge in 2014pulverised coalProduction at injection (PCI)Norwich Park coal and mediumceased in May 2012ash thermal coalas a secondaryproduct","ports 2043,renewable Goonyella Riverside is mined from purchasedDauniafor further periodsthe Permianvia RetailDistancesas QueenslandProductionMoranbah andAgreementsbetween theGovernmentcommenced at:Peak Downsmines and portRangal Coallegislation allowsPeak Downs in 1972measuresCaval RidgeSaraji are between160 km and Mining is permittedSaraji in 1974 Products rangeBlackwater and to continue under315kmNorwich Park Norwich Park from premiumthe legislationin 1979quality,lowminesduring the renewalvolatile, highapplication period Blackwater in 1967 vitrinite, hardAll renewal Broadmeadow coking coal toapplications (longwall medium volatilewere lodged and operations) in 2005hard coking coal,pending a decisionDaunia in 2013 andto weak cokingfrom the Minister coal,someCaval Ridge in 2014pulverised coalProduction at injection (PCI)Norwich Park coal and mediumceased in May 2012ash thermal coalas a secondaryproduct","ports 2043,renewable Goonyella Riverside is mined from purchasedDauniafor further periodsthe Permianvia RetailDistancesas QueenslandProductionMoranbah andAgreementsbetween theGovernmentcommenced at:Peak Downsmines and portRangal Coallegislation allowsPeak Downs in 1972measuresCaval RidgeSaraji are between160 km and Mining is permittedSaraji in 1974 Products rangeBlackwater and to continue under315kmNorwich Park Norwich Park from premiumthe legislationin 1979quality,lowminesduring the renewalvolatile, highapplication period Blackwater in 1967 vitrinite, hardAll renewal Broadmeadow coking coal toapplications (longwall medium volatilewere lodged and operations) in 2005hard coking coal,pending a decisionDaunia in 2013 andto weak cokingfrom the Minister coal,someCaval Ridge in 2014pulverised coalProduction at injection (PCI)Norwich Park coal and mediumceased in May 2012ash thermal coalas a secondaryproduct","ports 2043,renewable Goonyella Riverside is mined from purchasedDauniafor further periodsthe Permianvia RetailDistancesas QueenslandProductionMoranbah andAgreementsbetween theGovernmentcommenced at:Peak Downsmines and portRangal Coallegislation allowsPeak Downs in 1972measuresCaval RidgeSaraji are between160 km and Mining is permittedSaraji in 1974 Products rangeBlackwater and to continue under315kmNorwich Park Norwich Park from premiumthe legislationin 1979quality,lowminesduring the renewalvolatile, highapplication period Blackwater in 1967 vitrinite, hardAll renewal Broadmeadow coking coal toapplications (longwall medium volatilewere lodged and operations) in 2005hard coking coal,pending a decisionDaunia in 2013 andto weak cokingfrom the Minister coal,someCaval Ridge in 2014pulverised coalProduction at injection (PCI)Norwich Park coal and mediumceased in May 2012ash thermal coalas a secondaryproduct","ports 2043,renewable Goonyella Riverside is mined from purchasedDauniafor further periodsthe Permianvia RetailDistancesas QueenslandProductionMoranbah andAgreementsbetween theGovernmentcommenced at:Peak Downsmines and portRangal Coallegislation allowsPeak Downs in 1972measuresCaval RidgeSaraji are between160 km and Mining is permittedSaraji in 1974 Products rangeBlackwater and to continue under315kmNorwich Park Norwich Park from premiumthe legislationin 1979quality,lowminesduring the renewalvolatile, highapplication period Blackwater in 1967 vitrinite, hardAll renewal Broadmeadow coking coal toapplications (longwall medium volatilewere lodged and operations) in 2005hard coking coal,pending a decisionDaunia in 2013 andto weak cokingfrom the Minister coal,someCaval Ridge in 2014pulverised coalProduction at injection (PCI)Norwich Park coal and mediumceased in May 2012ash thermal coalas a secondaryproduct","ports 2043,renewable Goonyella Riverside is mined from purchasedDauniafor further periodsthe Permianvia RetailDistancesas QueenslandProductionMoranbah andAgreementsbetween theGovernmentcommenced at:Peak Downsmines and portRangal Coallegislation allowsPeak Downs in 1972measuresCaval RidgeSaraji are between160 km and Mining is permittedSaraji in 1974 Products rangeBlackwater and to continue under315kmNorwich Park Norwich Park from premiumthe legislationin 1979quality,lowminesduring the renewalvolatile, highapplication period Blackwater in 1967 vitrinite, hardAll renewal Broadmeadow coking coal toapplications (longwall medium volatilewere lodged and operations) in 2005hard coking coal,pending a decisionDaunia in 2013 andto weak cokingfrom the Minister coal,someCaval Ridge in 2014pulverised coalProduction at injection (PCI)Norwich Park coal and mediumceased in May 2012ash thermal coalas a secondaryproduct","ports 2043,renewable Goonyella Riverside is mined from purchasedDauniafor further periodsthe Permianvia RetailDistancesas QueenslandProductionMoranbah andAgreementsbetween theGovernmentcommenced at:Peak Downsmines and portRangal Coallegislation allowsPeak Downs in 1972measuresCaval RidgeSaraji are between160 km and Mining is permittedSaraji in 1974 Products rangeBlackwater and to continue under315kmNorwich Park Norwich Park from premiumthe legislationin 1979quality,lowminesduring the renewalvolatile, highapplication period Blackwater in 1967 vitrinite, hardAll renewal Broadmeadow coking coal toapplications (longwall medium volatilewere lodged and operations) in 2005hard coking coal,pending a decisionDaunia in 2013 andto weak cokingfrom the Minister coal,someCaval Ridge in 2014pulverised coalProduction at injection (PCI)Norwich Park coal and mediumceased in May 2012ash thermal coalas a secondaryproduct","ports 2043,renewable Goonyella Riverside is mined from purchasedDauniafor further periodsthe Permianvia RetailDistancesas QueenslandProductionMoranbah andAgreementsbetween theGovernmentcommenced at:Peak Downsmines and portRangal Coallegislation allowsPeak Downs in 1972measuresCaval RidgeSaraji are between160 km and Mining is permittedSaraji in 1974 Products rangeBlackwater and to continue under315kmNorwich Park Norwich Park from premiumthe legislationin 1979quality,lowminesduring the renewalvolatile, highapplication period Blackwater in 1967 vitrinite, hardAll renewal Broadmeadow coking coal toapplications (longwall medium volatilewere lodged and operations) in 2005hard coking coal,pending a decisionDaunia in 2013 andto weak cokingfrom the Minister coal,someCaval Ridge in 2014pulverised coalProduction at injection (PCI)Norwich Park coal and mediumceased in May 2012ash thermal coalas a secondaryproduct","ports 2043,renewable Goonyella Riverside is mined from purchasedDauniafor further periodsthe Permianvia RetailDistancesas QueenslandProductionMoranbah andAgreementsbetween theGovernmentcommenced at:Peak Downsmines and portRangal Coallegislation allowsPeak Downs in 1972measuresCaval RidgeSaraji are between160 km and Mining is permittedSaraji in 1974 Products rangeBlackwater and to continue under315kmNorwich Park Norwich Park from premiumthe legislationin 1979quality,lowminesduring the renewalvolatile, highapplication period Blackwater in 1967 vitrinite, hardAll renewal Broadmeadow coking coal toapplications (longwall medium volatilewere lodged and operations) in 2005hard coking coal,pending a decisionDaunia in 2013 andto weak cokingfrom the Minister coal,someCaval Ridge in 2014pulverised coalProduction at injection (PCI)Norwich Park coal and mediumceased in May 2012ash thermal coalas a secondaryproduct","ports 2043,renewable Goonyella Riverside is mined from purchasedDauniafor further periodsthe Permianvia RetailDistancesas QueenslandProductionMoranbah andAgreementsbetween theGovernmentcommenced at:Peak Downsmines and portRangal Coallegislation allowsPeak Downs in 1972measuresCaval RidgeSaraji are between160 km and Mining is permittedSaraji in 1974 Products rangeBlackwater and to continue under315kmNorwich Park Norwich Park from premiumthe legislationin 1979quality,lowminesduring the renewalvolatile, highapplication period Blackwater in 1967 vitrinite, hardAll renewal Broadmeadow coking coal toapplications (longwall medium volatilewere lodged and operations) in 2005hard coking coal,pending a decisionDaunia in 2013 andto weak cokingfrom the Minister coal,someCaval Ridge in 2014pulverised coalProduction at injection (PCI)Norwich Park coal and mediumceased in May 2012ash thermal coalas a secondaryproduct","ports 2043,renewable Goonyella Riverside is mined from purchasedDauniafor further periodsthe Permianvia RetailDistancesas QueenslandProductionMoranbah andAgreementsbetween theGovernmentcommenced at:Peak Downsmines and portRangal Coallegislation allowsPeak Downs in 1972measuresCaval RidgeSaraji are between160 km and Mining is permittedSaraji in 1974 Products rangeBlackwater and to continue under315kmNorwich Park Norwich Park from premiumthe legislationin 1979quality,lowminesduring the renewalvolatile, highapplication period Blackwater in 1967 vitrinite, hardAll renewal Broadmeadow coking coal toapplications (longwall medium volatilewere lodged and operations) in 2005hard coking coal,pending a decisionDaunia in 2013 andto weak cokingfrom the Minister coal,someCaval Ridge in 2014pulverised coalProduction at injection (PCI)Norwich Park coal and mediumceased in May 2012ash thermal coalas a secondaryproduct","ports 2043,renewable Goonyella Riverside is mined from purchasedDauniafor further periodsthe Permianvia RetailDistancesas QueenslandProductionMoranbah andAgreementsbetween theGovernmentcommenced at:Peak Downsmines and portRangal Coallegislation allowsPeak Downs in 1972measuresCaval RidgeSaraji are between160 km and Mining is permittedSaraji in 1974 Products rangeBlackwater and to continue under315kmNorwich Park Norwich Park from premiumthe legislationin 1979quality,lowminesduring the renewalvolatile, highapplication period Blackwater in 1967 vitrinite, hardAll renewal Broadmeadow coking coal toapplications (longwall medium volatilewere lodged and operations) in 2005hard coking coal,pending a decisionDaunia in 2013 andto weak cokingfrom the Minister coal,someCaval Ridge in 2014pulverised coalProduction at injection (PCI)Norwich Park coal and mediumceased in May 2012ash thermal coalas a secondaryproduct","ports 2043,renewable Goonyella Riverside is mined from purchasedDauniafor further periodsthe Permianvia RetailDistancesas QueenslandProductionMoranbah andAgreementsbetween theGovernmentcommenced at:Peak Downsmines and portRangal Coallegislation allowsPeak Downs in 1972measuresCaval RidgeSaraji are between160 km and Mining is permittedSaraji in 1974 Products rangeBlackwater and to continue under315kmNorwich Park Norwich Park from premiumthe legislationin 1979quality,lowminesduring the renewalvolatile, highapplication period Blackwater in 1967 vitrinite, hardAll renewal Broadmeadow coking coal toapplications (longwall medium volatilewere lodged and operations) in 2005hard coking coal,pending a decisionDaunia in 2013 andto weak cokingfrom the Minister coal,someCaval Ridge in 2014pulverised coalProduction at injection (PCI)Norwich Park coal and mediumceased in May 2012ash thermal coalas a secondaryproduct","ports 2043,renewable Goonyella Riverside is mined from purchasedDauniafor further periodsthe Permianvia RetailDistancesas QueenslandProductionMoranbah andAgreementsbetween theGovernmentcommenced at:Peak Downsmines and portRangal Coallegislation allowsPeak Downs in 1972measuresCaval RidgeSaraji are between160 km and Mining is permittedSaraji in 1974 Products rangeBlackwater and to continue under315kmNorwich Park Norwich Park from premiumthe legislationin 1979quality,lowminesduring the renewalvolatile, highapplication period Blackwater in 1967 vitrinite, hardAll renewal Broadmeadow coking coal toapplications (longwall medium volatilewere lodged and operations) in 2005hard coking coal,pending a decisionDaunia in 2013 andto weak cokingfrom the Minister coal,someCaval Ridge in 2014pulverised coalProduction at injection (PCI)Norwich Park coal and mediumceased in May 2012ash thermal coalas a secondaryproduct","Norwich Park from premiumin 1979 quality,lowvolatile, highBlackwater in 1967vitrinite, hardBroadmeadow coking coal to(longwall medium volatileoperations) in 2005hard coking coal,","Norwich Park from premiumin 1979 quality,lowvolatile, highBlackwater in 1967vitrinite, hardBroadmeadow coking coal to(longwall medium volatileoperations) in 2005hard coking coal,","Norwich Park from premiumin 1979 quality,lowvolatile, highBlackwater in 1967vitrinite, hardBroadmeadow coking coal to(longwall medium volatileoperations) in 2005hard coking coal,","Norwich Park from premiumin 1979 quality,lowvolatile, highBlackwater in 1967vitrinite, hardBroadmeadow coking coal to(longwall medium volatileoperations) in 2005hard coking coal,","Norwich Park from premiumin 1979 quality,lowvolatile, highBlackwater in 1967vitrinite, hardBroadmeadow coking coal to(longwall medium volatileoperations) in 2005hard coking coal,","Norwich Park from premiumin 1979 quality,lowvolatile, highBlackwater in 1967vitrinite, hardBroadmeadow coking coal to(longwall medium volatileoperations) in 2005hard coking coal,","Norwich Park from premiumin 1979 quality,lowvolatile, highBlackwater in 1967vitrinite, hardBroadmeadow coking coal to(longwall medium volatileoperations) in 2005hard coking coal,","Norwich Park from premiumin 1979 quality,lowvolatile, highBlackwater in 1967vitrinite, hardBroadmeadow coking coal to(longwall medium volatileoperations) in 2005hard coking coal,","Norwich Park from premiumin 1979 quality,lowvolatile, highBlackwater in 1967vitrinite, hardBroadmeadow coking coal to(longwall medium volatileoperations) in 2005hard coking coal,",,,,,,,,,,,,
,"ports 2043,renewable Goonyella Riverside is mined from purchasedDauniafor further periodsthe Permianvia RetailDistancesas QueenslandProductionMoranbah andAgreementsbetween theGovernmentcommenced at:Peak Downsmines and portRangal Coallegislation allowsPeak Downs in 1972measuresCaval RidgeSaraji are between160 km and Mining is permittedSaraji in 1974 Products rangeBlackwater and to continue under315kmNorwich Park Norwich Park from premiumthe legislationin 1979quality,lowminesduring the renewalvolatile, highapplication period Blackwater in 1967 vitrinite, hardAll renewal Broadmeadow coking coal toapplications (longwall medium volatilewere lodged and operations) in 2005hard coking coal,pending a decisionDaunia in 2013 andto weak cokingfrom the Minister coal,someCaval Ridge in 2014pulverised coalProduction at injection (PCI)Norwich Park coal and mediumceased in May 2012ash thermal coalas a secondaryproduct","ports 2043,renewable Goonyella Riverside is mined from purchasedDauniafor further periodsthe Permianvia RetailDistancesas QueenslandProductionMoranbah andAgreementsbetween theGovernmentcommenced at:Peak Downsmines and portRangal Coallegislation allowsPeak Downs in 1972measuresCaval RidgeSaraji are between160 km and Mining is permittedSaraji in 1974 Products rangeBlackwater and to continue under315kmNorwich Park Norwich Park from premiumthe legislationin 1979quality,lowminesduring the renewalvolatile, highapplication period Blackwater in 1967 vitrinite, hardAll renewal Broadmeadow coking coal toapplications (longwall medium volatilewere lodged and operations) in 2005hard coking coal,pending a decisionDaunia in 2013 andto weak cokingfrom the Minister coal,someCaval Ridge in 2014pulverised coalProduction at injection (PCI)Norwich Park coal and mediumceased in May 2012ash thermal coalas a secondaryproduct","ports 2043,renewable Goonyella Riverside is mined from purchasedDauniafor further periodsthe Permianvia RetailDistancesas QueenslandProductionMoranbah andAgreementsbetween theGovernmentcommenced at:Peak Downsmines and portRangal Coallegislation allowsPeak Downs in 1972measuresCaval RidgeSaraji are between160 km and Mining is permittedSaraji in 1974 Products rangeBlackwater and to continue under315kmNorwich Park Norwich Park from premiumthe legislationin 1979quality,lowminesduring the renewalvolatile, highapplication period Blackwater in 1967 vitrinite, hardAll renewal Broadmeadow coking coal toapplications (longwall medium volatilewere lodged and operations) in 2005hard coking coal,pending a decisionDaunia in 2013 andto weak cokingfrom the Minister coal,someCaval Ridge in 2014pulverised coalProduction at injection (PCI)Norwich Park coal and mediumceased in May 2012ash thermal coalas a secondaryproduct","ports 2043,renewable Goonyella Riverside is mined from purchasedDauniafor further periodsthe Permianvia RetailDistancesas QueenslandProductionMoranbah andAgreementsbetween theGovernmentcommenced at:Peak Downsmines and portRangal Coallegislation allowsPeak Downs in 1972measuresCaval RidgeSaraji are between160 km and Mining is permittedSaraji in 1974 Products rangeBlackwater and to continue under315kmNorwich Park Norwich Park from premiumthe legislationin 1979quality,lowminesduring the renewalvolatile, highapplication period Blackwater in 1967 vitrinite, hardAll renewal Broadmeadow coking coal toapplications (longwall medium volatilewere lodged and operations) in 2005hard coking coal,pending a decisionDaunia in 2013 andto weak cokingfrom the Minister coal,someCaval Ridge in 2014pulverised coalProduction at injection (PCI)Norwich Park coal and mediumceased in May 2012ash thermal coalas a secondaryproduct","ports 2043,renewable Goonyella Riverside is mined from purchasedDauniafor further periodsthe Permianvia RetailDistancesas QueenslandProductionMoranbah andAgreementsbetween theGovernmentcommenced at:Peak Downsmines and portRangal Coallegislation allowsPeak Downs in 1972measuresCaval RidgeSaraji are between160 km and Mining is permittedSaraji in 1974 Products rangeBlackwater and to continue under315kmNorwich Park Norwich Park from premiumthe legislationin 1979quality,lowminesduring the renewalvolatile, highapplication period Blackwater in 1967 vitrinite, hardAll renewal Broadmeadow coking coal toapplications (longwall medium volatilewere lodged and operations) in 2005hard coking coal,pending a decisionDaunia in 2013 andto weak cokingfrom the Minister coal,someCaval Ridge in 2014pulverised coalProduction at injection (PCI)Norwich Park coal and mediumceased in May 2012ash thermal coalas a secondaryproduct","ports 2043,renewable Goonyella Riverside is mined from purchasedDauniafor further periodsthe Permianvia RetailDistancesas QueenslandProductionMoranbah andAgreementsbetween theGovernmentcommenced at:Peak Downsmines and portRangal Coallegislation allowsPeak Downs in 1972measuresCaval RidgeSaraji are between160 km and Mining is permittedSaraji in 1974 Products rangeBlackwater and to continue under315kmNorwich Park Norwich Park from premiumthe legislationin 1979quality,lowminesduring the renewalvolatile, highapplication period Blackwater in 1967 vitrinite, hardAll renewal Broadmeadow coking coal toapplications (longwall medium volatilewere lodged and operations) in 2005hard coking coal,pending a decisionDaunia in 2013 andto weak cokingfrom the Minister coal,someCaval Ridge in 2014pulverised coalProduction at injection (PCI)Norwich Park coal and mediumceased in May 2012ash thermal coalas a secondaryproduct","ports 2043,renewable Goonyella Riverside is mined from purchasedDauniafor further periodsthe Permianvia RetailDistancesas QueenslandProductionMoranbah andAgreementsbetween theGovernmentcommenced at:Peak Downsmines and portRangal Coallegislation allowsPeak Downs in 1972measuresCaval RidgeSaraji are between160 km and Mining is permittedSaraji in 1974 Products rangeBlackwater and to continue under315kmNorwich Park Norwich Park from premiumthe legislationin 1979quality,lowminesduring the renewalvolatile, highapplication period Blackwater in 1967 vitrinite, hardAll renewal Broadmeadow coking coal toapplications (longwall medium volatilewere lodged and operations) in 2005hard coking coal,pending a decisionDaunia in 2013 andto weak cokingfrom the Minister coal,someCaval Ridge in 2014pulverised coalProduction at injection (PCI)Norwich Park coal and mediumceased in May 2012ash thermal coalas a secondaryproduct","ports 2043,renewable Goonyella Riverside is mined from purchasedDauniafor further periodsthe Permianvia RetailDistancesas QueenslandProductionMoranbah andAgreementsbetween theGovernmentcommenced at:Peak Downsmines and portRangal Coallegislation allowsPeak Downs in 1972measuresCaval RidgeSaraji are between160 km and Mining is permittedSaraji in 1974 Products rangeBlackwater and to continue under315kmNorwich Park Norwich Park from premiumthe legislationin 1979quality,lowminesduring the renewalvolatile, highapplication period Blackwater in 1967 vitrinite, hardAll renewal Broadmeadow coking coal toapplications (longwall medium volatilewere lodged and operations) in 2005hard coking coal,pending a decisionDaunia in 2013 andto weak cokingfrom the Minister coal,someCaval Ridge in 2014pulverised coalProduction at injection (PCI)Norwich Park coal and mediumceased in May 2012ash thermal coalas a secondaryproduct","ports 2043,renewable Goonyella Riverside is mined from purchasedDauniafor further periodsthe Permianvia RetailDistancesas QueenslandProductionMoranbah andAgreementsbetween theGovernmentcommenced at:Peak Downsmines and portRangal Coallegislation allowsPeak Downs in 1972measuresCaval RidgeSaraji are between160 km and Mining is permittedSaraji in 1974 Products rangeBlackwater and to continue under315kmNorwich Park Norwich Park from premiumthe legislationin 1979quality,lowminesduring the renewalvolatile, highapplication period Blackwater in 1967 vitrinite, hardAll renewal Broadmeadow coking coal toapplications (longwall medium volatilewere lodged and operations) in 2005hard coking coal,pending a decisionDaunia in 2013 andto weak cokingfrom the Minister coal,someCaval Ridge in 2014pulverised coalProduction at injection (PCI)Norwich Park coal and mediumceased in May 2012ash thermal coalas a secondaryproduct","ports 2043,renewable Goonyella Riverside is mined from purchasedDauniafor further periodsthe Permianvia RetailDistancesas QueenslandProductionMoranbah andAgreementsbetween theGovernmentcommenced at:Peak Downsmines and portRangal Coallegislation allowsPeak Downs in 1972measuresCaval RidgeSaraji are between160 km and Mining is permittedSaraji in 1974 Products rangeBlackwater and to continue under315kmNorwich Park Norwich Park from premiumthe legislationin 1979quality,lowminesduring the renewalvolatile, highapplication period Blackwater in 1967 vitrinite, hardAll renewal Broadmeadow coking coal toapplications (longwall medium volatilewere lodged and operations) in 2005hard coking coal,pending a decisionDaunia in 2013 andto weak cokingfrom the Minister coal,someCaval Ridge in 2014pulverised coalProduction at injection (PCI)Norwich Park coal and mediumceased in May 2012ash thermal coalas a secondaryproduct","ports 2043,renewable Goonyella Riverside is mined from purchasedDauniafor further periodsthe Permianvia RetailDistancesas QueenslandProductionMoranbah andAgreementsbetween theGovernmentcommenced at:Peak Downsmines and portRangal Coallegislation allowsPeak Downs in 1972measuresCaval RidgeSaraji are between160 km and Mining is permittedSaraji in 1974 Products rangeBlackwater and to continue under315kmNorwich Park Norwich Park from premiumthe legislationin 1979quality,lowminesduring the renewalvolatile, highapplication period Blackwater in 1967 vitrinite, hardAll renewal Broadmeadow coking coal toapplications (longwall medium volatilewere lodged and operations) in 2005hard coking coal,pending a decisionDaunia in 2013 andto weak cokingfrom the Minister coal,someCaval Ridge in 2014pulverised coalProduction at injection (PCI)Norwich Park coal and mediumceased in May 2012ash thermal coalas a secondaryproduct","ports 2043,renewable Goonyella Riverside is mined from purchasedDauniafor further periodsthe Permianvia RetailDistancesas QueenslandProductionMoranbah andAgreementsbetween theGovernmentcommenced at:Peak Downsmines and portRangal Coallegislation allowsPeak Downs in 1972measuresCaval RidgeSaraji are between160 km and Mining is permittedSaraji in 1974 Products rangeBlackwater and to continue under315kmNorwich Park Norwich Park from premiumthe legislationin 1979quality,lowminesduring the renewalvolatile, highapplication period Blackwater in 1967 vitrinite, hardAll renewal Broadmeadow coking coal toapplications (longwall medium volatilewere lodged and operations) in 2005hard coking coal,pending a decisionDaunia in 2013 andto weak cokingfrom the Minister coal,someCaval Ridge in 2014pulverised coalProduction at injection (PCI)Norwich Park coal and mediumceased in May 2012ash thermal coalas a secondaryproduct","ports 2043,renewable Goonyella Riverside is mined from purchasedDauniafor further periodsthe Permianvia RetailDistancesas QueenslandProductionMoranbah andAgreementsbetween theGovernmentcommenced at:Peak Downsmines and portRangal Coallegislation allowsPeak Downs in 1972measuresCaval RidgeSaraji are between160 km and Mining is permittedSaraji in 1974 Products rangeBlackwater and to continue under315kmNorwich Park Norwich Park from premiumthe legislationin 1979quality,lowminesduring the renewalvolatile, highapplication period Blackwater in 1967 vitrinite, hardAll renewal Broadmeadow coking coal toapplications (longwall medium volatilewere lodged and operations) in 2005hard coking coal,pending a decisionDaunia in 2013 andto weak cokingfrom the Minister coal,someCaval Ridge in 2014pulverised coalProduction at injection (PCI)Norwich Park coal and mediumceased in May 2012ash thermal coalas a secondaryproduct","ports 2043,renewable Goonyella Riverside is mined from purchasedDauniafor further periodsthe Permianvia RetailDistancesas QueenslandProductionMoranbah andAgreementsbetween theGovernmentcommenced at:Peak Downsmines and portRangal Coallegislation allowsPeak Downs in 1972measuresCaval RidgeSaraji are between160 km and Mining is permittedSaraji in 1974 Products rangeBlackwater and to continue under315kmNorwich Park Norwich Park from premiumthe legislationin 1979quality,lowminesduring the renewalvolatile, highapplication period Blackwater in 1967 vitrinite, hardAll renewal Broadmeadow coking coal toapplications (longwall medium volatilewere lodged and operations) in 2005hard coking coal,pending a decisionDaunia in 2013 andto weak cokingfrom the Minister coal,someCaval Ridge in 2014pulverised coalProduction at injection (PCI)Norwich Park coal and mediumceased in May 2012ash thermal coalas a secondaryproduct","Norwich Park from premiumin 1979 quality,lowvolatile, highBlackwater in 1967vitrinite, hardBroadmeadow coking coal to(longwall medium volatileoperations) in 2005hard coking coal,","Norwich Park from premiumin 1979 quality,lowvolatile, highBlackwater in 1967vitrinite, hardBroadmeadow coking coal to(longwall medium volatileoperations) in 2005hard coking coal,","Norwich Park from premiumin 1979 quality,lowvolatile, highBlackwater in 1967vitrinite, hardBroadmeadow coking coal to(longwall medium volatileoperations) in 2005hard coking coal,","Norwich Park from premiumin 1979 quality,lowvolatile, highBlackwater in 1967vitrinite, hardBroadmeadow coking coal to(longwall medium volatileoperations) in 2005hard coking coal,","Norwich Park from premiumin 1979 quality,lowvolatile, highBlackwater in 1967vitrinite, hardBroadmeadow coking coal to(longwall medium volatileoperations) in 2005hard coking coal,","Norwich Park from premiumin 1979 quality,lowvolatile, highBlackwater in 1967vitrinite, hardBroadmeadow coking coal to(longwall medium volatileoperations) in 2005hard coking coal,","Norwich Park from premiumin 1979 quality,lowvolatile, highBlackwater in 1967vitrinite, hardBroadmeadow coking coal to(longwall medium volatileoperations) in 2005hard coking coal,","Norwich Park from premiumin 1979 quality,lowvolatile, highBlackwater in 1967vitrinite, hardBroadmeadow coking coal to(longwall medium volatileoperations) in 2005hard coking coal,","Norwich Park from premiumin 1979 quality,lowvolatile, highBlackwater in 1967vitrinite, hardBroadmeadow coking coal to(longwall medium volatileoperations) in 2005hard coking coal,",during the renewalapplication period Blackwater in 1967All renewal Broadmeadow,during the renewalapplication period Blackwater in 1967All renewal Broadmeadow,during the renewalapplication period Blackwater in 1967All renewal Broadmeadow,during the renewalapplication period Blackwater in 1967All renewal Broadmeadow,during the renewalapplication period Blackwater in 1967All renewal Broadmeadow,,,,,,,
,"ports 2043,renewable Goonyella Riverside is mined from purchasedDauniafor further periodsthe Permianvia RetailDistancesas QueenslandProductionMoranbah andAgreementsbetween theGovernmentcommenced at:Peak Downsmines and portRangal Coallegislation allowsPeak Downs in 1972measuresCaval RidgeSaraji are between160 km and Mining is permittedSaraji in 1974 Products rangeBlackwater and to continue under315kmNorwich Park Norwich Park from premiumthe legislationin 1979quality,lowminesduring the renewalvolatile, highapplication period Blackwater in 1967 vitrinite, hardAll renewal Broadmeadow coking coal toapplications (longwall medium volatilewere lodged and operations) in 2005hard coking coal,pending a decisionDaunia in 2013 andto weak cokingfrom the Minister coal,someCaval Ridge in 2014pulverised coalProduction at injection (PCI)Norwich Park coal and mediumceased in May 2012ash thermal coalas a secondaryproduct","ports 2043,renewable Goonyella Riverside is mined from purchasedDauniafor further periodsthe Permianvia RetailDistancesas QueenslandProductionMoranbah andAgreementsbetween theGovernmentcommenced at:Peak Downsmines and portRangal Coallegislation allowsPeak Downs in 1972measuresCaval RidgeSaraji are between160 km and Mining is permittedSaraji in 1974 Products rangeBlackwater and to continue under315kmNorwich Park Norwich Park from premiumthe legislationin 1979quality,lowminesduring the renewalvolatile, highapplication period Blackwater in 1967 vitrinite, hardAll renewal Broadmeadow coking coal toapplications (longwall medium volatilewere lodged and operations) in 2005hard coking coal,pending a decisionDaunia in 2013 andto weak cokingfrom the Minister coal,someCaval Ridge in 2014pulverised coalProduction at injection (PCI)Norwich Park coal and mediumceased in May 2012ash thermal coalas a secondaryproduct","ports 2043,renewable Goonyella Riverside is mined from purchasedDauniafor further periodsthe Permianvia RetailDistancesas QueenslandProductionMoranbah andAgreementsbetween theGovernmentcommenced at:Peak Downsmines and portRangal Coallegislation allowsPeak Downs in 1972measuresCaval RidgeSaraji are between160 km and Mining is permittedSaraji in 1974 Products rangeBlackwater and to continue under315kmNorwich Park Norwich Park from premiumthe legislationin 1979quality,lowminesduring the renewalvolatile, highapplication period Blackwater in 1967 vitrinite, hardAll renewal Broadmeadow coking coal toapplications (longwall medium volatilewere lodged and operations) in 2005hard coking coal,pending a decisionDaunia in 2013 andto weak cokingfrom the Minister coal,someCaval Ridge in 2014pulverised coalProduction at injection (PCI)Norwich Park coal and mediumceased in May 2012ash thermal coalas a secondaryproduct","ports 2043,renewable Goonyella Riverside is mined from purchasedDauniafor further periodsthe Permianvia RetailDistancesas QueenslandProductionMoranbah andAgreementsbetween theGovernmentcommenced at:Peak Downsmines and portRangal Coallegislation allowsPeak Downs in 1972measuresCaval RidgeSaraji are between160 km and Mining is permittedSaraji in 1974 Products rangeBlackwater and to continue under315kmNorwich Park Norwich Park from premiumthe legislationin 1979quality,lowminesduring the renewalvolatile, highapplication period Blackwater in 1967 vitrinite, hardAll renewal Broadmeadow coking coal toapplications (longwall medium volatilewere lodged and operations) in 2005hard coking coal,pending a decisionDaunia in 2013 andto weak cokingfrom the Minister coal,someCaval Ridge in 2014pulverised coalProduction at injection (PCI)Norwich Park coal and mediumceased in May 2012ash thermal coalas a secondaryproduct","ports 2043,renewable Goonyella Riverside is mined from purchasedDauniafor further periodsthe Permianvia RetailDistancesas QueenslandProductionMoranbah andAgreementsbetween theGovernmentcommenced at:Peak Downsmines and portRangal Coallegislation allowsPeak Downs in 1972measuresCaval RidgeSaraji are between160 km and Mining is permittedSaraji in 1974 Products rangeBlackwater and to continue under315kmNorwich Park Norwich Park from premiumthe legislationin 1979quality,lowminesduring the renewalvolatile, highapplication period Blackwater in 1967 vitrinite, hardAll renewal Broadmeadow coking coal toapplications (longwall medium volatilewere lodged and operations) in 2005hard coking coal,pending a decisionDaunia in 2013 andto weak cokingfrom the Minister coal,someCaval Ridge in 2014pulverised coalProduction at injection (PCI)Norwich Park coal and mediumceased in May 2012ash thermal coalas a secondaryproduct","ports 2043,renewable Goonyella Riverside is mined from purchasedDauniafor further periodsthe Permianvia RetailDistancesas QueenslandProductionMoranbah andAgreementsbetween theGovernmentcommenced at:Peak Downsmines and portRangal Coallegislation allowsPeak Downs in 1972measuresCaval RidgeSaraji are between160 km and Mining is permittedSaraji in 1974 Products rangeBlackwater and to continue under315kmNorwich Park Norwich Park from premiumthe legislationin 1979quality,lowminesduring the renewalvolatile, highapplication period Blackwater in 1967 vitrinite, hardAll renewal Broadmeadow coking coal toapplications (longwall medium volatilewere lodged and operations) in 2005hard coking coal,pending a decisionDaunia in 2013 andto weak cokingfrom the Minister coal,someCaval Ridge in 2014pulverised coalProduction at injection (PCI)Norwich Park coal and mediumceased in May 2012ash thermal coalas a secondaryproduct","ports 2043,renewable Goonyella Riverside is mined from purchasedDauniafor further periodsthe Permianvia RetailDistancesas QueenslandProductionMoranbah andAgreementsbetween theGovernmentcommenced at:Peak Downsmines and portRangal Coallegislation allowsPeak Downs in 1972measuresCaval RidgeSaraji are between160 km and Mining is permittedSaraji in 1974 Products rangeBlackwater and to continue under315kmNorwich Park Norwich Park from premiumthe legislationin 1979quality,lowminesduring the renewalvolatile, highapplication period Blackwater in 1967 vitrinite, hardAll renewal Broadmeadow coking coal toapplications (longwall medium volatilewere lodged and operations) in 2005hard coking coal,pending a decisionDaunia in 2013 andto weak cokingfrom the Minister coal,someCaval Ridge in 2014pulverised coalProduction at injection (PCI)Norwich Park coal and mediumceased in May 2012ash thermal coalas a secondaryproduct","ports 2043,renewable Goonyella Riverside is mined from purchasedDauniafor further periodsthe Permianvia RetailDistancesas QueenslandProductionMoranbah andAgreementsbetween theGovernmentcommenced at:Peak Downsmines and portRangal Coallegislation allowsPeak Downs in 1972measuresCaval RidgeSaraji are between160 km and Mining is permittedSaraji in 1974 Products rangeBlackwater and to continue under315kmNorwich Park Norwich Park from premiumthe legislationin 1979quality,lowminesduring the renewalvolatile, highapplication period Blackwater in 1967 vitrinite, hardAll renewal Broadmeadow coking coal toapplications (longwall medium volatilewere lodged and operations) in 2005hard coking coal,pending a decisionDaunia in 2013 andto weak cokingfrom the Minister coal,someCaval Ridge in 2014pulverised coalProduction at injection (PCI)Norwich Park coal and mediumceased in May 2012ash thermal coalas a secondaryproduct","ports 2043,renewable Goonyella Riverside is mined from purchasedDauniafor further periodsthe Permianvia RetailDistancesas QueenslandProductionMoranbah andAgreementsbetween theGovernmentcommenced at:Peak Downsmines and portRangal Coallegislation allowsPeak Downs in 1972measuresCaval RidgeSaraji are between160 km and Mining is permittedSaraji in 1974 Products rangeBlackwater and to continue under315kmNorwich Park Norwich Park from premiumthe legislationin 1979quality,lowminesduring the renewalvolatile, highapplication period Blackwater in 1967 vitrinite, hardAll renewal Broadmeadow coking coal toapplications (longwall medium volatilewere lodged and operations) in 2005hard coking coal,pending a decisionDaunia in 2013 andto weak cokingfrom the Minister coal,someCaval Ridge in 2014pulverised coalProduction at injection (PCI)Norwich Park coal and mediumceased in May 2012ash thermal coalas a secondaryproduct","ports 2043,renewable Goonyella Riverside is mined from purchasedDauniafor further periodsthe Permianvia RetailDistancesas QueenslandProductionMoranbah andAgreementsbetween theGovernmentcommenced at:Peak Downsmines and portRangal Coallegislation allowsPeak Downs in 1972measuresCaval RidgeSaraji are between160 km and Mining is permittedSaraji in 1974 Products rangeBlackwater and to continue under315kmNorwich Park Norwich Park from premiumthe legislationin 1979quality,lowminesduring the renewalvolatile, highapplication period Blackwater in 1967 vitrinite, hardAll renewal Broadmeadow coking coal toapplications (longwall medium volatilewere lodged and operations) in 2005hard coking coal,pending a decisionDaunia in 2013 andto weak cokingfrom the Minister coal,someCaval Ridge in 2014pulverised coalProduction at injection (PCI)Norwich Park coal and mediumceased in May 2012ash thermal coalas a secondaryproduct","ports 2043,renewable Goonyella Riverside is mined from purchasedDauniafor further periodsthe Permianvia RetailDistancesas QueenslandProductionMoranbah andAgreementsbetween theGovernmentcommenced at:Peak Downsmines and portRangal Coallegislation allowsPeak Downs in 1972measuresCaval RidgeSaraji are between160 km and Mining is permittedSaraji in 1974 Products rangeBlackwater and to continue under315kmNorwich Park Norwich Park from premiumthe legislationin 1979quality,lowminesduring the renewalvolatile, highapplication period Blackwater in 1967 vitrinite, hardAll renewal Broadmeadow coking coal toapplications (longwall medium volatilewere lodged and operations) in 2005hard coking coal,pending a decisionDaunia in 2013 andto weak cokingfrom the Minister coal,someCaval Ridge in 2014pulverised coalProduction at injection (PCI)Norwich Park coal and mediumceased in May 2012ash thermal coalas a secondaryproduct","ports 2043,renewable Goonyella Riverside is mined from purchasedDauniafor further periodsthe Permianvia RetailDistancesas QueenslandProductionMoranbah andAgreementsbetween theGovernmentcommenced at:Peak Downsmines and portRangal Coallegislation allowsPeak Downs in 1972measuresCaval RidgeSaraji are between160 km and Mining is permittedSaraji in 1974 Products rangeBlackwater and to continue under315kmNorwich Park Norwich Park from premiumthe legislationin 1979quality,lowminesduring the renewalvolatile, highapplication period Blackwater in 1967 vitrinite, hardAll renewal Broadmeadow coking coal toapplications (longwall medium volatilewere lodged and operations) in 2005hard coking coal,pending a decisionDaunia in 2013 andto weak cokingfrom the Minister coal,someCaval Ridge in 2014pulverised coalProduction at injection (PCI)Norwich Park coal and mediumceased in May 2012ash thermal coalas a secondaryproduct","ports 2043,renewable Goonyella Riverside is mined from purchasedDauniafor further periodsthe Permianvia RetailDistancesas QueenslandProductionMoranbah andAgreementsbetween theGovernmentcommenced at:Peak Downsmines and portRangal Coallegislation allowsPeak Downs in 1972measuresCaval RidgeSaraji are between160 km and Mining is permittedSaraji in 1974 Products rangeBlackwater and to continue under315kmNorwich Park Norwich Park from premiumthe legislationin 1979quality,lowminesduring the renewalvolatile, highapplication period Blackwater in 1967 vitrinite, hardAll renewal Broadmeadow coking coal toapplications (longwall medium volatilewere lodged and operations) in 2005hard coking coal,pending a decisionDaunia in 2013 andto weak cokingfrom the Minister coal,someCaval Ridge in 2014pulverised coalProduction at injection (PCI)Norwich Park coal and mediumceased in May 2012ash thermal coalas a secondaryproduct","ports 2043,renewable Goonyella Riverside is mined from purchasedDauniafor further periodsthe Permianvia RetailDistancesas QueenslandProductionMoranbah andAgreementsbetween theGovernmentcommenced at:Peak Downsmines and portRangal Coallegislation allowsPeak Downs in 1972measuresCaval RidgeSaraji are between160 km and Mining is permittedSaraji in 1974 Products rangeBlackwater and to continue under315kmNorwich Park Norwich Park from premiumthe legislationin 1979quality,lowminesduring the renewalvolatile, highapplication period Blackwater in 1967 vitrinite, hardAll renewal Broadmeadow coking coal toapplications (longwall medium volatilewere lodged and operations) in 2005hard coking coal,pending a decisionDaunia in 2013 andto weak cokingfrom the Minister coal,someCaval Ridge in 2014pulverised coalProduction at injection (PCI)Norwich Park coal and mediumceased in May 2012ash thermal coalas a secondaryproduct","Norwich Park from premiumin 1979 quality,lowvolatile, highBlackwater in 1967vitrinite, hardBroadmeadow coking coal to(longwall medium volatileoperations) in 2005hard coking coal,","Norwich Park from premiumin 1979 quality,lowvolatile, highBlackwater in 1967vitrinite, hardBroadmeadow coking coal to(longwall medium volatileoperations) in 2005hard coking coal,","Norwich Park from premiumin 1979 quality,lowvolatile, highBlackwater in 1967vitrinite, hardBroadmeadow coking coal to(longwall medium volatileoperations) in 2005hard coking coal,","Norwich Park from premiumin 1979 quality,lowvolatile, highBlackwater in 1967vitrinite, hardBroadmeadow coking coal to(longwall medium volatileoperations) in 2005hard coking coal,","Norwich Park from premiumin 1979 quality,lowvolatile, highBlackwater in 1967vitrinite, hardBroadmeadow coking coal to(longwall medium volatileoperations) in 2005hard coking coal,","Norwich Park from premiumin 1979 quality,lowvolatile, highBlackwater in 1967vitrinite, hardBroadmeadow coking coal to(longwall medium volatileoperations) in 2005hard coking coal,","Norwich Park from premiumin 1979 quality,lowvolatile, highBlackwater in 1967vitrinite, hardBroadmeadow coking coal to(longwall medium volatileoperations) in 2005hard coking coal,","Norwich Park from premiumin 1979 quality,lowvolatile, highBlackwater in 1967vitrinite, hardBroadmeadow coking coal to(longwall medium volatileoperations) in 2005hard coking coal,","Norwich Park from premiumin 1979 quality,lowvolatile, highBlackwater in 1967vitrinite, hardBroadmeadow coking coal to(longwall medium volatileoperations) in 2005hard coking coal,",during the renewalapplication period Blackwater in 1967All renewal Broadmeadow,during the renewalapplication period Blackwater in 1967All renewal Broadmeadow,during the renewalapplication period Blackwater in 1967All renewal Broadmeadow,during the renewalapplication period Blackwater in 1967All renewal Broadmeadow,during the renewalapplication period Blackwater in 1967All renewal Broadmeadow,,,,,,,
,"ports 2043,renewable Goonyella Riverside is mined from purchasedDauniafor further periodsthe Permianvia RetailDistancesas QueenslandProductionMoranbah andAgreementsbetween theGovernmentcommenced at:Peak Downsmines and portRangal Coallegislation allowsPeak Downs in 1972measuresCaval RidgeSaraji are between160 km and Mining is permittedSaraji in 1974 Products rangeBlackwater and to continue under315kmNorwich Park Norwich Park from premiumthe legislationin 1979quality,lowminesduring the renewalvolatile, highapplication period Blackwater in 1967 vitrinite, hardAll renewal Broadmeadow coking coal toapplications (longwall medium volatilewere lodged and operations) in 2005hard coking coal,pending a decisionDaunia in 2013 andto weak cokingfrom the Minister coal,someCaval Ridge in 2014pulverised coalProduction at injection (PCI)Norwich Park coal and mediumceased in May 2012ash thermal coalas a secondaryproduct","ports 2043,renewable Goonyella Riverside is mined from purchasedDauniafor further periodsthe Permianvia RetailDistancesas QueenslandProductionMoranbah andAgreementsbetween theGovernmentcommenced at:Peak Downsmines and portRangal Coallegislation allowsPeak Downs in 1972measuresCaval RidgeSaraji are between160 km and Mining is permittedSaraji in 1974 Products rangeBlackwater and to continue under315kmNorwich Park Norwich Park from premiumthe legislationin 1979quality,lowminesduring the renewalvolatile, highapplication period Blackwater in 1967 vitrinite, hardAll renewal Broadmeadow coking coal toapplications (longwall medium volatilewere lodged and operations) in 2005hard coking coal,pending a decisionDaunia in 2013 andto weak cokingfrom the Minister coal,someCaval Ridge in 2014pulverised coalProduction at injection (PCI)Norwich Park coal and mediumceased in May 2012ash thermal coalas a secondaryproduct","ports 2043,renewable Goonyella Riverside is mined from purchasedDauniafor further periodsthe Permianvia RetailDistancesas QueenslandProductionMoranbah andAgreementsbetween theGovernmentcommenced at:Peak Downsmines and portRangal Coallegislation allowsPeak Downs in 1972measuresCaval RidgeSaraji are between160 km and Mining is permittedSaraji in 1974 Products rangeBlackwater and to continue under315kmNorwich Park Norwich Park from premiumthe legislationin 1979quality,lowminesduring the renewalvolatile, highapplication period Blackwater in 1967 vitrinite, hardAll renewal Broadmeadow coking coal toapplications (longwall medium volatilewere lodged and operations) in 2005hard coking coal,pending a decisionDaunia in 2013 andto weak cokingfrom the Minister coal,someCaval Ridge in 2014pulverised coalProduction at injection (PCI)Norwich Park coal and mediumceased in May 2012ash thermal coalas a secondaryproduct","ports 2043,renewable Goonyella Riverside is mined from purchasedDauniafor further periodsthe Permianvia RetailDistancesas QueenslandProductionMoranbah andAgreementsbetween theGovernmentcommenced at:Peak Downsmines and portRangal Coallegislation allowsPeak Downs in 1972measuresCaval RidgeSaraji are between160 km and Mining is permittedSaraji in 1974 Products rangeBlackwater and to continue under315kmNorwich Park Norwich Park from premiumthe legislationin 1979quality,lowminesduring the renewalvolatile, highapplication period Blackwater in 1967 vitrinite, hardAll renewal Broadmeadow coking coal toapplications (longwall medium volatilewere lodged and operations) in 2005hard coking coal,pending a decisionDaunia in 2013 andto weak cokingfrom the Minister coal,someCaval Ridge in 2014pulverised coalProduction at injection (PCI)Norwich Park coal and mediumceased in May 2012ash thermal coalas a secondaryproduct","ports 2043,renewable Goonyella Riverside is mined from purchasedDauniafor further periodsthe Permianvia RetailDistancesas QueenslandProductionMoranbah andAgreementsbetween theGovernmentcommenced at:Peak Downsmines and portRangal Coallegislation allowsPeak Downs in 1972measuresCaval RidgeSaraji are between160 km and Mining is permittedSaraji in 1974 Products rangeBlackwater and to continue under315kmNorwich Park Norwich Park from premiumthe legislationin 1979quality,lowminesduring the renewalvolatile, highapplication period Blackwater in 1967 vitrinite, hardAll renewal Broadmeadow coking coal toapplications (longwall medium volatilewere lodged and operations) in 2005hard coking coal,pending a decisionDaunia in 2013 andto weak cokingfrom the Minister coal,someCaval Ridge in 2014pulverised coalProduction at injection (PCI)Norwich Park coal and mediumceased in May 2012ash thermal coalas a secondaryproduct","ports 2043,renewable Goonyella Riverside is mined from purchasedDauniafor further periodsthe Permianvia RetailDistancesas QueenslandProductionMoranbah andAgreementsbetween theGovernmentcommenced at:Peak Downsmines and portRangal Coallegislation allowsPeak Downs in 1972measuresCaval RidgeSaraji are between160 km and Mining is permittedSaraji in 1974 Products rangeBlackwater and to continue under315kmNorwich Park Norwich Park from premiumthe legislationin 1979quality,lowminesduring the renewalvolatile, highapplication period Blackwater in 1967 vitrinite, hardAll renewal Broadmeadow coking coal toapplications (longwall medium volatilewere lodged and operations) in 2005hard coking coal,pending a decisionDaunia in 2013 andto weak cokingfrom the Minister coal,someCaval Ridge in 2014pulverised coalProduction at injection (PCI)Norwich Park coal and mediumceased in May 2012ash thermal coalas a secondaryproduct","ports 2043,renewable Goonyella Riverside is mined from purchasedDauniafor further periodsthe Permianvia RetailDistancesas QueenslandProductionMoranbah andAgreementsbetween theGovernmentcommenced at:Peak Downsmines and portRangal Coallegislation allowsPeak Downs in 1972measuresCaval RidgeSaraji are between160 km and Mining is permittedSaraji in 1974 Products rangeBlackwater and to continue under315kmNorwich Park Norwich Park from premiumthe legislationin 1979quality,lowminesduring the renewalvolatile, highapplication period Blackwater in 1967 vitrinite, hardAll renewal Broadmeadow coking coal toapplications (longwall medium volatilewere lodged and operations) in 2005hard coking coal,pending a decisionDaunia in 2013 andto weak cokingfrom the Minister coal,someCaval Ridge in 2014pulverised coalProduction at injection (PCI)Norwich Park coal and mediumceased in May 2012ash thermal coalas a secondaryproduct","ports 2043,renewable Goonyella Riverside is mined from purchasedDauniafor further periodsthe Permianvia RetailDistancesas QueenslandProductionMoranbah andAgreementsbetween theGovernmentcommenced at:Peak Downsmines and portRangal Coallegislation allowsPeak Downs in 1972measuresCaval RidgeSaraji are between160 km and Mining is permittedSaraji in 1974 Products rangeBlackwater and to continue under315kmNorwich Park Norwich Park from premiumthe legislationin 1979quality,lowminesduring the renewalvolatile, highapplication period Blackwater in 1967 vitrinite, hardAll renewal Broadmeadow coking coal toapplications (longwall medium volatilewere lodged and operations) in 2005hard coking coal,pending a decisionDaunia in 2013 andto weak cokingfrom the Minister coal,someCaval Ridge in 2014pulverised coalProduction at injection (PCI)Norwich Park coal and mediumceased in May 2012ash thermal coalas a secondaryproduct","ports 2043,renewable Goonyella Riverside is mined from purchasedDauniafor further periodsthe Permianvia RetailDistancesas QueenslandProductionMoranbah andAgreementsbetween theGovernmentcommenced at:Peak Downsmines and portRangal Coallegislation allowsPeak Downs in 1972measuresCaval RidgeSaraji are between160 km and Mining is permittedSaraji in 1974 Products rangeBlackwater and to continue under315kmNorwich Park Norwich Park from premiumthe legislationin 1979quality,lowminesduring the renewalvolatile, highapplication period Blackwater in 1967 vitrinite, hardAll renewal Broadmeadow coking coal toapplications (longwall medium volatilewere lodged and operations) in 2005hard coking coal,pending a decisionDaunia in 2013 andto weak cokingfrom the Minister coal,someCaval Ridge in 2014pulverised coalProduction at injection (PCI)Norwich Park coal and mediumceased in May 2012ash thermal coalas a secondaryproduct","ports 2043,renewable Goonyella Riverside is mined from purchasedDauniafor further periodsthe Permianvia RetailDistancesas QueenslandProductionMoranbah andAgreementsbetween theGovernmentcommenced at:Peak Downsmines and portRangal Coallegislation allowsPeak Downs in 1972measuresCaval RidgeSaraji are between160 km and Mining is permittedSaraji in 1974 Products rangeBlackwater and to continue under315kmNorwich Park Norwich Park from premiumthe legislationin 1979quality,lowminesduring the renewalvolatile, highapplication period Blackwater in 1967 vitrinite, hardAll renewal Broadmeadow coking coal toapplications (longwall medium volatilewere lodged and operations) in 2005hard coking coal,pending a decisionDaunia in 2013 andto weak cokingfrom the Minister coal,someCaval Ridge in 2014pulverised coalProduction at injection (PCI)Norwich Park coal and mediumceased in May 2012ash thermal coalas a secondaryproduct","ports 2043,renewable Goonyella Riverside is mined from purchasedDauniafor further periodsthe Permianvia RetailDistancesas QueenslandProductionMoranbah andAgreementsbetween theGovernmentcommenced at:Peak Downsmines and portRangal Coallegislation allowsPeak Downs in 1972measuresCaval RidgeSaraji are between160 km and Mining is permittedSaraji in 1974 Products rangeBlackwater and to continue under315kmNorwich Park Norwich Park from premiumthe legislationin 1979quality,lowminesduring the renewalvolatile, highapplication period Blackwater in 1967 vitrinite, hardAll renewal Broadmeadow coking coal toapplications (longwall medium volatilewere lodged and operations) in 2005hard coking coal,pending a decisionDaunia in 2013 andto weak cokingfrom the Minister coal,someCaval Ridge in 2014pulverised coalProduction at injection (PCI)Norwich Park coal and mediumceased in May 2012ash thermal coalas a secondaryproduct","ports 2043,renewable Goonyella Riverside is mined from purchasedDauniafor further periodsthe Permianvia RetailDistancesas QueenslandProductionMoranbah andAgreementsbetween theGovernmentcommenced at:Peak Downsmines and portRangal Coallegislation allowsPeak Downs in 1972measuresCaval RidgeSaraji are between160 km and Mining is permittedSaraji in 1974 Products rangeBlackwater and to continue under315kmNorwich Park Norwich Park from premiumthe legislationin 1979quality,lowminesduring the renewalvolatile, highapplication period Blackwater in 1967 vitrinite, hardAll renewal Broadmeadow coking coal toapplications (longwall medium volatilewere lodged and operations) in 2005hard coking coal,pending a decisionDaunia in 2013 andto weak cokingfrom the Minister coal,someCaval Ridge in 2014pulverised coalProduction at injection (PCI)Norwich Park coal and mediumceased in May 2012ash thermal coalas a secondaryproduct","ports 2043,renewable Goonyella Riverside is mined from purchasedDauniafor further periodsthe Permianvia RetailDistancesas QueenslandProductionMoranbah andAgreementsbetween theGovernmentcommenced at:Peak Downsmines and portRangal Coallegislation allowsPeak Downs in 1972measuresCaval RidgeSaraji are between160 km and Mining is permittedSaraji in 1974 Products rangeBlackwater and to continue under315kmNorwich Park Norwich Park from premiumthe legislationin 1979quality,lowminesduring the renewalvolatile, highapplication period Blackwater in 1967 vitrinite, hardAll renewal Broadmeadow coking coal toapplications (longwall medium volatilewere lodged and operations) in 2005hard coking coal,pending a decisionDaunia in 2013 andto weak cokingfrom the Minister coal,someCaval Ridge in 2014pulverised coalProduction at injection (PCI)Norwich Park coal and mediumceased in May 2012ash thermal coalas a secondaryproduct","ports 2043,renewable Goonyella Riverside is mined from purchasedDauniafor further periodsthe Permianvia RetailDistancesas QueenslandProductionMoranbah andAgreementsbetween theGovernmentcommenced at:Peak Downsmines and portRangal Coallegislation allowsPeak Downs in 1972measuresCaval RidgeSaraji are between160 km and Mining is permittedSaraji in 1974 Products rangeBlackwater and to continue under315kmNorwich Park Norwich Park from premiumthe legislationin 1979quality,lowminesduring the renewalvolatile, highapplication period Blackwater in 1967 vitrinite, hardAll renewal Broadmeadow coking coal toapplications (longwall medium volatilewere lodged and operations) in 2005hard coking coal,pending a decisionDaunia in 2013 andto weak cokingfrom the Minister coal,someCaval Ridge in 2014pulverised coalProduction at injection (PCI)Norwich Park coal and mediumceased in May 2012ash thermal coalas a secondaryproduct","Norwich Park from premiumin 1979 quality,lowvolatile, highBlackwater in 1967vitrinite, hardBroadmeadow coking coal to(longwall medium volatileoperations) in 2005hard coking coal,","Norwich Park from premiumin 1979 quality,lowvolatile, highBlackwater in 1967vitrinite, hardBroadmeadow coking coal to(longwall medium volatileoperations) in 2005hard coking coal,","Norwich Park from premiumin 1979 quality,lowvolatile, highBlackwater in 1967vitrinite, hardBroadmeadow coking coal to(longwall medium volatileoperations) in 2005hard coking coal,","Norwich Park from premiumin 1979 quality,lowvolatile, highBlackwater in 1967vitrinite, hardBroadmeadow coking coal to(longwall medium volatileoperations) in 2005hard coking coal,","Norwich Park from premiumin 1979 quality,lowvolatile, highBlackwater in 1967vitrinite, hardBroadmeadow coking coal to(longwall medium volatileoperations) in 2005hard coking coal,","Norwich Park from premiumin 1979 quality,lowvolatile, highBlackwater in 1967vitrinite, hardBroadmeadow coking coal to(longwall medium volatileoperations) in 2005hard coking coal,","Norwich Park from premiumin 1979 quality,lowvolatile, highBlackwater in 1967vitrinite, hardBroadmeadow coking coal to(longwall medium volatileoperations) in 2005hard coking coal,","Norwich Park from premiumin 1979 quality,lowvolatile, highBlackwater in 1967vitrinite, hardBroadmeadow coking coal to(longwall medium volatileoperations) in 2005hard coking coal,","Norwich Park from premiumin 1979 quality,lowvolatile, highBlackwater in 1967vitrinite, hardBroadmeadow coking coal to(longwall medium volatileoperations) in 2005hard coking coal,",,,applications (longwall,applications (longwall,applications (longwall,applications (longwall,medium volatile,medium volatile,medium volatile,medium volatile,medium volatile,medium volatile
,"ports 2043,renewable Goonyella Riverside is mined from purchasedDauniafor further periodsthe Permianvia RetailDistancesas QueenslandProductionMoranbah andAgreementsbetween theGovernmentcommenced at:Peak Downsmines and portRangal Coallegislation allowsPeak Downs in 1972measuresCaval RidgeSaraji are between160 km and Mining is permittedSaraji in 1974 Products rangeBlackwater and to continue under315kmNorwich Park Norwich Park from premiumthe legislationin 1979quality,lowminesduring the renewalvolatile, highapplication period Blackwater in 1967 vitrinite, hardAll renewal Broadmeadow coking coal toapplications (longwall medium volatilewere lodged and operations) in 2005hard coking coal,pending a decisionDaunia in 2013 andto weak cokingfrom the Minister coal,someCaval Ridge in 2014pulverised coalProduction at injection (PCI)Norwich Park coal and mediumceased in May 2012ash thermal coalas a secondaryproduct","ports 2043,renewable Goonyella Riverside is mined from purchasedDauniafor further periodsthe Permianvia RetailDistancesas QueenslandProductionMoranbah andAgreementsbetween theGovernmentcommenced at:Peak Downsmines and portRangal Coallegislation allowsPeak Downs in 1972measuresCaval RidgeSaraji are between160 km and Mining is permittedSaraji in 1974 Products rangeBlackwater and to continue under315kmNorwich Park Norwich Park from premiumthe legislationin 1979quality,lowminesduring the renewalvolatile, highapplication period Blackwater in 1967 vitrinite, hardAll renewal Broadmeadow coking coal toapplications (longwall medium volatilewere lodged and operations) in 2005hard coking coal,pending a decisionDaunia in 2013 andto weak cokingfrom the Minister coal,someCaval Ridge in 2014pulverised coalProduction at injection (PCI)Norwich Park coal and mediumceased in May 2012ash thermal coalas a secondaryproduct","ports 2043,renewable Goonyella Riverside is mined from purchasedDauniafor further periodsthe Permianvia RetailDistancesas QueenslandProductionMoranbah andAgreementsbetween theGovernmentcommenced at:Peak Downsmines and portRangal Coallegislation allowsPeak Downs in 1972measuresCaval RidgeSaraji are between160 km and Mining is permittedSaraji in 1974 Products rangeBlackwater and to continue under315kmNorwich Park Norwich Park from premiumthe legislationin 1979quality,lowminesduring the renewalvolatile, highapplication period Blackwater in 1967 vitrinite, hardAll renewal Broadmeadow coking coal toapplications (longwall medium volatilewere lodged and operations) in 2005hard coking coal,pending a decisionDaunia in 2013 andto weak cokingfrom the Minister coal,someCaval Ridge in 2014pulverised coalProduction at injection (PCI)Norwich Park coal and mediumceased in May 2012ash thermal coalas a secondaryproduct","ports 2043,renewable Goonyella Riverside is mined from purchasedDauniafor further periodsthe Permianvia RetailDistancesas QueenslandProductionMoranbah andAgreementsbetween theGovernmentcommenced at:Peak Downsmines and portRangal Coallegislation allowsPeak Downs in 1972measuresCaval RidgeSaraji are between160 km and Mining is permittedSaraji in 1974 Products rangeBlackwater and to continue under315kmNorwich Park Norwich Park from premiumthe legislationin 1979quality,lowminesduring the renewalvolatile, highapplication period Blackwater in 1967 vitrinite, hardAll renewal Broadmeadow coking coal toapplications (longwall medium volatilewere lodged and operations) in 2005hard coking coal,pending a decisionDaunia in 2013 andto weak cokingfrom the Minister coal,someCaval Ridge in 2014pulverised coalProduction at injection (PCI)Norwich Park coal and mediumceased in May 2012ash thermal coalas a secondaryproduct","ports 2043,renewable Goonyella Riverside is mined from purchasedDauniafor further periodsthe Permianvia RetailDistancesas QueenslandProductionMoranbah andAgreementsbetween theGovernmentcommenced at:Peak Downsmines and portRangal Coallegislation allowsPeak Downs in 1972measuresCaval RidgeSaraji are between160 km and Mining is permittedSaraji in 1974 Products rangeBlackwater and to continue under315kmNorwich Park Norwich Park from premiumthe legislationin 1979quality,lowminesduring the renewalvolatile, highapplication period Blackwater in 1967 vitrinite, hardAll renewal Broadmeadow coking coal toapplications (longwall medium volatilewere lodged and operations) in 2005hard coking coal,pending a decisionDaunia in 2013 andto weak cokingfrom the Minister coal,someCaval Ridge in 2014pulverised coalProduction at injection (PCI)Norwich Park coal and mediumceased in May 2012ash thermal coalas a secondaryproduct","ports 2043,renewable Goonyella Riverside is mined from purchasedDauniafor further periodsthe Permianvia RetailDistancesas QueenslandProductionMoranbah andAgreementsbetween theGovernmentcommenced at:Peak Downsmines and portRangal Coallegislation allowsPeak Downs in 1972measuresCaval RidgeSaraji are between160 km and Mining is permittedSaraji in 1974 Products rangeBlackwater and to continue under315kmNorwich Park Norwich Park from premiumthe legislationin 1979quality,lowminesduring the renewalvolatile, highapplication period Blackwater in 1967 vitrinite, hardAll renewal Broadmeadow coking coal toapplications (longwall medium volatilewere lodged and operations) in 2005hard coking coal,pending a decisionDaunia in 2013 andto weak cokingfrom the Minister coal,someCaval Ridge in 2014pulverised coalProduction at injection (PCI)Norwich Park coal and mediumceased in May 2012ash thermal coalas a secondaryproduct","ports 2043,renewable Goonyella Riverside is mined from purchasedDauniafor further periodsthe Permianvia RetailDistancesas QueenslandProductionMoranbah andAgreementsbetween theGovernmentcommenced at:Peak Downsmines and portRangal Coallegislation allowsPeak Downs in 1972measuresCaval RidgeSaraji are between160 km and Mining is permittedSaraji in 1974 Products rangeBlackwater and to continue under315kmNorwich Park Norwich Park from premiumthe legislationin 1979quality,lowminesduring the renewalvolatile, highapplication period Blackwater in 1967 vitrinite, hardAll renewal Broadmeadow coking coal toapplications (longwall medium volatilewere lodged and operations) in 2005hard coking coal,pending a decisionDaunia in 2013 andto weak cokingfrom the Minister coal,someCaval Ridge in 2014pulverised coalProduction at injection (PCI)Norwich Park coal and mediumceased in May 2012ash thermal coalas a secondaryproduct","ports 2043,renewable Goonyella Riverside is mined from purchasedDauniafor further periodsthe Permianvia RetailDistancesas QueenslandProductionMoranbah andAgreementsbetween theGovernmentcommenced at:Peak Downsmines and portRangal Coallegislation allowsPeak Downs in 1972measuresCaval RidgeSaraji are between160 km and Mining is permittedSaraji in 1974 Products rangeBlackwater and to continue under315kmNorwich Park Norwich Park from premiumthe legislationin 1979quality,lowminesduring the renewalvolatile, highapplication period Blackwater in 1967 vitrinite, hardAll renewal Broadmeadow coking coal toapplications (longwall medium volatilewere lodged and operations) in 2005hard coking coal,pending a decisionDaunia in 2013 andto weak cokingfrom the Minister coal,someCaval Ridge in 2014pulverised coalProduction at injection (PCI)Norwich Park coal and mediumceased in May 2012ash thermal coalas a secondaryproduct","ports 2043,renewable Goonyella Riverside is mined from purchasedDauniafor further periodsthe Permianvia RetailDistancesas QueenslandProductionMoranbah andAgreementsbetween theGovernmentcommenced at:Peak Downsmines and portRangal Coallegislation allowsPeak Downs in 1972measuresCaval RidgeSaraji are between160 km and Mining is permittedSaraji in 1974 Products rangeBlackwater and to continue under315kmNorwich Park Norwich Park from premiumthe legislationin 1979quality,lowminesduring the renewalvolatile, highapplication period Blackwater in 1967 vitrinite, hardAll renewal Broadmeadow coking coal toapplications (longwall medium volatilewere lodged and operations) in 2005hard coking coal,pending a decisionDaunia in 2013 andto weak cokingfrom the Minister coal,someCaval Ridge in 2014pulverised coalProduction at injection (PCI)Norwich Park coal and mediumceased in May 2012ash thermal coalas a secondaryproduct","ports 2043,renewable Goonyella Riverside is mined from purchasedDauniafor further periodsthe Permianvia RetailDistancesas QueenslandProductionMoranbah andAgreementsbetween theGovernmentcommenced at:Peak Downsmines and portRangal Coallegislation allowsPeak Downs in 1972measuresCaval RidgeSaraji are between160 km and Mining is permittedSaraji in 1974 Products rangeBlackwater and to continue under315kmNorwich Park Norwich Park from premiumthe legislationin 1979quality,lowminesduring the renewalvolatile, highapplication period Blackwater in 1967 vitrinite, hardAll renewal Broadmeadow coking coal toapplications (longwall medium volatilewere lodged and operations) in 2005hard coking coal,pending a decisionDaunia in 2013 andto weak cokingfrom the Minister coal,someCaval Ridge in 2014pulverised coalProduction at injection (PCI)Norwich Park coal and mediumceased in May 2012ash thermal coalas a secondaryproduct","ports 2043,renewable Goonyella Riverside is mined from purchasedDauniafor further periodsthe Permianvia RetailDistancesas QueenslandProductionMoranbah andAgreementsbetween theGovernmentcommenced at:Peak Downsmines and portRangal Coallegislation allowsPeak Downs in 1972measuresCaval RidgeSaraji are between160 km and Mining is permittedSaraji in 1974 Products rangeBlackwater and to continue under315kmNorwich Park Norwich Park from premiumthe legislationin 1979quality,lowminesduring the renewalvolatile, highapplication period Blackwater in 1967 vitrinite, hardAll renewal Broadmeadow coking coal toapplications (longwall medium volatilewere lodged and operations) in 2005hard coking coal,pending a decisionDaunia in 2013 andto weak cokingfrom the Minister coal,someCaval Ridge in 2014pulverised coalProduction at injection (PCI)Norwich Park coal and mediumceased in May 2012ash thermal coalas a secondaryproduct","ports 2043,renewable Goonyella Riverside is mined from purchasedDauniafor further periodsthe Permianvia RetailDistancesas QueenslandProductionMoranbah andAgreementsbetween theGovernmentcommenced at:Peak Downsmines and portRangal Coallegislation allowsPeak Downs in 1972measuresCaval RidgeSaraji are between160 km and Mining is permittedSaraji in 1974 Products rangeBlackwater and to continue under315kmNorwich Park Norwich Park from premiumthe legislationin 1979quality,lowminesduring the renewalvolatile, highapplication period Blackwater in 1967 vitrinite, hardAll renewal Broadmeadow coking coal toapplications (longwall medium volatilewere lodged and operations) in 2005hard coking coal,pending a decisionDaunia in 2013 andto weak cokingfrom the Minister coal,someCaval Ridge in 2014pulverised coalProduction at injection (PCI)Norwich Park coal and mediumceased in May 2012ash thermal coalas a secondaryproduct","ports 2043,renewable Goonyella Riverside is mined from purchasedDauniafor further periodsthe Permianvia RetailDistancesas QueenslandProductionMoranbah andAgreementsbetween theGovernmentcommenced at:Peak Downsmines and portRangal Coallegislation allowsPeak Downs in 1972measuresCaval RidgeSaraji are between160 km and Mining is permittedSaraji in 1974 Products rangeBlackwater and to continue under315kmNorwich Park Norwich Park from premiumthe legislationin 1979quality,lowminesduring the renewalvolatile, highapplication period Blackwater in 1967 vitrinite, hardAll renewal Broadmeadow coking coal toapplications (longwall medium volatilewere lodged and operations) in 2005hard coking coal,pending a decisionDaunia in 2013 andto weak cokingfrom the Minister coal,someCaval Ridge in 2014pulverised coalProduction at injection (PCI)Norwich Park coal and mediumceased in May 2012ash thermal coalas a secondaryproduct","ports 2043,renewable Goonyella Riverside is mined from purchasedDauniafor further periodsthe Permianvia RetailDistancesas QueenslandProductionMoranbah andAgreementsbetween theGovernmentcommenced at:Peak Downsmines and portRangal Coallegislation allowsPeak Downs in 1972measuresCaval RidgeSaraji are between160 km and Mining is permittedSaraji in 1974 Products rangeBlackwater and to continue under315kmNorwich Park Norwich Park from premiumthe legislationin 1979quality,lowminesduring the renewalvolatile, highapplication period Blackwater in 1967 vitrinite, hardAll renewal Broadmeadow coking coal toapplications (longwall medium volatilewere lodged and operations) in 2005hard coking coal,pending a decisionDaunia in 2013 andto weak cokingfrom the Minister coal,someCaval Ridge in 2014pulverised coalProduction at injection (PCI)Norwich Park coal and mediumceased in May 2012ash thermal coalas a secondaryproduct","Norwich Park from premiumin 1979 quality,lowvolatile, highBlackwater in 1967vitrinite, hardBroadmeadow coking coal to(longwall medium volatileoperations) in 2005hard coking coal,","Norwich Park from premiumin 1979 quality,lowvolatile, highBlackwater in 1967vitrinite, hardBroadmeadow coking coal to(longwall medium volatileoperations) in 2005hard coking coal,","Norwich Park from premiumin 1979 quality,lowvolatile, highBlackwater in 1967vitrinite, hardBroadmeadow coking coal to(longwall medium volatileoperations) in 2005hard coking coal,","Norwich Park from premiumin 1979 quality,lowvolatile, highBlackwater in 1967vitrinite, hardBroadmeadow coking coal to(longwall medium volatileoperations) in 2005hard coking coal,","Norwich Park from premiumin 1979 quality,lowvolatile, highBlackwater in 1967vitrinite, hardBroadmeadow coking coal to(longwall medium volatileoperations) in 2005hard coking coal,","Norwich Park from premiumin 1979 quality,lowvolatile, highBlackwater in 1967vitrinite, hardBroadmeadow coking coal to(longwall medium volatileoperations) in 2005hard coking coal,","Norwich Park from premiumin 1979 quality,lowvolatile, highBlackwater in 1967vitrinite, hardBroadmeadow coking coal to(longwall medium volatileoperations) in 2005hard coking coal,","Norwich Park from premiumin 1979 quality,lowvolatile, highBlackwater in 1967vitrinite, hardBroadmeadow coking coal to(longwall medium volatileoperations) in 2005hard coking coal,","Norwich Park from premiumin 1979 quality,lowvolatile, highBlackwater in 1967vitrinite, hardBroadmeadow coking coal to(longwall medium volatileoperations) in 2005hard coking coal,","hard coking coal,","hard coking coal,","hard coking coal,","hard coking coal,","hard coking coal,","hard coking coal,",,,,,,
,"ports 2043,renewable Goonyella Riverside is mined from purchasedDauniafor further periodsthe Permianvia RetailDistancesas QueenslandProductionMoranbah andAgreementsbetween theGovernmentcommenced at:Peak Downsmines and portRangal Coallegislation allowsPeak Downs in 1972measuresCaval RidgeSaraji are between160 km and Mining is permittedSaraji in 1974 Products rangeBlackwater and to continue under315kmNorwich Park Norwich Park from premiumthe legislationin 1979quality,lowminesduring the renewalvolatile, highapplication period Blackwater in 1967 vitrinite, hardAll renewal Broadmeadow coking coal toapplications (longwall medium volatilewere lodged and operations) in 2005hard coking coal,pending a decisionDaunia in 2013 andto weak cokingfrom the Minister coal,someCaval Ridge in 2014pulverised coalProduction at injection (PCI)Norwich Park coal and mediumceased in May 2012ash thermal coalas a secondaryproduct","ports 2043,renewable Goonyella Riverside is mined from purchasedDauniafor further periodsthe Permianvia RetailDistancesas QueenslandProductionMoranbah andAgreementsbetween theGovernmentcommenced at:Peak Downsmines and portRangal Coallegislation allowsPeak Downs in 1972measuresCaval RidgeSaraji are between160 km and Mining is permittedSaraji in 1974 Products rangeBlackwater and to continue under315kmNorwich Park Norwich Park from premiumthe legislationin 1979quality,lowminesduring the renewalvolatile, highapplication period Blackwater in 1967 vitrinite, hardAll renewal Broadmeadow coking coal toapplications (longwall medium volatilewere lodged and operations) in 2005hard coking coal,pending a decisionDaunia in 2013 andto weak cokingfrom the Minister coal,someCaval Ridge in 2014pulverised coalProduction at injection (PCI)Norwich Park coal and mediumceased in May 2012ash thermal coalas a secondaryproduct","ports 2043,renewable Goonyella Riverside is mined from purchasedDauniafor further periodsthe Permianvia RetailDistancesas QueenslandProductionMoranbah andAgreementsbetween theGovernmentcommenced at:Peak Downsmines and portRangal Coallegislation allowsPeak Downs in 1972measuresCaval RidgeSaraji are between160 km and Mining is permittedSaraji in 1974 Products rangeBlackwater and to continue under315kmNorwich Park Norwich Park from premiumthe legislationin 1979quality,lowminesduring the renewalvolatile, highapplication period Blackwater in 1967 vitrinite, hardAll renewal Broadmeadow coking coal toapplications (longwall medium volatilewere lodged and operations) in 2005hard coking coal,pending a decisionDaunia in 2013 andto weak cokingfrom the Minister coal,someCaval Ridge in 2014pulverised coalProduction at injection (PCI)Norwich Park coal and mediumceased in May 2012ash thermal coalas a secondaryproduct","ports 2043,renewable Goonyella Riverside is mined from purchasedDauniafor further periodsthe Permianvia RetailDistancesas QueenslandProductionMoranbah andAgreementsbetween theGovernmentcommenced at:Peak Downsmines and portRangal Coallegislation allowsPeak Downs in 1972measuresCaval RidgeSaraji are between160 km and Mining is permittedSaraji in 1974 Products rangeBlackwater and to continue under315kmNorwich Park Norwich Park from premiumthe legislationin 1979quality,lowminesduring the renewalvolatile, highapplication period Blackwater in 1967 vitrinite, hardAll renewal Broadmeadow coking coal toapplications (longwall medium volatilewere lodged and operations) in 2005hard coking coal,pending a decisionDaunia in 2013 andto weak cokingfrom the Minister coal,someCaval Ridge in 2014pulverised coalProduction at injection (PCI)Norwich Park coal and mediumceased in May 2012ash thermal coalas a secondaryproduct","ports 2043,renewable Goonyella Riverside is mined from purchasedDauniafor further periodsthe Permianvia RetailDistancesas QueenslandProductionMoranbah andAgreementsbetween theGovernmentcommenced at:Peak Downsmines and portRangal Coallegislation allowsPeak Downs in 1972measuresCaval RidgeSaraji are between160 km and Mining is permittedSaraji in 1974 Products rangeBlackwater and to continue under315kmNorwich Park Norwich Park from premiumthe legislationin 1979quality,lowminesduring the renewalvolatile, highapplication period Blackwater in 1967 vitrinite, hardAll renewal Broadmeadow coking coal toapplications (longwall medium volatilewere lodged and operations) in 2005hard coking coal,pending a decisionDaunia in 2013 andto weak cokingfrom the Minister coal,someCaval Ridge in 2014pulverised coalProduction at injection (PCI)Norwich Park coal and mediumceased in May 2012ash thermal coalas a secondaryproduct","ports 2043,renewable Goonyella Riverside is mined from purchasedDauniafor further periodsthe Permianvia RetailDistancesas QueenslandProductionMoranbah andAgreementsbetween theGovernmentcommenced at:Peak Downsmines and portRangal Coallegislation allowsPeak Downs in 1972measuresCaval RidgeSaraji are between160 km and Mining is permittedSaraji in 1974 Products rangeBlackwater and to continue under315kmNorwich Park Norwich Park from premiumthe legislationin 1979quality,lowminesduring the renewalvolatile, highapplication period Blackwater in 1967 vitrinite, hardAll renewal Broadmeadow coking coal toapplications (longwall medium volatilewere lodged and operations) in 2005hard coking coal,pending a decisionDaunia in 2013 andto weak cokingfrom the Minister coal,someCaval Ridge in 2014pulverised coalProduction at injection (PCI)Norwich Park coal and mediumceased in May 2012ash thermal coalas a secondaryproduct","ports 2043,renewable Goonyella Riverside is mined from purchasedDauniafor further periodsthe Permianvia RetailDistancesas QueenslandProductionMoranbah andAgreementsbetween theGovernmentcommenced at:Peak Downsmines and portRangal Coallegislation allowsPeak Downs in 1972measuresCaval RidgeSaraji are between160 km and Mining is permittedSaraji in 1974 Products rangeBlackwater and to continue under315kmNorwich Park Norwich Park from premiumthe legislationin 1979quality,lowminesduring the renewalvolatile, highapplication period Blackwater in 1967 vitrinite, hardAll renewal Broadmeadow coking coal toapplications (longwall medium volatilewere lodged and operations) in 2005hard coking coal,pending a decisionDaunia in 2013 andto weak cokingfrom the Minister coal,someCaval Ridge in 2014pulverised coalProduction at injection (PCI)Norwich Park coal and mediumceased in May 2012ash thermal coalas a secondaryproduct","ports 2043,renewable Goonyella Riverside is mined from purchasedDauniafor further periodsthe Permianvia RetailDistancesas QueenslandProductionMoranbah andAgreementsbetween theGovernmentcommenced at:Peak Downsmines and portRangal Coallegislation allowsPeak Downs in 1972measuresCaval RidgeSaraji are between160 km and Mining is permittedSaraji in 1974 Products rangeBlackwater and to continue under315kmNorwich Park Norwich Park from premiumthe legislationin 1979quality,lowminesduring the renewalvolatile, highapplication period Blackwater in 1967 vitrinite, hardAll renewal Broadmeadow coking coal toapplications (longwall medium volatilewere lodged and operations) in 2005hard coking coal,pending a decisionDaunia in 2013 andto weak cokingfrom the Minister coal,someCaval Ridge in 2014pulverised coalProduction at injection (PCI)Norwich Park coal and mediumceased in May 2012ash thermal coalas a secondaryproduct","ports 2043,renewable Goonyella Riverside is mined from purchasedDauniafor further periodsthe Permianvia RetailDistancesas QueenslandProductionMoranbah andAgreementsbetween theGovernmentcommenced at:Peak Downsmines and portRangal Coallegislation allowsPeak Downs in 1972measuresCaval RidgeSaraji are between160 km and Mining is permittedSaraji in 1974 Products rangeBlackwater and to continue under315kmNorwich Park Norwich Park from premiumthe legislationin 1979quality,lowminesduring the renewalvolatile, highapplication period Blackwater in 1967 vitrinite, hardAll renewal Broadmeadow coking coal toapplications (longwall medium volatilewere lodged and operations) in 2005hard coking coal,pending a decisionDaunia in 2013 andto weak cokingfrom the Minister coal,someCaval Ridge in 2014pulverised coalProduction at injection (PCI)Norwich Park coal and mediumceased in May 2012ash thermal coalas a secondaryproduct","ports 2043,renewable Goonyella Riverside is mined from purchasedDauniafor further periodsthe Permianvia RetailDistancesas QueenslandProductionMoranbah andAgreementsbetween theGovernmentcommenced at:Peak Downsmines and portRangal Coallegislation allowsPeak Downs in 1972measuresCaval RidgeSaraji are between160 km and Mining is permittedSaraji in 1974 Products rangeBlackwater and to continue under315kmNorwich Park Norwich Park from premiumthe legislationin 1979quality,lowminesduring the renewalvolatile, highapplication period Blackwater in 1967 vitrinite, hardAll renewal Broadmeadow coking coal toapplications (longwall medium volatilewere lodged and operations) in 2005hard coking coal,pending a decisionDaunia in 2013 andto weak cokingfrom the Minister coal,someCaval Ridge in 2014pulverised coalProduction at injection (PCI)Norwich Park coal and mediumceased in May 2012ash thermal coalas a secondaryproduct","ports 2043,renewable Goonyella Riverside is mined from purchasedDauniafor further periodsthe Permianvia RetailDistancesas QueenslandProductionMoranbah andAgreementsbetween theGovernmentcommenced at:Peak Downsmines and portRangal Coallegislation allowsPeak Downs in 1972measuresCaval RidgeSaraji are between160 km and Mining is permittedSaraji in 1974 Products rangeBlackwater and to continue under315kmNorwich Park Norwich Park from premiumthe legislationin 1979quality,lowminesduring the renewalvolatile, highapplication period Blackwater in 1967 vitrinite, hardAll renewal Broadmeadow coking coal toapplications (longwall medium volatilewere lodged and operations) in 2005hard coking coal,pending a decisionDaunia in 2013 andto weak cokingfrom the Minister coal,someCaval Ridge in 2014pulverised coalProduction at injection (PCI)Norwich Park coal and mediumceased in May 2012ash thermal coalas a secondaryproduct","ports 2043,renewable Goonyella Riverside is mined from purchasedDauniafor further periodsthe Permianvia RetailDistancesas QueenslandProductionMoranbah andAgreementsbetween theGovernmentcommenced at:Peak Downsmines and portRangal Coallegislation allowsPeak Downs in 1972measuresCaval RidgeSaraji are between160 km and Mining is permittedSaraji in 1974 Products rangeBlackwater and to continue under315kmNorwich Park Norwich Park from premiumthe legislationin 1979quality,lowminesduring the renewalvolatile, highapplication period Blackwater in 1967 vitrinite, hardAll renewal Broadmeadow coking coal toapplications (longwall medium volatilewere lodged and operations) in 2005hard coking coal,pending a decisionDaunia in 2013 andto weak cokingfrom the Minister coal,someCaval Ridge in 2014pulverised coalProduction at injection (PCI)Norwich Park coal and mediumceased in May 2012ash thermal coalas a secondaryproduct","ports 2043,renewable Goonyella Riverside is mined from purchasedDauniafor further periodsthe Permianvia RetailDistancesas QueenslandProductionMoranbah andAgreementsbetween theGovernmentcommenced at:Peak Downsmines and portRangal Coallegislation allowsPeak Downs in 1972measuresCaval RidgeSaraji are between160 km and Mining is permittedSaraji in 1974 Products rangeBlackwater and to continue under315kmNorwich Park Norwich Park from premiumthe legislationin 1979quality,lowminesduring the renewalvolatile, highapplication period Blackwater in 1967 vitrinite, hardAll renewal Broadmeadow coking coal toapplications (longwall medium volatilewere lodged and operations) in 2005hard coking coal,pending a decisionDaunia in 2013 andto weak cokingfrom the Minister coal,someCaval Ridge in 2014pulverised coalProduction at injection (PCI)Norwich Park coal and mediumceased in May 2012ash thermal coalas a secondaryproduct","ports 2043,renewable Goonyella Riverside is mined from purchasedDauniafor further periodsthe Permianvia RetailDistancesas QueenslandProductionMoranbah andAgreementsbetween theGovernmentcommenced at:Peak Downsmines and portRangal Coallegislation allowsPeak Downs in 1972measuresCaval RidgeSaraji are between160 km and Mining is permittedSaraji in 1974 Products rangeBlackwater and to continue under315kmNorwich Park Norwich Park from premiumthe legislationin 1979quality,lowminesduring the renewalvolatile, highapplication period Blackwater in 1967 vitrinite, hardAll renewal Broadmeadow coking coal toapplications (longwall medium volatilewere lodged and operations) in 2005hard coking coal,pending a decisionDaunia in 2013 andto weak cokingfrom the Minister coal,someCaval Ridge in 2014pulverised coalProduction at injection (PCI)Norwich Park coal and mediumceased in May 2012ash thermal coalas a secondaryproduct",to weak coking,to weak coking,to weak coking,to weak coking,to weak coking,to weak coking,,,,,,,,,,,,,,,
,"ports 2043,renewable Goonyella Riverside is mined from purchasedDauniafor further periodsthe Permianvia RetailDistancesas QueenslandProductionMoranbah andAgreementsbetween theGovernmentcommenced at:Peak Downsmines and portRangal Coallegislation allowsPeak Downs in 1972measuresCaval RidgeSaraji are between160 km and Mining is permittedSaraji in 1974 Products rangeBlackwater and to continue under315kmNorwich Park Norwich Park from premiumthe legislationin 1979quality,lowminesduring the renewalvolatile, highapplication period Blackwater in 1967 vitrinite, hardAll renewal Broadmeadow coking coal toapplications (longwall medium volatilewere lodged and operations) in 2005hard coking coal,pending a decisionDaunia in 2013 andto weak cokingfrom the Minister coal,someCaval Ridge in 2014pulverised coalProduction at injection (PCI)Norwich Park coal and mediumceased in May 2012ash thermal coalas a secondaryproduct","ports 2043,renewable Goonyella Riverside is mined from purchasedDauniafor further periodsthe Permianvia RetailDistancesas QueenslandProductionMoranbah andAgreementsbetween theGovernmentcommenced at:Peak Downsmines and portRangal Coallegislation allowsPeak Downs in 1972measuresCaval RidgeSaraji are between160 km and Mining is permittedSaraji in 1974 Products rangeBlackwater and to continue under315kmNorwich Park Norwich Park from premiumthe legislationin 1979quality,lowminesduring the renewalvolatile, highapplication period Blackwater in 1967 vitrinite, hardAll renewal Broadmeadow coking coal toapplications (longwall medium volatilewere lodged and operations) in 2005hard coking coal,pending a decisionDaunia in 2013 andto weak cokingfrom the Minister coal,someCaval Ridge in 2014pulverised coalProduction at injection (PCI)Norwich Park coal and mediumceased in May 2012ash thermal coalas a secondaryproduct","ports 2043,renewable Goonyella Riverside is mined from purchasedDauniafor further periodsthe Permianvia RetailDistancesas QueenslandProductionMoranbah andAgreementsbetween theGovernmentcommenced at:Peak Downsmines and portRangal Coallegislation allowsPeak Downs in 1972measuresCaval RidgeSaraji are between160 km and Mining is permittedSaraji in 1974 Products rangeBlackwater and to continue under315kmNorwich Park Norwich Park from premiumthe legislationin 1979quality,lowminesduring the renewalvolatile, highapplication period Blackwater in 1967 vitrinite, hardAll renewal Broadmeadow coking coal toapplications (longwall medium volatilewere lodged and operations) in 2005hard coking coal,pending a decisionDaunia in 2013 andto weak cokingfrom the Minister coal,someCaval Ridge in 2014pulverised coalProduction at injection (PCI)Norwich Park coal and mediumceased in May 2012ash thermal coalas a secondaryproduct","ports 2043,renewable Goonyella Riverside is mined from purchasedDauniafor further periodsthe Permianvia RetailDistancesas QueenslandProductionMoranbah andAgreementsbetween theGovernmentcommenced at:Peak Downsmines and portRangal Coallegislation allowsPeak Downs in 1972measuresCaval RidgeSaraji are between160 km and Mining is permittedSaraji in 1974 Products rangeBlackwater and to continue under315kmNorwich Park Norwich Park from premiumthe legislationin 1979quality,lowminesduring the renewalvolatile, highapplication period Blackwater in 1967 vitrinite, hardAll renewal Broadmeadow coking coal toapplications (longwall medium volatilewere lodged and operations) in 2005hard coking coal,pending a decisionDaunia in 2013 andto weak cokingfrom the Minister coal,someCaval Ridge in 2014pulverised coalProduction at injection (PCI)Norwich Park coal and mediumceased in May 2012ash thermal coalas a secondaryproduct","ports 2043,renewable Goonyella Riverside is mined from purchasedDauniafor further periodsthe Permianvia RetailDistancesas QueenslandProductionMoranbah andAgreementsbetween theGovernmentcommenced at:Peak Downsmines and portRangal Coallegislation allowsPeak Downs in 1972measuresCaval RidgeSaraji are between160 km and Mining is permittedSaraji in 1974 Products rangeBlackwater and to continue under315kmNorwich Park Norwich Park from premiumthe legislationin 1979quality,lowminesduring the renewalvolatile, highapplication period Blackwater in 1967 vitrinite, hardAll renewal Broadmeadow coking coal toapplications (longwall medium volatilewere lodged and operations) in 2005hard coking coal,pending a decisionDaunia in 2013 andto weak cokingfrom the Minister coal,someCaval Ridge in 2014pulverised coalProduction at injection (PCI)Norwich Park coal and mediumceased in May 2012ash thermal coalas a secondaryproduct","ports 2043,renewable Goonyella Riverside is mined from purchasedDauniafor further periodsthe Permianvia RetailDistancesas QueenslandProductionMoranbah andAgreementsbetween theGovernmentcommenced at:Peak Downsmines and portRangal Coallegislation allowsPeak Downs in 1972measuresCaval RidgeSaraji are between160 km and Mining is permittedSaraji in 1974 Products rangeBlackwater and to continue under315kmNorwich Park Norwich Park from premiumthe legislationin 1979quality,lowminesduring the renewalvolatile, highapplication period Blackwater in 1967 vitrinite, hardAll renewal Broadmeadow coking coal toapplications (longwall medium volatilewere lodged and operations) in 2005hard coking coal,pending a decisionDaunia in 2013 andto weak cokingfrom the Minister coal,someCaval Ridge in 2014pulverised coalProduction at injection (PCI)Norwich Park coal and mediumceased in May 2012ash thermal coalas a secondaryproduct","ports 2043,renewable Goonyella Riverside is mined from purchasedDauniafor further periodsthe Permianvia RetailDistancesas QueenslandProductionMoranbah andAgreementsbetween theGovernmentcommenced at:Peak Downsmines and portRangal Coallegislation allowsPeak Downs in 1972measuresCaval RidgeSaraji are between160 km and Mining is permittedSaraji in 1974 Products rangeBlackwater and to continue under315kmNorwich Park Norwich Park from premiumthe legislationin 1979quality,lowminesduring the renewalvolatile, highapplication period Blackwater in 1967 vitrinite, hardAll renewal Broadmeadow coking coal toapplications (longwall medium volatilewere lodged and operations) in 2005hard coking coal,pending a decisionDaunia in 2013 andto weak cokingfrom the Minister coal,someCaval Ridge in 2014pulverised coalProduction at injection (PCI)Norwich Park coal and mediumceased in May 2012ash thermal coalas a secondaryproduct","ports 2043,renewable Goonyella Riverside is mined from purchasedDauniafor further periodsthe Permianvia RetailDistancesas QueenslandProductionMoranbah andAgreementsbetween theGovernmentcommenced at:Peak Downsmines and portRangal Coallegislation allowsPeak Downs in 1972measuresCaval RidgeSaraji are between160 km and Mining is permittedSaraji in 1974 Products rangeBlackwater and to continue under315kmNorwich Park Norwich Park from premiumthe legislationin 1979quality,lowminesduring the renewalvolatile, highapplication period Blackwater in 1967 vitrinite, hardAll renewal Broadmeadow coking coal toapplications (longwall medium volatilewere lodged and operations) in 2005hard coking coal,pending a decisionDaunia in 2013 andto weak cokingfrom the Minister coal,someCaval Ridge in 2014pulverised coalProduction at injection (PCI)Norwich Park coal and mediumceased in May 2012ash thermal coalas a secondaryproduct","ports 2043,renewable Goonyella Riverside is mined from purchasedDauniafor further periodsthe Permianvia RetailDistancesas QueenslandProductionMoranbah andAgreementsbetween theGovernmentcommenced at:Peak Downsmines and portRangal Coallegislation allowsPeak Downs in 1972measuresCaval RidgeSaraji are between160 km and Mining is permittedSaraji in 1974 Products rangeBlackwater and to continue under315kmNorwich Park Norwich Park from premiumthe legislationin 1979quality,lowminesduring the renewalvolatile, highapplication period Blackwater in 1967 vitrinite, hardAll renewal Broadmeadow coking coal toapplications (longwall medium volatilewere lodged and operations) in 2005hard coking coal,pending a decisionDaunia in 2013 andto weak cokingfrom the Minister coal,someCaval Ridge in 2014pulverised coalProduction at injection (PCI)Norwich Park coal and mediumceased in May 2012ash thermal coalas a secondaryproduct","ports 2043,renewable Goonyella Riverside is mined from purchasedDauniafor further periodsthe Permianvia RetailDistancesas QueenslandProductionMoranbah andAgreementsbetween theGovernmentcommenced at:Peak Downsmines and portRangal Coallegislation allowsPeak Downs in 1972measuresCaval RidgeSaraji are between160 km and Mining is permittedSaraji in 1974 Products rangeBlackwater and to continue under315kmNorwich Park Norwich Park from premiumthe legislationin 1979quality,lowminesduring the renewalvolatile, highapplication period Blackwater in 1967 vitrinite, hardAll renewal Broadmeadow coking coal toapplications (longwall medium volatilewere lodged and operations) in 2005hard coking coal,pending a decisionDaunia in 2013 andto weak cokingfrom the Minister coal,someCaval Ridge in 2014pulverised coalProduction at injection (PCI)Norwich Park coal and mediumceased in May 2012ash thermal coalas a secondaryproduct","ports 2043,renewable Goonyella Riverside is mined from purchasedDauniafor further periodsthe Permianvia RetailDistancesas QueenslandProductionMoranbah andAgreementsbetween theGovernmentcommenced at:Peak Downsmines and portRangal Coallegislation allowsPeak Downs in 1972measuresCaval RidgeSaraji are between160 km and Mining is permittedSaraji in 1974 Products rangeBlackwater and to continue under315kmNorwich Park Norwich Park from premiumthe legislationin 1979quality,lowminesduring the renewalvolatile, highapplication period Blackwater in 1967 vitrinite, hardAll renewal Broadmeadow coking coal toapplications (longwall medium volatilewere lodged and operations) in 2005hard coking coal,pending a decisionDaunia in 2013 andto weak cokingfrom the Minister coal,someCaval Ridge in 2014pulverised coalProduction at injection (PCI)Norwich Park coal and mediumceased in May 2012ash thermal coalas a secondaryproduct","ports 2043,renewable Goonyella Riverside is mined from purchasedDauniafor further periodsthe Permianvia RetailDistancesas QueenslandProductionMoranbah andAgreementsbetween theGovernmentcommenced at:Peak Downsmines and portRangal Coallegislation allowsPeak Downs in 1972measuresCaval RidgeSaraji are between160 km and Mining is permittedSaraji in 1974 Products rangeBlackwater and to continue under315kmNorwich Park Norwich Park from premiumthe legislationin 1979quality,lowminesduring the renewalvolatile, highapplication period Blackwater in 1967 vitrinite, hardAll renewal Broadmeadow coking coal toapplications (longwall medium volatilewere lodged and operations) in 2005hard coking coal,pending a decisionDaunia in 2013 andto weak cokingfrom the Minister coal,someCaval Ridge in 2014pulverised coalProduction at injection (PCI)Norwich Park coal and mediumceased in May 2012ash thermal coalas a secondaryproduct","ports 2043,renewable Goonyella Riverside is mined from purchasedDauniafor further periodsthe Permianvia RetailDistancesas QueenslandProductionMoranbah andAgreementsbetween theGovernmentcommenced at:Peak Downsmines and portRangal Coallegislation allowsPeak Downs in 1972measuresCaval RidgeSaraji are between160 km and Mining is permittedSaraji in 1974 Products rangeBlackwater and to continue under315kmNorwich Park Norwich Park from premiumthe legislationin 1979quality,lowminesduring the renewalvolatile, highapplication period Blackwater in 1967 vitrinite, hardAll renewal Broadmeadow coking coal toapplications (longwall medium volatilewere lodged and operations) in 2005hard coking coal,pending a decisionDaunia in 2013 andto weak cokingfrom the Minister coal,someCaval Ridge in 2014pulverised coalProduction at injection (PCI)Norwich Park coal and mediumceased in May 2012ash thermal coalas a secondaryproduct","ports 2043,renewable Goonyella Riverside is mined from purchasedDauniafor further periodsthe Permianvia RetailDistancesas QueenslandProductionMoranbah andAgreementsbetween theGovernmentcommenced at:Peak Downsmines and portRangal Coallegislation allowsPeak Downs in 1972measuresCaval RidgeSaraji are between160 km and Mining is permittedSaraji in 1974 Products rangeBlackwater and to continue under315kmNorwich Park Norwich Park from premiumthe legislationin 1979quality,lowminesduring the renewalvolatile, highapplication period Blackwater in 1967 vitrinite, hardAll renewal Broadmeadow coking coal toapplications (longwall medium volatilewere lodged and operations) in 2005hard coking coal,pending a decisionDaunia in 2013 andto weak cokingfrom the Minister coal,someCaval Ridge in 2014pulverised coalProduction at injection (PCI)Norwich Park coal and mediumceased in May 2012ash thermal coalas a secondaryproduct",Production at,Production at,,,,,,,,,,,,,,,,,,,
,"ports 2043,renewable Goonyella Riverside is mined from purchasedDauniafor further periodsthe Permianvia RetailDistancesas QueenslandProductionMoranbah andAgreementsbetween theGovernmentcommenced at:Peak Downsmines and portRangal Coallegislation allowsPeak Downs in 1972measuresCaval RidgeSaraji are between160 km and Mining is permittedSaraji in 1974 Products rangeBlackwater and to continue under315kmNorwich Park Norwich Park from premiumthe legislationin 1979quality,lowminesduring the renewalvolatile, highapplication period Blackwater in 1967 vitrinite, hardAll renewal Broadmeadow coking coal toapplications (longwall medium volatilewere lodged and operations) in 2005hard coking coal,pending a decisionDaunia in 2013 andto weak cokingfrom the Minister coal,someCaval Ridge in 2014pulverised coalProduction at injection (PCI)Norwich Park coal and mediumceased in May 2012ash thermal coalas a secondaryproduct","ports 2043,renewable Goonyella Riverside is mined from purchasedDauniafor further periodsthe Permianvia RetailDistancesas QueenslandProductionMoranbah andAgreementsbetween theGovernmentcommenced at:Peak Downsmines and portRangal Coallegislation allowsPeak Downs in 1972measuresCaval RidgeSaraji are between160 km and Mining is permittedSaraji in 1974 Products rangeBlackwater and to continue under315kmNorwich Park Norwich Park from premiumthe legislationin 1979quality,lowminesduring the renewalvolatile, highapplication period Blackwater in 1967 vitrinite, hardAll renewal Broadmeadow coking coal toapplications (longwall medium volatilewere lodged and operations) in 2005hard coking coal,pending a decisionDaunia in 2013 andto weak cokingfrom the Minister coal,someCaval Ridge in 2014pulverised coalProduction at injection (PCI)Norwich Park coal and mediumceased in May 2012ash thermal coalas a secondaryproduct","ports 2043,renewable Goonyella Riverside is mined from purchasedDauniafor further periodsthe Permianvia RetailDistancesas QueenslandProductionMoranbah andAgreementsbetween theGovernmentcommenced at:Peak Downsmines and portRangal Coallegislation allowsPeak Downs in 1972measuresCaval RidgeSaraji are between160 km and Mining is permittedSaraji in 1974 Products rangeBlackwater and to continue under315kmNorwich Park Norwich Park from premiumthe legislationin 1979quality,lowminesduring the renewalvolatile, highapplication period Blackwater in 1967 vitrinite, hardAll renewal Broadmeadow coking coal toapplications (longwall medium volatilewere lodged and operations) in 2005hard coking coal,pending a decisionDaunia in 2013 andto weak cokingfrom the Minister coal,someCaval Ridge in 2014pulverised coalProduction at injection (PCI)Norwich Park coal and mediumceased in May 2012ash thermal coalas a secondaryproduct","ports 2043,renewable Goonyella Riverside is mined from purchasedDauniafor further periodsthe Permianvia RetailDistancesas QueenslandProductionMoranbah andAgreementsbetween theGovernmentcommenced at:Peak Downsmines and portRangal Coallegislation allowsPeak Downs in 1972measuresCaval RidgeSaraji are between160 km and Mining is permittedSaraji in 1974 Products rangeBlackwater and to continue under315kmNorwich Park Norwich Park from premiumthe legislationin 1979quality,lowminesduring the renewalvolatile, highapplication period Blackwater in 1967 vitrinite, hardAll renewal Broadmeadow coking coal toapplications (longwall medium volatilewere lodged and operations) in 2005hard coking coal,pending a decisionDaunia in 2013 andto weak cokingfrom the Minister coal,someCaval Ridge in 2014pulverised coalProduction at injection (PCI)Norwich Park coal and mediumceased in May 2012ash thermal coalas a secondaryproduct","ports 2043,renewable Goonyella Riverside is mined from purchasedDauniafor further periodsthe Permianvia RetailDistancesas QueenslandProductionMoranbah andAgreementsbetween theGovernmentcommenced at:Peak Downsmines and portRangal Coallegislation allowsPeak Downs in 1972measuresCaval RidgeSaraji are between160 km and Mining is permittedSaraji in 1974 Products rangeBlackwater and to continue under315kmNorwich Park Norwich Park from premiumthe legislationin 1979quality,lowminesduring the renewalvolatile, highapplication period Blackwater in 1967 vitrinite, hardAll renewal Broadmeadow coking coal toapplications (longwall medium volatilewere lodged and operations) in 2005hard coking coal,pending a decisionDaunia in 2013 andto weak cokingfrom the Minister coal,someCaval Ridge in 2014pulverised coalProduction at injection (PCI)Norwich Park coal and mediumceased in May 2012ash thermal coalas a secondaryproduct","ports 2043,renewable Goonyella Riverside is mined from purchasedDauniafor further periodsthe Permianvia RetailDistancesas QueenslandProductionMoranbah andAgreementsbetween theGovernmentcommenced at:Peak Downsmines and portRangal Coallegislation allowsPeak Downs in 1972measuresCaval RidgeSaraji are between160 km and Mining is permittedSaraji in 1974 Products rangeBlackwater and to continue under315kmNorwich Park Norwich Park from premiumthe legislationin 1979quality,lowminesduring the renewalvolatile, highapplication period Blackwater in 1967 vitrinite, hardAll renewal Broadmeadow coking coal toapplications (longwall medium volatilewere lodged and operations) in 2005hard coking coal,pending a decisionDaunia in 2013 andto weak cokingfrom the Minister coal,someCaval Ridge in 2014pulverised coalProduction at injection (PCI)Norwich Park coal and mediumceased in May 2012ash thermal coalas a secondaryproduct","ports 2043,renewable Goonyella Riverside is mined from purchasedDauniafor further periodsthe Permianvia RetailDistancesas QueenslandProductionMoranbah andAgreementsbetween theGovernmentcommenced at:Peak Downsmines and portRangal Coallegislation allowsPeak Downs in 1972measuresCaval RidgeSaraji are between160 km and Mining is permittedSaraji in 1974 Products rangeBlackwater and to continue under315kmNorwich Park Norwich Park from premiumthe legislationin 1979quality,lowminesduring the renewalvolatile, highapplication period Blackwater in 1967 vitrinite, hardAll renewal Broadmeadow coking coal toapplications (longwall medium volatilewere lodged and operations) in 2005hard coking coal,pending a decisionDaunia in 2013 andto weak cokingfrom the Minister coal,someCaval Ridge in 2014pulverised coalProduction at injection (PCI)Norwich Park coal and mediumceased in May 2012ash thermal coalas a secondaryproduct","ports 2043,renewable Goonyella Riverside is mined from purchasedDauniafor further periodsthe Permianvia RetailDistancesas QueenslandProductionMoranbah andAgreementsbetween theGovernmentcommenced at:Peak Downsmines and portRangal Coallegislation allowsPeak Downs in 1972measuresCaval RidgeSaraji are between160 km and Mining is permittedSaraji in 1974 Products rangeBlackwater and to continue under315kmNorwich Park Norwich Park from premiumthe legislationin 1979quality,lowminesduring the renewalvolatile, highapplication period Blackwater in 1967 vitrinite, hardAll renewal Broadmeadow coking coal toapplications (longwall medium volatilewere lodged and operations) in 2005hard coking coal,pending a decisionDaunia in 2013 andto weak cokingfrom the Minister coal,someCaval Ridge in 2014pulverised coalProduction at injection (PCI)Norwich Park coal and mediumceased in May 2012ash thermal coalas a secondaryproduct","ports 2043,renewable Goonyella Riverside is mined from purchasedDauniafor further periodsthe Permianvia RetailDistancesas QueenslandProductionMoranbah andAgreementsbetween theGovernmentcommenced at:Peak Downsmines and portRangal Coallegislation allowsPeak Downs in 1972measuresCaval RidgeSaraji are between160 km and Mining is permittedSaraji in 1974 Products rangeBlackwater and to continue under315kmNorwich Park Norwich Park from premiumthe legislationin 1979quality,lowminesduring the renewalvolatile, highapplication period Blackwater in 1967 vitrinite, hardAll renewal Broadmeadow coking coal toapplications (longwall medium volatilewere lodged and operations) in 2005hard coking coal,pending a decisionDaunia in 2013 andto weak cokingfrom the Minister coal,someCaval Ridge in 2014pulverised coalProduction at injection (PCI)Norwich Park coal and mediumceased in May 2012ash thermal coalas a secondaryproduct","ports 2043,renewable Goonyella Riverside is mined from purchasedDauniafor further periodsthe Permianvia RetailDistancesas QueenslandProductionMoranbah andAgreementsbetween theGovernmentcommenced at:Peak Downsmines and portRangal Coallegislation allowsPeak Downs in 1972measuresCaval RidgeSaraji are between160 km and Mining is permittedSaraji in 1974 Products rangeBlackwater and to continue under315kmNorwich Park Norwich Park from premiumthe legislationin 1979quality,lowminesduring the renewalvolatile, highapplication period Blackwater in 1967 vitrinite, hardAll renewal Broadmeadow coking coal toapplications (longwall medium volatilewere lodged and operations) in 2005hard coking coal,pending a decisionDaunia in 2013 andto weak cokingfrom the Minister coal,someCaval Ridge in 2014pulverised coalProduction at injection (PCI)Norwich Park coal and mediumceased in May 2012ash thermal coalas a secondaryproduct","ports 2043,renewable Goonyella Riverside is mined from purchasedDauniafor further periodsthe Permianvia RetailDistancesas QueenslandProductionMoranbah andAgreementsbetween theGovernmentcommenced at:Peak Downsmines and portRangal Coallegislation allowsPeak Downs in 1972measuresCaval RidgeSaraji are between160 km and Mining is permittedSaraji in 1974 Products rangeBlackwater and to continue under315kmNorwich Park Norwich Park from premiumthe legislationin 1979quality,lowminesduring the renewalvolatile, highapplication period Blackwater in 1967 vitrinite, hardAll renewal Broadmeadow coking coal toapplications (longwall medium volatilewere lodged and operations) in 2005hard coking coal,pending a decisionDaunia in 2013 andto weak cokingfrom the Minister coal,someCaval Ridge in 2014pulverised coalProduction at injection (PCI)Norwich Park coal and mediumceased in May 2012ash thermal coalas a secondaryproduct","ports 2043,renewable Goonyella Riverside is mined from purchasedDauniafor further periodsthe Permianvia RetailDistancesas QueenslandProductionMoranbah andAgreementsbetween theGovernmentcommenced at:Peak Downsmines and portRangal Coallegislation allowsPeak Downs in 1972measuresCaval RidgeSaraji are between160 km and Mining is permittedSaraji in 1974 Products rangeBlackwater and to continue under315kmNorwich Park Norwich Park from premiumthe legislationin 1979quality,lowminesduring the renewalvolatile, highapplication period Blackwater in 1967 vitrinite, hardAll renewal Broadmeadow coking coal toapplications (longwall medium volatilewere lodged and operations) in 2005hard coking coal,pending a decisionDaunia in 2013 andto weak cokingfrom the Minister coal,someCaval Ridge in 2014pulverised coalProduction at injection (PCI)Norwich Park coal and mediumceased in May 2012ash thermal coalas a secondaryproduct","ports 2043,renewable Goonyella Riverside is mined from purchasedDauniafor further periodsthe Permianvia RetailDistancesas QueenslandProductionMoranbah andAgreementsbetween theGovernmentcommenced at:Peak Downsmines and portRangal Coallegislation allowsPeak Downs in 1972measuresCaval RidgeSaraji are between160 km and Mining is permittedSaraji in 1974 Products rangeBlackwater and to continue under315kmNorwich Park Norwich Park from premiumthe legislationin 1979quality,lowminesduring the renewalvolatile, highapplication period Blackwater in 1967 vitrinite, hardAll renewal Broadmeadow coking coal toapplications (longwall medium volatilewere lodged and operations) in 2005hard coking coal,pending a decisionDaunia in 2013 andto weak cokingfrom the Minister coal,someCaval Ridge in 2014pulverised coalProduction at injection (PCI)Norwich Park coal and mediumceased in May 2012ash thermal coalas a secondaryproduct","ports 2043,renewable Goonyella Riverside is mined from purchasedDauniafor further periodsthe Permianvia RetailDistancesas QueenslandProductionMoranbah andAgreementsbetween theGovernmentcommenced at:Peak Downsmines and portRangal Coallegislation allowsPeak Downs in 1972measuresCaval RidgeSaraji are between160 km and Mining is permittedSaraji in 1974 Products rangeBlackwater and to continue under315kmNorwich Park Norwich Park from premiumthe legislationin 1979quality,lowminesduring the renewalvolatile, highapplication period Blackwater in 1967 vitrinite, hardAll renewal Broadmeadow coking coal toapplications (longwall medium volatilewere lodged and operations) in 2005hard coking coal,pending a decisionDaunia in 2013 andto weak cokingfrom the Minister coal,someCaval Ridge in 2014pulverised coalProduction at injection (PCI)Norwich Park coal and mediumceased in May 2012ash thermal coalas a secondaryproduct",Norwich Park,coal and mediumash thermal coalas a secondaryproduct,coal and mediumash thermal coalas a secondaryproduct,coal and mediumash thermal coalas a secondaryproduct,coal and mediumash thermal coalas a secondaryproduct,coal and mediumash thermal coalas a secondaryproduct,coal and mediumash thermal coalas a secondaryproduct,,,,,,,,,,,,,,
BHP Mitsui Coal,BHP Mitsui Coal,BHP Mitsui Coal,BHP Mitsui Coal,BHP Mitsui Coal,BHP Mitsui Coal,BHP Mitsui Coal,,,,,,,,,,,,,,,,,,,,,,,,,,,,,
"Bowen Basin, Public road","Bowen Basin, Public road",BHP 80% BMC,BHP 80% BMC,BHP 80% BMC,"Mining leases,","Mining leases,",South Walker,Open-cut,Open-cut,Open-cut,Open-cut,Queensland,Queensland,South Walker,,,,,,,,,,,,,,,,,,,,,
"Queensland, Coal transported Mitsui and CoAustralia byrail to Hay","Queensland, Coal transported Mitsui and CoAustralia byrail to Hay",,,,including,including,Creek commenced,Bituminous coal,Bituminous coal,Bituminous coal,Bituminous coal,electricity grid,electricity grid,Creek coal,,,,,,,,,,,,,,,,,,,,,
"Queensland, Coal transported Mitsui and CoAustralia byrail to Hay","Queensland, Coal transported Mitsui and CoAustralia byrail to Hay",20%,20%,20%,undeveloped,undeveloped,in 1996,isminedfrom.tho,isminedfrom.tho,isminedfrom.tho,isminedfrom.tho,connectjonis,connectjonis,beneficiated,,,,,,,,,,,,,,,,,,,,,
South Walker Pointand,South Walker Pointand,South Walker Pointand,South Walker Pointand,South Walker Pointand,"tenements,have","tenements,have",Poitrelcommenced,DermianPongal,DermianPongal,DermianPongal,DermianPongal,under medium-,under medium-,on-site,,,,,,,,,,,,,,,,,,,,,
Creek and Poitrel Dalrymple Bay,Creek and Poitrel Dalrymple Bay,Creek and Poitrel Dalrymple Bay,Creek and Poitrel Dalrymple Bay,Creek and Poitrel Dalrymple Bay,expiry dates,expiry dates,in 2006,Coal measures term contracts,Coal measures term contracts,Coal measures term contracts,Coal measures term contracts,Coal measures term contracts,Coal measures term contracts,Nominal capacity:,,,,,,,,,,,,,,,,,,,,,
"mines ports ranging up to Producesarangeand energy in excess of2041,renewableBMC purchasedpurchased6MtpaDistances remaining of coking coalfor further periods via Retailbetween the as Queensland 50% share of and pulverised Agreements Poitrel minemines and port Government Red Mountain coal injection utilises Redare between legislation allows processing facility (PCI) coal Mountain for135 kmand in 2018 to secure processing165 km Mining is permitted100% ownership and rail loadingto continue under faciltiesthe legislationduring the renewal Nominal capacity:application period in excess of6MtpaAll renewalapplicationswere lodged andpending a decisionfrom the Minister","mines ports ranging up to Producesarangeand energy in excess of2041,renewableBMC purchasedpurchased6MtpaDistances remaining of coking coalfor further periods via Retailbetween the as Queensland 50% share of and pulverised Agreements Poitrel minemines and port Government Red Mountain coal injection utilises Redare between legislation allows processing facility (PCI) coal Mountain for135 kmand in 2018 to secure processing165 km Mining is permitted100% ownership and rail loadingto continue under faciltiesthe legislationduring the renewal Nominal capacity:application period in excess of6MtpaAll renewalapplicationswere lodged andpending a decisionfrom the Minister","mines ports ranging up to Producesarangeand energy in excess of2041,renewableBMC purchasedpurchased6MtpaDistances remaining of coking coalfor further periods via Retailbetween the as Queensland 50% share of and pulverised Agreements Poitrel minemines and port Government Red Mountain coal injection utilises Redare between legislation allows processing facility (PCI) coal Mountain for135 kmand in 2018 to secure processing165 km Mining is permitted100% ownership and rail loadingto continue under faciltiesthe legislationduring the renewal Nominal capacity:application period in excess of6MtpaAll renewalapplicationswere lodged andpending a decisionfrom the Minister","mines ports ranging up to Producesarangeand energy in excess of2041,renewableBMC purchasedpurchased6MtpaDistances remaining of coking coalfor further periods via Retailbetween the as Queensland 50% share of and pulverised Agreements Poitrel minemines and port Government Red Mountain coal injection utilises Redare between legislation allows processing facility (PCI) coal Mountain for135 kmand in 2018 to secure processing165 km Mining is permitted100% ownership and rail loadingto continue under faciltiesthe legislationduring the renewal Nominal capacity:application period in excess of6MtpaAll renewalapplicationswere lodged andpending a decisionfrom the Minister","mines ports ranging up to Producesarangeand energy in excess of2041,renewableBMC purchasedpurchased6MtpaDistances remaining of coking coalfor further periods via Retailbetween the as Queensland 50% share of and pulverised Agreements Poitrel minemines and port Government Red Mountain coal injection utilises Redare between legislation allows processing facility (PCI) coal Mountain for135 kmand in 2018 to secure processing165 km Mining is permitted100% ownership and rail loadingto continue under faciltiesthe legislationduring the renewal Nominal capacity:application period in excess of6MtpaAll renewalapplicationswere lodged andpending a decisionfrom the Minister","mines ports ranging up to Producesarangeand energy in excess of2041,renewableBMC purchasedpurchased6MtpaDistances remaining of coking coalfor further periods via Retailbetween the as Queensland 50% share of and pulverised Agreements Poitrel minemines and port Government Red Mountain coal injection utilises Redare between legislation allows processing facility (PCI) coal Mountain for135 kmand in 2018 to secure processing165 km Mining is permitted100% ownership and rail loadingto continue under faciltiesthe legislationduring the renewal Nominal capacity:application period in excess of6MtpaAll renewalapplicationswere lodged andpending a decisionfrom the Minister","mines ports ranging up to Producesarangeand energy in excess of2041,renewableBMC purchasedpurchased6MtpaDistances remaining of coking coalfor further periods via Retailbetween the as Queensland 50% share of and pulverised Agreements Poitrel minemines and port Government Red Mountain coal injection utilises Redare between legislation allows processing facility (PCI) coal Mountain for135 kmand in 2018 to secure processing165 km Mining is permitted100% ownership and rail loadingto continue under faciltiesthe legislationduring the renewal Nominal capacity:application period in excess of6MtpaAll renewalapplicationswere lodged andpending a decisionfrom the Minister","mines ports ranging up to Producesarangeand energy in excess of2041,renewableBMC purchasedpurchased6MtpaDistances remaining of coking coalfor further periods via Retailbetween the as Queensland 50% share of and pulverised Agreements Poitrel minemines and port Government Red Mountain coal injection utilises Redare between legislation allows processing facility (PCI) coal Mountain for135 kmand in 2018 to secure processing165 km Mining is permitted100% ownership and rail loadingto continue under faciltiesthe legislationduring the renewal Nominal capacity:application period in excess of6MtpaAll renewalapplicationswere lodged andpending a decisionfrom the Minister","mines ports ranging up to Producesarangeand energy in excess of2041,renewableBMC purchasedpurchased6MtpaDistances remaining of coking coalfor further periods via Retailbetween the as Queensland 50% share of and pulverised Agreements Poitrel minemines and port Government Red Mountain coal injection utilises Redare between legislation allows processing facility (PCI) coal Mountain for135 kmand in 2018 to secure processing165 km Mining is permitted100% ownership and rail loadingto continue under faciltiesthe legislationduring the renewal Nominal capacity:application period in excess of6MtpaAll renewalapplicationswere lodged andpending a decisionfrom the Minister","mines ports ranging up to Producesarangeand energy in excess of2041,renewableBMC purchasedpurchased6MtpaDistances remaining of coking coalfor further periods via Retailbetween the as Queensland 50% share of and pulverised Agreements Poitrel minemines and port Government Red Mountain coal injection utilises Redare between legislation allows processing facility (PCI) coal Mountain for135 kmand in 2018 to secure processing165 km Mining is permitted100% ownership and rail loadingto continue under faciltiesthe legislationduring the renewal Nominal capacity:application period in excess of6MtpaAll renewalapplicationswere lodged andpending a decisionfrom the Minister","mines ports ranging up to Producesarangeand energy in excess of2041,renewableBMC purchasedpurchased6MtpaDistances remaining of coking coalfor further periods via Retailbetween the as Queensland 50% share of and pulverised Agreements Poitrel minemines and port Government Red Mountain coal injection utilises Redare between legislation allows processing facility (PCI) coal Mountain for135 kmand in 2018 to secure processing165 km Mining is permitted100% ownership and rail loadingto continue under faciltiesthe legislationduring the renewal Nominal capacity:application period in excess of6MtpaAll renewalapplicationswere lodged andpending a decisionfrom the Minister","mines ports ranging up to Producesarangeand energy in excess of2041,renewableBMC purchasedpurchased6MtpaDistances remaining of coking coalfor further periods via Retailbetween the as Queensland 50% share of and pulverised Agreements Poitrel minemines and port Government Red Mountain coal injection utilises Redare between legislation allows processing facility (PCI) coal Mountain for135 kmand in 2018 to secure processing165 km Mining is permitted100% ownership and rail loadingto continue under faciltiesthe legislationduring the renewal Nominal capacity:application period in excess of6MtpaAll renewalapplicationswere lodged andpending a decisionfrom the Minister","mines ports ranging up to Producesarangeand energy in excess of2041,renewableBMC purchasedpurchased6MtpaDistances remaining of coking coalfor further periods via Retailbetween the as Queensland 50% share of and pulverised Agreements Poitrel minemines and port Government Red Mountain coal injection utilises Redare between legislation allows processing facility (PCI) coal Mountain for135 kmand in 2018 to secure processing165 km Mining is permitted100% ownership and rail loadingto continue under faciltiesthe legislationduring the renewal Nominal capacity:application period in excess of6MtpaAll renewalapplicationswere lodged andpending a decisionfrom the Minister","mines ports ranging up to Producesarangeand energy in excess of2041,renewableBMC purchasedpurchased6MtpaDistances remaining of coking coalfor further periods via Retailbetween the as Queensland 50% share of and pulverised Agreements Poitrel minemines and port Government Red Mountain coal injection utilises Redare between legislation allows processing facility (PCI) coal Mountain for135 kmand in 2018 to secure processing165 km Mining is permitted100% ownership and rail loadingto continue under faciltiesthe legislationduring the renewal Nominal capacity:application period in excess of6MtpaAll renewalapplicationswere lodged andpending a decisionfrom the Minister","mines ports ranging up to Producesarangeand energy in excess of2041,renewableBMC purchasedpurchased6MtpaDistances remaining of coking coalfor further periods via Retailbetween the as Queensland 50% share of and pulverised Agreements Poitrel minemines and port Government Red Mountain coal injection utilises Redare between legislation allows processing facility (PCI) coal Mountain for135 kmand in 2018 to secure processing165 km Mining is permitted100% ownership and rail loadingto continue under faciltiesthe legislationduring the renewal Nominal capacity:application period in excess of6MtpaAll renewalapplicationswere lodged andpending a decisionfrom the Minister",,,,,,,,,,,,,,,,,,,,,
"mines ports ranging up to Producesarangeand energy in excess of2041,renewableBMC purchasedpurchased6MtpaDistances remaining of coking coalfor further periods via Retailbetween the as Queensland 50% share of and pulverised Agreements Poitrel minemines and port Government Red Mountain coal injection utilises Redare between legislation allows processing facility (PCI) coal Mountain for135 kmand in 2018 to secure processing165 km Mining is permitted100% ownership and rail loadingto continue under faciltiesthe legislationduring the renewal Nominal capacity:application period in excess of6MtpaAll renewalapplicationswere lodged andpending a decisionfrom the Minister","mines ports ranging up to Producesarangeand energy in excess of2041,renewableBMC purchasedpurchased6MtpaDistances remaining of coking coalfor further periods via Retailbetween the as Queensland 50% share of and pulverised Agreements Poitrel minemines and port Government Red Mountain coal injection utilises Redare between legislation allows processing facility (PCI) coal Mountain for135 kmand in 2018 to secure processing165 km Mining is permitted100% ownership and rail loadingto continue under faciltiesthe legislationduring the renewal Nominal capacity:application period in excess of6MtpaAll renewalapplicationswere lodged andpending a decisionfrom the Minister","mines ports ranging up to Producesarangeand energy in excess of2041,renewableBMC purchasedpurchased6MtpaDistances remaining of coking coalfor further periods via Retailbetween the as Queensland 50% share of and pulverised Agreements Poitrel minemines and port Government Red Mountain coal injection utilises Redare between legislation allows processing facility (PCI) coal Mountain for135 kmand in 2018 to secure processing165 km Mining is permitted100% ownership and rail loadingto continue under faciltiesthe legislationduring the renewal Nominal capacity:application period in excess of6MtpaAll renewalapplicationswere lodged andpending a decisionfrom the Minister","mines ports ranging up to Producesarangeand energy in excess of2041,renewableBMC purchasedpurchased6MtpaDistances remaining of coking coalfor further periods via Retailbetween the as Queensland 50% share of and pulverised Agreements Poitrel minemines and port Government Red Mountain coal injection utilises Redare between legislation allows processing facility (PCI) coal Mountain for135 kmand in 2018 to secure processing165 km Mining is permitted100% ownership and rail loadingto continue under faciltiesthe legislationduring the renewal Nominal capacity:application period in excess of6MtpaAll renewalapplicationswere lodged andpending a decisionfrom the Minister","mines ports ranging up to Producesarangeand energy in excess of2041,renewableBMC purchasedpurchased6MtpaDistances remaining of coking coalfor further periods via Retailbetween the as Queensland 50% share of and pulverised Agreements Poitrel minemines and port Government Red Mountain coal injection utilises Redare between legislation allows processing facility (PCI) coal Mountain for135 kmand in 2018 to secure processing165 km Mining is permitted100% ownership and rail loadingto continue under faciltiesthe legislationduring the renewal Nominal capacity:application period in excess of6MtpaAll renewalapplicationswere lodged andpending a decisionfrom the Minister","mines ports ranging up to Producesarangeand energy in excess of2041,renewableBMC purchasedpurchased6MtpaDistances remaining of coking coalfor further periods via Retailbetween the as Queensland 50% share of and pulverised Agreements Poitrel minemines and port Government Red Mountain coal injection utilises Redare between legislation allows processing facility (PCI) coal Mountain for135 kmand in 2018 to secure processing165 km Mining is permitted100% ownership and rail loadingto continue under faciltiesthe legislationduring the renewal Nominal capacity:application period in excess of6MtpaAll renewalapplicationswere lodged andpending a decisionfrom the Minister","mines ports ranging up to Producesarangeand energy in excess of2041,renewableBMC purchasedpurchased6MtpaDistances remaining of coking coalfor further periods via Retailbetween the as Queensland 50% share of and pulverised Agreements Poitrel minemines and port Government Red Mountain coal injection utilises Redare between legislation allows processing facility (PCI) coal Mountain for135 kmand in 2018 to secure processing165 km Mining is permitted100% ownership and rail loadingto continue under faciltiesthe legislationduring the renewal Nominal capacity:application period in excess of6MtpaAll renewalapplicationswere lodged andpending a decisionfrom the Minister","mines ports ranging up to Producesarangeand energy in excess of2041,renewableBMC purchasedpurchased6MtpaDistances remaining of coking coalfor further periods via Retailbetween the as Queensland 50% share of and pulverised Agreements Poitrel minemines and port Government Red Mountain coal injection utilises Redare between legislation allows processing facility (PCI) coal Mountain for135 kmand in 2018 to secure processing165 km Mining is permitted100% ownership and rail loadingto continue under faciltiesthe legislationduring the renewal Nominal capacity:application period in excess of6MtpaAll renewalapplicationswere lodged andpending a decisionfrom the Minister","mines ports ranging up to Producesarangeand energy in excess of2041,renewableBMC purchasedpurchased6MtpaDistances remaining of coking coalfor further periods via Retailbetween the as Queensland 50% share of and pulverised Agreements Poitrel minemines and port Government Red Mountain coal injection utilises Redare between legislation allows processing facility (PCI) coal Mountain for135 kmand in 2018 to secure processing165 km Mining is permitted100% ownership and rail loadingto continue under faciltiesthe legislationduring the renewal Nominal capacity:application period in excess of6MtpaAll renewalapplicationswere lodged andpending a decisionfrom the Minister","mines ports ranging up to Producesarangeand energy in excess of2041,renewableBMC purchasedpurchased6MtpaDistances remaining of coking coalfor further periods via Retailbetween the as Queensland 50% share of and pulverised Agreements Poitrel minemines and port Government Red Mountain coal injection utilises Redare between legislation allows processing facility (PCI) coal Mountain for135 kmand in 2018 to secure processing165 km Mining is permitted100% ownership and rail loadingto continue under faciltiesthe legislationduring the renewal Nominal capacity:application period in excess of6MtpaAll renewalapplicationswere lodged andpending a decisionfrom the Minister","mines ports ranging up to Producesarangeand energy in excess of2041,renewableBMC purchasedpurchased6MtpaDistances remaining of coking coalfor further periods via Retailbetween the as Queensland 50% share of and pulverised Agreements Poitrel minemines and port Government Red Mountain coal injection utilises Redare between legislation allows processing facility (PCI) coal Mountain for135 kmand in 2018 to secure processing165 km Mining is permitted100% ownership and rail loadingto continue under faciltiesthe legislationduring the renewal Nominal capacity:application period in excess of6MtpaAll renewalapplicationswere lodged andpending a decisionfrom the Minister","mines ports ranging up to Producesarangeand energy in excess of2041,renewableBMC purchasedpurchased6MtpaDistances remaining of coking coalfor further periods via Retailbetween the as Queensland 50% share of and pulverised Agreements Poitrel minemines and port Government Red Mountain coal injection utilises Redare between legislation allows processing facility (PCI) coal Mountain for135 kmand in 2018 to secure processing165 km Mining is permitted100% ownership and rail loadingto continue under faciltiesthe legislationduring the renewal Nominal capacity:application period in excess of6MtpaAll renewalapplicationswere lodged andpending a decisionfrom the Minister","mines ports ranging up to Producesarangeand energy in excess of2041,renewableBMC purchasedpurchased6MtpaDistances remaining of coking coalfor further periods via Retailbetween the as Queensland 50% share of and pulverised Agreements Poitrel minemines and port Government Red Mountain coal injection utilises Redare between legislation allows processing facility (PCI) coal Mountain for135 kmand in 2018 to secure processing165 km Mining is permitted100% ownership and rail loadingto continue under faciltiesthe legislationduring the renewal Nominal capacity:application period in excess of6MtpaAll renewalapplicationswere lodged andpending a decisionfrom the Minister","mines ports ranging up to Producesarangeand energy in excess of2041,renewableBMC purchasedpurchased6MtpaDistances remaining of coking coalfor further periods via Retailbetween the as Queensland 50% share of and pulverised Agreements Poitrel minemines and port Government Red Mountain coal injection utilises Redare between legislation allows processing facility (PCI) coal Mountain for135 kmand in 2018 to secure processing165 km Mining is permitted100% ownership and rail loadingto continue under faciltiesthe legislationduring the renewal Nominal capacity:application period in excess of6MtpaAll renewalapplicationswere lodged andpending a decisionfrom the Minister","mines ports ranging up to Producesarangeand energy in excess of2041,renewableBMC purchasedpurchased6MtpaDistances remaining of coking coalfor further periods via Retailbetween the as Queensland 50% share of and pulverised Agreements Poitrel minemines and port Government Red Mountain coal injection utilises Redare between legislation allows processing facility (PCI) coal Mountain for135 kmand in 2018 to secure processing165 km Mining is permitted100% ownership and rail loadingto continue under faciltiesthe legislationduring the renewal Nominal capacity:application period in excess of6MtpaAll renewalapplicationswere lodged andpending a decisionfrom the Minister",for further periods,for further periods,remaining,,,,,,,,,,,,,,,,,,
"mines ports ranging up to Producesarangeand energy in excess of2041,renewableBMC purchasedpurchased6MtpaDistances remaining of coking coalfor further periods via Retailbetween the as Queensland 50% share of and pulverised Agreements Poitrel minemines and port Government Red Mountain coal injection utilises Redare between legislation allows processing facility (PCI) coal Mountain for135 kmand in 2018 to secure processing165 km Mining is permitted100% ownership and rail loadingto continue under faciltiesthe legislationduring the renewal Nominal capacity:application period in excess of6MtpaAll renewalapplicationswere lodged andpending a decisionfrom the Minister","mines ports ranging up to Producesarangeand energy in excess of2041,renewableBMC purchasedpurchased6MtpaDistances remaining of coking coalfor further periods via Retailbetween the as Queensland 50% share of and pulverised Agreements Poitrel minemines and port Government Red Mountain coal injection utilises Redare between legislation allows processing facility (PCI) coal Mountain for135 kmand in 2018 to secure processing165 km Mining is permitted100% ownership and rail loadingto continue under faciltiesthe legislationduring the renewal Nominal capacity:application period in excess of6MtpaAll renewalapplicationswere lodged andpending a decisionfrom the Minister","mines ports ranging up to Producesarangeand energy in excess of2041,renewableBMC purchasedpurchased6MtpaDistances remaining of coking coalfor further periods via Retailbetween the as Queensland 50% share of and pulverised Agreements Poitrel minemines and port Government Red Mountain coal injection utilises Redare between legislation allows processing facility (PCI) coal Mountain for135 kmand in 2018 to secure processing165 km Mining is permitted100% ownership and rail loadingto continue under faciltiesthe legislationduring the renewal Nominal capacity:application period in excess of6MtpaAll renewalapplicationswere lodged andpending a decisionfrom the Minister","mines ports ranging up to Producesarangeand energy in excess of2041,renewableBMC purchasedpurchased6MtpaDistances remaining of coking coalfor further periods via Retailbetween the as Queensland 50% share of and pulverised Agreements Poitrel minemines and port Government Red Mountain coal injection utilises Redare between legislation allows processing facility (PCI) coal Mountain for135 kmand in 2018 to secure processing165 km Mining is permitted100% ownership and rail loadingto continue under faciltiesthe legislationduring the renewal Nominal capacity:application period in excess of6MtpaAll renewalapplicationswere lodged andpending a decisionfrom the Minister","mines ports ranging up to Producesarangeand energy in excess of2041,renewableBMC purchasedpurchased6MtpaDistances remaining of coking coalfor further periods via Retailbetween the as Queensland 50% share of and pulverised Agreements Poitrel minemines and port Government Red Mountain coal injection utilises Redare between legislation allows processing facility (PCI) coal Mountain for135 kmand in 2018 to secure processing165 km Mining is permitted100% ownership and rail loadingto continue under faciltiesthe legislationduring the renewal Nominal capacity:application period in excess of6MtpaAll renewalapplicationswere lodged andpending a decisionfrom the Minister","mines ports ranging up to Producesarangeand energy in excess of2041,renewableBMC purchasedpurchased6MtpaDistances remaining of coking coalfor further periods via Retailbetween the as Queensland 50% share of and pulverised Agreements Poitrel minemines and port Government Red Mountain coal injection utilises Redare between legislation allows processing facility (PCI) coal Mountain for135 kmand in 2018 to secure processing165 km Mining is permitted100% ownership and rail loadingto continue under faciltiesthe legislationduring the renewal Nominal capacity:application period in excess of6MtpaAll renewalapplicationswere lodged andpending a decisionfrom the Minister","mines ports ranging up to Producesarangeand energy in excess of2041,renewableBMC purchasedpurchased6MtpaDistances remaining of coking coalfor further periods via Retailbetween the as Queensland 50% share of and pulverised Agreements Poitrel minemines and port Government Red Mountain coal injection utilises Redare between legislation allows processing facility (PCI) coal Mountain for135 kmand in 2018 to secure processing165 km Mining is permitted100% ownership and rail loadingto continue under faciltiesthe legislationduring the renewal Nominal capacity:application period in excess of6MtpaAll renewalapplicationswere lodged andpending a decisionfrom the Minister","mines ports ranging up to Producesarangeand energy in excess of2041,renewableBMC purchasedpurchased6MtpaDistances remaining of coking coalfor further periods via Retailbetween the as Queensland 50% share of and pulverised Agreements Poitrel minemines and port Government Red Mountain coal injection utilises Redare between legislation allows processing facility (PCI) coal Mountain for135 kmand in 2018 to secure processing165 km Mining is permitted100% ownership and rail loadingto continue under faciltiesthe legislationduring the renewal Nominal capacity:application period in excess of6MtpaAll renewalapplicationswere lodged andpending a decisionfrom the Minister","mines ports ranging up to Producesarangeand energy in excess of2041,renewableBMC purchasedpurchased6MtpaDistances remaining of coking coalfor further periods via Retailbetween the as Queensland 50% share of and pulverised Agreements Poitrel minemines and port Government Red Mountain coal injection utilises Redare between legislation allows processing facility (PCI) coal Mountain for135 kmand in 2018 to secure processing165 km Mining is permitted100% ownership and rail loadingto continue under faciltiesthe legislationduring the renewal Nominal capacity:application period in excess of6MtpaAll renewalapplicationswere lodged andpending a decisionfrom the Minister","mines ports ranging up to Producesarangeand energy in excess of2041,renewableBMC purchasedpurchased6MtpaDistances remaining of coking coalfor further periods via Retailbetween the as Queensland 50% share of and pulverised Agreements Poitrel minemines and port Government Red Mountain coal injection utilises Redare between legislation allows processing facility (PCI) coal Mountain for135 kmand in 2018 to secure processing165 km Mining is permitted100% ownership and rail loadingto continue under faciltiesthe legislationduring the renewal Nominal capacity:application period in excess of6MtpaAll renewalapplicationswere lodged andpending a decisionfrom the Minister","mines ports ranging up to Producesarangeand energy in excess of2041,renewableBMC purchasedpurchased6MtpaDistances remaining of coking coalfor further periods via Retailbetween the as Queensland 50% share of and pulverised Agreements Poitrel minemines and port Government Red Mountain coal injection utilises Redare between legislation allows processing facility (PCI) coal Mountain for135 kmand in 2018 to secure processing165 km Mining is permitted100% ownership and rail loadingto continue under faciltiesthe legislationduring the renewal Nominal capacity:application period in excess of6MtpaAll renewalapplicationswere lodged andpending a decisionfrom the Minister","mines ports ranging up to Producesarangeand energy in excess of2041,renewableBMC purchasedpurchased6MtpaDistances remaining of coking coalfor further periods via Retailbetween the as Queensland 50% share of and pulverised Agreements Poitrel minemines and port Government Red Mountain coal injection utilises Redare between legislation allows processing facility (PCI) coal Mountain for135 kmand in 2018 to secure processing165 km Mining is permitted100% ownership and rail loadingto continue under faciltiesthe legislationduring the renewal Nominal capacity:application period in excess of6MtpaAll renewalapplicationswere lodged andpending a decisionfrom the Minister","mines ports ranging up to Producesarangeand energy in excess of2041,renewableBMC purchasedpurchased6MtpaDistances remaining of coking coalfor further periods via Retailbetween the as Queensland 50% share of and pulverised Agreements Poitrel minemines and port Government Red Mountain coal injection utilises Redare between legislation allows processing facility (PCI) coal Mountain for135 kmand in 2018 to secure processing165 km Mining is permitted100% ownership and rail loadingto continue under faciltiesthe legislationduring the renewal Nominal capacity:application period in excess of6MtpaAll renewalapplicationswere lodged andpending a decisionfrom the Minister","mines ports ranging up to Producesarangeand energy in excess of2041,renewableBMC purchasedpurchased6MtpaDistances remaining of coking coalfor further periods via Retailbetween the as Queensland 50% share of and pulverised Agreements Poitrel minemines and port Government Red Mountain coal injection utilises Redare between legislation allows processing facility (PCI) coal Mountain for135 kmand in 2018 to secure processing165 km Mining is permitted100% ownership and rail loadingto continue under faciltiesthe legislationduring the renewal Nominal capacity:application period in excess of6MtpaAll renewalapplicationswere lodged andpending a decisionfrom the Minister","mines ports ranging up to Producesarangeand energy in excess of2041,renewableBMC purchasedpurchased6MtpaDistances remaining of coking coalfor further periods via Retailbetween the as Queensland 50% share of and pulverised Agreements Poitrel minemines and port Government Red Mountain coal injection utilises Redare between legislation allows processing facility (PCI) coal Mountain for135 kmand in 2018 to secure processing165 km Mining is permitted100% ownership and rail loadingto continue under faciltiesthe legislationduring the renewal Nominal capacity:application period in excess of6MtpaAll renewalapplicationswere lodged andpending a decisionfrom the Minister",as Queensland,as Queensland,50% share of,and pulverised Agreementscoal injection,and pulverised Agreementscoal injection,and pulverised Agreementscoal injection,and pulverised Agreementscoal injection,and pulverised Agreementscoal injection,and pulverised Agreementscoal injection,Poitrel mineutilises Red,,,,,,,,,,,
"mines ports ranging up to Producesarangeand energy in excess of2041,renewableBMC purchasedpurchased6MtpaDistances remaining of coking coalfor further periods via Retailbetween the as Queensland 50% share of and pulverised Agreements Poitrel minemines and port Government Red Mountain coal injection utilises Redare between legislation allows processing facility (PCI) coal Mountain for135 kmand in 2018 to secure processing165 km Mining is permitted100% ownership and rail loadingto continue under faciltiesthe legislationduring the renewal Nominal capacity:application period in excess of6MtpaAll renewalapplicationswere lodged andpending a decisionfrom the Minister","mines ports ranging up to Producesarangeand energy in excess of2041,renewableBMC purchasedpurchased6MtpaDistances remaining of coking coalfor further periods via Retailbetween the as Queensland 50% share of and pulverised Agreements Poitrel minemines and port Government Red Mountain coal injection utilises Redare between legislation allows processing facility (PCI) coal Mountain for135 kmand in 2018 to secure processing165 km Mining is permitted100% ownership and rail loadingto continue under faciltiesthe legislationduring the renewal Nominal capacity:application period in excess of6MtpaAll renewalapplicationswere lodged andpending a decisionfrom the Minister","mines ports ranging up to Producesarangeand energy in excess of2041,renewableBMC purchasedpurchased6MtpaDistances remaining of coking coalfor further periods via Retailbetween the as Queensland 50% share of and pulverised Agreements Poitrel minemines and port Government Red Mountain coal injection utilises Redare between legislation allows processing facility (PCI) coal Mountain for135 kmand in 2018 to secure processing165 km Mining is permitted100% ownership and rail loadingto continue under faciltiesthe legislationduring the renewal Nominal capacity:application period in excess of6MtpaAll renewalapplicationswere lodged andpending a decisionfrom the Minister","mines ports ranging up to Producesarangeand energy in excess of2041,renewableBMC purchasedpurchased6MtpaDistances remaining of coking coalfor further periods via Retailbetween the as Queensland 50% share of and pulverised Agreements Poitrel minemines and port Government Red Mountain coal injection utilises Redare between legislation allows processing facility (PCI) coal Mountain for135 kmand in 2018 to secure processing165 km Mining is permitted100% ownership and rail loadingto continue under faciltiesthe legislationduring the renewal Nominal capacity:application period in excess of6MtpaAll renewalapplicationswere lodged andpending a decisionfrom the Minister","mines ports ranging up to Producesarangeand energy in excess of2041,renewableBMC purchasedpurchased6MtpaDistances remaining of coking coalfor further periods via Retailbetween the as Queensland 50% share of and pulverised Agreements Poitrel minemines and port Government Red Mountain coal injection utilises Redare between legislation allows processing facility (PCI) coal Mountain for135 kmand in 2018 to secure processing165 km Mining is permitted100% ownership and rail loadingto continue under faciltiesthe legislationduring the renewal Nominal capacity:application period in excess of6MtpaAll renewalapplicationswere lodged andpending a decisionfrom the Minister","mines ports ranging up to Producesarangeand energy in excess of2041,renewableBMC purchasedpurchased6MtpaDistances remaining of coking coalfor further periods via Retailbetween the as Queensland 50% share of and pulverised Agreements Poitrel minemines and port Government Red Mountain coal injection utilises Redare between legislation allows processing facility (PCI) coal Mountain for135 kmand in 2018 to secure processing165 km Mining is permitted100% ownership and rail loadingto continue under faciltiesthe legislationduring the renewal Nominal capacity:application period in excess of6MtpaAll renewalapplicationswere lodged andpending a decisionfrom the Minister","mines ports ranging up to Producesarangeand energy in excess of2041,renewableBMC purchasedpurchased6MtpaDistances remaining of coking coalfor further periods via Retailbetween the as Queensland 50% share of and pulverised Agreements Poitrel minemines and port Government Red Mountain coal injection utilises Redare between legislation allows processing facility (PCI) coal Mountain for135 kmand in 2018 to secure processing165 km Mining is permitted100% ownership and rail loadingto continue under faciltiesthe legislationduring the renewal Nominal capacity:application period in excess of6MtpaAll renewalapplicationswere lodged andpending a decisionfrom the Minister","mines ports ranging up to Producesarangeand energy in excess of2041,renewableBMC purchasedpurchased6MtpaDistances remaining of coking coalfor further periods via Retailbetween the as Queensland 50% share of and pulverised Agreements Poitrel minemines and port Government Red Mountain coal injection utilises Redare between legislation allows processing facility (PCI) coal Mountain for135 kmand in 2018 to secure processing165 km Mining is permitted100% ownership and rail loadingto continue under faciltiesthe legislationduring the renewal Nominal capacity:application period in excess of6MtpaAll renewalapplicationswere lodged andpending a decisionfrom the Minister","mines ports ranging up to Producesarangeand energy in excess of2041,renewableBMC purchasedpurchased6MtpaDistances remaining of coking coalfor further periods via Retailbetween the as Queensland 50% share of and pulverised Agreements Poitrel minemines and port Government Red Mountain coal injection utilises Redare between legislation allows processing facility (PCI) coal Mountain for135 kmand in 2018 to secure processing165 km Mining is permitted100% ownership and rail loadingto continue under faciltiesthe legislationduring the renewal Nominal capacity:application period in excess of6MtpaAll renewalapplicationswere lodged andpending a decisionfrom the Minister","mines ports ranging up to Producesarangeand energy in excess of2041,renewableBMC purchasedpurchased6MtpaDistances remaining of coking coalfor further periods via Retailbetween the as Queensland 50% share of and pulverised Agreements Poitrel minemines and port Government Red Mountain coal injection utilises Redare between legislation allows processing facility (PCI) coal Mountain for135 kmand in 2018 to secure processing165 km Mining is permitted100% ownership and rail loadingto continue under faciltiesthe legislationduring the renewal Nominal capacity:application period in excess of6MtpaAll renewalapplicationswere lodged andpending a decisionfrom the Minister","mines ports ranging up to Producesarangeand energy in excess of2041,renewableBMC purchasedpurchased6MtpaDistances remaining of coking coalfor further periods via Retailbetween the as Queensland 50% share of and pulverised Agreements Poitrel minemines and port Government Red Mountain coal injection utilises Redare between legislation allows processing facility (PCI) coal Mountain for135 kmand in 2018 to secure processing165 km Mining is permitted100% ownership and rail loadingto continue under faciltiesthe legislationduring the renewal Nominal capacity:application period in excess of6MtpaAll renewalapplicationswere lodged andpending a decisionfrom the Minister","mines ports ranging up to Producesarangeand energy in excess of2041,renewableBMC purchasedpurchased6MtpaDistances remaining of coking coalfor further periods via Retailbetween the as Queensland 50% share of and pulverised Agreements Poitrel minemines and port Government Red Mountain coal injection utilises Redare between legislation allows processing facility (PCI) coal Mountain for135 kmand in 2018 to secure processing165 km Mining is permitted100% ownership and rail loadingto continue under faciltiesthe legislationduring the renewal Nominal capacity:application period in excess of6MtpaAll renewalapplicationswere lodged andpending a decisionfrom the Minister","mines ports ranging up to Producesarangeand energy in excess of2041,renewableBMC purchasedpurchased6MtpaDistances remaining of coking coalfor further periods via Retailbetween the as Queensland 50% share of and pulverised Agreements Poitrel minemines and port Government Red Mountain coal injection utilises Redare between legislation allows processing facility (PCI) coal Mountain for135 kmand in 2018 to secure processing165 km Mining is permitted100% ownership and rail loadingto continue under faciltiesthe legislationduring the renewal Nominal capacity:application period in excess of6MtpaAll renewalapplicationswere lodged andpending a decisionfrom the Minister","mines ports ranging up to Producesarangeand energy in excess of2041,renewableBMC purchasedpurchased6MtpaDistances remaining of coking coalfor further periods via Retailbetween the as Queensland 50% share of and pulverised Agreements Poitrel minemines and port Government Red Mountain coal injection utilises Redare between legislation allows processing facility (PCI) coal Mountain for135 kmand in 2018 to secure processing165 km Mining is permitted100% ownership and rail loadingto continue under faciltiesthe legislationduring the renewal Nominal capacity:application period in excess of6MtpaAll renewalapplicationswere lodged andpending a decisionfrom the Minister","mines ports ranging up to Producesarangeand energy in excess of2041,renewableBMC purchasedpurchased6MtpaDistances remaining of coking coalfor further periods via Retailbetween the as Queensland 50% share of and pulverised Agreements Poitrel minemines and port Government Red Mountain coal injection utilises Redare between legislation allows processing facility (PCI) coal Mountain for135 kmand in 2018 to secure processing165 km Mining is permitted100% ownership and rail loadingto continue under faciltiesthe legislationduring the renewal Nominal capacity:application period in excess of6MtpaAll renewalapplicationswere lodged andpending a decisionfrom the Minister",Government,Government,Red Mountain,and pulverised Agreementscoal injection,and pulverised Agreementscoal injection,and pulverised Agreementscoal injection,and pulverised Agreementscoal injection,and pulverised Agreementscoal injection,and pulverised Agreementscoal injection,Poitrel mineutilises Red,coal injection,coal injection,coal injection,coal injection,coal injection,,,,,,
"mines ports ranging up to Producesarangeand energy in excess of2041,renewableBMC purchasedpurchased6MtpaDistances remaining of coking coalfor further periods via Retailbetween the as Queensland 50% share of and pulverised Agreements Poitrel minemines and port Government Red Mountain coal injection utilises Redare between legislation allows processing facility (PCI) coal Mountain for135 kmand in 2018 to secure processing165 km Mining is permitted100% ownership and rail loadingto continue under faciltiesthe legislationduring the renewal Nominal capacity:application period in excess of6MtpaAll renewalapplicationswere lodged andpending a decisionfrom the Minister","mines ports ranging up to Producesarangeand energy in excess of2041,renewableBMC purchasedpurchased6MtpaDistances remaining of coking coalfor further periods via Retailbetween the as Queensland 50% share of and pulverised Agreements Poitrel minemines and port Government Red Mountain coal injection utilises Redare between legislation allows processing facility (PCI) coal Mountain for135 kmand in 2018 to secure processing165 km Mining is permitted100% ownership and rail loadingto continue under faciltiesthe legislationduring the renewal Nominal capacity:application period in excess of6MtpaAll renewalapplicationswere lodged andpending a decisionfrom the Minister","mines ports ranging up to Producesarangeand energy in excess of2041,renewableBMC purchasedpurchased6MtpaDistances remaining of coking coalfor further periods via Retailbetween the as Queensland 50% share of and pulverised Agreements Poitrel minemines and port Government Red Mountain coal injection utilises Redare between legislation allows processing facility (PCI) coal Mountain for135 kmand in 2018 to secure processing165 km Mining is permitted100% ownership and rail loadingto continue under faciltiesthe legislationduring the renewal Nominal capacity:application period in excess of6MtpaAll renewalapplicationswere lodged andpending a decisionfrom the Minister","mines ports ranging up to Producesarangeand energy in excess of2041,renewableBMC purchasedpurchased6MtpaDistances remaining of coking coalfor further periods via Retailbetween the as Queensland 50% share of and pulverised Agreements Poitrel minemines and port Government Red Mountain coal injection utilises Redare between legislation allows processing facility (PCI) coal Mountain for135 kmand in 2018 to secure processing165 km Mining is permitted100% ownership and rail loadingto continue under faciltiesthe legislationduring the renewal Nominal capacity:application period in excess of6MtpaAll renewalapplicationswere lodged andpending a decisionfrom the Minister","mines ports ranging up to Producesarangeand energy in excess of2041,renewableBMC purchasedpurchased6MtpaDistances remaining of coking coalfor further periods via Retailbetween the as Queensland 50% share of and pulverised Agreements Poitrel minemines and port Government Red Mountain coal injection utilises Redare between legislation allows processing facility (PCI) coal Mountain for135 kmand in 2018 to secure processing165 km Mining is permitted100% ownership and rail loadingto continue under faciltiesthe legislationduring the renewal Nominal capacity:application period in excess of6MtpaAll renewalapplicationswere lodged andpending a decisionfrom the Minister","mines ports ranging up to Producesarangeand energy in excess of2041,renewableBMC purchasedpurchased6MtpaDistances remaining of coking coalfor further periods via Retailbetween the as Queensland 50% share of and pulverised Agreements Poitrel minemines and port Government Red Mountain coal injection utilises Redare between legislation allows processing facility (PCI) coal Mountain for135 kmand in 2018 to secure processing165 km Mining is permitted100% ownership and rail loadingto continue under faciltiesthe legislationduring the renewal Nominal capacity:application period in excess of6MtpaAll renewalapplicationswere lodged andpending a decisionfrom the Minister","mines ports ranging up to Producesarangeand energy in excess of2041,renewableBMC purchasedpurchased6MtpaDistances remaining of coking coalfor further periods via Retailbetween the as Queensland 50% share of and pulverised Agreements Poitrel minemines and port Government Red Mountain coal injection utilises Redare between legislation allows processing facility (PCI) coal Mountain for135 kmand in 2018 to secure processing165 km Mining is permitted100% ownership and rail loadingto continue under faciltiesthe legislationduring the renewal Nominal capacity:application period in excess of6MtpaAll renewalapplicationswere lodged andpending a decisionfrom the Minister","mines ports ranging up to Producesarangeand energy in excess of2041,renewableBMC purchasedpurchased6MtpaDistances remaining of coking coalfor further periods via Retailbetween the as Queensland 50% share of and pulverised Agreements Poitrel minemines and port Government Red Mountain coal injection utilises Redare between legislation allows processing facility (PCI) coal Mountain for135 kmand in 2018 to secure processing165 km Mining is permitted100% ownership and rail loadingto continue under faciltiesthe legislationduring the renewal Nominal capacity:application period in excess of6MtpaAll renewalapplicationswere lodged andpending a decisionfrom the Minister","mines ports ranging up to Producesarangeand energy in excess of2041,renewableBMC purchasedpurchased6MtpaDistances remaining of coking coalfor further periods via Retailbetween the as Queensland 50% share of and pulverised Agreements Poitrel minemines and port Government Red Mountain coal injection utilises Redare between legislation allows processing facility (PCI) coal Mountain for135 kmand in 2018 to secure processing165 km Mining is permitted100% ownership and rail loadingto continue under faciltiesthe legislationduring the renewal Nominal capacity:application period in excess of6MtpaAll renewalapplicationswere lodged andpending a decisionfrom the Minister","mines ports ranging up to Producesarangeand energy in excess of2041,renewableBMC purchasedpurchased6MtpaDistances remaining of coking coalfor further periods via Retailbetween the as Queensland 50% share of and pulverised Agreements Poitrel minemines and port Government Red Mountain coal injection utilises Redare between legislation allows processing facility (PCI) coal Mountain for135 kmand in 2018 to secure processing165 km Mining is permitted100% ownership and rail loadingto continue under faciltiesthe legislationduring the renewal Nominal capacity:application period in excess of6MtpaAll renewalapplicationswere lodged andpending a decisionfrom the Minister","mines ports ranging up to Producesarangeand energy in excess of2041,renewableBMC purchasedpurchased6MtpaDistances remaining of coking coalfor further periods via Retailbetween the as Queensland 50% share of and pulverised Agreements Poitrel minemines and port Government Red Mountain coal injection utilises Redare between legislation allows processing facility (PCI) coal Mountain for135 kmand in 2018 to secure processing165 km Mining is permitted100% ownership and rail loadingto continue under faciltiesthe legislationduring the renewal Nominal capacity:application period in excess of6MtpaAll renewalapplicationswere lodged andpending a decisionfrom the Minister","mines ports ranging up to Producesarangeand energy in excess of2041,renewableBMC purchasedpurchased6MtpaDistances remaining of coking coalfor further periods via Retailbetween the as Queensland 50% share of and pulverised Agreements Poitrel minemines and port Government Red Mountain coal injection utilises Redare between legislation allows processing facility (PCI) coal Mountain for135 kmand in 2018 to secure processing165 km Mining is permitted100% ownership and rail loadingto continue under faciltiesthe legislationduring the renewal Nominal capacity:application period in excess of6MtpaAll renewalapplicationswere lodged andpending a decisionfrom the Minister","mines ports ranging up to Producesarangeand energy in excess of2041,renewableBMC purchasedpurchased6MtpaDistances remaining of coking coalfor further periods via Retailbetween the as Queensland 50% share of and pulverised Agreements Poitrel minemines and port Government Red Mountain coal injection utilises Redare between legislation allows processing facility (PCI) coal Mountain for135 kmand in 2018 to secure processing165 km Mining is permitted100% ownership and rail loadingto continue under faciltiesthe legislationduring the renewal Nominal capacity:application period in excess of6MtpaAll renewalapplicationswere lodged andpending a decisionfrom the Minister","mines ports ranging up to Producesarangeand energy in excess of2041,renewableBMC purchasedpurchased6MtpaDistances remaining of coking coalfor further periods via Retailbetween the as Queensland 50% share of and pulverised Agreements Poitrel minemines and port Government Red Mountain coal injection utilises Redare between legislation allows processing facility (PCI) coal Mountain for135 kmand in 2018 to secure processing165 km Mining is permitted100% ownership and rail loadingto continue under faciltiesthe legislationduring the renewal Nominal capacity:application period in excess of6MtpaAll renewalapplicationswere lodged andpending a decisionfrom the Minister","mines ports ranging up to Producesarangeand energy in excess of2041,renewableBMC purchasedpurchased6MtpaDistances remaining of coking coalfor further periods via Retailbetween the as Queensland 50% share of and pulverised Agreements Poitrel minemines and port Government Red Mountain coal injection utilises Redare between legislation allows processing facility (PCI) coal Mountain for135 kmand in 2018 to secure processing165 km Mining is permitted100% ownership and rail loadingto continue under faciltiesthe legislationduring the renewal Nominal capacity:application period in excess of6MtpaAll renewalapplicationswere lodged andpending a decisionfrom the Minister",legislation allows,legislation allows,processing facility,(PCI) coal,(PCI) coal,(PCI) coal,(PCI) coal,(PCI) coal,(PCI) coal,,,Mountain for,,,,,,,,,
"mines ports ranging up to Producesarangeand energy in excess of2041,renewableBMC purchasedpurchased6MtpaDistances remaining of coking coalfor further periods via Retailbetween the as Queensland 50% share of and pulverised Agreements Poitrel minemines and port Government Red Mountain coal injection utilises Redare between legislation allows processing facility (PCI) coal Mountain for135 kmand in 2018 to secure processing165 km Mining is permitted100% ownership and rail loadingto continue under faciltiesthe legislationduring the renewal Nominal capacity:application period in excess of6MtpaAll renewalapplicationswere lodged andpending a decisionfrom the Minister","mines ports ranging up to Producesarangeand energy in excess of2041,renewableBMC purchasedpurchased6MtpaDistances remaining of coking coalfor further periods via Retailbetween the as Queensland 50% share of and pulverised Agreements Poitrel minemines and port Government Red Mountain coal injection utilises Redare between legislation allows processing facility (PCI) coal Mountain for135 kmand in 2018 to secure processing165 km Mining is permitted100% ownership and rail loadingto continue under faciltiesthe legislationduring the renewal Nominal capacity:application period in excess of6MtpaAll renewalapplicationswere lodged andpending a decisionfrom the Minister","mines ports ranging up to Producesarangeand energy in excess of2041,renewableBMC purchasedpurchased6MtpaDistances remaining of coking coalfor further periods via Retailbetween the as Queensland 50% share of and pulverised Agreements Poitrel minemines and port Government Red Mountain coal injection utilises Redare between legislation allows processing facility (PCI) coal Mountain for135 kmand in 2018 to secure processing165 km Mining is permitted100% ownership and rail loadingto continue under faciltiesthe legislationduring the renewal Nominal capacity:application period in excess of6MtpaAll renewalapplicationswere lodged andpending a decisionfrom the Minister","mines ports ranging up to Producesarangeand energy in excess of2041,renewableBMC purchasedpurchased6MtpaDistances remaining of coking coalfor further periods via Retailbetween the as Queensland 50% share of and pulverised Agreements Poitrel minemines and port Government Red Mountain coal injection utilises Redare between legislation allows processing facility (PCI) coal Mountain for135 kmand in 2018 to secure processing165 km Mining is permitted100% ownership and rail loadingto continue under faciltiesthe legislationduring the renewal Nominal capacity:application period in excess of6MtpaAll renewalapplicationswere lodged andpending a decisionfrom the Minister","mines ports ranging up to Producesarangeand energy in excess of2041,renewableBMC purchasedpurchased6MtpaDistances remaining of coking coalfor further periods via Retailbetween the as Queensland 50% share of and pulverised Agreements Poitrel minemines and port Government Red Mountain coal injection utilises Redare between legislation allows processing facility (PCI) coal Mountain for135 kmand in 2018 to secure processing165 km Mining is permitted100% ownership and rail loadingto continue under faciltiesthe legislationduring the renewal Nominal capacity:application period in excess of6MtpaAll renewalapplicationswere lodged andpending a decisionfrom the Minister","mines ports ranging up to Producesarangeand energy in excess of2041,renewableBMC purchasedpurchased6MtpaDistances remaining of coking coalfor further periods via Retailbetween the as Queensland 50% share of and pulverised Agreements Poitrel minemines and port Government Red Mountain coal injection utilises Redare between legislation allows processing facility (PCI) coal Mountain for135 kmand in 2018 to secure processing165 km Mining is permitted100% ownership and rail loadingto continue under faciltiesthe legislationduring the renewal Nominal capacity:application period in excess of6MtpaAll renewalapplicationswere lodged andpending a decisionfrom the Minister","mines ports ranging up to Producesarangeand energy in excess of2041,renewableBMC purchasedpurchased6MtpaDistances remaining of coking coalfor further periods via Retailbetween the as Queensland 50% share of and pulverised Agreements Poitrel minemines and port Government Red Mountain coal injection utilises Redare between legislation allows processing facility (PCI) coal Mountain for135 kmand in 2018 to secure processing165 km Mining is permitted100% ownership and rail loadingto continue under faciltiesthe legislationduring the renewal Nominal capacity:application period in excess of6MtpaAll renewalapplicationswere lodged andpending a decisionfrom the Minister","mines ports ranging up to Producesarangeand energy in excess of2041,renewableBMC purchasedpurchased6MtpaDistances remaining of coking coalfor further periods via Retailbetween the as Queensland 50% share of and pulverised Agreements Poitrel minemines and port Government Red Mountain coal injection utilises Redare between legislation allows processing facility (PCI) coal Mountain for135 kmand in 2018 to secure processing165 km Mining is permitted100% ownership and rail loadingto continue under faciltiesthe legislationduring the renewal Nominal capacity:application period in excess of6MtpaAll renewalapplicationswere lodged andpending a decisionfrom the Minister","mines ports ranging up to Producesarangeand energy in excess of2041,renewableBMC purchasedpurchased6MtpaDistances remaining of coking coalfor further periods via Retailbetween the as Queensland 50% share of and pulverised Agreements Poitrel minemines and port Government Red Mountain coal injection utilises Redare between legislation allows processing facility (PCI) coal Mountain for135 kmand in 2018 to secure processing165 km Mining is permitted100% ownership and rail loadingto continue under faciltiesthe legislationduring the renewal Nominal capacity:application period in excess of6MtpaAll renewalapplicationswere lodged andpending a decisionfrom the Minister","mines ports ranging up to Producesarangeand energy in excess of2041,renewableBMC purchasedpurchased6MtpaDistances remaining of coking coalfor further periods via Retailbetween the as Queensland 50% share of and pulverised Agreements Poitrel minemines and port Government Red Mountain coal injection utilises Redare between legislation allows processing facility (PCI) coal Mountain for135 kmand in 2018 to secure processing165 km Mining is permitted100% ownership and rail loadingto continue under faciltiesthe legislationduring the renewal Nominal capacity:application period in excess of6MtpaAll renewalapplicationswere lodged andpending a decisionfrom the Minister","mines ports ranging up to Producesarangeand energy in excess of2041,renewableBMC purchasedpurchased6MtpaDistances remaining of coking coalfor further periods via Retailbetween the as Queensland 50% share of and pulverised Agreements Poitrel minemines and port Government Red Mountain coal injection utilises Redare between legislation allows processing facility (PCI) coal Mountain for135 kmand in 2018 to secure processing165 km Mining is permitted100% ownership and rail loadingto continue under faciltiesthe legislationduring the renewal Nominal capacity:application period in excess of6MtpaAll renewalapplicationswere lodged andpending a decisionfrom the Minister","mines ports ranging up to Producesarangeand energy in excess of2041,renewableBMC purchasedpurchased6MtpaDistances remaining of coking coalfor further periods via Retailbetween the as Queensland 50% share of and pulverised Agreements Poitrel minemines and port Government Red Mountain coal injection utilises Redare between legislation allows processing facility (PCI) coal Mountain for135 kmand in 2018 to secure processing165 km Mining is permitted100% ownership and rail loadingto continue under faciltiesthe legislationduring the renewal Nominal capacity:application period in excess of6MtpaAll renewalapplicationswere lodged andpending a decisionfrom the Minister","mines ports ranging up to Producesarangeand energy in excess of2041,renewableBMC purchasedpurchased6MtpaDistances remaining of coking coalfor further periods via Retailbetween the as Queensland 50% share of and pulverised Agreements Poitrel minemines and port Government Red Mountain coal injection utilises Redare between legislation allows processing facility (PCI) coal Mountain for135 kmand in 2018 to secure processing165 km Mining is permitted100% ownership and rail loadingto continue under faciltiesthe legislationduring the renewal Nominal capacity:application period in excess of6MtpaAll renewalapplicationswere lodged andpending a decisionfrom the Minister","mines ports ranging up to Producesarangeand energy in excess of2041,renewableBMC purchasedpurchased6MtpaDistances remaining of coking coalfor further periods via Retailbetween the as Queensland 50% share of and pulverised Agreements Poitrel minemines and port Government Red Mountain coal injection utilises Redare between legislation allows processing facility (PCI) coal Mountain for135 kmand in 2018 to secure processing165 km Mining is permitted100% ownership and rail loadingto continue under faciltiesthe legislationduring the renewal Nominal capacity:application period in excess of6MtpaAll renewalapplicationswere lodged andpending a decisionfrom the Minister","mines ports ranging up to Producesarangeand energy in excess of2041,renewableBMC purchasedpurchased6MtpaDistances remaining of coking coalfor further periods via Retailbetween the as Queensland 50% share of and pulverised Agreements Poitrel minemines and port Government Red Mountain coal injection utilises Redare between legislation allows processing facility (PCI) coal Mountain for135 kmand in 2018 to secure processing165 km Mining is permitted100% ownership and rail loadingto continue under faciltiesthe legislationduring the renewal Nominal capacity:application period in excess of6MtpaAll renewalapplicationswere lodged andpending a decisionfrom the Minister",Mining is permitted,Mining is permitted,in 2018 to secure100% ownership,(PCI) coal,(PCI) coal,(PCI) coal,(PCI) coal,(PCI) coal,(PCI) coal,processingand rail loading,,,,,,,,,,,
"mines ports ranging up to Producesarangeand energy in excess of2041,renewableBMC purchasedpurchased6MtpaDistances remaining of coking coalfor further periods via Retailbetween the as Queensland 50% share of and pulverised Agreements Poitrel minemines and port Government Red Mountain coal injection utilises Redare between legislation allows processing facility (PCI) coal Mountain for135 kmand in 2018 to secure processing165 km Mining is permitted100% ownership and rail loadingto continue under faciltiesthe legislationduring the renewal Nominal capacity:application period in excess of6MtpaAll renewalapplicationswere lodged andpending a decisionfrom the Minister","mines ports ranging up to Producesarangeand energy in excess of2041,renewableBMC purchasedpurchased6MtpaDistances remaining of coking coalfor further periods via Retailbetween the as Queensland 50% share of and pulverised Agreements Poitrel minemines and port Government Red Mountain coal injection utilises Redare between legislation allows processing facility (PCI) coal Mountain for135 kmand in 2018 to secure processing165 km Mining is permitted100% ownership and rail loadingto continue under faciltiesthe legislationduring the renewal Nominal capacity:application period in excess of6MtpaAll renewalapplicationswere lodged andpending a decisionfrom the Minister","mines ports ranging up to Producesarangeand energy in excess of2041,renewableBMC purchasedpurchased6MtpaDistances remaining of coking coalfor further periods via Retailbetween the as Queensland 50% share of and pulverised Agreements Poitrel minemines and port Government Red Mountain coal injection utilises Redare between legislation allows processing facility (PCI) coal Mountain for135 kmand in 2018 to secure processing165 km Mining is permitted100% ownership and rail loadingto continue under faciltiesthe legislationduring the renewal Nominal capacity:application period in excess of6MtpaAll renewalapplicationswere lodged andpending a decisionfrom the Minister","mines ports ranging up to Producesarangeand energy in excess of2041,renewableBMC purchasedpurchased6MtpaDistances remaining of coking coalfor further periods via Retailbetween the as Queensland 50% share of and pulverised Agreements Poitrel minemines and port Government Red Mountain coal injection utilises Redare between legislation allows processing facility (PCI) coal Mountain for135 kmand in 2018 to secure processing165 km Mining is permitted100% ownership and rail loadingto continue under faciltiesthe legislationduring the renewal Nominal capacity:application period in excess of6MtpaAll renewalapplicationswere lodged andpending a decisionfrom the Minister","mines ports ranging up to Producesarangeand energy in excess of2041,renewableBMC purchasedpurchased6MtpaDistances remaining of coking coalfor further periods via Retailbetween the as Queensland 50% share of and pulverised Agreements Poitrel minemines and port Government Red Mountain coal injection utilises Redare between legislation allows processing facility (PCI) coal Mountain for135 kmand in 2018 to secure processing165 km Mining is permitted100% ownership and rail loadingto continue under faciltiesthe legislationduring the renewal Nominal capacity:application period in excess of6MtpaAll renewalapplicationswere lodged andpending a decisionfrom the Minister","mines ports ranging up to Producesarangeand energy in excess of2041,renewableBMC purchasedpurchased6MtpaDistances remaining of coking coalfor further periods via Retailbetween the as Queensland 50% share of and pulverised Agreements Poitrel minemines and port Government Red Mountain coal injection utilises Redare between legislation allows processing facility (PCI) coal Mountain for135 kmand in 2018 to secure processing165 km Mining is permitted100% ownership and rail loadingto continue under faciltiesthe legislationduring the renewal Nominal capacity:application period in excess of6MtpaAll renewalapplicationswere lodged andpending a decisionfrom the Minister","mines ports ranging up to Producesarangeand energy in excess of2041,renewableBMC purchasedpurchased6MtpaDistances remaining of coking coalfor further periods via Retailbetween the as Queensland 50% share of and pulverised Agreements Poitrel minemines and port Government Red Mountain coal injection utilises Redare between legislation allows processing facility (PCI) coal Mountain for135 kmand in 2018 to secure processing165 km Mining is permitted100% ownership and rail loadingto continue under faciltiesthe legislationduring the renewal Nominal capacity:application period in excess of6MtpaAll renewalapplicationswere lodged andpending a decisionfrom the Minister","mines ports ranging up to Producesarangeand energy in excess of2041,renewableBMC purchasedpurchased6MtpaDistances remaining of coking coalfor further periods via Retailbetween the as Queensland 50% share of and pulverised Agreements Poitrel minemines and port Government Red Mountain coal injection utilises Redare between legislation allows processing facility (PCI) coal Mountain for135 kmand in 2018 to secure processing165 km Mining is permitted100% ownership and rail loadingto continue under faciltiesthe legislationduring the renewal Nominal capacity:application period in excess of6MtpaAll renewalapplicationswere lodged andpending a decisionfrom the Minister","mines ports ranging up to Producesarangeand energy in excess of2041,renewableBMC purchasedpurchased6MtpaDistances remaining of coking coalfor further periods via Retailbetween the as Queensland 50% share of and pulverised Agreements Poitrel minemines and port Government Red Mountain coal injection utilises Redare between legislation allows processing facility (PCI) coal Mountain for135 kmand in 2018 to secure processing165 km Mining is permitted100% ownership and rail loadingto continue under faciltiesthe legislationduring the renewal Nominal capacity:application period in excess of6MtpaAll renewalapplicationswere lodged andpending a decisionfrom the Minister","mines ports ranging up to Producesarangeand energy in excess of2041,renewableBMC purchasedpurchased6MtpaDistances remaining of coking coalfor further periods via Retailbetween the as Queensland 50% share of and pulverised Agreements Poitrel minemines and port Government Red Mountain coal injection utilises Redare between legislation allows processing facility (PCI) coal Mountain for135 kmand in 2018 to secure processing165 km Mining is permitted100% ownership and rail loadingto continue under faciltiesthe legislationduring the renewal Nominal capacity:application period in excess of6MtpaAll renewalapplicationswere lodged andpending a decisionfrom the Minister","mines ports ranging up to Producesarangeand energy in excess of2041,renewableBMC purchasedpurchased6MtpaDistances remaining of coking coalfor further periods via Retailbetween the as Queensland 50% share of and pulverised Agreements Poitrel minemines and port Government Red Mountain coal injection utilises Redare between legislation allows processing facility (PCI) coal Mountain for135 kmand in 2018 to secure processing165 km Mining is permitted100% ownership and rail loadingto continue under faciltiesthe legislationduring the renewal Nominal capacity:application period in excess of6MtpaAll renewalapplicationswere lodged andpending a decisionfrom the Minister","mines ports ranging up to Producesarangeand energy in excess of2041,renewableBMC purchasedpurchased6MtpaDistances remaining of coking coalfor further periods via Retailbetween the as Queensland 50% share of and pulverised Agreements Poitrel minemines and port Government Red Mountain coal injection utilises Redare between legislation allows processing facility (PCI) coal Mountain for135 kmand in 2018 to secure processing165 km Mining is permitted100% ownership and rail loadingto continue under faciltiesthe legislationduring the renewal Nominal capacity:application period in excess of6MtpaAll renewalapplicationswere lodged andpending a decisionfrom the Minister","mines ports ranging up to Producesarangeand energy in excess of2041,renewableBMC purchasedpurchased6MtpaDistances remaining of coking coalfor further periods via Retailbetween the as Queensland 50% share of and pulverised Agreements Poitrel minemines and port Government Red Mountain coal injection utilises Redare between legislation allows processing facility (PCI) coal Mountain for135 kmand in 2018 to secure processing165 km Mining is permitted100% ownership and rail loadingto continue under faciltiesthe legislationduring the renewal Nominal capacity:application period in excess of6MtpaAll renewalapplicationswere lodged andpending a decisionfrom the Minister","mines ports ranging up to Producesarangeand energy in excess of2041,renewableBMC purchasedpurchased6MtpaDistances remaining of coking coalfor further periods via Retailbetween the as Queensland 50% share of and pulverised Agreements Poitrel minemines and port Government Red Mountain coal injection utilises Redare between legislation allows processing facility (PCI) coal Mountain for135 kmand in 2018 to secure processing165 km Mining is permitted100% ownership and rail loadingto continue under faciltiesthe legislationduring the renewal Nominal capacity:application period in excess of6MtpaAll renewalapplicationswere lodged andpending a decisionfrom the Minister","mines ports ranging up to Producesarangeand energy in excess of2041,renewableBMC purchasedpurchased6MtpaDistances remaining of coking coalfor further periods via Retailbetween the as Queensland 50% share of and pulverised Agreements Poitrel minemines and port Government Red Mountain coal injection utilises Redare between legislation allows processing facility (PCI) coal Mountain for135 kmand in 2018 to secure processing165 km Mining is permitted100% ownership and rail loadingto continue under faciltiesthe legislationduring the renewal Nominal capacity:application period in excess of6MtpaAll renewalapplicationswere lodged andpending a decisionfrom the Minister",to continue underthe legislation,to continue underthe legislation,,(PCI) coal,(PCI) coal,(PCI) coal,(PCI) coal,(PCI) coal,(PCI) coal,,,,,,,,,,,,
"mines ports ranging up to Producesarangeand energy in excess of2041,renewableBMC purchasedpurchased6MtpaDistances remaining of coking coalfor further periods via Retailbetween the as Queensland 50% share of and pulverised Agreements Poitrel minemines and port Government Red Mountain coal injection utilises Redare between legislation allows processing facility (PCI) coal Mountain for135 kmand in 2018 to secure processing165 km Mining is permitted100% ownership and rail loadingto continue under faciltiesthe legislationduring the renewal Nominal capacity:application period in excess of6MtpaAll renewalapplicationswere lodged andpending a decisionfrom the Minister","mines ports ranging up to Producesarangeand energy in excess of2041,renewableBMC purchasedpurchased6MtpaDistances remaining of coking coalfor further periods via Retailbetween the as Queensland 50% share of and pulverised Agreements Poitrel minemines and port Government Red Mountain coal injection utilises Redare between legislation allows processing facility (PCI) coal Mountain for135 kmand in 2018 to secure processing165 km Mining is permitted100% ownership and rail loadingto continue under faciltiesthe legislationduring the renewal Nominal capacity:application period in excess of6MtpaAll renewalapplicationswere lodged andpending a decisionfrom the Minister","mines ports ranging up to Producesarangeand energy in excess of2041,renewableBMC purchasedpurchased6MtpaDistances remaining of coking coalfor further periods via Retailbetween the as Queensland 50% share of and pulverised Agreements Poitrel minemines and port Government Red Mountain coal injection utilises Redare between legislation allows processing facility (PCI) coal Mountain for135 kmand in 2018 to secure processing165 km Mining is permitted100% ownership and rail loadingto continue under faciltiesthe legislationduring the renewal Nominal capacity:application period in excess of6MtpaAll renewalapplicationswere lodged andpending a decisionfrom the Minister","mines ports ranging up to Producesarangeand energy in excess of2041,renewableBMC purchasedpurchased6MtpaDistances remaining of coking coalfor further periods via Retailbetween the as Queensland 50% share of and pulverised Agreements Poitrel minemines and port Government Red Mountain coal injection utilises Redare between legislation allows processing facility (PCI) coal Mountain for135 kmand in 2018 to secure processing165 km Mining is permitted100% ownership and rail loadingto continue under faciltiesthe legislationduring the renewal Nominal capacity:application period in excess of6MtpaAll renewalapplicationswere lodged andpending a decisionfrom the Minister","mines ports ranging up to Producesarangeand energy in excess of2041,renewableBMC purchasedpurchased6MtpaDistances remaining of coking coalfor further periods via Retailbetween the as Queensland 50% share of and pulverised Agreements Poitrel minemines and port Government Red Mountain coal injection utilises Redare between legislation allows processing facility (PCI) coal Mountain for135 kmand in 2018 to secure processing165 km Mining is permitted100% ownership and rail loadingto continue under faciltiesthe legislationduring the renewal Nominal capacity:application period in excess of6MtpaAll renewalapplicationswere lodged andpending a decisionfrom the Minister","mines ports ranging up to Producesarangeand energy in excess of2041,renewableBMC purchasedpurchased6MtpaDistances remaining of coking coalfor further periods via Retailbetween the as Queensland 50% share of and pulverised Agreements Poitrel minemines and port Government Red Mountain coal injection utilises Redare between legislation allows processing facility (PCI) coal Mountain for135 kmand in 2018 to secure processing165 km Mining is permitted100% ownership and rail loadingto continue under faciltiesthe legislationduring the renewal Nominal capacity:application period in excess of6MtpaAll renewalapplicationswere lodged andpending a decisionfrom the Minister","mines ports ranging up to Producesarangeand energy in excess of2041,renewableBMC purchasedpurchased6MtpaDistances remaining of coking coalfor further periods via Retailbetween the as Queensland 50% share of and pulverised Agreements Poitrel minemines and port Government Red Mountain coal injection utilises Redare between legislation allows processing facility (PCI) coal Mountain for135 kmand in 2018 to secure processing165 km Mining is permitted100% ownership and rail loadingto continue under faciltiesthe legislationduring the renewal Nominal capacity:application period in excess of6MtpaAll renewalapplicationswere lodged andpending a decisionfrom the Minister","mines ports ranging up to Producesarangeand energy in excess of2041,renewableBMC purchasedpurchased6MtpaDistances remaining of coking coalfor further periods via Retailbetween the as Queensland 50% share of and pulverised Agreements Poitrel minemines and port Government Red Mountain coal injection utilises Redare between legislation allows processing facility (PCI) coal Mountain for135 kmand in 2018 to secure processing165 km Mining is permitted100% ownership and rail loadingto continue under faciltiesthe legislationduring the renewal Nominal capacity:application period in excess of6MtpaAll renewalapplicationswere lodged andpending a decisionfrom the Minister","mines ports ranging up to Producesarangeand energy in excess of2041,renewableBMC purchasedpurchased6MtpaDistances remaining of coking coalfor further periods via Retailbetween the as Queensland 50% share of and pulverised Agreements Poitrel minemines and port Government Red Mountain coal injection utilises Redare between legislation allows processing facility (PCI) coal Mountain for135 kmand in 2018 to secure processing165 km Mining is permitted100% ownership and rail loadingto continue under faciltiesthe legislationduring the renewal Nominal capacity:application period in excess of6MtpaAll renewalapplicationswere lodged andpending a decisionfrom the Minister","mines ports ranging up to Producesarangeand energy in excess of2041,renewableBMC purchasedpurchased6MtpaDistances remaining of coking coalfor further periods via Retailbetween the as Queensland 50% share of and pulverised Agreements Poitrel minemines and port Government Red Mountain coal injection utilises Redare between legislation allows processing facility (PCI) coal Mountain for135 kmand in 2018 to secure processing165 km Mining is permitted100% ownership and rail loadingto continue under faciltiesthe legislationduring the renewal Nominal capacity:application period in excess of6MtpaAll renewalapplicationswere lodged andpending a decisionfrom the Minister","mines ports ranging up to Producesarangeand energy in excess of2041,renewableBMC purchasedpurchased6MtpaDistances remaining of coking coalfor further periods via Retailbetween the as Queensland 50% share of and pulverised Agreements Poitrel minemines and port Government Red Mountain coal injection utilises Redare between legislation allows processing facility (PCI) coal Mountain for135 kmand in 2018 to secure processing165 km Mining is permitted100% ownership and rail loadingto continue under faciltiesthe legislationduring the renewal Nominal capacity:application period in excess of6MtpaAll renewalapplicationswere lodged andpending a decisionfrom the Minister","mines ports ranging up to Producesarangeand energy in excess of2041,renewableBMC purchasedpurchased6MtpaDistances remaining of coking coalfor further periods via Retailbetween the as Queensland 50% share of and pulverised Agreements Poitrel minemines and port Government Red Mountain coal injection utilises Redare between legislation allows processing facility (PCI) coal Mountain for135 kmand in 2018 to secure processing165 km Mining is permitted100% ownership and rail loadingto continue under faciltiesthe legislationduring the renewal Nominal capacity:application period in excess of6MtpaAll renewalapplicationswere lodged andpending a decisionfrom the Minister","mines ports ranging up to Producesarangeand energy in excess of2041,renewableBMC purchasedpurchased6MtpaDistances remaining of coking coalfor further periods via Retailbetween the as Queensland 50% share of and pulverised Agreements Poitrel minemines and port Government Red Mountain coal injection utilises Redare between legislation allows processing facility (PCI) coal Mountain for135 kmand in 2018 to secure processing165 km Mining is permitted100% ownership and rail loadingto continue under faciltiesthe legislationduring the renewal Nominal capacity:application period in excess of6MtpaAll renewalapplicationswere lodged andpending a decisionfrom the Minister","mines ports ranging up to Producesarangeand energy in excess of2041,renewableBMC purchasedpurchased6MtpaDistances remaining of coking coalfor further periods via Retailbetween the as Queensland 50% share of and pulverised Agreements Poitrel minemines and port Government Red Mountain coal injection utilises Redare between legislation allows processing facility (PCI) coal Mountain for135 kmand in 2018 to secure processing165 km Mining is permitted100% ownership and rail loadingto continue under faciltiesthe legislationduring the renewal Nominal capacity:application period in excess of6MtpaAll renewalapplicationswere lodged andpending a decisionfrom the Minister","mines ports ranging up to Producesarangeand energy in excess of2041,renewableBMC purchasedpurchased6MtpaDistances remaining of coking coalfor further periods via Retailbetween the as Queensland 50% share of and pulverised Agreements Poitrel minemines and port Government Red Mountain coal injection utilises Redare between legislation allows processing facility (PCI) coal Mountain for135 kmand in 2018 to secure processing165 km Mining is permitted100% ownership and rail loadingto continue under faciltiesthe legislationduring the renewal Nominal capacity:application period in excess of6MtpaAll renewalapplicationswere lodged andpending a decisionfrom the Minister",to continue underthe legislation,to continue underthe legislation,,(PCI) coal,(PCI) coal,(PCI) coal,(PCI) coal,(PCI) coal,(PCI) coal,,the legislation,the legislation,,,,,,,,,
"mines ports ranging up to Producesarangeand energy in excess of2041,renewableBMC purchasedpurchased6MtpaDistances remaining of coking coalfor further periods via Retailbetween the as Queensland 50% share of and pulverised Agreements Poitrel minemines and port Government Red Mountain coal injection utilises Redare between legislation allows processing facility (PCI) coal Mountain for135 kmand in 2018 to secure processing165 km Mining is permitted100% ownership and rail loadingto continue under faciltiesthe legislationduring the renewal Nominal capacity:application period in excess of6MtpaAll renewalapplicationswere lodged andpending a decisionfrom the Minister","mines ports ranging up to Producesarangeand energy in excess of2041,renewableBMC purchasedpurchased6MtpaDistances remaining of coking coalfor further periods via Retailbetween the as Queensland 50% share of and pulverised Agreements Poitrel minemines and port Government Red Mountain coal injection utilises Redare between legislation allows processing facility (PCI) coal Mountain for135 kmand in 2018 to secure processing165 km Mining is permitted100% ownership and rail loadingto continue under faciltiesthe legislationduring the renewal Nominal capacity:application period in excess of6MtpaAll renewalapplicationswere lodged andpending a decisionfrom the Minister","mines ports ranging up to Producesarangeand energy in excess of2041,renewableBMC purchasedpurchased6MtpaDistances remaining of coking coalfor further periods via Retailbetween the as Queensland 50% share of and pulverised Agreements Poitrel minemines and port Government Red Mountain coal injection utilises Redare between legislation allows processing facility (PCI) coal Mountain for135 kmand in 2018 to secure processing165 km Mining is permitted100% ownership and rail loadingto continue under faciltiesthe legislationduring the renewal Nominal capacity:application period in excess of6MtpaAll renewalapplicationswere lodged andpending a decisionfrom the Minister","mines ports ranging up to Producesarangeand energy in excess of2041,renewableBMC purchasedpurchased6MtpaDistances remaining of coking coalfor further periods via Retailbetween the as Queensland 50% share of and pulverised Agreements Poitrel minemines and port Government Red Mountain coal injection utilises Redare between legislation allows processing facility (PCI) coal Mountain for135 kmand in 2018 to secure processing165 km Mining is permitted100% ownership and rail loadingto continue under faciltiesthe legislationduring the renewal Nominal capacity:application period in excess of6MtpaAll renewalapplicationswere lodged andpending a decisionfrom the Minister","mines ports ranging up to Producesarangeand energy in excess of2041,renewableBMC purchasedpurchased6MtpaDistances remaining of coking coalfor further periods via Retailbetween the as Queensland 50% share of and pulverised Agreements Poitrel minemines and port Government Red Mountain coal injection utilises Redare between legislation allows processing facility (PCI) coal Mountain for135 kmand in 2018 to secure processing165 km Mining is permitted100% ownership and rail loadingto continue under faciltiesthe legislationduring the renewal Nominal capacity:application period in excess of6MtpaAll renewalapplicationswere lodged andpending a decisionfrom the Minister","mines ports ranging up to Producesarangeand energy in excess of2041,renewableBMC purchasedpurchased6MtpaDistances remaining of coking coalfor further periods via Retailbetween the as Queensland 50% share of and pulverised Agreements Poitrel minemines and port Government Red Mountain coal injection utilises Redare between legislation allows processing facility (PCI) coal Mountain for135 kmand in 2018 to secure processing165 km Mining is permitted100% ownership and rail loadingto continue under faciltiesthe legislationduring the renewal Nominal capacity:application period in excess of6MtpaAll renewalapplicationswere lodged andpending a decisionfrom the Minister","mines ports ranging up to Producesarangeand energy in excess of2041,renewableBMC purchasedpurchased6MtpaDistances remaining of coking coalfor further periods via Retailbetween the as Queensland 50% share of and pulverised Agreements Poitrel minemines and port Government Red Mountain coal injection utilises Redare between legislation allows processing facility (PCI) coal Mountain for135 kmand in 2018 to secure processing165 km Mining is permitted100% ownership and rail loadingto continue under faciltiesthe legislationduring the renewal Nominal capacity:application period in excess of6MtpaAll renewalapplicationswere lodged andpending a decisionfrom the Minister","mines ports ranging up to Producesarangeand energy in excess of2041,renewableBMC purchasedpurchased6MtpaDistances remaining of coking coalfor further periods via Retailbetween the as Queensland 50% share of and pulverised Agreements Poitrel minemines and port Government Red Mountain coal injection utilises Redare between legislation allows processing facility (PCI) coal Mountain for135 kmand in 2018 to secure processing165 km Mining is permitted100% ownership and rail loadingto continue under faciltiesthe legislationduring the renewal Nominal capacity:application period in excess of6MtpaAll renewalapplicationswere lodged andpending a decisionfrom the Minister","mines ports ranging up to Producesarangeand energy in excess of2041,renewableBMC purchasedpurchased6MtpaDistances remaining of coking coalfor further periods via Retailbetween the as Queensland 50% share of and pulverised Agreements Poitrel minemines and port Government Red Mountain coal injection utilises Redare between legislation allows processing facility (PCI) coal Mountain for135 kmand in 2018 to secure processing165 km Mining is permitted100% ownership and rail loadingto continue under faciltiesthe legislationduring the renewal Nominal capacity:application period in excess of6MtpaAll renewalapplicationswere lodged andpending a decisionfrom the Minister","mines ports ranging up to Producesarangeand energy in excess of2041,renewableBMC purchasedpurchased6MtpaDistances remaining of coking coalfor further periods via Retailbetween the as Queensland 50% share of and pulverised Agreements Poitrel minemines and port Government Red Mountain coal injection utilises Redare between legislation allows processing facility (PCI) coal Mountain for135 kmand in 2018 to secure processing165 km Mining is permitted100% ownership and rail loadingto continue under faciltiesthe legislationduring the renewal Nominal capacity:application period in excess of6MtpaAll renewalapplicationswere lodged andpending a decisionfrom the Minister","mines ports ranging up to Producesarangeand energy in excess of2041,renewableBMC purchasedpurchased6MtpaDistances remaining of coking coalfor further periods via Retailbetween the as Queensland 50% share of and pulverised Agreements Poitrel minemines and port Government Red Mountain coal injection utilises Redare between legislation allows processing facility (PCI) coal Mountain for135 kmand in 2018 to secure processing165 km Mining is permitted100% ownership and rail loadingto continue under faciltiesthe legislationduring the renewal Nominal capacity:application period in excess of6MtpaAll renewalapplicationswere lodged andpending a decisionfrom the Minister","mines ports ranging up to Producesarangeand energy in excess of2041,renewableBMC purchasedpurchased6MtpaDistances remaining of coking coalfor further periods via Retailbetween the as Queensland 50% share of and pulverised Agreements Poitrel minemines and port Government Red Mountain coal injection utilises Redare between legislation allows processing facility (PCI) coal Mountain for135 kmand in 2018 to secure processing165 km Mining is permitted100% ownership and rail loadingto continue under faciltiesthe legislationduring the renewal Nominal capacity:application period in excess of6MtpaAll renewalapplicationswere lodged andpending a decisionfrom the Minister","mines ports ranging up to Producesarangeand energy in excess of2041,renewableBMC purchasedpurchased6MtpaDistances remaining of coking coalfor further periods via Retailbetween the as Queensland 50% share of and pulverised Agreements Poitrel minemines and port Government Red Mountain coal injection utilises Redare between legislation allows processing facility (PCI) coal Mountain for135 kmand in 2018 to secure processing165 km Mining is permitted100% ownership and rail loadingto continue under faciltiesthe legislationduring the renewal Nominal capacity:application period in excess of6MtpaAll renewalapplicationswere lodged andpending a decisionfrom the Minister","mines ports ranging up to Producesarangeand energy in excess of2041,renewableBMC purchasedpurchased6MtpaDistances remaining of coking coalfor further periods via Retailbetween the as Queensland 50% share of and pulverised Agreements Poitrel minemines and port Government Red Mountain coal injection utilises Redare between legislation allows processing facility (PCI) coal Mountain for135 kmand in 2018 to secure processing165 km Mining is permitted100% ownership and rail loadingto continue under faciltiesthe legislationduring the renewal Nominal capacity:application period in excess of6MtpaAll renewalapplicationswere lodged andpending a decisionfrom the Minister","mines ports ranging up to Producesarangeand energy in excess of2041,renewableBMC purchasedpurchased6MtpaDistances remaining of coking coalfor further periods via Retailbetween the as Queensland 50% share of and pulverised Agreements Poitrel minemines and port Government Red Mountain coal injection utilises Redare between legislation allows processing facility (PCI) coal Mountain for135 kmand in 2018 to secure processing165 km Mining is permitted100% ownership and rail loadingto continue under faciltiesthe legislationduring the renewal Nominal capacity:application period in excess of6MtpaAll renewalapplicationswere lodged andpending a decisionfrom the Minister",to continue underthe legislation,to continue underthe legislation,,(PCI) coal,(PCI) coal,(PCI) coal,(PCI) coal,(PCI) coal,(PCI) coal,,the legislation,the legislation,faciltiesNominal capacity:in excess of,,,,,,,,
"mines ports ranging up to Producesarangeand energy in excess of2041,renewableBMC purchasedpurchased6MtpaDistances remaining of coking coalfor further periods via Retailbetween the as Queensland 50% share of and pulverised Agreements Poitrel minemines and port Government Red Mountain coal injection utilises Redare between legislation allows processing facility (PCI) coal Mountain for135 kmand in 2018 to secure processing165 km Mining is permitted100% ownership and rail loadingto continue under faciltiesthe legislationduring the renewal Nominal capacity:application period in excess of6MtpaAll renewalapplicationswere lodged andpending a decisionfrom the Minister","mines ports ranging up to Producesarangeand energy in excess of2041,renewableBMC purchasedpurchased6MtpaDistances remaining of coking coalfor further periods via Retailbetween the as Queensland 50% share of and pulverised Agreements Poitrel minemines and port Government Red Mountain coal injection utilises Redare between legislation allows processing facility (PCI) coal Mountain for135 kmand in 2018 to secure processing165 km Mining is permitted100% ownership and rail loadingto continue under faciltiesthe legislationduring the renewal Nominal capacity:application period in excess of6MtpaAll renewalapplicationswere lodged andpending a decisionfrom the Minister","mines ports ranging up to Producesarangeand energy in excess of2041,renewableBMC purchasedpurchased6MtpaDistances remaining of coking coalfor further periods via Retailbetween the as Queensland 50% share of and pulverised Agreements Poitrel minemines and port Government Red Mountain coal injection utilises Redare between legislation allows processing facility (PCI) coal Mountain for135 kmand in 2018 to secure processing165 km Mining is permitted100% ownership and rail loadingto continue under faciltiesthe legislationduring the renewal Nominal capacity:application period in excess of6MtpaAll renewalapplicationswere lodged andpending a decisionfrom the Minister","mines ports ranging up to Producesarangeand energy in excess of2041,renewableBMC purchasedpurchased6MtpaDistances remaining of coking coalfor further periods via Retailbetween the as Queensland 50% share of and pulverised Agreements Poitrel minemines and port Government Red Mountain coal injection utilises Redare between legislation allows processing facility (PCI) coal Mountain for135 kmand in 2018 to secure processing165 km Mining is permitted100% ownership and rail loadingto continue under faciltiesthe legislationduring the renewal Nominal capacity:application period in excess of6MtpaAll renewalapplicationswere lodged andpending a decisionfrom the Minister","mines ports ranging up to Producesarangeand energy in excess of2041,renewableBMC purchasedpurchased6MtpaDistances remaining of coking coalfor further periods via Retailbetween the as Queensland 50% share of and pulverised Agreements Poitrel minemines and port Government Red Mountain coal injection utilises Redare between legislation allows processing facility (PCI) coal Mountain for135 kmand in 2018 to secure processing165 km Mining is permitted100% ownership and rail loadingto continue under faciltiesthe legislationduring the renewal Nominal capacity:application period in excess of6MtpaAll renewalapplicationswere lodged andpending a decisionfrom the Minister","mines ports ranging up to Producesarangeand energy in excess of2041,renewableBMC purchasedpurchased6MtpaDistances remaining of coking coalfor further periods via Retailbetween the as Queensland 50% share of and pulverised Agreements Poitrel minemines and port Government Red Mountain coal injection utilises Redare between legislation allows processing facility (PCI) coal Mountain for135 kmand in 2018 to secure processing165 km Mining is permitted100% ownership and rail loadingto continue under faciltiesthe legislationduring the renewal Nominal capacity:application period in excess of6MtpaAll renewalapplicationswere lodged andpending a decisionfrom the Minister","mines ports ranging up to Producesarangeand energy in excess of2041,renewableBMC purchasedpurchased6MtpaDistances remaining of coking coalfor further periods via Retailbetween the as Queensland 50% share of and pulverised Agreements Poitrel minemines and port Government Red Mountain coal injection utilises Redare between legislation allows processing facility (PCI) coal Mountain for135 kmand in 2018 to secure processing165 km Mining is permitted100% ownership and rail loadingto continue under faciltiesthe legislationduring the renewal Nominal capacity:application period in excess of6MtpaAll renewalapplicationswere lodged andpending a decisionfrom the Minister","mines ports ranging up to Producesarangeand energy in excess of2041,renewableBMC purchasedpurchased6MtpaDistances remaining of coking coalfor further periods via Retailbetween the as Queensland 50% share of and pulverised Agreements Poitrel minemines and port Government Red Mountain coal injection utilises Redare between legislation allows processing facility (PCI) coal Mountain for135 kmand in 2018 to secure processing165 km Mining is permitted100% ownership and rail loadingto continue under faciltiesthe legislationduring the renewal Nominal capacity:application period in excess of6MtpaAll renewalapplicationswere lodged andpending a decisionfrom the Minister","mines ports ranging up to Producesarangeand energy in excess of2041,renewableBMC purchasedpurchased6MtpaDistances remaining of coking coalfor further periods via Retailbetween the as Queensland 50% share of and pulverised Agreements Poitrel minemines and port Government Red Mountain coal injection utilises Redare between legislation allows processing facility (PCI) coal Mountain for135 kmand in 2018 to secure processing165 km Mining is permitted100% ownership and rail loadingto continue under faciltiesthe legislationduring the renewal Nominal capacity:application period in excess of6MtpaAll renewalapplicationswere lodged andpending a decisionfrom the Minister","mines ports ranging up to Producesarangeand energy in excess of2041,renewableBMC purchasedpurchased6MtpaDistances remaining of coking coalfor further periods via Retailbetween the as Queensland 50% share of and pulverised Agreements Poitrel minemines and port Government Red Mountain coal injection utilises Redare between legislation allows processing facility (PCI) coal Mountain for135 kmand in 2018 to secure processing165 km Mining is permitted100% ownership and rail loadingto continue under faciltiesthe legislationduring the renewal Nominal capacity:application period in excess of6MtpaAll renewalapplicationswere lodged andpending a decisionfrom the Minister","mines ports ranging up to Producesarangeand energy in excess of2041,renewableBMC purchasedpurchased6MtpaDistances remaining of coking coalfor further periods via Retailbetween the as Queensland 50% share of and pulverised Agreements Poitrel minemines and port Government Red Mountain coal injection utilises Redare between legislation allows processing facility (PCI) coal Mountain for135 kmand in 2018 to secure processing165 km Mining is permitted100% ownership and rail loadingto continue under faciltiesthe legislationduring the renewal Nominal capacity:application period in excess of6MtpaAll renewalapplicationswere lodged andpending a decisionfrom the Minister","mines ports ranging up to Producesarangeand energy in excess of2041,renewableBMC purchasedpurchased6MtpaDistances remaining of coking coalfor further periods via Retailbetween the as Queensland 50% share of and pulverised Agreements Poitrel minemines and port Government Red Mountain coal injection utilises Redare between legislation allows processing facility (PCI) coal Mountain for135 kmand in 2018 to secure processing165 km Mining is permitted100% ownership and rail loadingto continue under faciltiesthe legislationduring the renewal Nominal capacity:application period in excess of6MtpaAll renewalapplicationswere lodged andpending a decisionfrom the Minister","mines ports ranging up to Producesarangeand energy in excess of2041,renewableBMC purchasedpurchased6MtpaDistances remaining of coking coalfor further periods via Retailbetween the as Queensland 50% share of and pulverised Agreements Poitrel minemines and port Government Red Mountain coal injection utilises Redare between legislation allows processing facility (PCI) coal Mountain for135 kmand in 2018 to secure processing165 km Mining is permitted100% ownership and rail loadingto continue under faciltiesthe legislationduring the renewal Nominal capacity:application period in excess of6MtpaAll renewalapplicationswere lodged andpending a decisionfrom the Minister","mines ports ranging up to Producesarangeand energy in excess of2041,renewableBMC purchasedpurchased6MtpaDistances remaining of coking coalfor further periods via Retailbetween the as Queensland 50% share of and pulverised Agreements Poitrel minemines and port Government Red Mountain coal injection utilises Redare between legislation allows processing facility (PCI) coal Mountain for135 kmand in 2018 to secure processing165 km Mining is permitted100% ownership and rail loadingto continue under faciltiesthe legislationduring the renewal Nominal capacity:application period in excess of6MtpaAll renewalapplicationswere lodged andpending a decisionfrom the Minister","mines ports ranging up to Producesarangeand energy in excess of2041,renewableBMC purchasedpurchased6MtpaDistances remaining of coking coalfor further periods via Retailbetween the as Queensland 50% share of and pulverised Agreements Poitrel minemines and port Government Red Mountain coal injection utilises Redare between legislation allows processing facility (PCI) coal Mountain for135 kmand in 2018 to secure processing165 km Mining is permitted100% ownership and rail loadingto continue under faciltiesthe legislationduring the renewal Nominal capacity:application period in excess of6MtpaAll renewalapplicationswere lodged andpending a decisionfrom the Minister",during the renewal,during the renewal,,,,,,,,,,,,,,,,,,,
"mines ports ranging up to Producesarangeand energy in excess of2041,renewableBMC purchasedpurchased6MtpaDistances remaining of coking coalfor further periods via Retailbetween the as Queensland 50% share of and pulverised Agreements Poitrel minemines and port Government Red Mountain coal injection utilises Redare between legislation allows processing facility (PCI) coal Mountain for135 kmand in 2018 to secure processing165 km Mining is permitted100% ownership and rail loadingto continue under faciltiesthe legislationduring the renewal Nominal capacity:application period in excess of6MtpaAll renewalapplicationswere lodged andpending a decisionfrom the Minister","mines ports ranging up to Producesarangeand energy in excess of2041,renewableBMC purchasedpurchased6MtpaDistances remaining of coking coalfor further periods via Retailbetween the as Queensland 50% share of and pulverised Agreements Poitrel minemines and port Government Red Mountain coal injection utilises Redare between legislation allows processing facility (PCI) coal Mountain for135 kmand in 2018 to secure processing165 km Mining is permitted100% ownership and rail loadingto continue under faciltiesthe legislationduring the renewal Nominal capacity:application period in excess of6MtpaAll renewalapplicationswere lodged andpending a decisionfrom the Minister","mines ports ranging up to Producesarangeand energy in excess of2041,renewableBMC purchasedpurchased6MtpaDistances remaining of coking coalfor further periods via Retailbetween the as Queensland 50% share of and pulverised Agreements Poitrel minemines and port Government Red Mountain coal injection utilises Redare between legislation allows processing facility (PCI) coal Mountain for135 kmand in 2018 to secure processing165 km Mining is permitted100% ownership and rail loadingto continue under faciltiesthe legislationduring the renewal Nominal capacity:application period in excess of6MtpaAll renewalapplicationswere lodged andpending a decisionfrom the Minister","mines ports ranging up to Producesarangeand energy in excess of2041,renewableBMC purchasedpurchased6MtpaDistances remaining of coking coalfor further periods via Retailbetween the as Queensland 50% share of and pulverised Agreements Poitrel minemines and port Government Red Mountain coal injection utilises Redare between legislation allows processing facility (PCI) coal Mountain for135 kmand in 2018 to secure processing165 km Mining is permitted100% ownership and rail loadingto continue under faciltiesthe legislationduring the renewal Nominal capacity:application period in excess of6MtpaAll renewalapplicationswere lodged andpending a decisionfrom the Minister","mines ports ranging up to Producesarangeand energy in excess of2041,renewableBMC purchasedpurchased6MtpaDistances remaining of coking coalfor further periods via Retailbetween the as Queensland 50% share of and pulverised Agreements Poitrel minemines and port Government Red Mountain coal injection utilises Redare between legislation allows processing facility (PCI) coal Mountain for135 kmand in 2018 to secure processing165 km Mining is permitted100% ownership and rail loadingto continue under faciltiesthe legislationduring the renewal Nominal capacity:application period in excess of6MtpaAll renewalapplicationswere lodged andpending a decisionfrom the Minister","mines ports ranging up to Producesarangeand energy in excess of2041,renewableBMC purchasedpurchased6MtpaDistances remaining of coking coalfor further periods via Retailbetween the as Queensland 50% share of and pulverised Agreements Poitrel minemines and port Government Red Mountain coal injection utilises Redare between legislation allows processing facility (PCI) coal Mountain for135 kmand in 2018 to secure processing165 km Mining is permitted100% ownership and rail loadingto continue under faciltiesthe legislationduring the renewal Nominal capacity:application period in excess of6MtpaAll renewalapplicationswere lodged andpending a decisionfrom the Minister","mines ports ranging up to Producesarangeand energy in excess of2041,renewableBMC purchasedpurchased6MtpaDistances remaining of coking coalfor further periods via Retailbetween the as Queensland 50% share of and pulverised Agreements Poitrel minemines and port Government Red Mountain coal injection utilises Redare between legislation allows processing facility (PCI) coal Mountain for135 kmand in 2018 to secure processing165 km Mining is permitted100% ownership and rail loadingto continue under faciltiesthe legislationduring the renewal Nominal capacity:application period in excess of6MtpaAll renewalapplicationswere lodged andpending a decisionfrom the Minister","mines ports ranging up to Producesarangeand energy in excess of2041,renewableBMC purchasedpurchased6MtpaDistances remaining of coking coalfor further periods via Retailbetween the as Queensland 50% share of and pulverised Agreements Poitrel minemines and port Government Red Mountain coal injection utilises Redare between legislation allows processing facility (PCI) coal Mountain for135 kmand in 2018 to secure processing165 km Mining is permitted100% ownership and rail loadingto continue under faciltiesthe legislationduring the renewal Nominal capacity:application period in excess of6MtpaAll renewalapplicationswere lodged andpending a decisionfrom the Minister","mines ports ranging up to Producesarangeand energy in excess of2041,renewableBMC purchasedpurchased6MtpaDistances remaining of coking coalfor further periods via Retailbetween the as Queensland 50% share of and pulverised Agreements Poitrel minemines and port Government Red Mountain coal injection utilises Redare between legislation allows processing facility (PCI) coal Mountain for135 kmand in 2018 to secure processing165 km Mining is permitted100% ownership and rail loadingto continue under faciltiesthe legislationduring the renewal Nominal capacity:application period in excess of6MtpaAll renewalapplicationswere lodged andpending a decisionfrom the Minister","mines ports ranging up to Producesarangeand energy in excess of2041,renewableBMC purchasedpurchased6MtpaDistances remaining of coking coalfor further periods via Retailbetween the as Queensland 50% share of and pulverised Agreements Poitrel minemines and port Government Red Mountain coal injection utilises Redare between legislation allows processing facility (PCI) coal Mountain for135 kmand in 2018 to secure processing165 km Mining is permitted100% ownership and rail loadingto continue under faciltiesthe legislationduring the renewal Nominal capacity:application period in excess of6MtpaAll renewalapplicationswere lodged andpending a decisionfrom the Minister","mines ports ranging up to Producesarangeand energy in excess of2041,renewableBMC purchasedpurchased6MtpaDistances remaining of coking coalfor further periods via Retailbetween the as Queensland 50% share of and pulverised Agreements Poitrel minemines and port Government Red Mountain coal injection utilises Redare between legislation allows processing facility (PCI) coal Mountain for135 kmand in 2018 to secure processing165 km Mining is permitted100% ownership and rail loadingto continue under faciltiesthe legislationduring the renewal Nominal capacity:application period in excess of6MtpaAll renewalapplicationswere lodged andpending a decisionfrom the Minister","mines ports ranging up to Producesarangeand energy in excess of2041,renewableBMC purchasedpurchased6MtpaDistances remaining of coking coalfor further periods via Retailbetween the as Queensland 50% share of and pulverised Agreements Poitrel minemines and port Government Red Mountain coal injection utilises Redare between legislation allows processing facility (PCI) coal Mountain for135 kmand in 2018 to secure processing165 km Mining is permitted100% ownership and rail loadingto continue under faciltiesthe legislationduring the renewal Nominal capacity:application period in excess of6MtpaAll renewalapplicationswere lodged andpending a decisionfrom the Minister","mines ports ranging up to Producesarangeand energy in excess of2041,renewableBMC purchasedpurchased6MtpaDistances remaining of coking coalfor further periods via Retailbetween the as Queensland 50% share of and pulverised Agreements Poitrel minemines and port Government Red Mountain coal injection utilises Redare between legislation allows processing facility (PCI) coal Mountain for135 kmand in 2018 to secure processing165 km Mining is permitted100% ownership and rail loadingto continue under faciltiesthe legislationduring the renewal Nominal capacity:application period in excess of6MtpaAll renewalapplicationswere lodged andpending a decisionfrom the Minister","mines ports ranging up to Producesarangeand energy in excess of2041,renewableBMC purchasedpurchased6MtpaDistances remaining of coking coalfor further periods via Retailbetween the as Queensland 50% share of and pulverised Agreements Poitrel minemines and port Government Red Mountain coal injection utilises Redare between legislation allows processing facility (PCI) coal Mountain for135 kmand in 2018 to secure processing165 km Mining is permitted100% ownership and rail loadingto continue under faciltiesthe legislationduring the renewal Nominal capacity:application period in excess of6MtpaAll renewalapplicationswere lodged andpending a decisionfrom the Minister","mines ports ranging up to Producesarangeand energy in excess of2041,renewableBMC purchasedpurchased6MtpaDistances remaining of coking coalfor further periods via Retailbetween the as Queensland 50% share of and pulverised Agreements Poitrel minemines and port Government Red Mountain coal injection utilises Redare between legislation allows processing facility (PCI) coal Mountain for135 kmand in 2018 to secure processing165 km Mining is permitted100% ownership and rail loadingto continue under faciltiesthe legislationduring the renewal Nominal capacity:application period in excess of6MtpaAll renewalapplicationswere lodged andpending a decisionfrom the Minister",application period,application period,,,,,,,,,,,,,,,,,,,
"mines ports ranging up to Producesarangeand energy in excess of2041,renewableBMC purchasedpurchased6MtpaDistances remaining of coking coalfor further periods via Retailbetween the as Queensland 50% share of and pulverised Agreements Poitrel minemines and port Government Red Mountain coal injection utilises Redare between legislation allows processing facility (PCI) coal Mountain for135 kmand in 2018 to secure processing165 km Mining is permitted100% ownership and rail loadingto continue under faciltiesthe legislationduring the renewal Nominal capacity:application period in excess of6MtpaAll renewalapplicationswere lodged andpending a decisionfrom the Minister","mines ports ranging up to Producesarangeand energy in excess of2041,renewableBMC purchasedpurchased6MtpaDistances remaining of coking coalfor further periods via Retailbetween the as Queensland 50% share of and pulverised Agreements Poitrel minemines and port Government Red Mountain coal injection utilises Redare between legislation allows processing facility (PCI) coal Mountain for135 kmand in 2018 to secure processing165 km Mining is permitted100% ownership and rail loadingto continue under faciltiesthe legislationduring the renewal Nominal capacity:application period in excess of6MtpaAll renewalapplicationswere lodged andpending a decisionfrom the Minister","mines ports ranging up to Producesarangeand energy in excess of2041,renewableBMC purchasedpurchased6MtpaDistances remaining of coking coalfor further periods via Retailbetween the as Queensland 50% share of and pulverised Agreements Poitrel minemines and port Government Red Mountain coal injection utilises Redare between legislation allows processing facility (PCI) coal Mountain for135 kmand in 2018 to secure processing165 km Mining is permitted100% ownership and rail loadingto continue under faciltiesthe legislationduring the renewal Nominal capacity:application period in excess of6MtpaAll renewalapplicationswere lodged andpending a decisionfrom the Minister","mines ports ranging up to Producesarangeand energy in excess of2041,renewableBMC purchasedpurchased6MtpaDistances remaining of coking coalfor further periods via Retailbetween the as Queensland 50% share of and pulverised Agreements Poitrel minemines and port Government Red Mountain coal injection utilises Redare between legislation allows processing facility (PCI) coal Mountain for135 kmand in 2018 to secure processing165 km Mining is permitted100% ownership and rail loadingto continue under faciltiesthe legislationduring the renewal Nominal capacity:application period in excess of6MtpaAll renewalapplicationswere lodged andpending a decisionfrom the Minister","mines ports ranging up to Producesarangeand energy in excess of2041,renewableBMC purchasedpurchased6MtpaDistances remaining of coking coalfor further periods via Retailbetween the as Queensland 50% share of and pulverised Agreements Poitrel minemines and port Government Red Mountain coal injection utilises Redare between legislation allows processing facility (PCI) coal Mountain for135 kmand in 2018 to secure processing165 km Mining is permitted100% ownership and rail loadingto continue under faciltiesthe legislationduring the renewal Nominal capacity:application period in excess of6MtpaAll renewalapplicationswere lodged andpending a decisionfrom the Minister","mines ports ranging up to Producesarangeand energy in excess of2041,renewableBMC purchasedpurchased6MtpaDistances remaining of coking coalfor further periods via Retailbetween the as Queensland 50% share of and pulverised Agreements Poitrel minemines and port Government Red Mountain coal injection utilises Redare between legislation allows processing facility (PCI) coal Mountain for135 kmand in 2018 to secure processing165 km Mining is permitted100% ownership and rail loadingto continue under faciltiesthe legislationduring the renewal Nominal capacity:application period in excess of6MtpaAll renewalapplicationswere lodged andpending a decisionfrom the Minister","mines ports ranging up to Producesarangeand energy in excess of2041,renewableBMC purchasedpurchased6MtpaDistances remaining of coking coalfor further periods via Retailbetween the as Queensland 50% share of and pulverised Agreements Poitrel minemines and port Government Red Mountain coal injection utilises Redare between legislation allows processing facility (PCI) coal Mountain for135 kmand in 2018 to secure processing165 km Mining is permitted100% ownership and rail loadingto continue under faciltiesthe legislationduring the renewal Nominal capacity:application period in excess of6MtpaAll renewalapplicationswere lodged andpending a decisionfrom the Minister","mines ports ranging up to Producesarangeand energy in excess of2041,renewableBMC purchasedpurchased6MtpaDistances remaining of coking coalfor further periods via Retailbetween the as Queensland 50% share of and pulverised Agreements Poitrel minemines and port Government Red Mountain coal injection utilises Redare between legislation allows processing facility (PCI) coal Mountain for135 kmand in 2018 to secure processing165 km Mining is permitted100% ownership and rail loadingto continue under faciltiesthe legislationduring the renewal Nominal capacity:application period in excess of6MtpaAll renewalapplicationswere lodged andpending a decisionfrom the Minister","mines ports ranging up to Producesarangeand energy in excess of2041,renewableBMC purchasedpurchased6MtpaDistances remaining of coking coalfor further periods via Retailbetween the as Queensland 50% share of and pulverised Agreements Poitrel minemines and port Government Red Mountain coal injection utilises Redare between legislation allows processing facility (PCI) coal Mountain for135 kmand in 2018 to secure processing165 km Mining is permitted100% ownership and rail loadingto continue under faciltiesthe legislationduring the renewal Nominal capacity:application period in excess of6MtpaAll renewalapplicationswere lodged andpending a decisionfrom the Minister","mines ports ranging up to Producesarangeand energy in excess of2041,renewableBMC purchasedpurchased6MtpaDistances remaining of coking coalfor further periods via Retailbetween the as Queensland 50% share of and pulverised Agreements Poitrel minemines and port Government Red Mountain coal injection utilises Redare between legislation allows processing facility (PCI) coal Mountain for135 kmand in 2018 to secure processing165 km Mining is permitted100% ownership and rail loadingto continue under faciltiesthe legislationduring the renewal Nominal capacity:application period in excess of6MtpaAll renewalapplicationswere lodged andpending a decisionfrom the Minister","mines ports ranging up to Producesarangeand energy in excess of2041,renewableBMC purchasedpurchased6MtpaDistances remaining of coking coalfor further periods via Retailbetween the as Queensland 50% share of and pulverised Agreements Poitrel minemines and port Government Red Mountain coal injection utilises Redare between legislation allows processing facility (PCI) coal Mountain for135 kmand in 2018 to secure processing165 km Mining is permitted100% ownership and rail loadingto continue under faciltiesthe legislationduring the renewal Nominal capacity:application period in excess of6MtpaAll renewalapplicationswere lodged andpending a decisionfrom the Minister","mines ports ranging up to Producesarangeand energy in excess of2041,renewableBMC purchasedpurchased6MtpaDistances remaining of coking coalfor further periods via Retailbetween the as Queensland 50% share of and pulverised Agreements Poitrel minemines and port Government Red Mountain coal injection utilises Redare between legislation allows processing facility (PCI) coal Mountain for135 kmand in 2018 to secure processing165 km Mining is permitted100% ownership and rail loadingto continue under faciltiesthe legislationduring the renewal Nominal capacity:application period in excess of6MtpaAll renewalapplicationswere lodged andpending a decisionfrom the Minister","mines ports ranging up to Producesarangeand energy in excess of2041,renewableBMC purchasedpurchased6MtpaDistances remaining of coking coalfor further periods via Retailbetween the as Queensland 50% share of and pulverised Agreements Poitrel minemines and port Government Red Mountain coal injection utilises Redare between legislation allows processing facility (PCI) coal Mountain for135 kmand in 2018 to secure processing165 km Mining is permitted100% ownership and rail loadingto continue under faciltiesthe legislationduring the renewal Nominal capacity:application period in excess of6MtpaAll renewalapplicationswere lodged andpending a decisionfrom the Minister","mines ports ranging up to Producesarangeand energy in excess of2041,renewableBMC purchasedpurchased6MtpaDistances remaining of coking coalfor further periods via Retailbetween the as Queensland 50% share of and pulverised Agreements Poitrel minemines and port Government Red Mountain coal injection utilises Redare between legislation allows processing facility (PCI) coal Mountain for135 kmand in 2018 to secure processing165 km Mining is permitted100% ownership and rail loadingto continue under faciltiesthe legislationduring the renewal Nominal capacity:application period in excess of6MtpaAll renewalapplicationswere lodged andpending a decisionfrom the Minister","mines ports ranging up to Producesarangeand energy in excess of2041,renewableBMC purchasedpurchased6MtpaDistances remaining of coking coalfor further periods via Retailbetween the as Queensland 50% share of and pulverised Agreements Poitrel minemines and port Government Red Mountain coal injection utilises Redare between legislation allows processing facility (PCI) coal Mountain for135 kmand in 2018 to secure processing165 km Mining is permitted100% ownership and rail loadingto continue under faciltiesthe legislationduring the renewal Nominal capacity:application period in excess of6MtpaAll renewalapplicationswere lodged andpending a decisionfrom the Minister",All renewal,All renewal,,,,,,,,,,,,,,,,,,,
"mines ports ranging up to Producesarangeand energy in excess of2041,renewableBMC purchasedpurchased6MtpaDistances remaining of coking coalfor further periods via Retailbetween the as Queensland 50% share of and pulverised Agreements Poitrel minemines and port Government Red Mountain coal injection utilises Redare between legislation allows processing facility (PCI) coal Mountain for135 kmand in 2018 to secure processing165 km Mining is permitted100% ownership and rail loadingto continue under faciltiesthe legislationduring the renewal Nominal capacity:application period in excess of6MtpaAll renewalapplicationswere lodged andpending a decisionfrom the Minister","mines ports ranging up to Producesarangeand energy in excess of2041,renewableBMC purchasedpurchased6MtpaDistances remaining of coking coalfor further periods via Retailbetween the as Queensland 50% share of and pulverised Agreements Poitrel minemines and port Government Red Mountain coal injection utilises Redare between legislation allows processing facility (PCI) coal Mountain for135 kmand in 2018 to secure processing165 km Mining is permitted100% ownership and rail loadingto continue under faciltiesthe legislationduring the renewal Nominal capacity:application period in excess of6MtpaAll renewalapplicationswere lodged andpending a decisionfrom the Minister","mines ports ranging up to Producesarangeand energy in excess of2041,renewableBMC purchasedpurchased6MtpaDistances remaining of coking coalfor further periods via Retailbetween the as Queensland 50% share of and pulverised Agreements Poitrel minemines and port Government Red Mountain coal injection utilises Redare between legislation allows processing facility (PCI) coal Mountain for135 kmand in 2018 to secure processing165 km Mining is permitted100% ownership and rail loadingto continue under faciltiesthe legislationduring the renewal Nominal capacity:application period in excess of6MtpaAll renewalapplicationswere lodged andpending a decisionfrom the Minister","mines ports ranging up to Producesarangeand energy in excess of2041,renewableBMC purchasedpurchased6MtpaDistances remaining of coking coalfor further periods via Retailbetween the as Queensland 50% share of and pulverised Agreements Poitrel minemines and port Government Red Mountain coal injection utilises Redare between legislation allows processing facility (PCI) coal Mountain for135 kmand in 2018 to secure processing165 km Mining is permitted100% ownership and rail loadingto continue under faciltiesthe legislationduring the renewal Nominal capacity:application period in excess of6MtpaAll renewalapplicationswere lodged andpending a decisionfrom the Minister","mines ports ranging up to Producesarangeand energy in excess of2041,renewableBMC purchasedpurchased6MtpaDistances remaining of coking coalfor further periods via Retailbetween the as Queensland 50% share of and pulverised Agreements Poitrel minemines and port Government Red Mountain coal injection utilises Redare between legislation allows processing facility (PCI) coal Mountain for135 kmand in 2018 to secure processing165 km Mining is permitted100% ownership and rail loadingto continue under faciltiesthe legislationduring the renewal Nominal capacity:application period in excess of6MtpaAll renewalapplicationswere lodged andpending a decisionfrom the Minister","mines ports ranging up to Producesarangeand energy in excess of2041,renewableBMC purchasedpurchased6MtpaDistances remaining of coking coalfor further periods via Retailbetween the as Queensland 50% share of and pulverised Agreements Poitrel minemines and port Government Red Mountain coal injection utilises Redare between legislation allows processing facility (PCI) coal Mountain for135 kmand in 2018 to secure processing165 km Mining is permitted100% ownership and rail loadingto continue under faciltiesthe legislationduring the renewal Nominal capacity:application period in excess of6MtpaAll renewalapplicationswere lodged andpending a decisionfrom the Minister","mines ports ranging up to Producesarangeand energy in excess of2041,renewableBMC purchasedpurchased6MtpaDistances remaining of coking coalfor further periods via Retailbetween the as Queensland 50% share of and pulverised Agreements Poitrel minemines and port Government Red Mountain coal injection utilises Redare between legislation allows processing facility (PCI) coal Mountain for135 kmand in 2018 to secure processing165 km Mining is permitted100% ownership and rail loadingto continue under faciltiesthe legislationduring the renewal Nominal capacity:application period in excess of6MtpaAll renewalapplicationswere lodged andpending a decisionfrom the Minister","mines ports ranging up to Producesarangeand energy in excess of2041,renewableBMC purchasedpurchased6MtpaDistances remaining of coking coalfor further periods via Retailbetween the as Queensland 50% share of and pulverised Agreements Poitrel minemines and port Government Red Mountain coal injection utilises Redare between legislation allows processing facility (PCI) coal Mountain for135 kmand in 2018 to secure processing165 km Mining is permitted100% ownership and rail loadingto continue under faciltiesthe legislationduring the renewal Nominal capacity:application period in excess of6MtpaAll renewalapplicationswere lodged andpending a decisionfrom the Minister","mines ports ranging up to Producesarangeand energy in excess of2041,renewableBMC purchasedpurchased6MtpaDistances remaining of coking coalfor further periods via Retailbetween the as Queensland 50% share of and pulverised Agreements Poitrel minemines and port Government Red Mountain coal injection utilises Redare between legislation allows processing facility (PCI) coal Mountain for135 kmand in 2018 to secure processing165 km Mining is permitted100% ownership and rail loadingto continue under faciltiesthe legislationduring the renewal Nominal capacity:application period in excess of6MtpaAll renewalapplicationswere lodged andpending a decisionfrom the Minister","mines ports ranging up to Producesarangeand energy in excess of2041,renewableBMC purchasedpurchased6MtpaDistances remaining of coking coalfor further periods via Retailbetween the as Queensland 50% share of and pulverised Agreements Poitrel minemines and port Government Red Mountain coal injection utilises Redare between legislation allows processing facility (PCI) coal Mountain for135 kmand in 2018 to secure processing165 km Mining is permitted100% ownership and rail loadingto continue under faciltiesthe legislationduring the renewal Nominal capacity:application period in excess of6MtpaAll renewalapplicationswere lodged andpending a decisionfrom the Minister","mines ports ranging up to Producesarangeand energy in excess of2041,renewableBMC purchasedpurchased6MtpaDistances remaining of coking coalfor further periods via Retailbetween the as Queensland 50% share of and pulverised Agreements Poitrel minemines and port Government Red Mountain coal injection utilises Redare between legislation allows processing facility (PCI) coal Mountain for135 kmand in 2018 to secure processing165 km Mining is permitted100% ownership and rail loadingto continue under faciltiesthe legislationduring the renewal Nominal capacity:application period in excess of6MtpaAll renewalapplicationswere lodged andpending a decisionfrom the Minister","mines ports ranging up to Producesarangeand energy in excess of2041,renewableBMC purchasedpurchased6MtpaDistances remaining of coking coalfor further periods via Retailbetween the as Queensland 50% share of and pulverised Agreements Poitrel minemines and port Government Red Mountain coal injection utilises Redare between legislation allows processing facility (PCI) coal Mountain for135 kmand in 2018 to secure processing165 km Mining is permitted100% ownership and rail loadingto continue under faciltiesthe legislationduring the renewal Nominal capacity:application period in excess of6MtpaAll renewalapplicationswere lodged andpending a decisionfrom the Minister","mines ports ranging up to Producesarangeand energy in excess of2041,renewableBMC purchasedpurchased6MtpaDistances remaining of coking coalfor further periods via Retailbetween the as Queensland 50% share of and pulverised Agreements Poitrel minemines and port Government Red Mountain coal injection utilises Redare between legislation allows processing facility (PCI) coal Mountain for135 kmand in 2018 to secure processing165 km Mining is permitted100% ownership and rail loadingto continue under faciltiesthe legislationduring the renewal Nominal capacity:application period in excess of6MtpaAll renewalapplicationswere lodged andpending a decisionfrom the Minister","mines ports ranging up to Producesarangeand energy in excess of2041,renewableBMC purchasedpurchased6MtpaDistances remaining of coking coalfor further periods via Retailbetween the as Queensland 50% share of and pulverised Agreements Poitrel minemines and port Government Red Mountain coal injection utilises Redare between legislation allows processing facility (PCI) coal Mountain for135 kmand in 2018 to secure processing165 km Mining is permitted100% ownership and rail loadingto continue under faciltiesthe legislationduring the renewal Nominal capacity:application period in excess of6MtpaAll renewalapplicationswere lodged andpending a decisionfrom the Minister","mines ports ranging up to Producesarangeand energy in excess of2041,renewableBMC purchasedpurchased6MtpaDistances remaining of coking coalfor further periods via Retailbetween the as Queensland 50% share of and pulverised Agreements Poitrel minemines and port Government Red Mountain coal injection utilises Redare between legislation allows processing facility (PCI) coal Mountain for135 kmand in 2018 to secure processing165 km Mining is permitted100% ownership and rail loadingto continue under faciltiesthe legislationduring the renewal Nominal capacity:application period in excess of6MtpaAll renewalapplicationswere lodged andpending a decisionfrom the Minister",applications,applications,,,,,,,,,,,,,,,,,,,
