Plan CDP and STIP LTIP and MAP Transitional and ShareplusCommencement KMPawards,Plan CDP and STIP LTIP and MAP Transitional and ShareplusCommencement KMPawards,Plan CDP and STIP LTIP and MAP Transitional and ShareplusCommencement KMPawards,Plan CDP and STIP LTIP and MAP Transitional and ShareplusCommencement KMPawards,Plan CDP and STIP LTIP and MAP Transitional and ShareplusCommencement KMPawards,Plan CDP and STIP LTIP and MAP Transitional and ShareplusCommencement KMPawards,Plan CDP and STIP LTIP and MAP Transitional and ShareplusCommencement KMPawards,,
Type Short-term incentive Long-term incentive Long-term incentive All-employee sharepurchase plan,Type Short-term incentive Long-term incentive Long-term incentive All-employee sharepurchase plan,Type Short-term incentive Long-term incentive Long-term incentive All-employee sharepurchase plan,Type Short-term incentive Long-term incentive Long-term incentive All-employee sharepurchase plan,Type Short-term incentive Long-term incentive Long-term incentive All-employee sharepurchase plan,Type Short-term incentive Long-term incentive Long-term incentive All-employee sharepurchase plan,Type Short-term incentive Long-term incentive Long-term incentive All-employee sharepurchase plan,,
"Overview The CDP was implemented in FY2020 The LTIP isa plan for Executive KMP and Awards may be granted Employees mayasa replacement for the STIP, both members of the Executive Leadership Team tonew Executive KMP contribute up to","Overview The CDP was implemented in FY2020 The LTIP isa plan for Executive KMP and Awards may be granted Employees mayasa replacement for the STIP, both members of the Executive Leadership Team tonew Executive KMP contribute up to","Overview The CDP was implemented in FY2020 The LTIP isa plan for Executive KMP and Awards may be granted Employees mayasa replacement for the STIP, both members of the Executive Leadership Team tonew Executive KMP contribute up to","Overview The CDP was implemented in FY2020 The LTIP isa plan for Executive KMP and Awards may be granted Employees mayasa replacement for the STIP, both members of the Executive Leadership Team tonew Executive KMP contribute up to","Overview The CDP was implemented in FY2020 The LTIP isa plan for Executive KMP and Awards may be granted Employees mayasa replacement for the STIP, both members of the Executive Leadership Team tonew Executive KMP contribute up to","Overview The CDP was implemented in FY2020 The LTIP isa plan for Executive KMP and Awards may be granted Employees mayasa replacement for the STIP, both members of the Executive Leadership Team tonew Executive KMP contribute up to","Overview The CDP was implemented in FY2020 The LTIP isa plan for Executive KMP and Awards may be granted Employees mayasa replacement for the STIP, both members of the Executive Leadership Team tonew Executive KMP contribute up to",,
,"of which are generally plans for who are not Executive KMP,and awards are recruited into or within US$5,000 to acquire","of which are generally plans for who are not Executive KMP,and awards are recruited into or within US$5,000 to acquire","of which are generally plans for who are not Executive KMP,and awards are recruited into or within US$5,000 to acquire","of which are generally plans for who are not Executive KMP,and awards are recruited into or within US$5,000 to acquire","of which are generally plans for who are not Executive KMP,and awards are recruited into or within US$5,000 to acquire","of which are generally plans for who are not Executive KMP,and awards are recruited into or within US$5,000 to acquire",,
,Executive KMP and members of granted annually. the Group to bridge shares in any plan,Executive KMP and members of granted annually. the Group to bridge shares in any plan,Executive KMP and members of granted annually. the Group to bridge shares in any plan,Executive KMP and members of granted annually. the Group to bridge shares in any plan,Executive KMP and members of granted annually. the Group to bridge shares in any plan,Executive KMP and members of granted annually. the Group to bridge shares in any plan,,
,"the Executive Leadership Team the time-based gap year. On the thirdThe MAP is a plan for BHP seniorwho are not Executive KMP. between the vesting of anniversary of theUnder the CDP,two thirds of the management who are not KMP.The number awards either granted start of a plan year,value of a participant's short-term of share rights awarded is determined by in their non-KMP roles the Group will matchincentive amount is awarded a participant's role and grade. the number ofor to replace awardsas rights to receive BHP Groupforegone from a acquired shares.Limited or BHP Group Plc sharesprevious company.at the end of the vesting period(and the remaining one third isdelivered in cash).Two awards ofdeferred sharesare granted,eachof the equivalent value to the cashaward,vesting in two and fiveyears respectively.Under STIP,half of the value of aparticipant's short-term incentiveamount is awarded as rights toreceive BHP Group Limited orBHP Group Plc shares at the endof the two-year vesting period.","the Executive Leadership Team the time-based gap year. On the thirdThe MAP is a plan for BHP seniorwho are not Executive KMP. between the vesting of anniversary of theUnder the CDP,two thirds of the management who are not KMP.The number awards either granted start of a plan year,value of a participant's short-term of share rights awarded is determined by in their non-KMP roles the Group will matchincentive amount is awarded a participant's role and grade. the number ofor to replace awardsas rights to receive BHP Groupforegone from a acquired shares.Limited or BHP Group Plc sharesprevious company.at the end of the vesting period(and the remaining one third isdelivered in cash).Two awards ofdeferred sharesare granted,eachof the equivalent value to the cashaward,vesting in two and fiveyears respectively.Under STIP,half of the value of aparticipant's short-term incentiveamount is awarded as rights toreceive BHP Group Limited orBHP Group Plc shares at the endof the two-year vesting period.","the Executive Leadership Team the time-based gap year. On the thirdThe MAP is a plan for BHP seniorwho are not Executive KMP. between the vesting of anniversary of theUnder the CDP,two thirds of the management who are not KMP.The number awards either granted start of a plan year,value of a participant's short-term of share rights awarded is determined by in their non-KMP roles the Group will matchincentive amount is awarded a participant's role and grade. the number ofor to replace awardsas rights to receive BHP Groupforegone from a acquired shares.Limited or BHP Group Plc sharesprevious company.at the end of the vesting period(and the remaining one third isdelivered in cash).Two awards ofdeferred sharesare granted,eachof the equivalent value to the cashaward,vesting in two and fiveyears respectively.Under STIP,half of the value of aparticipant's short-term incentiveamount is awarded as rights toreceive BHP Group Limited orBHP Group Plc shares at the endof the two-year vesting period.","the Executive Leadership Team the time-based gap year. On the thirdThe MAP is a plan for BHP seniorwho are not Executive KMP. between the vesting of anniversary of theUnder the CDP,two thirds of the management who are not KMP.The number awards either granted start of a plan year,value of a participant's short-term of share rights awarded is determined by in their non-KMP roles the Group will matchincentive amount is awarded a participant's role and grade. the number ofor to replace awardsas rights to receive BHP Groupforegone from a acquired shares.Limited or BHP Group Plc sharesprevious company.at the end of the vesting period(and the remaining one third isdelivered in cash).Two awards ofdeferred sharesare granted,eachof the equivalent value to the cashaward,vesting in two and fiveyears respectively.Under STIP,half of the value of aparticipant's short-term incentiveamount is awarded as rights toreceive BHP Group Limited orBHP Group Plc shares at the endof the two-year vesting period.","the Executive Leadership Team the time-based gap year. On the thirdThe MAP is a plan for BHP seniorwho are not Executive KMP. between the vesting of anniversary of theUnder the CDP,two thirds of the management who are not KMP.The number awards either granted start of a plan year,value of a participant's short-term of share rights awarded is determined by in their non-KMP roles the Group will matchincentive amount is awarded a participant's role and grade. the number ofor to replace awardsas rights to receive BHP Groupforegone from a acquired shares.Limited or BHP Group Plc sharesprevious company.at the end of the vesting period(and the remaining one third isdelivered in cash).Two awards ofdeferred sharesare granted,eachof the equivalent value to the cashaward,vesting in two and fiveyears respectively.Under STIP,half of the value of aparticipant's short-term incentiveamount is awarded as rights toreceive BHP Group Limited orBHP Group Plc shares at the endof the two-year vesting period.","the Executive Leadership Team the time-based gap year. On the thirdThe MAP is a plan for BHP seniorwho are not Executive KMP. between the vesting of anniversary of theUnder the CDP,two thirds of the management who are not KMP.The number awards either granted start of a plan year,value of a participant's short-term of share rights awarded is determined by in their non-KMP roles the Group will matchincentive amount is awarded a participant's role and grade. the number ofor to replace awardsas rights to receive BHP Groupforegone from a acquired shares.Limited or BHP Group Plc sharesprevious company.at the end of the vesting period(and the remaining one third isdelivered in cash).Two awards ofdeferred sharesare granted,eachof the equivalent value to the cashaward,vesting in two and fiveyears respectively.Under STIP,half of the value of aparticipant's short-term incentiveamount is awarded as rights toreceive BHP Group Limited orBHP Group Plc shares at the endof the two-year vesting period.",,
,"the Executive Leadership Team the time-based gap year. On the thirdThe MAP is a plan for BHP seniorwho are not Executive KMP. between the vesting of anniversary of theUnder the CDP,two thirds of the management who are not KMP.The number awards either granted start of a plan year,value of a participant's short-term of share rights awarded is determined by in their non-KMP roles the Group will matchincentive amount is awarded a participant's role and grade. the number ofor to replace awardsas rights to receive BHP Groupforegone from a acquired shares.Limited or BHP Group Plc sharesprevious company.at the end of the vesting period(and the remaining one third isdelivered in cash).Two awards ofdeferred sharesare granted,eachof the equivalent value to the cashaward,vesting in two and fiveyears respectively.Under STIP,half of the value of aparticipant's short-term incentiveamount is awarded as rights toreceive BHP Group Limited orBHP Group Plc shares at the endof the two-year vesting period.","the Executive Leadership Team the time-based gap year. On the thirdThe MAP is a plan for BHP seniorwho are not Executive KMP. between the vesting of anniversary of theUnder the CDP,two thirds of the management who are not KMP.The number awards either granted start of a plan year,value of a participant's short-term of share rights awarded is determined by in their non-KMP roles the Group will matchincentive amount is awarded a participant's role and grade. the number ofor to replace awardsas rights to receive BHP Groupforegone from a acquired shares.Limited or BHP Group Plc sharesprevious company.at the end of the vesting period(and the remaining one third isdelivered in cash).Two awards ofdeferred sharesare granted,eachof the equivalent value to the cashaward,vesting in two and fiveyears respectively.Under STIP,half of the value of aparticipant's short-term incentiveamount is awarded as rights toreceive BHP Group Limited orBHP Group Plc shares at the endof the two-year vesting period.","the Executive Leadership Team the time-based gap year. On the thirdThe MAP is a plan for BHP seniorwho are not Executive KMP. between the vesting of anniversary of theUnder the CDP,two thirds of the management who are not KMP.The number awards either granted start of a plan year,value of a participant's short-term of share rights awarded is determined by in their non-KMP roles the Group will matchincentive amount is awarded a participant's role and grade. the number ofor to replace awardsas rights to receive BHP Groupforegone from a acquired shares.Limited or BHP Group Plc sharesprevious company.at the end of the vesting period(and the remaining one third isdelivered in cash).Two awards ofdeferred sharesare granted,eachof the equivalent value to the cashaward,vesting in two and fiveyears respectively.Under STIP,half of the value of aparticipant's short-term incentiveamount is awarded as rights toreceive BHP Group Limited orBHP Group Plc shares at the endof the two-year vesting period.","the Executive Leadership Team the time-based gap year. On the thirdThe MAP is a plan for BHP seniorwho are not Executive KMP. between the vesting of anniversary of theUnder the CDP,two thirds of the management who are not KMP.The number awards either granted start of a plan year,value of a participant's short-term of share rights awarded is determined by in their non-KMP roles the Group will matchincentive amount is awarded a participant's role and grade. the number ofor to replace awardsas rights to receive BHP Groupforegone from a acquired shares.Limited or BHP Group Plc sharesprevious company.at the end of the vesting period(and the remaining one third isdelivered in cash).Two awards ofdeferred sharesare granted,eachof the equivalent value to the cashaward,vesting in two and fiveyears respectively.Under STIP,half of the value of aparticipant's short-term incentiveamount is awarded as rights toreceive BHP Group Limited orBHP Group Plc shares at the endof the two-year vesting period.","the Executive Leadership Team the time-based gap year. On the thirdThe MAP is a plan for BHP seniorwho are not Executive KMP. between the vesting of anniversary of theUnder the CDP,two thirds of the management who are not KMP.The number awards either granted start of a plan year,value of a participant's short-term of share rights awarded is determined by in their non-KMP roles the Group will matchincentive amount is awarded a participant's role and grade. the number ofor to replace awardsas rights to receive BHP Groupforegone from a acquired shares.Limited or BHP Group Plc sharesprevious company.at the end of the vesting period(and the remaining one third isdelivered in cash).Two awards ofdeferred sharesare granted,eachof the equivalent value to the cashaward,vesting in two and fiveyears respectively.Under STIP,half of the value of aparticipant's short-term incentiveamount is awarded as rights toreceive BHP Group Limited orBHP Group Plc shares at the endof the two-year vesting period.","the Executive Leadership Team the time-based gap year. On the thirdThe MAP is a plan for BHP seniorwho are not Executive KMP. between the vesting of anniversary of theUnder the CDP,two thirds of the management who are not KMP.The number awards either granted start of a plan year,value of a participant's short-term of share rights awarded is determined by in their non-KMP roles the Group will matchincentive amount is awarded a participant's role and grade. the number ofor to replace awardsas rights to receive BHP Groupforegone from a acquired shares.Limited or BHP Group Plc sharesprevious company.at the end of the vesting period(and the remaining one third isdelivered in cash).Two awards ofdeferred sharesare granted,eachof the equivalent value to the cashaward,vesting in two and fiveyears respectively.Under STIP,half of the value of aparticipant's short-term incentiveamount is awarded as rights toreceive BHP Group Limited orBHP Group Plc shares at the endof the two-year vesting period.",,
,"the Executive Leadership Team the time-based gap year. On the thirdThe MAP is a plan for BHP seniorwho are not Executive KMP. between the vesting of anniversary of theUnder the CDP,two thirds of the management who are not KMP.The number awards either granted start of a plan year,value of a participant's short-term of share rights awarded is determined by in their non-KMP roles the Group will matchincentive amount is awarded a participant's role and grade. the number ofor to replace awardsas rights to receive BHP Groupforegone from a acquired shares.Limited or BHP Group Plc sharesprevious company.at the end of the vesting period(and the remaining one third isdelivered in cash).Two awards ofdeferred sharesare granted,eachof the equivalent value to the cashaward,vesting in two and fiveyears respectively.Under STIP,half of the value of aparticipant's short-term incentiveamount is awarded as rights toreceive BHP Group Limited orBHP Group Plc shares at the endof the two-year vesting period.","the Executive Leadership Team the time-based gap year. On the thirdThe MAP is a plan for BHP seniorwho are not Executive KMP. between the vesting of anniversary of theUnder the CDP,two thirds of the management who are not KMP.The number awards either granted start of a plan year,value of a participant's short-term of share rights awarded is determined by in their non-KMP roles the Group will matchincentive amount is awarded a participant's role and grade. the number ofor to replace awardsas rights to receive BHP Groupforegone from a acquired shares.Limited or BHP Group Plc sharesprevious company.at the end of the vesting period(and the remaining one third isdelivered in cash).Two awards ofdeferred sharesare granted,eachof the equivalent value to the cashaward,vesting in two and fiveyears respectively.Under STIP,half of the value of aparticipant's short-term incentiveamount is awarded as rights toreceive BHP Group Limited orBHP Group Plc shares at the endof the two-year vesting period.","the Executive Leadership Team the time-based gap year. On the thirdThe MAP is a plan for BHP seniorwho are not Executive KMP. between the vesting of anniversary of theUnder the CDP,two thirds of the management who are not KMP.The number awards either granted start of a plan year,value of a participant's short-term of share rights awarded is determined by in their non-KMP roles the Group will matchincentive amount is awarded a participant's role and grade. the number ofor to replace awardsas rights to receive BHP Groupforegone from a acquired shares.Limited or BHP Group Plc sharesprevious company.at the end of the vesting period(and the remaining one third isdelivered in cash).Two awards ofdeferred sharesare granted,eachof the equivalent value to the cashaward,vesting in two and fiveyears respectively.Under STIP,half of the value of aparticipant's short-term incentiveamount is awarded as rights toreceive BHP Group Limited orBHP Group Plc shares at the endof the two-year vesting period.","the Executive Leadership Team the time-based gap year. On the thirdThe MAP is a plan for BHP seniorwho are not Executive KMP. between the vesting of anniversary of theUnder the CDP,two thirds of the management who are not KMP.The number awards either granted start of a plan year,value of a participant's short-term of share rights awarded is determined by in their non-KMP roles the Group will matchincentive amount is awarded a participant's role and grade. the number ofor to replace awardsas rights to receive BHP Groupforegone from a acquired shares.Limited or BHP Group Plc sharesprevious company.at the end of the vesting period(and the remaining one third isdelivered in cash).Two awards ofdeferred sharesare granted,eachof the equivalent value to the cashaward,vesting in two and fiveyears respectively.Under STIP,half of the value of aparticipant's short-term incentiveamount is awarded as rights toreceive BHP Group Limited orBHP Group Plc shares at the endof the two-year vesting period.","the Executive Leadership Team the time-based gap year. On the thirdThe MAP is a plan for BHP seniorwho are not Executive KMP. between the vesting of anniversary of theUnder the CDP,two thirds of the management who are not KMP.The number awards either granted start of a plan year,value of a participant's short-term of share rights awarded is determined by in their non-KMP roles the Group will matchincentive amount is awarded a participant's role and grade. the number ofor to replace awardsas rights to receive BHP Groupforegone from a acquired shares.Limited or BHP Group Plc sharesprevious company.at the end of the vesting period(and the remaining one third isdelivered in cash).Two awards ofdeferred sharesare granted,eachof the equivalent value to the cashaward,vesting in two and fiveyears respectively.Under STIP,half of the value of aparticipant's short-term incentiveamount is awarded as rights toreceive BHP Group Limited orBHP Group Plc shares at the endof the two-year vesting period.","the Executive Leadership Team the time-based gap year. On the thirdThe MAP is a plan for BHP seniorwho are not Executive KMP. between the vesting of anniversary of theUnder the CDP,two thirds of the management who are not KMP.The number awards either granted start of a plan year,value of a participant's short-term of share rights awarded is determined by in their non-KMP roles the Group will matchincentive amount is awarded a participant's role and grade. the number ofor to replace awardsas rights to receive BHP Groupforegone from a acquired shares.Limited or BHP Group Plc sharesprevious company.at the end of the vesting period(and the remaining one third isdelivered in cash).Two awards ofdeferred sharesare granted,eachof the equivalent value to the cashaward,vesting in two and fiveyears respectively.Under STIP,half of the value of aparticipant's short-term incentiveamount is awarded as rights toreceive BHP Group Limited orBHP Group Plc shares at the endof the two-year vesting period.",,
,"the Executive Leadership Team the time-based gap year. On the thirdThe MAP is a plan for BHP seniorwho are not Executive KMP. between the vesting of anniversary of theUnder the CDP,two thirds of the management who are not KMP.The number awards either granted start of a plan year,value of a participant's short-term of share rights awarded is determined by in their non-KMP roles the Group will matchincentive amount is awarded a participant's role and grade. the number ofor to replace awardsas rights to receive BHP Groupforegone from a acquired shares.Limited or BHP Group Plc sharesprevious company.at the end of the vesting period(and the remaining one third isdelivered in cash).Two awards ofdeferred sharesare granted,eachof the equivalent value to the cashaward,vesting in two and fiveyears respectively.Under STIP,half of the value of aparticipant's short-term incentiveamount is awarded as rights toreceive BHP Group Limited orBHP Group Plc shares at the endof the two-year vesting period.","the Executive Leadership Team the time-based gap year. On the thirdThe MAP is a plan for BHP seniorwho are not Executive KMP. between the vesting of anniversary of theUnder the CDP,two thirds of the management who are not KMP.The number awards either granted start of a plan year,value of a participant's short-term of share rights awarded is determined by in their non-KMP roles the Group will matchincentive amount is awarded a participant's role and grade. the number ofor to replace awardsas rights to receive BHP Groupforegone from a acquired shares.Limited or BHP Group Plc sharesprevious company.at the end of the vesting period(and the remaining one third isdelivered in cash).Two awards ofdeferred sharesare granted,eachof the equivalent value to the cashaward,vesting in two and fiveyears respectively.Under STIP,half of the value of aparticipant's short-term incentiveamount is awarded as rights toreceive BHP Group Limited orBHP Group Plc shares at the endof the two-year vesting period.","the Executive Leadership Team the time-based gap year. On the thirdThe MAP is a plan for BHP seniorwho are not Executive KMP. between the vesting of anniversary of theUnder the CDP,two thirds of the management who are not KMP.The number awards either granted start of a plan year,value of a participant's short-term of share rights awarded is determined by in their non-KMP roles the Group will matchincentive amount is awarded a participant's role and grade. the number ofor to replace awardsas rights to receive BHP Groupforegone from a acquired shares.Limited or BHP Group Plc sharesprevious company.at the end of the vesting period(and the remaining one third isdelivered in cash).Two awards ofdeferred sharesare granted,eachof the equivalent value to the cashaward,vesting in two and fiveyears respectively.Under STIP,half of the value of aparticipant's short-term incentiveamount is awarded as rights toreceive BHP Group Limited orBHP Group Plc shares at the endof the two-year vesting period.","the Executive Leadership Team the time-based gap year. On the thirdThe MAP is a plan for BHP seniorwho are not Executive KMP. between the vesting of anniversary of theUnder the CDP,two thirds of the management who are not KMP.The number awards either granted start of a plan year,value of a participant's short-term of share rights awarded is determined by in their non-KMP roles the Group will matchincentive amount is awarded a participant's role and grade. the number ofor to replace awardsas rights to receive BHP Groupforegone from a acquired shares.Limited or BHP Group Plc sharesprevious company.at the end of the vesting period(and the remaining one third isdelivered in cash).Two awards ofdeferred sharesare granted,eachof the equivalent value to the cashaward,vesting in two and fiveyears respectively.Under STIP,half of the value of aparticipant's short-term incentiveamount is awarded as rights toreceive BHP Group Limited orBHP Group Plc shares at the endof the two-year vesting period.","the Executive Leadership Team the time-based gap year. On the thirdThe MAP is a plan for BHP seniorwho are not Executive KMP. between the vesting of anniversary of theUnder the CDP,two thirds of the management who are not KMP.The number awards either granted start of a plan year,value of a participant's short-term of share rights awarded is determined by in their non-KMP roles the Group will matchincentive amount is awarded a participant's role and grade. the number ofor to replace awardsas rights to receive BHP Groupforegone from a acquired shares.Limited or BHP Group Plc sharesprevious company.at the end of the vesting period(and the remaining one third isdelivered in cash).Two awards ofdeferred sharesare granted,eachof the equivalent value to the cashaward,vesting in two and fiveyears respectively.Under STIP,half of the value of aparticipant's short-term incentiveamount is awarded as rights toreceive BHP Group Limited orBHP Group Plc shares at the endof the two-year vesting period.","the Executive Leadership Team the time-based gap year. On the thirdThe MAP is a plan for BHP seniorwho are not Executive KMP. between the vesting of anniversary of theUnder the CDP,two thirds of the management who are not KMP.The number awards either granted start of a plan year,value of a participant's short-term of share rights awarded is determined by in their non-KMP roles the Group will matchincentive amount is awarded a participant's role and grade. the number ofor to replace awardsas rights to receive BHP Groupforegone from a acquired shares.Limited or BHP Group Plc sharesprevious company.at the end of the vesting period(and the remaining one third isdelivered in cash).Two awards ofdeferred sharesare granted,eachof the equivalent value to the cashaward,vesting in two and fiveyears respectively.Under STIP,half of the value of aparticipant's short-term incentiveamount is awarded as rights toreceive BHP Group Limited orBHP Group Plc shares at the endof the two-year vesting period.",,
,"the Executive Leadership Team the time-based gap year. On the thirdThe MAP is a plan for BHP seniorwho are not Executive KMP. between the vesting of anniversary of theUnder the CDP,two thirds of the management who are not KMP.The number awards either granted start of a plan year,value of a participant's short-term of share rights awarded is determined by in their non-KMP roles the Group will matchincentive amount is awarded a participant's role and grade. the number ofor to replace awardsas rights to receive BHP Groupforegone from a acquired shares.Limited or BHP Group Plc sharesprevious company.at the end of the vesting period(and the remaining one third isdelivered in cash).Two awards ofdeferred sharesare granted,eachof the equivalent value to the cashaward,vesting in two and fiveyears respectively.Under STIP,half of the value of aparticipant's short-term incentiveamount is awarded as rights toreceive BHP Group Limited orBHP Group Plc shares at the endof the two-year vesting period.","the Executive Leadership Team the time-based gap year. On the thirdThe MAP is a plan for BHP seniorwho are not Executive KMP. between the vesting of anniversary of theUnder the CDP,two thirds of the management who are not KMP.The number awards either granted start of a plan year,value of a participant's short-term of share rights awarded is determined by in their non-KMP roles the Group will matchincentive amount is awarded a participant's role and grade. the number ofor to replace awardsas rights to receive BHP Groupforegone from a acquired shares.Limited or BHP Group Plc sharesprevious company.at the end of the vesting period(and the remaining one third isdelivered in cash).Two awards ofdeferred sharesare granted,eachof the equivalent value to the cashaward,vesting in two and fiveyears respectively.Under STIP,half of the value of aparticipant's short-term incentiveamount is awarded as rights toreceive BHP Group Limited orBHP Group Plc shares at the endof the two-year vesting period.","the Executive Leadership Team the time-based gap year. On the thirdThe MAP is a plan for BHP seniorwho are not Executive KMP. between the vesting of anniversary of theUnder the CDP,two thirds of the management who are not KMP.The number awards either granted start of a plan year,value of a participant's short-term of share rights awarded is determined by in their non-KMP roles the Group will matchincentive amount is awarded a participant's role and grade. the number ofor to replace awardsas rights to receive BHP Groupforegone from a acquired shares.Limited or BHP Group Plc sharesprevious company.at the end of the vesting period(and the remaining one third isdelivered in cash).Two awards ofdeferred sharesare granted,eachof the equivalent value to the cashaward,vesting in two and fiveyears respectively.Under STIP,half of the value of aparticipant's short-term incentiveamount is awarded as rights toreceive BHP Group Limited orBHP Group Plc shares at the endof the two-year vesting period.","the Executive Leadership Team the time-based gap year. On the thirdThe MAP is a plan for BHP seniorwho are not Executive KMP. between the vesting of anniversary of theUnder the CDP,two thirds of the management who are not KMP.The number awards either granted start of a plan year,value of a participant's short-term of share rights awarded is determined by in their non-KMP roles the Group will matchincentive amount is awarded a participant's role and grade. the number ofor to replace awardsas rights to receive BHP Groupforegone from a acquired shares.Limited or BHP Group Plc sharesprevious company.at the end of the vesting period(and the remaining one third isdelivered in cash).Two awards ofdeferred sharesare granted,eachof the equivalent value to the cashaward,vesting in two and fiveyears respectively.Under STIP,half of the value of aparticipant's short-term incentiveamount is awarded as rights toreceive BHP Group Limited orBHP Group Plc shares at the endof the two-year vesting period.","the Executive Leadership Team the time-based gap year. On the thirdThe MAP is a plan for BHP seniorwho are not Executive KMP. between the vesting of anniversary of theUnder the CDP,two thirds of the management who are not KMP.The number awards either granted start of a plan year,value of a participant's short-term of share rights awarded is determined by in their non-KMP roles the Group will matchincentive amount is awarded a participant's role and grade. the number ofor to replace awardsas rights to receive BHP Groupforegone from a acquired shares.Limited or BHP Group Plc sharesprevious company.at the end of the vesting period(and the remaining one third isdelivered in cash).Two awards ofdeferred sharesare granted,eachof the equivalent value to the cashaward,vesting in two and fiveyears respectively.Under STIP,half of the value of aparticipant's short-term incentiveamount is awarded as rights toreceive BHP Group Limited orBHP Group Plc shares at the endof the two-year vesting period.","the Executive Leadership Team the time-based gap year. On the thirdThe MAP is a plan for BHP seniorwho are not Executive KMP. between the vesting of anniversary of theUnder the CDP,two thirds of the management who are not KMP.The number awards either granted start of a plan year,value of a participant's short-term of share rights awarded is determined by in their non-KMP roles the Group will matchincentive amount is awarded a participant's role and grade. the number ofor to replace awardsas rights to receive BHP Groupforegone from a acquired shares.Limited or BHP Group Plc sharesprevious company.at the end of the vesting period(and the remaining one third isdelivered in cash).Two awards ofdeferred sharesare granted,eachof the equivalent value to the cashaward,vesting in two and fiveyears respectively.Under STIP,half of the value of aparticipant's short-term incentiveamount is awarded as rights toreceive BHP Group Limited orBHP Group Plc shares at the endof the two-year vesting period.",,
,"the Executive Leadership Team the time-based gap year. On the thirdThe MAP is a plan for BHP seniorwho are not Executive KMP. between the vesting of anniversary of theUnder the CDP,two thirds of the management who are not KMP.The number awards either granted start of a plan year,value of a participant's short-term of share rights awarded is determined by in their non-KMP roles the Group will matchincentive amount is awarded a participant's role and grade. the number ofor to replace awardsas rights to receive BHP Groupforegone from a acquired shares.Limited or BHP Group Plc sharesprevious company.at the end of the vesting period(and the remaining one third isdelivered in cash).Two awards ofdeferred sharesare granted,eachof the equivalent value to the cashaward,vesting in two and fiveyears respectively.Under STIP,half of the value of aparticipant's short-term incentiveamount is awarded as rights toreceive BHP Group Limited orBHP Group Plc shares at the endof the two-year vesting period.","the Executive Leadership Team the time-based gap year. On the thirdThe MAP is a plan for BHP seniorwho are not Executive KMP. between the vesting of anniversary of theUnder the CDP,two thirds of the management who are not KMP.The number awards either granted start of a plan year,value of a participant's short-term of share rights awarded is determined by in their non-KMP roles the Group will matchincentive amount is awarded a participant's role and grade. the number ofor to replace awardsas rights to receive BHP Groupforegone from a acquired shares.Limited or BHP Group Plc sharesprevious company.at the end of the vesting period(and the remaining one third isdelivered in cash).Two awards ofdeferred sharesare granted,eachof the equivalent value to the cashaward,vesting in two and fiveyears respectively.Under STIP,half of the value of aparticipant's short-term incentiveamount is awarded as rights toreceive BHP Group Limited orBHP Group Plc shares at the endof the two-year vesting period.","the Executive Leadership Team the time-based gap year. On the thirdThe MAP is a plan for BHP seniorwho are not Executive KMP. between the vesting of anniversary of theUnder the CDP,two thirds of the management who are not KMP.The number awards either granted start of a plan year,value of a participant's short-term of share rights awarded is determined by in their non-KMP roles the Group will matchincentive amount is awarded a participant's role and grade. the number ofor to replace awardsas rights to receive BHP Groupforegone from a acquired shares.Limited or BHP Group Plc sharesprevious company.at the end of the vesting period(and the remaining one third isdelivered in cash).Two awards ofdeferred sharesare granted,eachof the equivalent value to the cashaward,vesting in two and fiveyears respectively.Under STIP,half of the value of aparticipant's short-term incentiveamount is awarded as rights toreceive BHP Group Limited orBHP Group Plc shares at the endof the two-year vesting period.","the Executive Leadership Team the time-based gap year. On the thirdThe MAP is a plan for BHP seniorwho are not Executive KMP. between the vesting of anniversary of theUnder the CDP,two thirds of the management who are not KMP.The number awards either granted start of a plan year,value of a participant's short-term of share rights awarded is determined by in their non-KMP roles the Group will matchincentive amount is awarded a participant's role and grade. the number ofor to replace awardsas rights to receive BHP Groupforegone from a acquired shares.Limited or BHP Group Plc sharesprevious company.at the end of the vesting period(and the remaining one third isdelivered in cash).Two awards ofdeferred sharesare granted,eachof the equivalent value to the cashaward,vesting in two and fiveyears respectively.Under STIP,half of the value of aparticipant's short-term incentiveamount is awarded as rights toreceive BHP Group Limited orBHP Group Plc shares at the endof the two-year vesting period.","the Executive Leadership Team the time-based gap year. On the thirdThe MAP is a plan for BHP seniorwho are not Executive KMP. between the vesting of anniversary of theUnder the CDP,two thirds of the management who are not KMP.The number awards either granted start of a plan year,value of a participant's short-term of share rights awarded is determined by in their non-KMP roles the Group will matchincentive amount is awarded a participant's role and grade. the number ofor to replace awardsas rights to receive BHP Groupforegone from a acquired shares.Limited or BHP Group Plc sharesprevious company.at the end of the vesting period(and the remaining one third isdelivered in cash).Two awards ofdeferred sharesare granted,eachof the equivalent value to the cashaward,vesting in two and fiveyears respectively.Under STIP,half of the value of aparticipant's short-term incentiveamount is awarded as rights toreceive BHP Group Limited orBHP Group Plc shares at the endof the two-year vesting period.","the Executive Leadership Team the time-based gap year. On the thirdThe MAP is a plan for BHP seniorwho are not Executive KMP. between the vesting of anniversary of theUnder the CDP,two thirds of the management who are not KMP.The number awards either granted start of a plan year,value of a participant's short-term of share rights awarded is determined by in their non-KMP roles the Group will matchincentive amount is awarded a participant's role and grade. the number ofor to replace awardsas rights to receive BHP Groupforegone from a acquired shares.Limited or BHP Group Plc sharesprevious company.at the end of the vesting period(and the remaining one third isdelivered in cash).Two awards ofdeferred sharesare granted,eachof the equivalent value to the cashaward,vesting in two and fiveyears respectively.Under STIP,half of the value of aparticipant's short-term incentiveamount is awarded as rights toreceive BHP Group Limited orBHP Group Plc shares at the endof the two-year vesting period.",,
,"the Executive Leadership Team the time-based gap year. On the thirdThe MAP is a plan for BHP seniorwho are not Executive KMP. between the vesting of anniversary of theUnder the CDP,two thirds of the management who are not KMP.The number awards either granted start of a plan year,value of a participant's short-term of share rights awarded is determined by in their non-KMP roles the Group will matchincentive amount is awarded a participant's role and grade. the number ofor to replace awardsas rights to receive BHP Groupforegone from a acquired shares.Limited or BHP Group Plc sharesprevious company.at the end of the vesting period(and the remaining one third isdelivered in cash).Two awards ofdeferred sharesare granted,eachof the equivalent value to the cashaward,vesting in two and fiveyears respectively.Under STIP,half of the value of aparticipant's short-term incentiveamount is awarded as rights toreceive BHP Group Limited orBHP Group Plc shares at the endof the two-year vesting period.","the Executive Leadership Team the time-based gap year. On the thirdThe MAP is a plan for BHP seniorwho are not Executive KMP. between the vesting of anniversary of theUnder the CDP,two thirds of the management who are not KMP.The number awards either granted start of a plan year,value of a participant's short-term of share rights awarded is determined by in their non-KMP roles the Group will matchincentive amount is awarded a participant's role and grade. the number ofor to replace awardsas rights to receive BHP Groupforegone from a acquired shares.Limited or BHP Group Plc sharesprevious company.at the end of the vesting period(and the remaining one third isdelivered in cash).Two awards ofdeferred sharesare granted,eachof the equivalent value to the cashaward,vesting in two and fiveyears respectively.Under STIP,half of the value of aparticipant's short-term incentiveamount is awarded as rights toreceive BHP Group Limited orBHP Group Plc shares at the endof the two-year vesting period.","the Executive Leadership Team the time-based gap year. On the thirdThe MAP is a plan for BHP seniorwho are not Executive KMP. between the vesting of anniversary of theUnder the CDP,two thirds of the management who are not KMP.The number awards either granted start of a plan year,value of a participant's short-term of share rights awarded is determined by in their non-KMP roles the Group will matchincentive amount is awarded a participant's role and grade. the number ofor to replace awardsas rights to receive BHP Groupforegone from a acquired shares.Limited or BHP Group Plc sharesprevious company.at the end of the vesting period(and the remaining one third isdelivered in cash).Two awards ofdeferred sharesare granted,eachof the equivalent value to the cashaward,vesting in two and fiveyears respectively.Under STIP,half of the value of aparticipant's short-term incentiveamount is awarded as rights toreceive BHP Group Limited orBHP Group Plc shares at the endof the two-year vesting period.","the Executive Leadership Team the time-based gap year. On the thirdThe MAP is a plan for BHP seniorwho are not Executive KMP. between the vesting of anniversary of theUnder the CDP,two thirds of the management who are not KMP.The number awards either granted start of a plan year,value of a participant's short-term of share rights awarded is determined by in their non-KMP roles the Group will matchincentive amount is awarded a participant's role and grade. the number ofor to replace awardsas rights to receive BHP Groupforegone from a acquired shares.Limited or BHP Group Plc sharesprevious company.at the end of the vesting period(and the remaining one third isdelivered in cash).Two awards ofdeferred sharesare granted,eachof the equivalent value to the cashaward,vesting in two and fiveyears respectively.Under STIP,half of the value of aparticipant's short-term incentiveamount is awarded as rights toreceive BHP Group Limited orBHP Group Plc shares at the endof the two-year vesting period.","the Executive Leadership Team the time-based gap year. On the thirdThe MAP is a plan for BHP seniorwho are not Executive KMP. between the vesting of anniversary of theUnder the CDP,two thirds of the management who are not KMP.The number awards either granted start of a plan year,value of a participant's short-term of share rights awarded is determined by in their non-KMP roles the Group will matchincentive amount is awarded a participant's role and grade. the number ofor to replace awardsas rights to receive BHP Groupforegone from a acquired shares.Limited or BHP Group Plc sharesprevious company.at the end of the vesting period(and the remaining one third isdelivered in cash).Two awards ofdeferred sharesare granted,eachof the equivalent value to the cashaward,vesting in two and fiveyears respectively.Under STIP,half of the value of aparticipant's short-term incentiveamount is awarded as rights toreceive BHP Group Limited orBHP Group Plc shares at the endof the two-year vesting period.","the Executive Leadership Team the time-based gap year. On the thirdThe MAP is a plan for BHP seniorwho are not Executive KMP. between the vesting of anniversary of theUnder the CDP,two thirds of the management who are not KMP.The number awards either granted start of a plan year,value of a participant's short-term of share rights awarded is determined by in their non-KMP roles the Group will matchincentive amount is awarded a participant's role and grade. the number ofor to replace awardsas rights to receive BHP Groupforegone from a acquired shares.Limited or BHP Group Plc sharesprevious company.at the end of the vesting period(and the remaining one third isdelivered in cash).Two awards ofdeferred sharesare granted,eachof the equivalent value to the cashaward,vesting in two and fiveyears respectively.Under STIP,half of the value of aparticipant's short-term incentiveamount is awarded as rights toreceive BHP Group Limited orBHP Group Plc shares at the endof the two-year vesting period.",,
,"the Executive Leadership Team the time-based gap year. On the thirdThe MAP is a plan for BHP seniorwho are not Executive KMP. between the vesting of anniversary of theUnder the CDP,two thirds of the management who are not KMP.The number awards either granted start of a plan year,value of a participant's short-term of share rights awarded is determined by in their non-KMP roles the Group will matchincentive amount is awarded a participant's role and grade. the number ofor to replace awardsas rights to receive BHP Groupforegone from a acquired shares.Limited or BHP Group Plc sharesprevious company.at the end of the vesting period(and the remaining one third isdelivered in cash).Two awards ofdeferred sharesare granted,eachof the equivalent value to the cashaward,vesting in two and fiveyears respectively.Under STIP,half of the value of aparticipant's short-term incentiveamount is awarded as rights toreceive BHP Group Limited orBHP Group Plc shares at the endof the two-year vesting period.","the Executive Leadership Team the time-based gap year. On the thirdThe MAP is a plan for BHP seniorwho are not Executive KMP. between the vesting of anniversary of theUnder the CDP,two thirds of the management who are not KMP.The number awards either granted start of a plan year,value of a participant's short-term of share rights awarded is determined by in their non-KMP roles the Group will matchincentive amount is awarded a participant's role and grade. the number ofor to replace awardsas rights to receive BHP Groupforegone from a acquired shares.Limited or BHP Group Plc sharesprevious company.at the end of the vesting period(and the remaining one third isdelivered in cash).Two awards ofdeferred sharesare granted,eachof the equivalent value to the cashaward,vesting in two and fiveyears respectively.Under STIP,half of the value of aparticipant's short-term incentiveamount is awarded as rights toreceive BHP Group Limited orBHP Group Plc shares at the endof the two-year vesting period.","the Executive Leadership Team the time-based gap year. On the thirdThe MAP is a plan for BHP seniorwho are not Executive KMP. between the vesting of anniversary of theUnder the CDP,two thirds of the management who are not KMP.The number awards either granted start of a plan year,value of a participant's short-term of share rights awarded is determined by in their non-KMP roles the Group will matchincentive amount is awarded a participant's role and grade. the number ofor to replace awardsas rights to receive BHP Groupforegone from a acquired shares.Limited or BHP Group Plc sharesprevious company.at the end of the vesting period(and the remaining one third isdelivered in cash).Two awards ofdeferred sharesare granted,eachof the equivalent value to the cashaward,vesting in two and fiveyears respectively.Under STIP,half of the value of aparticipant's short-term incentiveamount is awarded as rights toreceive BHP Group Limited orBHP Group Plc shares at the endof the two-year vesting period.","the Executive Leadership Team the time-based gap year. On the thirdThe MAP is a plan for BHP seniorwho are not Executive KMP. between the vesting of anniversary of theUnder the CDP,two thirds of the management who are not KMP.The number awards either granted start of a plan year,value of a participant's short-term of share rights awarded is determined by in their non-KMP roles the Group will matchincentive amount is awarded a participant's role and grade. the number ofor to replace awardsas rights to receive BHP Groupforegone from a acquired shares.Limited or BHP Group Plc sharesprevious company.at the end of the vesting period(and the remaining one third isdelivered in cash).Two awards ofdeferred sharesare granted,eachof the equivalent value to the cashaward,vesting in two and fiveyears respectively.Under STIP,half of the value of aparticipant's short-term incentiveamount is awarded as rights toreceive BHP Group Limited orBHP Group Plc shares at the endof the two-year vesting period.","the Executive Leadership Team the time-based gap year. On the thirdThe MAP is a plan for BHP seniorwho are not Executive KMP. between the vesting of anniversary of theUnder the CDP,two thirds of the management who are not KMP.The number awards either granted start of a plan year,value of a participant's short-term of share rights awarded is determined by in their non-KMP roles the Group will matchincentive amount is awarded a participant's role and grade. the number ofor to replace awardsas rights to receive BHP Groupforegone from a acquired shares.Limited or BHP Group Plc sharesprevious company.at the end of the vesting period(and the remaining one third isdelivered in cash).Two awards ofdeferred sharesare granted,eachof the equivalent value to the cashaward,vesting in two and fiveyears respectively.Under STIP,half of the value of aparticipant's short-term incentiveamount is awarded as rights toreceive BHP Group Limited orBHP Group Plc shares at the endof the two-year vesting period.","the Executive Leadership Team the time-based gap year. On the thirdThe MAP is a plan for BHP seniorwho are not Executive KMP. between the vesting of anniversary of theUnder the CDP,two thirds of the management who are not KMP.The number awards either granted start of a plan year,value of a participant's short-term of share rights awarded is determined by in their non-KMP roles the Group will matchincentive amount is awarded a participant's role and grade. the number ofor to replace awardsas rights to receive BHP Groupforegone from a acquired shares.Limited or BHP Group Plc sharesprevious company.at the end of the vesting period(and the remaining one third isdelivered in cash).Two awards ofdeferred sharesare granted,eachof the equivalent value to the cashaward,vesting in two and fiveyears respectively.Under STIP,half of the value of aparticipant's short-term incentiveamount is awarded as rights toreceive BHP Group Limited orBHP Group Plc shares at the endof the two-year vesting period.",,
,"the Executive Leadership Team the time-based gap year. On the thirdThe MAP is a plan for BHP seniorwho are not Executive KMP. between the vesting of anniversary of theUnder the CDP,two thirds of the management who are not KMP.The number awards either granted start of a plan year,value of a participant's short-term of share rights awarded is determined by in their non-KMP roles the Group will matchincentive amount is awarded a participant's role and grade. the number ofor to replace awardsas rights to receive BHP Groupforegone from a acquired shares.Limited or BHP Group Plc sharesprevious company.at the end of the vesting period(and the remaining one third isdelivered in cash).Two awards ofdeferred sharesare granted,eachof the equivalent value to the cashaward,vesting in two and fiveyears respectively.Under STIP,half of the value of aparticipant's short-term incentiveamount is awarded as rights toreceive BHP Group Limited orBHP Group Plc shares at the endof the two-year vesting period.","the Executive Leadership Team the time-based gap year. On the thirdThe MAP is a plan for BHP seniorwho are not Executive KMP. between the vesting of anniversary of theUnder the CDP,two thirds of the management who are not KMP.The number awards either granted start of a plan year,value of a participant's short-term of share rights awarded is determined by in their non-KMP roles the Group will matchincentive amount is awarded a participant's role and grade. the number ofor to replace awardsas rights to receive BHP Groupforegone from a acquired shares.Limited or BHP Group Plc sharesprevious company.at the end of the vesting period(and the remaining one third isdelivered in cash).Two awards ofdeferred sharesare granted,eachof the equivalent value to the cashaward,vesting in two and fiveyears respectively.Under STIP,half of the value of aparticipant's short-term incentiveamount is awarded as rights toreceive BHP Group Limited orBHP Group Plc shares at the endof the two-year vesting period.","the Executive Leadership Team the time-based gap year. On the thirdThe MAP is a plan for BHP seniorwho are not Executive KMP. between the vesting of anniversary of theUnder the CDP,two thirds of the management who are not KMP.The number awards either granted start of a plan year,value of a participant's short-term of share rights awarded is determined by in their non-KMP roles the Group will matchincentive amount is awarded a participant's role and grade. the number ofor to replace awardsas rights to receive BHP Groupforegone from a acquired shares.Limited or BHP Group Plc sharesprevious company.at the end of the vesting period(and the remaining one third isdelivered in cash).Two awards ofdeferred sharesare granted,eachof the equivalent value to the cashaward,vesting in two and fiveyears respectively.Under STIP,half of the value of aparticipant's short-term incentiveamount is awarded as rights toreceive BHP Group Limited orBHP Group Plc shares at the endof the two-year vesting period.","the Executive Leadership Team the time-based gap year. On the thirdThe MAP is a plan for BHP seniorwho are not Executive KMP. between the vesting of anniversary of theUnder the CDP,two thirds of the management who are not KMP.The number awards either granted start of a plan year,value of a participant's short-term of share rights awarded is determined by in their non-KMP roles the Group will matchincentive amount is awarded a participant's role and grade. the number ofor to replace awardsas rights to receive BHP Groupforegone from a acquired shares.Limited or BHP Group Plc sharesprevious company.at the end of the vesting period(and the remaining one third isdelivered in cash).Two awards ofdeferred sharesare granted,eachof the equivalent value to the cashaward,vesting in two and fiveyears respectively.Under STIP,half of the value of aparticipant's short-term incentiveamount is awarded as rights toreceive BHP Group Limited orBHP Group Plc shares at the endof the two-year vesting period.","the Executive Leadership Team the time-based gap year. On the thirdThe MAP is a plan for BHP seniorwho are not Executive KMP. between the vesting of anniversary of theUnder the CDP,two thirds of the management who are not KMP.The number awards either granted start of a plan year,value of a participant's short-term of share rights awarded is determined by in their non-KMP roles the Group will matchincentive amount is awarded a participant's role and grade. the number ofor to replace awardsas rights to receive BHP Groupforegone from a acquired shares.Limited or BHP Group Plc sharesprevious company.at the end of the vesting period(and the remaining one third isdelivered in cash).Two awards ofdeferred sharesare granted,eachof the equivalent value to the cashaward,vesting in two and fiveyears respectively.Under STIP,half of the value of aparticipant's short-term incentiveamount is awarded as rights toreceive BHP Group Limited orBHP Group Plc shares at the endof the two-year vesting period.","the Executive Leadership Team the time-based gap year. On the thirdThe MAP is a plan for BHP seniorwho are not Executive KMP. between the vesting of anniversary of theUnder the CDP,two thirds of the management who are not KMP.The number awards either granted start of a plan year,value of a participant's short-term of share rights awarded is determined by in their non-KMP roles the Group will matchincentive amount is awarded a participant's role and grade. the number ofor to replace awardsas rights to receive BHP Groupforegone from a acquired shares.Limited or BHP Group Plc sharesprevious company.at the end of the vesting period(and the remaining one third isdelivered in cash).Two awards ofdeferred sharesare granted,eachof the equivalent value to the cashaward,vesting in two and fiveyears respectively.Under STIP,half of the value of aparticipant's short-term incentiveamount is awarded as rights toreceive BHP Group Limited orBHP Group Plc shares at the endof the two-year vesting period.",,
,"the Executive Leadership Team the time-based gap year. On the thirdThe MAP is a plan for BHP seniorwho are not Executive KMP. between the vesting of anniversary of theUnder the CDP,two thirds of the management who are not KMP.The number awards either granted start of a plan year,value of a participant's short-term of share rights awarded is determined by in their non-KMP roles the Group will matchincentive amount is awarded a participant's role and grade. the number ofor to replace awardsas rights to receive BHP Groupforegone from a acquired shares.Limited or BHP Group Plc sharesprevious company.at the end of the vesting period(and the remaining one third isdelivered in cash).Two awards ofdeferred sharesare granted,eachof the equivalent value to the cashaward,vesting in two and fiveyears respectively.Under STIP,half of the value of aparticipant's short-term incentiveamount is awarded as rights toreceive BHP Group Limited orBHP Group Plc shares at the endof the two-year vesting period.","the Executive Leadership Team the time-based gap year. On the thirdThe MAP is a plan for BHP seniorwho are not Executive KMP. between the vesting of anniversary of theUnder the CDP,two thirds of the management who are not KMP.The number awards either granted start of a plan year,value of a participant's short-term of share rights awarded is determined by in their non-KMP roles the Group will matchincentive amount is awarded a participant's role and grade. the number ofor to replace awardsas rights to receive BHP Groupforegone from a acquired shares.Limited or BHP Group Plc sharesprevious company.at the end of the vesting period(and the remaining one third isdelivered in cash).Two awards ofdeferred sharesare granted,eachof the equivalent value to the cashaward,vesting in two and fiveyears respectively.Under STIP,half of the value of aparticipant's short-term incentiveamount is awarded as rights toreceive BHP Group Limited orBHP Group Plc shares at the endof the two-year vesting period.","the Executive Leadership Team the time-based gap year. On the thirdThe MAP is a plan for BHP seniorwho are not Executive KMP. between the vesting of anniversary of theUnder the CDP,two thirds of the management who are not KMP.The number awards either granted start of a plan year,value of a participant's short-term of share rights awarded is determined by in their non-KMP roles the Group will matchincentive amount is awarded a participant's role and grade. the number ofor to replace awardsas rights to receive BHP Groupforegone from a acquired shares.Limited or BHP Group Plc sharesprevious company.at the end of the vesting period(and the remaining one third isdelivered in cash).Two awards ofdeferred sharesare granted,eachof the equivalent value to the cashaward,vesting in two and fiveyears respectively.Under STIP,half of the value of aparticipant's short-term incentiveamount is awarded as rights toreceive BHP Group Limited orBHP Group Plc shares at the endof the two-year vesting period.","the Executive Leadership Team the time-based gap year. On the thirdThe MAP is a plan for BHP seniorwho are not Executive KMP. between the vesting of anniversary of theUnder the CDP,two thirds of the management who are not KMP.The number awards either granted start of a plan year,value of a participant's short-term of share rights awarded is determined by in their non-KMP roles the Group will matchincentive amount is awarded a participant's role and grade. the number ofor to replace awardsas rights to receive BHP Groupforegone from a acquired shares.Limited or BHP Group Plc sharesprevious company.at the end of the vesting period(and the remaining one third isdelivered in cash).Two awards ofdeferred sharesare granted,eachof the equivalent value to the cashaward,vesting in two and fiveyears respectively.Under STIP,half of the value of aparticipant's short-term incentiveamount is awarded as rights toreceive BHP Group Limited orBHP Group Plc shares at the endof the two-year vesting period.","the Executive Leadership Team the time-based gap year. On the thirdThe MAP is a plan for BHP seniorwho are not Executive KMP. between the vesting of anniversary of theUnder the CDP,two thirds of the management who are not KMP.The number awards either granted start of a plan year,value of a participant's short-term of share rights awarded is determined by in their non-KMP roles the Group will matchincentive amount is awarded a participant's role and grade. the number ofor to replace awardsas rights to receive BHP Groupforegone from a acquired shares.Limited or BHP Group Plc sharesprevious company.at the end of the vesting period(and the remaining one third isdelivered in cash).Two awards ofdeferred sharesare granted,eachof the equivalent value to the cashaward,vesting in two and fiveyears respectively.Under STIP,half of the value of aparticipant's short-term incentiveamount is awarded as rights toreceive BHP Group Limited orBHP Group Plc shares at the endof the two-year vesting period.","the Executive Leadership Team the time-based gap year. On the thirdThe MAP is a plan for BHP seniorwho are not Executive KMP. between the vesting of anniversary of theUnder the CDP,two thirds of the management who are not KMP.The number awards either granted start of a plan year,value of a participant's short-term of share rights awarded is determined by in their non-KMP roles the Group will matchincentive amount is awarded a participant's role and grade. the number ofor to replace awardsas rights to receive BHP Groupforegone from a acquired shares.Limited or BHP Group Plc sharesprevious company.at the end of the vesting period(and the remaining one third isdelivered in cash).Two awards ofdeferred sharesare granted,eachof the equivalent value to the cashaward,vesting in two and fiveyears respectively.Under STIP,half of the value of aparticipant's short-term incentiveamount is awarded as rights toreceive BHP Group Limited orBHP Group Plc shares at the endof the two-year vesting period.",,
,"the Executive Leadership Team the time-based gap year. On the thirdThe MAP is a plan for BHP seniorwho are not Executive KMP. between the vesting of anniversary of theUnder the CDP,two thirds of the management who are not KMP.The number awards either granted start of a plan year,value of a participant's short-term of share rights awarded is determined by in their non-KMP roles the Group will matchincentive amount is awarded a participant's role and grade. the number ofor to replace awardsas rights to receive BHP Groupforegone from a acquired shares.Limited or BHP Group Plc sharesprevious company.at the end of the vesting period(and the remaining one third isdelivered in cash).Two awards ofdeferred sharesare granted,eachof the equivalent value to the cashaward,vesting in two and fiveyears respectively.Under STIP,half of the value of aparticipant's short-term incentiveamount is awarded as rights toreceive BHP Group Limited orBHP Group Plc shares at the endof the two-year vesting period.","the Executive Leadership Team the time-based gap year. On the thirdThe MAP is a plan for BHP seniorwho are not Executive KMP. between the vesting of anniversary of theUnder the CDP,two thirds of the management who are not KMP.The number awards either granted start of a plan year,value of a participant's short-term of share rights awarded is determined by in their non-KMP roles the Group will matchincentive amount is awarded a participant's role and grade. the number ofor to replace awardsas rights to receive BHP Groupforegone from a acquired shares.Limited or BHP Group Plc sharesprevious company.at the end of the vesting period(and the remaining one third isdelivered in cash).Two awards ofdeferred sharesare granted,eachof the equivalent value to the cashaward,vesting in two and fiveyears respectively.Under STIP,half of the value of aparticipant's short-term incentiveamount is awarded as rights toreceive BHP Group Limited orBHP Group Plc shares at the endof the two-year vesting period.","the Executive Leadership Team the time-based gap year. On the thirdThe MAP is a plan for BHP seniorwho are not Executive KMP. between the vesting of anniversary of theUnder the CDP,two thirds of the management who are not KMP.The number awards either granted start of a plan year,value of a participant's short-term of share rights awarded is determined by in their non-KMP roles the Group will matchincentive amount is awarded a participant's role and grade. the number ofor to replace awardsas rights to receive BHP Groupforegone from a acquired shares.Limited or BHP Group Plc sharesprevious company.at the end of the vesting period(and the remaining one third isdelivered in cash).Two awards ofdeferred sharesare granted,eachof the equivalent value to the cashaward,vesting in two and fiveyears respectively.Under STIP,half of the value of aparticipant's short-term incentiveamount is awarded as rights toreceive BHP Group Limited orBHP Group Plc shares at the endof the two-year vesting period.","the Executive Leadership Team the time-based gap year. On the thirdThe MAP is a plan for BHP seniorwho are not Executive KMP. between the vesting of anniversary of theUnder the CDP,two thirds of the management who are not KMP.The number awards either granted start of a plan year,value of a participant's short-term of share rights awarded is determined by in their non-KMP roles the Group will matchincentive amount is awarded a participant's role and grade. the number ofor to replace awardsas rights to receive BHP Groupforegone from a acquired shares.Limited or BHP Group Plc sharesprevious company.at the end of the vesting period(and the remaining one third isdelivered in cash).Two awards ofdeferred sharesare granted,eachof the equivalent value to the cashaward,vesting in two and fiveyears respectively.Under STIP,half of the value of aparticipant's short-term incentiveamount is awarded as rights toreceive BHP Group Limited orBHP Group Plc shares at the endof the two-year vesting period.","the Executive Leadership Team the time-based gap year. On the thirdThe MAP is a plan for BHP seniorwho are not Executive KMP. between the vesting of anniversary of theUnder the CDP,two thirds of the management who are not KMP.The number awards either granted start of a plan year,value of a participant's short-term of share rights awarded is determined by in their non-KMP roles the Group will matchincentive amount is awarded a participant's role and grade. the number ofor to replace awardsas rights to receive BHP Groupforegone from a acquired shares.Limited or BHP Group Plc sharesprevious company.at the end of the vesting period(and the remaining one third isdelivered in cash).Two awards ofdeferred sharesare granted,eachof the equivalent value to the cashaward,vesting in two and fiveyears respectively.Under STIP,half of the value of aparticipant's short-term incentiveamount is awarded as rights toreceive BHP Group Limited orBHP Group Plc shares at the endof the two-year vesting period.","the Executive Leadership Team the time-based gap year. On the thirdThe MAP is a plan for BHP seniorwho are not Executive KMP. between the vesting of anniversary of theUnder the CDP,two thirds of the management who are not KMP.The number awards either granted start of a plan year,value of a participant's short-term of share rights awarded is determined by in their non-KMP roles the Group will matchincentive amount is awarded a participant's role and grade. the number ofor to replace awardsas rights to receive BHP Groupforegone from a acquired shares.Limited or BHP Group Plc sharesprevious company.at the end of the vesting period(and the remaining one third isdelivered in cash).Two awards ofdeferred sharesare granted,eachof the equivalent value to the cashaward,vesting in two and fiveyears respectively.Under STIP,half of the value of aparticipant's short-term incentiveamount is awarded as rights toreceive BHP Group Limited orBHP Group Plc shares at the endof the two-year vesting period.",,
,"the Executive Leadership Team the time-based gap year. On the thirdThe MAP is a plan for BHP seniorwho are not Executive KMP. between the vesting of anniversary of theUnder the CDP,two thirds of the management who are not KMP.The number awards either granted start of a plan year,value of a participant's short-term of share rights awarded is determined by in their non-KMP roles the Group will matchincentive amount is awarded a participant's role and grade. the number ofor to replace awardsas rights to receive BHP Groupforegone from a acquired shares.Limited or BHP Group Plc sharesprevious company.at the end of the vesting period(and the remaining one third isdelivered in cash).Two awards ofdeferred sharesare granted,eachof the equivalent value to the cashaward,vesting in two and fiveyears respectively.Under STIP,half of the value of aparticipant's short-term incentiveamount is awarded as rights toreceive BHP Group Limited orBHP Group Plc shares at the endof the two-year vesting period.","the Executive Leadership Team the time-based gap year. On the thirdThe MAP is a plan for BHP seniorwho are not Executive KMP. between the vesting of anniversary of theUnder the CDP,two thirds of the management who are not KMP.The number awards either granted start of a plan year,value of a participant's short-term of share rights awarded is determined by in their non-KMP roles the Group will matchincentive amount is awarded a participant's role and grade. the number ofor to replace awardsas rights to receive BHP Groupforegone from a acquired shares.Limited or BHP Group Plc sharesprevious company.at the end of the vesting period(and the remaining one third isdelivered in cash).Two awards ofdeferred sharesare granted,eachof the equivalent value to the cashaward,vesting in two and fiveyears respectively.Under STIP,half of the value of aparticipant's short-term incentiveamount is awarded as rights toreceive BHP Group Limited orBHP Group Plc shares at the endof the two-year vesting period.","the Executive Leadership Team the time-based gap year. On the thirdThe MAP is a plan for BHP seniorwho are not Executive KMP. between the vesting of anniversary of theUnder the CDP,two thirds of the management who are not KMP.The number awards either granted start of a plan year,value of a participant's short-term of share rights awarded is determined by in their non-KMP roles the Group will matchincentive amount is awarded a participant's role and grade. the number ofor to replace awardsas rights to receive BHP Groupforegone from a acquired shares.Limited or BHP Group Plc sharesprevious company.at the end of the vesting period(and the remaining one third isdelivered in cash).Two awards ofdeferred sharesare granted,eachof the equivalent value to the cashaward,vesting in two and fiveyears respectively.Under STIP,half of the value of aparticipant's short-term incentiveamount is awarded as rights toreceive BHP Group Limited orBHP Group Plc shares at the endof the two-year vesting period.","the Executive Leadership Team the time-based gap year. On the thirdThe MAP is a plan for BHP seniorwho are not Executive KMP. between the vesting of anniversary of theUnder the CDP,two thirds of the management who are not KMP.The number awards either granted start of a plan year,value of a participant's short-term of share rights awarded is determined by in their non-KMP roles the Group will matchincentive amount is awarded a participant's role and grade. the number ofor to replace awardsas rights to receive BHP Groupforegone from a acquired shares.Limited or BHP Group Plc sharesprevious company.at the end of the vesting period(and the remaining one third isdelivered in cash).Two awards ofdeferred sharesare granted,eachof the equivalent value to the cashaward,vesting in two and fiveyears respectively.Under STIP,half of the value of aparticipant's short-term incentiveamount is awarded as rights toreceive BHP Group Limited orBHP Group Plc shares at the endof the two-year vesting period.","the Executive Leadership Team the time-based gap year. On the thirdThe MAP is a plan for BHP seniorwho are not Executive KMP. between the vesting of anniversary of theUnder the CDP,two thirds of the management who are not KMP.The number awards either granted start of a plan year,value of a participant's short-term of share rights awarded is determined by in their non-KMP roles the Group will matchincentive amount is awarded a participant's role and grade. the number ofor to replace awardsas rights to receive BHP Groupforegone from a acquired shares.Limited or BHP Group Plc sharesprevious company.at the end of the vesting period(and the remaining one third isdelivered in cash).Two awards ofdeferred sharesare granted,eachof the equivalent value to the cashaward,vesting in two and fiveyears respectively.Under STIP,half of the value of aparticipant's short-term incentiveamount is awarded as rights toreceive BHP Group Limited orBHP Group Plc shares at the endof the two-year vesting period.","the Executive Leadership Team the time-based gap year. On the thirdThe MAP is a plan for BHP seniorwho are not Executive KMP. between the vesting of anniversary of theUnder the CDP,two thirds of the management who are not KMP.The number awards either granted start of a plan year,value of a participant's short-term of share rights awarded is determined by in their non-KMP roles the Group will matchincentive amount is awarded a participant's role and grade. the number ofor to replace awardsas rights to receive BHP Groupforegone from a acquired shares.Limited or BHP Group Plc sharesprevious company.at the end of the vesting period(and the remaining one third isdelivered in cash).Two awards ofdeferred sharesare granted,eachof the equivalent value to the cashaward,vesting in two and fiveyears respectively.Under STIP,half of the value of aparticipant's short-term incentiveamount is awarded as rights toreceive BHP Group Limited orBHP Group Plc shares at the endof the two-year vesting period.",,
,"the Executive Leadership Team the time-based gap year. On the thirdThe MAP is a plan for BHP seniorwho are not Executive KMP. between the vesting of anniversary of theUnder the CDP,two thirds of the management who are not KMP.The number awards either granted start of a plan year,value of a participant's short-term of share rights awarded is determined by in their non-KMP roles the Group will matchincentive amount is awarded a participant's role and grade. the number ofor to replace awardsas rights to receive BHP Groupforegone from a acquired shares.Limited or BHP Group Plc sharesprevious company.at the end of the vesting period(and the remaining one third isdelivered in cash).Two awards ofdeferred sharesare granted,eachof the equivalent value to the cashaward,vesting in two and fiveyears respectively.Under STIP,half of the value of aparticipant's short-term incentiveamount is awarded as rights toreceive BHP Group Limited orBHP Group Plc shares at the endof the two-year vesting period.","the Executive Leadership Team the time-based gap year. On the thirdThe MAP is a plan for BHP seniorwho are not Executive KMP. between the vesting of anniversary of theUnder the CDP,two thirds of the management who are not KMP.The number awards either granted start of a plan year,value of a participant's short-term of share rights awarded is determined by in their non-KMP roles the Group will matchincentive amount is awarded a participant's role and grade. the number ofor to replace awardsas rights to receive BHP Groupforegone from a acquired shares.Limited or BHP Group Plc sharesprevious company.at the end of the vesting period(and the remaining one third isdelivered in cash).Two awards ofdeferred sharesare granted,eachof the equivalent value to the cashaward,vesting in two and fiveyears respectively.Under STIP,half of the value of aparticipant's short-term incentiveamount is awarded as rights toreceive BHP Group Limited orBHP Group Plc shares at the endof the two-year vesting period.","the Executive Leadership Team the time-based gap year. On the thirdThe MAP is a plan for BHP seniorwho are not Executive KMP. between the vesting of anniversary of theUnder the CDP,two thirds of the management who are not KMP.The number awards either granted start of a plan year,value of a participant's short-term of share rights awarded is determined by in their non-KMP roles the Group will matchincentive amount is awarded a participant's role and grade. the number ofor to replace awardsas rights to receive BHP Groupforegone from a acquired shares.Limited or BHP Group Plc sharesprevious company.at the end of the vesting period(and the remaining one third isdelivered in cash).Two awards ofdeferred sharesare granted,eachof the equivalent value to the cashaward,vesting in two and fiveyears respectively.Under STIP,half of the value of aparticipant's short-term incentiveamount is awarded as rights toreceive BHP Group Limited orBHP Group Plc shares at the endof the two-year vesting period.","the Executive Leadership Team the time-based gap year. On the thirdThe MAP is a plan for BHP seniorwho are not Executive KMP. between the vesting of anniversary of theUnder the CDP,two thirds of the management who are not KMP.The number awards either granted start of a plan year,value of a participant's short-term of share rights awarded is determined by in their non-KMP roles the Group will matchincentive amount is awarded a participant's role and grade. the number ofor to replace awardsas rights to receive BHP Groupforegone from a acquired shares.Limited or BHP Group Plc sharesprevious company.at the end of the vesting period(and the remaining one third isdelivered in cash).Two awards ofdeferred sharesare granted,eachof the equivalent value to the cashaward,vesting in two and fiveyears respectively.Under STIP,half of the value of aparticipant's short-term incentiveamount is awarded as rights toreceive BHP Group Limited orBHP Group Plc shares at the endof the two-year vesting period.","the Executive Leadership Team the time-based gap year. On the thirdThe MAP is a plan for BHP seniorwho are not Executive KMP. between the vesting of anniversary of theUnder the CDP,two thirds of the management who are not KMP.The number awards either granted start of a plan year,value of a participant's short-term of share rights awarded is determined by in their non-KMP roles the Group will matchincentive amount is awarded a participant's role and grade. the number ofor to replace awardsas rights to receive BHP Groupforegone from a acquired shares.Limited or BHP Group Plc sharesprevious company.at the end of the vesting period(and the remaining one third isdelivered in cash).Two awards ofdeferred sharesare granted,eachof the equivalent value to the cashaward,vesting in two and fiveyears respectively.Under STIP,half of the value of aparticipant's short-term incentiveamount is awarded as rights toreceive BHP Group Limited orBHP Group Plc shares at the endof the two-year vesting period.","the Executive Leadership Team the time-based gap year. On the thirdThe MAP is a plan for BHP seniorwho are not Executive KMP. between the vesting of anniversary of theUnder the CDP,two thirds of the management who are not KMP.The number awards either granted start of a plan year,value of a participant's short-term of share rights awarded is determined by in their non-KMP roles the Group will matchincentive amount is awarded a participant's role and grade. the number ofor to replace awardsas rights to receive BHP Groupforegone from a acquired shares.Limited or BHP Group Plc sharesprevious company.at the end of the vesting period(and the remaining one third isdelivered in cash).Two awards ofdeferred sharesare granted,eachof the equivalent value to the cashaward,vesting in two and fiveyears respectively.Under STIP,half of the value of aparticipant's short-term incentiveamount is awarded as rights toreceive BHP Group Limited orBHP Group Plc shares at the endof the two-year vesting period.",,
,"the Executive Leadership Team the time-based gap year. On the thirdThe MAP is a plan for BHP seniorwho are not Executive KMP. between the vesting of anniversary of theUnder the CDP,two thirds of the management who are not KMP.The number awards either granted start of a plan year,value of a participant's short-term of share rights awarded is determined by in their non-KMP roles the Group will matchincentive amount is awarded a participant's role and grade. the number ofor to replace awardsas rights to receive BHP Groupforegone from a acquired shares.Limited or BHP Group Plc sharesprevious company.at the end of the vesting period(and the remaining one third isdelivered in cash).Two awards ofdeferred sharesare granted,eachof the equivalent value to the cashaward,vesting in two and fiveyears respectively.Under STIP,half of the value of aparticipant's short-term incentiveamount is awarded as rights toreceive BHP Group Limited orBHP Group Plc shares at the endof the two-year vesting period.","the Executive Leadership Team the time-based gap year. On the thirdThe MAP is a plan for BHP seniorwho are not Executive KMP. between the vesting of anniversary of theUnder the CDP,two thirds of the management who are not KMP.The number awards either granted start of a plan year,value of a participant's short-term of share rights awarded is determined by in their non-KMP roles the Group will matchincentive amount is awarded a participant's role and grade. the number ofor to replace awardsas rights to receive BHP Groupforegone from a acquired shares.Limited or BHP Group Plc sharesprevious company.at the end of the vesting period(and the remaining one third isdelivered in cash).Two awards ofdeferred sharesare granted,eachof the equivalent value to the cashaward,vesting in two and fiveyears respectively.Under STIP,half of the value of aparticipant's short-term incentiveamount is awarded as rights toreceive BHP Group Limited orBHP Group Plc shares at the endof the two-year vesting period.","the Executive Leadership Team the time-based gap year. On the thirdThe MAP is a plan for BHP seniorwho are not Executive KMP. between the vesting of anniversary of theUnder the CDP,two thirds of the management who are not KMP.The number awards either granted start of a plan year,value of a participant's short-term of share rights awarded is determined by in their non-KMP roles the Group will matchincentive amount is awarded a participant's role and grade. the number ofor to replace awardsas rights to receive BHP Groupforegone from a acquired shares.Limited or BHP Group Plc sharesprevious company.at the end of the vesting period(and the remaining one third isdelivered in cash).Two awards ofdeferred sharesare granted,eachof the equivalent value to the cashaward,vesting in two and fiveyears respectively.Under STIP,half of the value of aparticipant's short-term incentiveamount is awarded as rights toreceive BHP Group Limited orBHP Group Plc shares at the endof the two-year vesting period.","the Executive Leadership Team the time-based gap year. On the thirdThe MAP is a plan for BHP seniorwho are not Executive KMP. between the vesting of anniversary of theUnder the CDP,two thirds of the management who are not KMP.The number awards either granted start of a plan year,value of a participant's short-term of share rights awarded is determined by in their non-KMP roles the Group will matchincentive amount is awarded a participant's role and grade. the number ofor to replace awardsas rights to receive BHP Groupforegone from a acquired shares.Limited or BHP Group Plc sharesprevious company.at the end of the vesting period(and the remaining one third isdelivered in cash).Two awards ofdeferred sharesare granted,eachof the equivalent value to the cashaward,vesting in two and fiveyears respectively.Under STIP,half of the value of aparticipant's short-term incentiveamount is awarded as rights toreceive BHP Group Limited orBHP Group Plc shares at the endof the two-year vesting period.","the Executive Leadership Team the time-based gap year. On the thirdThe MAP is a plan for BHP seniorwho are not Executive KMP. between the vesting of anniversary of theUnder the CDP,two thirds of the management who are not KMP.The number awards either granted start of a plan year,value of a participant's short-term of share rights awarded is determined by in their non-KMP roles the Group will matchincentive amount is awarded a participant's role and grade. the number ofor to replace awardsas rights to receive BHP Groupforegone from a acquired shares.Limited or BHP Group Plc sharesprevious company.at the end of the vesting period(and the remaining one third isdelivered in cash).Two awards ofdeferred sharesare granted,eachof the equivalent value to the cashaward,vesting in two and fiveyears respectively.Under STIP,half of the value of aparticipant's short-term incentiveamount is awarded as rights toreceive BHP Group Limited orBHP Group Plc shares at the endof the two-year vesting period.","the Executive Leadership Team the time-based gap year. On the thirdThe MAP is a plan for BHP seniorwho are not Executive KMP. between the vesting of anniversary of theUnder the CDP,two thirds of the management who are not KMP.The number awards either granted start of a plan year,value of a participant's short-term of share rights awarded is determined by in their non-KMP roles the Group will matchincentive amount is awarded a participant's role and grade. the number ofor to replace awardsas rights to receive BHP Groupforegone from a acquired shares.Limited or BHP Group Plc sharesprevious company.at the end of the vesting period(and the remaining one third isdelivered in cash).Two awards ofdeferred sharesare granted,eachof the equivalent value to the cashaward,vesting in two and fiveyears respectively.Under STIP,half of the value of aparticipant's short-term incentiveamount is awarded as rights toreceive BHP Group Limited orBHP Group Plc shares at the endof the two-year vesting period.",,
,"the Executive Leadership Team the time-based gap year. On the thirdThe MAP is a plan for BHP seniorwho are not Executive KMP. between the vesting of anniversary of theUnder the CDP,two thirds of the management who are not KMP.The number awards either granted start of a plan year,value of a participant's short-term of share rights awarded is determined by in their non-KMP roles the Group will matchincentive amount is awarded a participant's role and grade. the number ofor to replace awardsas rights to receive BHP Groupforegone from a acquired shares.Limited or BHP Group Plc sharesprevious company.at the end of the vesting period(and the remaining one third isdelivered in cash).Two awards ofdeferred sharesare granted,eachof the equivalent value to the cashaward,vesting in two and fiveyears respectively.Under STIP,half of the value of aparticipant's short-term incentiveamount is awarded as rights toreceive BHP Group Limited orBHP Group Plc shares at the endof the two-year vesting period.","the Executive Leadership Team the time-based gap year. On the thirdThe MAP is a plan for BHP seniorwho are not Executive KMP. between the vesting of anniversary of theUnder the CDP,two thirds of the management who are not KMP.The number awards either granted start of a plan year,value of a participant's short-term of share rights awarded is determined by in their non-KMP roles the Group will matchincentive amount is awarded a participant's role and grade. the number ofor to replace awardsas rights to receive BHP Groupforegone from a acquired shares.Limited or BHP Group Plc sharesprevious company.at the end of the vesting period(and the remaining one third isdelivered in cash).Two awards ofdeferred sharesare granted,eachof the equivalent value to the cashaward,vesting in two and fiveyears respectively.Under STIP,half of the value of aparticipant's short-term incentiveamount is awarded as rights toreceive BHP Group Limited orBHP Group Plc shares at the endof the two-year vesting period.","the Executive Leadership Team the time-based gap year. On the thirdThe MAP is a plan for BHP seniorwho are not Executive KMP. between the vesting of anniversary of theUnder the CDP,two thirds of the management who are not KMP.The number awards either granted start of a plan year,value of a participant's short-term of share rights awarded is determined by in their non-KMP roles the Group will matchincentive amount is awarded a participant's role and grade. the number ofor to replace awardsas rights to receive BHP Groupforegone from a acquired shares.Limited or BHP Group Plc sharesprevious company.at the end of the vesting period(and the remaining one third isdelivered in cash).Two awards ofdeferred sharesare granted,eachof the equivalent value to the cashaward,vesting in two and fiveyears respectively.Under STIP,half of the value of aparticipant's short-term incentiveamount is awarded as rights toreceive BHP Group Limited orBHP Group Plc shares at the endof the two-year vesting period.","the Executive Leadership Team the time-based gap year. On the thirdThe MAP is a plan for BHP seniorwho are not Executive KMP. between the vesting of anniversary of theUnder the CDP,two thirds of the management who are not KMP.The number awards either granted start of a plan year,value of a participant's short-term of share rights awarded is determined by in their non-KMP roles the Group will matchincentive amount is awarded a participant's role and grade. the number ofor to replace awardsas rights to receive BHP Groupforegone from a acquired shares.Limited or BHP Group Plc sharesprevious company.at the end of the vesting period(and the remaining one third isdelivered in cash).Two awards ofdeferred sharesare granted,eachof the equivalent value to the cashaward,vesting in two and fiveyears respectively.Under STIP,half of the value of aparticipant's short-term incentiveamount is awarded as rights toreceive BHP Group Limited orBHP Group Plc shares at the endof the two-year vesting period.","the Executive Leadership Team the time-based gap year. On the thirdThe MAP is a plan for BHP seniorwho are not Executive KMP. between the vesting of anniversary of theUnder the CDP,two thirds of the management who are not KMP.The number awards either granted start of a plan year,value of a participant's short-term of share rights awarded is determined by in their non-KMP roles the Group will matchincentive amount is awarded a participant's role and grade. the number ofor to replace awardsas rights to receive BHP Groupforegone from a acquired shares.Limited or BHP Group Plc sharesprevious company.at the end of the vesting period(and the remaining one third isdelivered in cash).Two awards ofdeferred sharesare granted,eachof the equivalent value to the cashaward,vesting in two and fiveyears respectively.Under STIP,half of the value of aparticipant's short-term incentiveamount is awarded as rights toreceive BHP Group Limited orBHP Group Plc shares at the endof the two-year vesting period.","the Executive Leadership Team the time-based gap year. On the thirdThe MAP is a plan for BHP seniorwho are not Executive KMP. between the vesting of anniversary of theUnder the CDP,two thirds of the management who are not KMP.The number awards either granted start of a plan year,value of a participant's short-term of share rights awarded is determined by in their non-KMP roles the Group will matchincentive amount is awarded a participant's role and grade. the number ofor to replace awardsas rights to receive BHP Groupforegone from a acquired shares.Limited or BHP Group Plc sharesprevious company.at the end of the vesting period(and the remaining one third isdelivered in cash).Two awards ofdeferred sharesare granted,eachof the equivalent value to the cashaward,vesting in two and fiveyears respectively.Under STIP,half of the value of aparticipant's short-term incentiveamount is awarded as rights toreceive BHP Group Limited orBHP Group Plc shares at the endof the two-year vesting period.",,
,"the Executive Leadership Team the time-based gap year. On the thirdThe MAP is a plan for BHP seniorwho are not Executive KMP. between the vesting of anniversary of theUnder the CDP,two thirds of the management who are not KMP.The number awards either granted start of a plan year,value of a participant's short-term of share rights awarded is determined by in their non-KMP roles the Group will matchincentive amount is awarded a participant's role and grade. the number ofor to replace awardsas rights to receive BHP Groupforegone from a acquired shares.Limited or BHP Group Plc sharesprevious company.at the end of the vesting period(and the remaining one third isdelivered in cash).Two awards ofdeferred sharesare granted,eachof the equivalent value to the cashaward,vesting in two and fiveyears respectively.Under STIP,half of the value of aparticipant's short-term incentiveamount is awarded as rights toreceive BHP Group Limited orBHP Group Plc shares at the endof the two-year vesting period.","the Executive Leadership Team the time-based gap year. On the thirdThe MAP is a plan for BHP seniorwho are not Executive KMP. between the vesting of anniversary of theUnder the CDP,two thirds of the management who are not KMP.The number awards either granted start of a plan year,value of a participant's short-term of share rights awarded is determined by in their non-KMP roles the Group will matchincentive amount is awarded a participant's role and grade. the number ofor to replace awardsas rights to receive BHP Groupforegone from a acquired shares.Limited or BHP Group Plc sharesprevious company.at the end of the vesting period(and the remaining one third isdelivered in cash).Two awards ofdeferred sharesare granted,eachof the equivalent value to the cashaward,vesting in two and fiveyears respectively.Under STIP,half of the value of aparticipant's short-term incentiveamount is awarded as rights toreceive BHP Group Limited orBHP Group Plc shares at the endof the two-year vesting period.","the Executive Leadership Team the time-based gap year. On the thirdThe MAP is a plan for BHP seniorwho are not Executive KMP. between the vesting of anniversary of theUnder the CDP,two thirds of the management who are not KMP.The number awards either granted start of a plan year,value of a participant's short-term of share rights awarded is determined by in their non-KMP roles the Group will matchincentive amount is awarded a participant's role and grade. the number ofor to replace awardsas rights to receive BHP Groupforegone from a acquired shares.Limited or BHP Group Plc sharesprevious company.at the end of the vesting period(and the remaining one third isdelivered in cash).Two awards ofdeferred sharesare granted,eachof the equivalent value to the cashaward,vesting in two and fiveyears respectively.Under STIP,half of the value of aparticipant's short-term incentiveamount is awarded as rights toreceive BHP Group Limited orBHP Group Plc shares at the endof the two-year vesting period.","the Executive Leadership Team the time-based gap year. On the thirdThe MAP is a plan for BHP seniorwho are not Executive KMP. between the vesting of anniversary of theUnder the CDP,two thirds of the management who are not KMP.The number awards either granted start of a plan year,value of a participant's short-term of share rights awarded is determined by in their non-KMP roles the Group will matchincentive amount is awarded a participant's role and grade. the number ofor to replace awardsas rights to receive BHP Groupforegone from a acquired shares.Limited or BHP Group Plc sharesprevious company.at the end of the vesting period(and the remaining one third isdelivered in cash).Two awards ofdeferred sharesare granted,eachof the equivalent value to the cashaward,vesting in two and fiveyears respectively.Under STIP,half of the value of aparticipant's short-term incentiveamount is awarded as rights toreceive BHP Group Limited orBHP Group Plc shares at the endof the two-year vesting period.","the Executive Leadership Team the time-based gap year. On the thirdThe MAP is a plan for BHP seniorwho are not Executive KMP. between the vesting of anniversary of theUnder the CDP,two thirds of the management who are not KMP.The number awards either granted start of a plan year,value of a participant's short-term of share rights awarded is determined by in their non-KMP roles the Group will matchincentive amount is awarded a participant's role and grade. the number ofor to replace awardsas rights to receive BHP Groupforegone from a acquired shares.Limited or BHP Group Plc sharesprevious company.at the end of the vesting period(and the remaining one third isdelivered in cash).Two awards ofdeferred sharesare granted,eachof the equivalent value to the cashaward,vesting in two and fiveyears respectively.Under STIP,half of the value of aparticipant's short-term incentiveamount is awarded as rights toreceive BHP Group Limited orBHP Group Plc shares at the endof the two-year vesting period.","the Executive Leadership Team the time-based gap year. On the thirdThe MAP is a plan for BHP seniorwho are not Executive KMP. between the vesting of anniversary of theUnder the CDP,two thirds of the management who are not KMP.The number awards either granted start of a plan year,value of a participant's short-term of share rights awarded is determined by in their non-KMP roles the Group will matchincentive amount is awarded a participant's role and grade. the number ofor to replace awardsas rights to receive BHP Groupforegone from a acquired shares.Limited or BHP Group Plc sharesprevious company.at the end of the vesting period(and the remaining one third isdelivered in cash).Two awards ofdeferred sharesare granted,eachof the equivalent value to the cashaward,vesting in two and fiveyears respectively.Under STIP,half of the value of aparticipant's short-term incentiveamount is awarded as rights toreceive BHP Group Limited orBHP Group Plc shares at the endof the two-year vesting period.",,
,"the Executive Leadership Team the time-based gap year. On the thirdThe MAP is a plan for BHP seniorwho are not Executive KMP. between the vesting of anniversary of theUnder the CDP,two thirds of the management who are not KMP.The number awards either granted start of a plan year,value of a participant's short-term of share rights awarded is determined by in their non-KMP roles the Group will matchincentive amount is awarded a participant's role and grade. the number ofor to replace awardsas rights to receive BHP Groupforegone from a acquired shares.Limited or BHP Group Plc sharesprevious company.at the end of the vesting period(and the remaining one third isdelivered in cash).Two awards ofdeferred sharesare granted,eachof the equivalent value to the cashaward,vesting in two and fiveyears respectively.Under STIP,half of the value of aparticipant's short-term incentiveamount is awarded as rights toreceive BHP Group Limited orBHP Group Plc shares at the endof the two-year vesting period.","the Executive Leadership Team the time-based gap year. On the thirdThe MAP is a plan for BHP seniorwho are not Executive KMP. between the vesting of anniversary of theUnder the CDP,two thirds of the management who are not KMP.The number awards either granted start of a plan year,value of a participant's short-term of share rights awarded is determined by in their non-KMP roles the Group will matchincentive amount is awarded a participant's role and grade. the number ofor to replace awardsas rights to receive BHP Groupforegone from a acquired shares.Limited or BHP Group Plc sharesprevious company.at the end of the vesting period(and the remaining one third isdelivered in cash).Two awards ofdeferred sharesare granted,eachof the equivalent value to the cashaward,vesting in two and fiveyears respectively.Under STIP,half of the value of aparticipant's short-term incentiveamount is awarded as rights toreceive BHP Group Limited orBHP Group Plc shares at the endof the two-year vesting period.","the Executive Leadership Team the time-based gap year. On the thirdThe MAP is a plan for BHP seniorwho are not Executive KMP. between the vesting of anniversary of theUnder the CDP,two thirds of the management who are not KMP.The number awards either granted start of a plan year,value of a participant's short-term of share rights awarded is determined by in their non-KMP roles the Group will matchincentive amount is awarded a participant's role and grade. the number ofor to replace awardsas rights to receive BHP Groupforegone from a acquired shares.Limited or BHP Group Plc sharesprevious company.at the end of the vesting period(and the remaining one third isdelivered in cash).Two awards ofdeferred sharesare granted,eachof the equivalent value to the cashaward,vesting in two and fiveyears respectively.Under STIP,half of the value of aparticipant's short-term incentiveamount is awarded as rights toreceive BHP Group Limited orBHP Group Plc shares at the endof the two-year vesting period.","the Executive Leadership Team the time-based gap year. On the thirdThe MAP is a plan for BHP seniorwho are not Executive KMP. between the vesting of anniversary of theUnder the CDP,two thirds of the management who are not KMP.The number awards either granted start of a plan year,value of a participant's short-term of share rights awarded is determined by in their non-KMP roles the Group will matchincentive amount is awarded a participant's role and grade. the number ofor to replace awardsas rights to receive BHP Groupforegone from a acquired shares.Limited or BHP Group Plc sharesprevious company.at the end of the vesting period(and the remaining one third isdelivered in cash).Two awards ofdeferred sharesare granted,eachof the equivalent value to the cashaward,vesting in two and fiveyears respectively.Under STIP,half of the value of aparticipant's short-term incentiveamount is awarded as rights toreceive BHP Group Limited orBHP Group Plc shares at the endof the two-year vesting period.","the Executive Leadership Team the time-based gap year. On the thirdThe MAP is a plan for BHP seniorwho are not Executive KMP. between the vesting of anniversary of theUnder the CDP,two thirds of the management who are not KMP.The number awards either granted start of a plan year,value of a participant's short-term of share rights awarded is determined by in their non-KMP roles the Group will matchincentive amount is awarded a participant's role and grade. the number ofor to replace awardsas rights to receive BHP Groupforegone from a acquired shares.Limited or BHP Group Plc sharesprevious company.at the end of the vesting period(and the remaining one third isdelivered in cash).Two awards ofdeferred sharesare granted,eachof the equivalent value to the cashaward,vesting in two and fiveyears respectively.Under STIP,half of the value of aparticipant's short-term incentiveamount is awarded as rights toreceive BHP Group Limited orBHP Group Plc shares at the endof the two-year vesting period.","the Executive Leadership Team the time-based gap year. On the thirdThe MAP is a plan for BHP seniorwho are not Executive KMP. between the vesting of anniversary of theUnder the CDP,two thirds of the management who are not KMP.The number awards either granted start of a plan year,value of a participant's short-term of share rights awarded is determined by in their non-KMP roles the Group will matchincentive amount is awarded a participant's role and grade. the number ofor to replace awardsas rights to receive BHP Groupforegone from a acquired shares.Limited or BHP Group Plc sharesprevious company.at the end of the vesting period(and the remaining one third isdelivered in cash).Two awards ofdeferred sharesare granted,eachof the equivalent value to the cashaward,vesting in two and fiveyears respectively.Under STIP,half of the value of aparticipant's short-term incentiveamount is awarded as rights toreceive BHP Group Limited orBHP Group Plc shares at the endof the two-year vesting period.",,
,"the Executive Leadership Team the time-based gap year. On the thirdThe MAP is a plan for BHP seniorwho are not Executive KMP. between the vesting of anniversary of theUnder the CDP,two thirds of the management who are not KMP.The number awards either granted start of a plan year,value of a participant's short-term of share rights awarded is determined by in their non-KMP roles the Group will matchincentive amount is awarded a participant's role and grade. the number ofor to replace awardsas rights to receive BHP Groupforegone from a acquired shares.Limited or BHP Group Plc sharesprevious company.at the end of the vesting period(and the remaining one third isdelivered in cash).Two awards ofdeferred sharesare granted,eachof the equivalent value to the cashaward,vesting in two and fiveyears respectively.Under STIP,half of the value of aparticipant's short-term incentiveamount is awarded as rights toreceive BHP Group Limited orBHP Group Plc shares at the endof the two-year vesting period.","the Executive Leadership Team the time-based gap year. On the thirdThe MAP is a plan for BHP seniorwho are not Executive KMP. between the vesting of anniversary of theUnder the CDP,two thirds of the management who are not KMP.The number awards either granted start of a plan year,value of a participant's short-term of share rights awarded is determined by in their non-KMP roles the Group will matchincentive amount is awarded a participant's role and grade. the number ofor to replace awardsas rights to receive BHP Groupforegone from a acquired shares.Limited or BHP Group Plc sharesprevious company.at the end of the vesting period(and the remaining one third isdelivered in cash).Two awards ofdeferred sharesare granted,eachof the equivalent value to the cashaward,vesting in two and fiveyears respectively.Under STIP,half of the value of aparticipant's short-term incentiveamount is awarded as rights toreceive BHP Group Limited orBHP Group Plc shares at the endof the two-year vesting period.","the Executive Leadership Team the time-based gap year. On the thirdThe MAP is a plan for BHP seniorwho are not Executive KMP. between the vesting of anniversary of theUnder the CDP,two thirds of the management who are not KMP.The number awards either granted start of a plan year,value of a participant's short-term of share rights awarded is determined by in their non-KMP roles the Group will matchincentive amount is awarded a participant's role and grade. the number ofor to replace awardsas rights to receive BHP Groupforegone from a acquired shares.Limited or BHP Group Plc sharesprevious company.at the end of the vesting period(and the remaining one third isdelivered in cash).Two awards ofdeferred sharesare granted,eachof the equivalent value to the cashaward,vesting in two and fiveyears respectively.Under STIP,half of the value of aparticipant's short-term incentiveamount is awarded as rights toreceive BHP Group Limited orBHP Group Plc shares at the endof the two-year vesting period.","the Executive Leadership Team the time-based gap year. On the thirdThe MAP is a plan for BHP seniorwho are not Executive KMP. between the vesting of anniversary of theUnder the CDP,two thirds of the management who are not KMP.The number awards either granted start of a plan year,value of a participant's short-term of share rights awarded is determined by in their non-KMP roles the Group will matchincentive amount is awarded a participant's role and grade. the number ofor to replace awardsas rights to receive BHP Groupforegone from a acquired shares.Limited or BHP Group Plc sharesprevious company.at the end of the vesting period(and the remaining one third isdelivered in cash).Two awards ofdeferred sharesare granted,eachof the equivalent value to the cashaward,vesting in two and fiveyears respectively.Under STIP,half of the value of aparticipant's short-term incentiveamount is awarded as rights toreceive BHP Group Limited orBHP Group Plc shares at the endof the two-year vesting period.","the Executive Leadership Team the time-based gap year. On the thirdThe MAP is a plan for BHP seniorwho are not Executive KMP. between the vesting of anniversary of theUnder the CDP,two thirds of the management who are not KMP.The number awards either granted start of a plan year,value of a participant's short-term of share rights awarded is determined by in their non-KMP roles the Group will matchincentive amount is awarded a participant's role and grade. the number ofor to replace awardsas rights to receive BHP Groupforegone from a acquired shares.Limited or BHP Group Plc sharesprevious company.at the end of the vesting period(and the remaining one third isdelivered in cash).Two awards ofdeferred sharesare granted,eachof the equivalent value to the cashaward,vesting in two and fiveyears respectively.Under STIP,half of the value of aparticipant's short-term incentiveamount is awarded as rights toreceive BHP Group Limited orBHP Group Plc shares at the endof the two-year vesting period.","the Executive Leadership Team the time-based gap year. On the thirdThe MAP is a plan for BHP seniorwho are not Executive KMP. between the vesting of anniversary of theUnder the CDP,two thirds of the management who are not KMP.The number awards either granted start of a plan year,value of a participant's short-term of share rights awarded is determined by in their non-KMP roles the Group will matchincentive amount is awarded a participant's role and grade. the number ofor to replace awardsas rights to receive BHP Groupforegone from a acquired shares.Limited or BHP Group Plc sharesprevious company.at the end of the vesting period(and the remaining one third isdelivered in cash).Two awards ofdeferred sharesare granted,eachof the equivalent value to the cashaward,vesting in two and fiveyears respectively.Under STIP,half of the value of aparticipant's short-term incentiveamount is awarded as rights toreceive BHP Group Limited orBHP Group Plc shares at the endof the two-year vesting period.",,
,"the Executive Leadership Team the time-based gap year. On the thirdThe MAP is a plan for BHP seniorwho are not Executive KMP. between the vesting of anniversary of theUnder the CDP,two thirds of the management who are not KMP.The number awards either granted start of a plan year,value of a participant's short-term of share rights awarded is determined by in their non-KMP roles the Group will matchincentive amount is awarded a participant's role and grade. the number ofor to replace awardsas rights to receive BHP Groupforegone from a acquired shares.Limited or BHP Group Plc sharesprevious company.at the end of the vesting period(and the remaining one third isdelivered in cash).Two awards ofdeferred sharesare granted,eachof the equivalent value to the cashaward,vesting in two and fiveyears respectively.Under STIP,half of the value of aparticipant's short-term incentiveamount is awarded as rights toreceive BHP Group Limited orBHP Group Plc shares at the endof the two-year vesting period.","the Executive Leadership Team the time-based gap year. On the thirdThe MAP is a plan for BHP seniorwho are not Executive KMP. between the vesting of anniversary of theUnder the CDP,two thirds of the management who are not KMP.The number awards either granted start of a plan year,value of a participant's short-term of share rights awarded is determined by in their non-KMP roles the Group will matchincentive amount is awarded a participant's role and grade. the number ofor to replace awardsas rights to receive BHP Groupforegone from a acquired shares.Limited or BHP Group Plc sharesprevious company.at the end of the vesting period(and the remaining one third isdelivered in cash).Two awards ofdeferred sharesare granted,eachof the equivalent value to the cashaward,vesting in two and fiveyears respectively.Under STIP,half of the value of aparticipant's short-term incentiveamount is awarded as rights toreceive BHP Group Limited orBHP Group Plc shares at the endof the two-year vesting period.","the Executive Leadership Team the time-based gap year. On the thirdThe MAP is a plan for BHP seniorwho are not Executive KMP. between the vesting of anniversary of theUnder the CDP,two thirds of the management who are not KMP.The number awards either granted start of a plan year,value of a participant's short-term of share rights awarded is determined by in their non-KMP roles the Group will matchincentive amount is awarded a participant's role and grade. the number ofor to replace awardsas rights to receive BHP Groupforegone from a acquired shares.Limited or BHP Group Plc sharesprevious company.at the end of the vesting period(and the remaining one third isdelivered in cash).Two awards ofdeferred sharesare granted,eachof the equivalent value to the cashaward,vesting in two and fiveyears respectively.Under STIP,half of the value of aparticipant's short-term incentiveamount is awarded as rights toreceive BHP Group Limited orBHP Group Plc shares at the endof the two-year vesting period.","the Executive Leadership Team the time-based gap year. On the thirdThe MAP is a plan for BHP seniorwho are not Executive KMP. between the vesting of anniversary of theUnder the CDP,two thirds of the management who are not KMP.The number awards either granted start of a plan year,value of a participant's short-term of share rights awarded is determined by in their non-KMP roles the Group will matchincentive amount is awarded a participant's role and grade. the number ofor to replace awardsas rights to receive BHP Groupforegone from a acquired shares.Limited or BHP Group Plc sharesprevious company.at the end of the vesting period(and the remaining one third isdelivered in cash).Two awards ofdeferred sharesare granted,eachof the equivalent value to the cashaward,vesting in two and fiveyears respectively.Under STIP,half of the value of aparticipant's short-term incentiveamount is awarded as rights toreceive BHP Group Limited orBHP Group Plc shares at the endof the two-year vesting period.","the Executive Leadership Team the time-based gap year. On the thirdThe MAP is a plan for BHP seniorwho are not Executive KMP. between the vesting of anniversary of theUnder the CDP,two thirds of the management who are not KMP.The number awards either granted start of a plan year,value of a participant's short-term of share rights awarded is determined by in their non-KMP roles the Group will matchincentive amount is awarded a participant's role and grade. the number ofor to replace awardsas rights to receive BHP Groupforegone from a acquired shares.Limited or BHP Group Plc sharesprevious company.at the end of the vesting period(and the remaining one third isdelivered in cash).Two awards ofdeferred sharesare granted,eachof the equivalent value to the cashaward,vesting in two and fiveyears respectively.Under STIP,half of the value of aparticipant's short-term incentiveamount is awarded as rights toreceive BHP Group Limited orBHP Group Plc shares at the endof the two-year vesting period.","the Executive Leadership Team the time-based gap year. On the thirdThe MAP is a plan for BHP seniorwho are not Executive KMP. between the vesting of anniversary of theUnder the CDP,two thirds of the management who are not KMP.The number awards either granted start of a plan year,value of a participant's short-term of share rights awarded is determined by in their non-KMP roles the Group will matchincentive amount is awarded a participant's role and grade. the number ofor to replace awardsas rights to receive BHP Groupforegone from a acquired shares.Limited or BHP Group Plc sharesprevious company.at the end of the vesting period(and the remaining one third isdelivered in cash).Two awards ofdeferred sharesare granted,eachof the equivalent value to the cashaward,vesting in two and fiveyears respectively.Under STIP,half of the value of aparticipant's short-term incentiveamount is awarded as rights toreceive BHP Group Limited orBHP Group Plc shares at the endof the two-year vesting period.",,
Vesting,CDP: Service conditions only for LTIP: Service and performance conditions.,CDP: Service conditions only for LTIP: Service and performance conditions.,CDP: Service conditions only for LTIP: Service and performance conditions.,CDP: Service conditions only for LTIP: Service and performance conditions.,CDP: Service conditions only for LTIP: Service and performance conditions.,"LTIP: Service and performance conditions. Service and Serviceperformance conditions. conditions only.BHP's Total Shareholder Return (TSR)(1)performance relative to the Peer Group The RemunerationTSR over a five-year performance period Committee has absolutedetermines the vesting of 67 per cent of discretion to determinethe awards,while performance relative to if the performancethe Index TSR (being the index value where condition has beenthe comparator group is a market index) met and whether any,determines the vesting of 33 per cent of all or part of the awardthe awards.For the awards to vest in full, will vest (or otherwiseBHP's TSR must exceed the Peer Group lapse), having regardtoTSR and Index TSR (if applicable) by a personal performancespecified percentage per year, determined and the underlyingfor each grant by the Remuneration financial performanceCommitee.From the establishment of the of the Group during theLTIP in 2OO4 until the awards granted in performance period.December 2O16,this percentage was setTo the extent theat 5.5 per cent per year.performance conditionFor awards granted from December 2017 is not achieved,onwards,25 per cent of the award will vest awards will lapse.where BHP's TSR is equal to the median Thereis no retestingTSR of the relevant comparator group(s), of the performanceas measured over the performance period. condition.Vested awardsWhere TSR is below the median,awards may be subject to awill not vest. Vesting occurs on a sliding holding lock.scale when BHP's TSR measured over the performance period is between the medianTSR of the relevant comparator group(s) upto a nominated level of TSR outperformanceover the relevant comparator group(s),as determined by the Committee,abovewhich 10O per cent of the award will vest.MAP: Service conditions only.",,
conditions,the two-year award.Vesting ofthe five-year award is subject to,the two-year award.Vesting ofthe five-year award is subject to,the two-year award.Vesting ofthe five-year award is subject to,the two-year award.Vesting ofthe five-year award is subject to,BHP's Total Shareholder Return (TSR)(1),"LTIP: Service and performance conditions. Service and Serviceperformance conditions. conditions only.BHP's Total Shareholder Return (TSR)(1)performance relative to the Peer Group The RemunerationTSR over a five-year performance period Committee has absolutedetermines the vesting of 67 per cent of discretion to determinethe awards,while performance relative to if the performancethe Index TSR (being the index value where condition has beenthe comparator group is a market index) met and whether any,determines the vesting of 33 per cent of all or part of the awardthe awards.For the awards to vest in full, will vest (or otherwiseBHP's TSR must exceed the Peer Group lapse), having regardtoTSR and Index TSR (if applicable) by a personal performancespecified percentage per year, determined and the underlyingfor each grant by the Remuneration financial performanceCommitee.From the establishment of the of the Group during theLTIP in 2OO4 until the awards granted in performance period.December 2O16,this percentage was setTo the extent theat 5.5 per cent per year.performance conditionFor awards granted from December 2017 is not achieved,onwards,25 per cent of the award will vest awards will lapse.where BHP's TSR is equal to the median Thereis no retestingTSR of the relevant comparator group(s), of the performanceas measured over the performance period. condition.Vested awardsWhere TSR is below the median,awards may be subject to awill not vest. Vesting occurs on a sliding holding lock.scale when BHP's TSR measured over the performance period is between the medianTSR of the relevant comparator group(s) upto a nominated level of TSR outperformanceover the relevant comparator group(s),as determined by the Committee,abovewhich 10O per cent of the award will vest.MAP: Service conditions only.",performance conditions.,
,the two-year award.Vesting ofthe five-year award is subject to,the two-year award.Vesting ofthe five-year award is subject to,the two-year award.Vesting ofthe five-year award is subject to,the two-year award.Vesting ofthe five-year award is subject to,BHP's Total Shareholder Return (TSR)(1),"LTIP: Service and performance conditions. Service and Serviceperformance conditions. conditions only.BHP's Total Shareholder Return (TSR)(1)performance relative to the Peer Group The RemunerationTSR over a five-year performance period Committee has absolutedetermines the vesting of 67 per cent of discretion to determinethe awards,while performance relative to if the performancethe Index TSR (being the index value where condition has beenthe comparator group is a market index) met and whether any,determines the vesting of 33 per cent of all or part of the awardthe awards.For the awards to vest in full, will vest (or otherwiseBHP's TSR must exceed the Peer Group lapse), having regardtoTSR and Index TSR (if applicable) by a personal performancespecified percentage per year, determined and the underlyingfor each grant by the Remuneration financial performanceCommitee.From the establishment of the of the Group during theLTIP in 2OO4 until the awards granted in performance period.December 2O16,this percentage was setTo the extent theat 5.5 per cent per year.performance conditionFor awards granted from December 2017 is not achieved,onwards,25 per cent of the award will vest awards will lapse.where BHP's TSR is equal to the median Thereis no retestingTSR of the relevant comparator group(s), of the performanceas measured over the performance period. condition.Vested awardsWhere TSR is below the median,awards may be subject to awill not vest. Vesting occurs on a sliding holding lock.scale when BHP's TSR measured over the performance period is between the medianTSR of the relevant comparator group(s) upto a nominated level of TSR outperformanceover the relevant comparator group(s),as determined by the Committee,abovewhich 10O per cent of the award will vest.MAP: Service conditions only.",,
,service conditions and also to,service conditions and also to,service conditions and also to,service conditions and also to,,"LTIP: Service and performance conditions. Service and Serviceperformance conditions. conditions only.BHP's Total Shareholder Return (TSR)(1)performance relative to the Peer Group The RemunerationTSR over a five-year performance period Committee has absolutedetermines the vesting of 67 per cent of discretion to determinethe awards,while performance relative to if the performancethe Index TSR (being the index value where condition has beenthe comparator group is a market index) met and whether any,determines the vesting of 33 per cent of all or part of the awardthe awards.For the awards to vest in full, will vest (or otherwiseBHP's TSR must exceed the Peer Group lapse), having regardtoTSR and Index TSR (if applicable) by a personal performancespecified percentage per year, determined and the underlyingfor each grant by the Remuneration financial performanceCommitee.From the establishment of the of the Group during theLTIP in 2OO4 until the awards granted in performance period.December 2O16,this percentage was setTo the extent theat 5.5 per cent per year.performance conditionFor awards granted from December 2017 is not achieved,onwards,25 per cent of the award will vest awards will lapse.where BHP's TSR is equal to the median Thereis no retestingTSR of the relevant comparator group(s), of the performanceas measured over the performance period. condition.Vested awardsWhere TSR is below the median,awards may be subject to awill not vest. Vesting occurs on a sliding holding lock.scale when BHP's TSR measured over the performance period is between the medianTSR of the relevant comparator group(s) upto a nominated level of TSR outperformanceover the relevant comparator group(s),as determined by the Committee,abovewhich 10O per cent of the award will vest.MAP: Service conditions only.",,
,service conditions and also to,service conditions and also to,service conditions and also to,service conditions and also to,performance relative to the Peer Group,"LTIP: Service and performance conditions. Service and Serviceperformance conditions. conditions only.BHP's Total Shareholder Return (TSR)(1)performance relative to the Peer Group The RemunerationTSR over a five-year performance period Committee has absolutedetermines the vesting of 67 per cent of discretion to determinethe awards,while performance relative to if the performancethe Index TSR (being the index value where condition has beenthe comparator group is a market index) met and whether any,determines the vesting of 33 per cent of all or part of the awardthe awards.For the awards to vest in full, will vest (or otherwiseBHP's TSR must exceed the Peer Group lapse), having regardtoTSR and Index TSR (if applicable) by a personal performancespecified percentage per year, determined and the underlyingfor each grant by the Remuneration financial performanceCommitee.From the establishment of the of the Group during theLTIP in 2OO4 until the awards granted in performance period.December 2O16,this percentage was setTo the extent theat 5.5 per cent per year.performance conditionFor awards granted from December 2017 is not achieved,onwards,25 per cent of the award will vest awards will lapse.where BHP's TSR is equal to the median Thereis no retestingTSR of the relevant comparator group(s), of the performanceas measured over the performance period. condition.Vested awardsWhere TSR is below the median,awards may be subject to awill not vest. Vesting occurs on a sliding holding lock.scale when BHP's TSR measured over the performance period is between the medianTSR of the relevant comparator group(s) upto a nominated level of TSR outperformanceover the relevant comparator group(s),as determined by the Committee,abovewhich 10O per cent of the award will vest.MAP: Service conditions only.",The Remuneration,
,service conditions and also to,service conditions and also to,service conditions and also to,service conditions and also to,performance relative to the Peer Group,"LTIP: Service and performance conditions. Service and Serviceperformance conditions. conditions only.BHP's Total Shareholder Return (TSR)(1)performance relative to the Peer Group The RemunerationTSR over a five-year performance period Committee has absolutedetermines the vesting of 67 per cent of discretion to determinethe awards,while performance relative to if the performancethe Index TSR (being the index value where condition has beenthe comparator group is a market index) met and whether any,determines the vesting of 33 per cent of all or part of the awardthe awards.For the awards to vest in full, will vest (or otherwiseBHP's TSR must exceed the Peer Group lapse), having regardtoTSR and Index TSR (if applicable) by a personal performancespecified percentage per year, determined and the underlyingfor each grant by the Remuneration financial performanceCommitee.From the establishment of the of the Group during theLTIP in 2OO4 until the awards granted in performance period.December 2O16,this percentage was setTo the extent theat 5.5 per cent per year.performance conditionFor awards granted from December 2017 is not achieved,onwards,25 per cent of the award will vest awards will lapse.where BHP's TSR is equal to the median Thereis no retestingTSR of the relevant comparator group(s), of the performanceas measured over the performance period. condition.Vested awardsWhere TSR is below the median,awards may be subject to awill not vest. Vesting occurs on a sliding holding lock.scale when BHP's TSR measured over the performance period is between the medianTSR of the relevant comparator group(s) upto a nominated level of TSR outperformanceover the relevant comparator group(s),as determined by the Committee,abovewhich 10O per cent of the award will vest.MAP: Service conditions only.",The Remuneration,
,holistic review of performance,holistic review of performance,holistic review of performance,holistic review of performance,TSR over a five-year performance perioddetermines the vesting of 67 per cent of,"LTIP: Service and performance conditions. Service and Serviceperformance conditions. conditions only.BHP's Total Shareholder Return (TSR)(1)performance relative to the Peer Group The RemunerationTSR over a five-year performance period Committee has absolutedetermines the vesting of 67 per cent of discretion to determinethe awards,while performance relative to if the performancethe Index TSR (being the index value where condition has beenthe comparator group is a market index) met and whether any,determines the vesting of 33 per cent of all or part of the awardthe awards.For the awards to vest in full, will vest (or otherwiseBHP's TSR must exceed the Peer Group lapse), having regardtoTSR and Index TSR (if applicable) by a personal performancespecified percentage per year, determined and the underlyingfor each grant by the Remuneration financial performanceCommitee.From the establishment of the of the Group during theLTIP in 2OO4 until the awards granted in performance period.December 2O16,this percentage was setTo the extent theat 5.5 per cent per year.performance conditionFor awards granted from December 2017 is not achieved,onwards,25 per cent of the award will vest awards will lapse.where BHP's TSR is equal to the median Thereis no retestingTSR of the relevant comparator group(s), of the performanceas measured over the performance period. condition.Vested awardsWhere TSR is below the median,awards may be subject to awill not vest. Vesting occurs on a sliding holding lock.scale when BHP's TSR measured over the performance period is between the medianTSR of the relevant comparator group(s) upto a nominated level of TSR outperformanceover the relevant comparator group(s),as determined by the Committee,abovewhich 10O per cent of the award will vest.MAP: Service conditions only.",Committee has absolutediscretion to determine,
,"at the end of the five-year vestingperiod,includinga five-year view","at the end of the five-year vestingperiod,includinga five-year view","at the end of the five-year vestingperiod,includinga five-year view","at the end of the five-year vestingperiod,includinga five-year view","the awards,while performance relative to","LTIP: Service and performance conditions. Service and Serviceperformance conditions. conditions only.BHP's Total Shareholder Return (TSR)(1)performance relative to the Peer Group The RemunerationTSR over a five-year performance period Committee has absolutedetermines the vesting of 67 per cent of discretion to determinethe awards,while performance relative to if the performancethe Index TSR (being the index value where condition has beenthe comparator group is a market index) met and whether any,determines the vesting of 33 per cent of all or part of the awardthe awards.For the awards to vest in full, will vest (or otherwiseBHP's TSR must exceed the Peer Group lapse), having regardtoTSR and Index TSR (if applicable) by a personal performancespecified percentage per year, determined and the underlyingfor each grant by the Remuneration financial performanceCommitee.From the establishment of the of the Group during theLTIP in 2OO4 until the awards granted in performance period.December 2O16,this percentage was setTo the extent theat 5.5 per cent per year.performance conditionFor awards granted from December 2017 is not achieved,onwards,25 per cent of the award will vest awards will lapse.where BHP's TSR is equal to the median Thereis no retestingTSR of the relevant comparator group(s), of the performanceas measured over the performance period. condition.Vested awardsWhere TSR is below the median,awards may be subject to awill not vest. Vesting occurs on a sliding holding lock.scale when BHP's TSR measured over the performance period is between the medianTSR of the relevant comparator group(s) upto a nominated level of TSR outperformanceover the relevant comparator group(s),as determined by the Committee,abovewhich 10O per cent of the award will vest.MAP: Service conditions only.",if the performance,
,"period,includinga five-year viewon HSEC performance, profitability,","period,includinga five-year viewon HSEC performance, profitability,","period,includinga five-year viewon HSEC performance, profitability,","period,includinga five-year viewon HSEC performance, profitability,",,"LTIP: Service and performance conditions. Service and Serviceperformance conditions. conditions only.BHP's Total Shareholder Return (TSR)(1)performance relative to the Peer Group The RemunerationTSR over a five-year performance period Committee has absolutedetermines the vesting of 67 per cent of discretion to determinethe awards,while performance relative to if the performancethe Index TSR (being the index value where condition has beenthe comparator group is a market index) met and whether any,determines the vesting of 33 per cent of all or part of the awardthe awards.For the awards to vest in full, will vest (or otherwiseBHP's TSR must exceed the Peer Group lapse), having regardtoTSR and Index TSR (if applicable) by a personal performancespecified percentage per year, determined and the underlyingfor each grant by the Remuneration financial performanceCommitee.From the establishment of the of the Group during theLTIP in 2OO4 until the awards granted in performance period.December 2O16,this percentage was setTo the extent theat 5.5 per cent per year.performance conditionFor awards granted from December 2017 is not achieved,onwards,25 per cent of the award will vest awards will lapse.where BHP's TSR is equal to the median Thereis no retestingTSR of the relevant comparator group(s), of the performanceas measured over the performance period. condition.Vested awardsWhere TSR is below the median,awards may be subject to awill not vest. Vesting occurs on a sliding holding lock.scale when BHP's TSR measured over the performance period is between the medianTSR of the relevant comparator group(s) upto a nominated level of TSR outperformanceover the relevant comparator group(s),as determined by the Committee,abovewhich 10O per cent of the award will vest.MAP: Service conditions only.",,
,"period,includinga five-year viewon HSEC performance, profitability,","period,includinga five-year viewon HSEC performance, profitability,","period,includinga five-year viewon HSEC performance, profitability,","period,includinga five-year viewon HSEC performance, profitability,",the Index TSR (being the index value where,"LTIP: Service and performance conditions. Service and Serviceperformance conditions. conditions only.BHP's Total Shareholder Return (TSR)(1)performance relative to the Peer Group The RemunerationTSR over a five-year performance period Committee has absolutedetermines the vesting of 67 per cent of discretion to determinethe awards,while performance relative to if the performancethe Index TSR (being the index value where condition has beenthe comparator group is a market index) met and whether any,determines the vesting of 33 per cent of all or part of the awardthe awards.For the awards to vest in full, will vest (or otherwiseBHP's TSR must exceed the Peer Group lapse), having regardtoTSR and Index TSR (if applicable) by a personal performancespecified percentage per year, determined and the underlyingfor each grant by the Remuneration financial performanceCommitee.From the establishment of the of the Group during theLTIP in 2OO4 until the awards granted in performance period.December 2O16,this percentage was setTo the extent theat 5.5 per cent per year.performance conditionFor awards granted from December 2017 is not achieved,onwards,25 per cent of the award will vest awards will lapse.where BHP's TSR is equal to the median Thereis no retestingTSR of the relevant comparator group(s), of the performanceas measured over the performance period. condition.Vested awardsWhere TSR is below the median,awards may be subject to awill not vest. Vesting occurs on a sliding holding lock.scale when BHP's TSR measured over the performance period is between the medianTSR of the relevant comparator group(s) upto a nominated level of TSR outperformanceover the relevant comparator group(s),as determined by the Committee,abovewhich 10O per cent of the award will vest.MAP: Service conditions only.",condition has been,
,"period,includinga five-year viewon HSEC performance, profitability,","period,includinga five-year viewon HSEC performance, profitability,","period,includinga five-year viewon HSEC performance, profitability,","period,includinga five-year viewon HSEC performance, profitability,",the Index TSR (being the index value where,"LTIP: Service and performance conditions. Service and Serviceperformance conditions. conditions only.BHP's Total Shareholder Return (TSR)(1)performance relative to the Peer Group The RemunerationTSR over a five-year performance period Committee has absolutedetermines the vesting of 67 per cent of discretion to determinethe awards,while performance relative to if the performancethe Index TSR (being the index value where condition has beenthe comparator group is a market index) met and whether any,determines the vesting of 33 per cent of all or part of the awardthe awards.For the awards to vest in full, will vest (or otherwiseBHP's TSR must exceed the Peer Group lapse), having regardtoTSR and Index TSR (if applicable) by a personal performancespecified percentage per year, determined and the underlyingfor each grant by the Remuneration financial performanceCommitee.From the establishment of the of the Group during theLTIP in 2OO4 until the awards granted in performance period.December 2O16,this percentage was setTo the extent theat 5.5 per cent per year.performance conditionFor awards granted from December 2017 is not achieved,onwards,25 per cent of the award will vest awards will lapse.where BHP's TSR is equal to the median Thereis no retestingTSR of the relevant comparator group(s), of the performanceas measured over the performance period. condition.Vested awardsWhere TSR is below the median,awards may be subject to awill not vest. Vesting occurs on a sliding holding lock.scale when BHP's TSR measured over the performance period is between the medianTSR of the relevant comparator group(s) upto a nominated level of TSR outperformanceover the relevant comparator group(s),as determined by the Committee,abovewhich 10O per cent of the award will vest.MAP: Service conditions only.",,
,"cash flow, balance sheet health,","cash flow, balance sheet health,","cash flow, balance sheet health,","cash flow, balance sheet health,",the comparator group is a market index),"LTIP: Service and performance conditions. Service and Serviceperformance conditions. conditions only.BHP's Total Shareholder Return (TSR)(1)performance relative to the Peer Group The RemunerationTSR over a five-year performance period Committee has absolutedetermines the vesting of 67 per cent of discretion to determinethe awards,while performance relative to if the performancethe Index TSR (being the index value where condition has beenthe comparator group is a market index) met and whether any,determines the vesting of 33 per cent of all or part of the awardthe awards.For the awards to vest in full, will vest (or otherwiseBHP's TSR must exceed the Peer Group lapse), having regardtoTSR and Index TSR (if applicable) by a personal performancespecified percentage per year, determined and the underlyingfor each grant by the Remuneration financial performanceCommitee.From the establishment of the of the Group during theLTIP in 2OO4 until the awards granted in performance period.December 2O16,this percentage was setTo the extent theat 5.5 per cent per year.performance conditionFor awards granted from December 2017 is not achieved,onwards,25 per cent of the award will vest awards will lapse.where BHP's TSR is equal to the median Thereis no retestingTSR of the relevant comparator group(s), of the performanceas measured over the performance period. condition.Vested awardsWhere TSR is below the median,awards may be subject to awill not vest. Vesting occurs on a sliding holding lock.scale when BHP's TSR measured over the performance period is between the medianTSR of the relevant comparator group(s) upto a nominated level of TSR outperformanceover the relevant comparator group(s),as determined by the Committee,abovewhich 10O per cent of the award will vest.MAP: Service conditions only.","met and whether any,",
,"returns to shareholders, corporate","returns to shareholders, corporate","returns to shareholders, corporate","returns to shareholders, corporate",determines the vesting of 33 per cent of,"LTIP: Service and performance conditions. Service and Serviceperformance conditions. conditions only.BHP's Total Shareholder Return (TSR)(1)performance relative to the Peer Group The RemunerationTSR over a five-year performance period Committee has absolutedetermines the vesting of 67 per cent of discretion to determinethe awards,while performance relative to if the performancethe Index TSR (being the index value where condition has beenthe comparator group is a market index) met and whether any,determines the vesting of 33 per cent of all or part of the awardthe awards.For the awards to vest in full, will vest (or otherwiseBHP's TSR must exceed the Peer Group lapse), having regardtoTSR and Index TSR (if applicable) by a personal performancespecified percentage per year, determined and the underlyingfor each grant by the Remuneration financial performanceCommitee.From the establishment of the of the Group during theLTIP in 2OO4 until the awards granted in performance period.December 2O16,this percentage was setTo the extent theat 5.5 per cent per year.performance conditionFor awards granted from December 2017 is not achieved,onwards,25 per cent of the award will vest awards will lapse.where BHP's TSR is equal to the median Thereis no retestingTSR of the relevant comparator group(s), of the performanceas measured over the performance period. condition.Vested awardsWhere TSR is below the median,awards may be subject to awill not vest. Vesting occurs on a sliding holding lock.scale when BHP's TSR measured over the performance period is between the medianTSR of the relevant comparator group(s) upto a nominated level of TSR outperformanceover the relevant comparator group(s),as determined by the Committee,abovewhich 10O per cent of the award will vest.MAP: Service conditions only.",all or part of the award,
,"returns to shareholders, corporate","returns to shareholders, corporate","returns to shareholders, corporate","returns to shareholders, corporate",,"LTIP: Service and performance conditions. Service and Serviceperformance conditions. conditions only.BHP's Total Shareholder Return (TSR)(1)performance relative to the Peer Group The RemunerationTSR over a five-year performance period Committee has absolutedetermines the vesting of 67 per cent of discretion to determinethe awards,while performance relative to if the performancethe Index TSR (being the index value where condition has beenthe comparator group is a market index) met and whether any,determines the vesting of 33 per cent of all or part of the awardthe awards.For the awards to vest in full, will vest (or otherwiseBHP's TSR must exceed the Peer Group lapse), having regardtoTSR and Index TSR (if applicable) by a personal performancespecified percentage per year, determined and the underlyingfor each grant by the Remuneration financial performanceCommitee.From the establishment of the of the Group during theLTIP in 2OO4 until the awards granted in performance period.December 2O16,this percentage was setTo the extent theat 5.5 per cent per year.performance conditionFor awards granted from December 2017 is not achieved,onwards,25 per cent of the award will vest awards will lapse.where BHP's TSR is equal to the median Thereis no retestingTSR of the relevant comparator group(s), of the performanceas measured over the performance period. condition.Vested awardsWhere TSR is below the median,awards may be subject to awill not vest. Vesting occurs on a sliding holding lock.scale when BHP's TSR measured over the performance period is between the medianTSR of the relevant comparator group(s) upto a nominated level of TSR outperformanceover the relevant comparator group(s),as determined by the Committee,abovewhich 10O per cent of the award will vest.MAP: Service conditions only.","the awards.For the awards to vest in full,",will vest (or otherwise
,governance and conduct.,governance and conduct.,governance and conduct.,governance and conduct.,,"LTIP: Service and performance conditions. Service and Serviceperformance conditions. conditions only.BHP's Total Shareholder Return (TSR)(1)performance relative to the Peer Group The RemunerationTSR over a five-year performance period Committee has absolutedetermines the vesting of 67 per cent of discretion to determinethe awards,while performance relative to if the performancethe Index TSR (being the index value where condition has beenthe comparator group is a market index) met and whether any,determines the vesting of 33 per cent of all or part of the awardthe awards.For the awards to vest in full, will vest (or otherwiseBHP's TSR must exceed the Peer Group lapse), having regardtoTSR and Index TSR (if applicable) by a personal performancespecified percentage per year, determined and the underlyingfor each grant by the Remuneration financial performanceCommitee.From the establishment of the of the Group during theLTIP in 2OO4 until the awards granted in performance period.December 2O16,this percentage was setTo the extent theat 5.5 per cent per year.performance conditionFor awards granted from December 2017 is not achieved,onwards,25 per cent of the award will vest awards will lapse.where BHP's TSR is equal to the median Thereis no retestingTSR of the relevant comparator group(s), of the performanceas measured over the performance period. condition.Vested awardsWhere TSR is below the median,awards may be subject to awill not vest. Vesting occurs on a sliding holding lock.scale when BHP's TSR measured over the performance period is between the medianTSR of the relevant comparator group(s) upto a nominated level of TSR outperformanceover the relevant comparator group(s),as determined by the Committee,abovewhich 10O per cent of the award will vest.MAP: Service conditions only.","the awards.For the awards to vest in full,",
,governance and conduct.,governance and conduct.,governance and conduct.,governance and conduct.,BHP's TSR must exceed the Peer Group,"LTIP: Service and performance conditions. Service and Serviceperformance conditions. conditions only.BHP's Total Shareholder Return (TSR)(1)performance relative to the Peer Group The RemunerationTSR over a five-year performance period Committee has absolutedetermines the vesting of 67 per cent of discretion to determinethe awards,while performance relative to if the performancethe Index TSR (being the index value where condition has beenthe comparator group is a market index) met and whether any,determines the vesting of 33 per cent of all or part of the awardthe awards.For the awards to vest in full, will vest (or otherwiseBHP's TSR must exceed the Peer Group lapse), having regardtoTSR and Index TSR (if applicable) by a personal performancespecified percentage per year, determined and the underlyingfor each grant by the Remuneration financial performanceCommitee.From the establishment of the of the Group during theLTIP in 2OO4 until the awards granted in performance period.December 2O16,this percentage was setTo the extent theat 5.5 per cent per year.performance conditionFor awards granted from December 2017 is not achieved,onwards,25 per cent of the award will vest awards will lapse.where BHP's TSR is equal to the median Thereis no retestingTSR of the relevant comparator group(s), of the performanceas measured over the performance period. condition.Vested awardsWhere TSR is below the median,awards may be subject to awill not vest. Vesting occurs on a sliding holding lock.scale when BHP's TSR measured over the performance period is between the medianTSR of the relevant comparator group(s) upto a nominated level of TSR outperformanceover the relevant comparator group(s),as determined by the Committee,abovewhich 10O per cent of the award will vest.MAP: Service conditions only.","lapse), having regardto",
,STIP: Service conditions only.,STIP: Service conditions only.,STIP: Service conditions only.,STIP: Service conditions only.,TSR and Index TSR (if applicable) by a,"LTIP: Service and performance conditions. Service and Serviceperformance conditions. conditions only.BHP's Total Shareholder Return (TSR)(1)performance relative to the Peer Group The RemunerationTSR over a five-year performance period Committee has absolutedetermines the vesting of 67 per cent of discretion to determinethe awards,while performance relative to if the performancethe Index TSR (being the index value where condition has beenthe comparator group is a market index) met and whether any,determines the vesting of 33 per cent of all or part of the awardthe awards.For the awards to vest in full, will vest (or otherwiseBHP's TSR must exceed the Peer Group lapse), having regardtoTSR and Index TSR (if applicable) by a personal performancespecified percentage per year, determined and the underlyingfor each grant by the Remuneration financial performanceCommitee.From the establishment of the of the Group during theLTIP in 2OO4 until the awards granted in performance period.December 2O16,this percentage was setTo the extent theat 5.5 per cent per year.performance conditionFor awards granted from December 2017 is not achieved,onwards,25 per cent of the award will vest awards will lapse.where BHP's TSR is equal to the median Thereis no retestingTSR of the relevant comparator group(s), of the performanceas measured over the performance period. condition.Vested awardsWhere TSR is below the median,awards may be subject to awill not vest. Vesting occurs on a sliding holding lock.scale when BHP's TSR measured over the performance period is between the medianTSR of the relevant comparator group(s) upto a nominated level of TSR outperformanceover the relevant comparator group(s),as determined by the Committee,abovewhich 10O per cent of the award will vest.MAP: Service conditions only.",personal performance,
,,,,,"specified percentage per year, determined","LTIP: Service and performance conditions. Service and Serviceperformance conditions. conditions only.BHP's Total Shareholder Return (TSR)(1)performance relative to the Peer Group The RemunerationTSR over a five-year performance period Committee has absolutedetermines the vesting of 67 per cent of discretion to determinethe awards,while performance relative to if the performancethe Index TSR (being the index value where condition has beenthe comparator group is a market index) met and whether any,determines the vesting of 33 per cent of all or part of the awardthe awards.For the awards to vest in full, will vest (or otherwiseBHP's TSR must exceed the Peer Group lapse), having regardtoTSR and Index TSR (if applicable) by a personal performancespecified percentage per year, determined and the underlyingfor each grant by the Remuneration financial performanceCommitee.From the establishment of the of the Group during theLTIP in 2OO4 until the awards granted in performance period.December 2O16,this percentage was setTo the extent theat 5.5 per cent per year.performance conditionFor awards granted from December 2017 is not achieved,onwards,25 per cent of the award will vest awards will lapse.where BHP's TSR is equal to the median Thereis no retestingTSR of the relevant comparator group(s), of the performanceas measured over the performance period. condition.Vested awardsWhere TSR is below the median,awards may be subject to awill not vest. Vesting occurs on a sliding holding lock.scale when BHP's TSR measured over the performance period is between the medianTSR of the relevant comparator group(s) upto a nominated level of TSR outperformanceover the relevant comparator group(s),as determined by the Committee,abovewhich 10O per cent of the award will vest.MAP: Service conditions only.",and the underlying,
,,,,,for each grant by the Remuneration,"LTIP: Service and performance conditions. Service and Serviceperformance conditions. conditions only.BHP's Total Shareholder Return (TSR)(1)performance relative to the Peer Group The RemunerationTSR over a five-year performance period Committee has absolutedetermines the vesting of 67 per cent of discretion to determinethe awards,while performance relative to if the performancethe Index TSR (being the index value where condition has beenthe comparator group is a market index) met and whether any,determines the vesting of 33 per cent of all or part of the awardthe awards.For the awards to vest in full, will vest (or otherwiseBHP's TSR must exceed the Peer Group lapse), having regardtoTSR and Index TSR (if applicable) by a personal performancespecified percentage per year, determined and the underlyingfor each grant by the Remuneration financial performanceCommitee.From the establishment of the of the Group during theLTIP in 2OO4 until the awards granted in performance period.December 2O16,this percentage was setTo the extent theat 5.5 per cent per year.performance conditionFor awards granted from December 2017 is not achieved,onwards,25 per cent of the award will vest awards will lapse.where BHP's TSR is equal to the median Thereis no retestingTSR of the relevant comparator group(s), of the performanceas measured over the performance period. condition.Vested awardsWhere TSR is below the median,awards may be subject to awill not vest. Vesting occurs on a sliding holding lock.scale when BHP's TSR measured over the performance period is between the medianTSR of the relevant comparator group(s) upto a nominated level of TSR outperformanceover the relevant comparator group(s),as determined by the Committee,abovewhich 10O per cent of the award will vest.MAP: Service conditions only.",financial performance,
,,,,,Commitee.From the establishment of the,"LTIP: Service and performance conditions. Service and Serviceperformance conditions. conditions only.BHP's Total Shareholder Return (TSR)(1)performance relative to the Peer Group The RemunerationTSR over a five-year performance period Committee has absolutedetermines the vesting of 67 per cent of discretion to determinethe awards,while performance relative to if the performancethe Index TSR (being the index value where condition has beenthe comparator group is a market index) met and whether any,determines the vesting of 33 per cent of all or part of the awardthe awards.For the awards to vest in full, will vest (or otherwiseBHP's TSR must exceed the Peer Group lapse), having regardtoTSR and Index TSR (if applicable) by a personal performancespecified percentage per year, determined and the underlyingfor each grant by the Remuneration financial performanceCommitee.From the establishment of the of the Group during theLTIP in 2OO4 until the awards granted in performance period.December 2O16,this percentage was setTo the extent theat 5.5 per cent per year.performance conditionFor awards granted from December 2017 is not achieved,onwards,25 per cent of the award will vest awards will lapse.where BHP's TSR is equal to the median Thereis no retestingTSR of the relevant comparator group(s), of the performanceas measured over the performance period. condition.Vested awardsWhere TSR is below the median,awards may be subject to awill not vest. Vesting occurs on a sliding holding lock.scale when BHP's TSR measured over the performance period is between the medianTSR of the relevant comparator group(s) upto a nominated level of TSR outperformanceover the relevant comparator group(s),as determined by the Committee,abovewhich 10O per cent of the award will vest.MAP: Service conditions only.",of the Group during the,
,,,,,LTIP in 2OO4 until the awards granted in,"LTIP: Service and performance conditions. Service and Serviceperformance conditions. conditions only.BHP's Total Shareholder Return (TSR)(1)performance relative to the Peer Group The RemunerationTSR over a five-year performance period Committee has absolutedetermines the vesting of 67 per cent of discretion to determinethe awards,while performance relative to if the performancethe Index TSR (being the index value where condition has beenthe comparator group is a market index) met and whether any,determines the vesting of 33 per cent of all or part of the awardthe awards.For the awards to vest in full, will vest (or otherwiseBHP's TSR must exceed the Peer Group lapse), having regardtoTSR and Index TSR (if applicable) by a personal performancespecified percentage per year, determined and the underlyingfor each grant by the Remuneration financial performanceCommitee.From the establishment of the of the Group during theLTIP in 2OO4 until the awards granted in performance period.December 2O16,this percentage was setTo the extent theat 5.5 per cent per year.performance conditionFor awards granted from December 2017 is not achieved,onwards,25 per cent of the award will vest awards will lapse.where BHP's TSR is equal to the median Thereis no retestingTSR of the relevant comparator group(s), of the performanceas measured over the performance period. condition.Vested awardsWhere TSR is below the median,awards may be subject to awill not vest. Vesting occurs on a sliding holding lock.scale when BHP's TSR measured over the performance period is between the medianTSR of the relevant comparator group(s) upto a nominated level of TSR outperformanceover the relevant comparator group(s),as determined by the Committee,abovewhich 10O per cent of the award will vest.MAP: Service conditions only.",performance period.,
,,,,,"December 2O16,this percentage was setat 5.5 per cent per year.","LTIP: Service and performance conditions. Service and Serviceperformance conditions. conditions only.BHP's Total Shareholder Return (TSR)(1)performance relative to the Peer Group The RemunerationTSR over a five-year performance period Committee has absolutedetermines the vesting of 67 per cent of discretion to determinethe awards,while performance relative to if the performancethe Index TSR (being the index value where condition has beenthe comparator group is a market index) met and whether any,determines the vesting of 33 per cent of all or part of the awardthe awards.For the awards to vest in full, will vest (or otherwiseBHP's TSR must exceed the Peer Group lapse), having regardtoTSR and Index TSR (if applicable) by a personal performancespecified percentage per year, determined and the underlyingfor each grant by the Remuneration financial performanceCommitee.From the establishment of the of the Group during theLTIP in 2OO4 until the awards granted in performance period.December 2O16,this percentage was setTo the extent theat 5.5 per cent per year.performance conditionFor awards granted from December 2017 is not achieved,onwards,25 per cent of the award will vest awards will lapse.where BHP's TSR is equal to the median Thereis no retestingTSR of the relevant comparator group(s), of the performanceas measured over the performance period. condition.Vested awardsWhere TSR is below the median,awards may be subject to awill not vest. Vesting occurs on a sliding holding lock.scale when BHP's TSR measured over the performance period is between the medianTSR of the relevant comparator group(s) upto a nominated level of TSR outperformanceover the relevant comparator group(s),as determined by the Committee,abovewhich 10O per cent of the award will vest.MAP: Service conditions only.",To the extent the,
,,,,,"December 2O16,this percentage was setat 5.5 per cent per year.","LTIP: Service and performance conditions. Service and Serviceperformance conditions. conditions only.BHP's Total Shareholder Return (TSR)(1)performance relative to the Peer Group The RemunerationTSR over a five-year performance period Committee has absolutedetermines the vesting of 67 per cent of discretion to determinethe awards,while performance relative to if the performancethe Index TSR (being the index value where condition has beenthe comparator group is a market index) met and whether any,determines the vesting of 33 per cent of all or part of the awardthe awards.For the awards to vest in full, will vest (or otherwiseBHP's TSR must exceed the Peer Group lapse), having regardtoTSR and Index TSR (if applicable) by a personal performancespecified percentage per year, determined and the underlyingfor each grant by the Remuneration financial performanceCommitee.From the establishment of the of the Group during theLTIP in 2OO4 until the awards granted in performance period.December 2O16,this percentage was setTo the extent theat 5.5 per cent per year.performance conditionFor awards granted from December 2017 is not achieved,onwards,25 per cent of the award will vest awards will lapse.where BHP's TSR is equal to the median Thereis no retestingTSR of the relevant comparator group(s), of the performanceas measured over the performance period. condition.Vested awardsWhere TSR is below the median,awards may be subject to awill not vest. Vesting occurs on a sliding holding lock.scale when BHP's TSR measured over the performance period is between the medianTSR of the relevant comparator group(s) upto a nominated level of TSR outperformanceover the relevant comparator group(s),as determined by the Committee,abovewhich 10O per cent of the award will vest.MAP: Service conditions only.",,
,,,,,For awards granted from December 2017,"LTIP: Service and performance conditions. Service and Serviceperformance conditions. conditions only.BHP's Total Shareholder Return (TSR)(1)performance relative to the Peer Group The RemunerationTSR over a five-year performance period Committee has absolutedetermines the vesting of 67 per cent of discretion to determinethe awards,while performance relative to if the performancethe Index TSR (being the index value where condition has beenthe comparator group is a market index) met and whether any,determines the vesting of 33 per cent of all or part of the awardthe awards.For the awards to vest in full, will vest (or otherwiseBHP's TSR must exceed the Peer Group lapse), having regardtoTSR and Index TSR (if applicable) by a personal performancespecified percentage per year, determined and the underlyingfor each grant by the Remuneration financial performanceCommitee.From the establishment of the of the Group during theLTIP in 2OO4 until the awards granted in performance period.December 2O16,this percentage was setTo the extent theat 5.5 per cent per year.performance conditionFor awards granted from December 2017 is not achieved,onwards,25 per cent of the award will vest awards will lapse.where BHP's TSR is equal to the median Thereis no retestingTSR of the relevant comparator group(s), of the performanceas measured over the performance period. condition.Vested awardsWhere TSR is below the median,awards may be subject to awill not vest. Vesting occurs on a sliding holding lock.scale when BHP's TSR measured over the performance period is between the medianTSR of the relevant comparator group(s) upto a nominated level of TSR outperformanceover the relevant comparator group(s),as determined by the Committee,abovewhich 10O per cent of the award will vest.MAP: Service conditions only.",performance condition,
,,,,,For awards granted from December 2017,"LTIP: Service and performance conditions. Service and Serviceperformance conditions. conditions only.BHP's Total Shareholder Return (TSR)(1)performance relative to the Peer Group The RemunerationTSR over a five-year performance period Committee has absolutedetermines the vesting of 67 per cent of discretion to determinethe awards,while performance relative to if the performancethe Index TSR (being the index value where condition has beenthe comparator group is a market index) met and whether any,determines the vesting of 33 per cent of all or part of the awardthe awards.For the awards to vest in full, will vest (or otherwiseBHP's TSR must exceed the Peer Group lapse), having regardtoTSR and Index TSR (if applicable) by a personal performancespecified percentage per year, determined and the underlyingfor each grant by the Remuneration financial performanceCommitee.From the establishment of the of the Group during theLTIP in 2OO4 until the awards granted in performance period.December 2O16,this percentage was setTo the extent theat 5.5 per cent per year.performance conditionFor awards granted from December 2017 is not achieved,onwards,25 per cent of the award will vest awards will lapse.where BHP's TSR is equal to the median Thereis no retestingTSR of the relevant comparator group(s), of the performanceas measured over the performance period. condition.Vested awardsWhere TSR is below the median,awards may be subject to awill not vest. Vesting occurs on a sliding holding lock.scale when BHP's TSR measured over the performance period is between the medianTSR of the relevant comparator group(s) upto a nominated level of TSR outperformanceover the relevant comparator group(s),as determined by the Committee,abovewhich 10O per cent of the award will vest.MAP: Service conditions only.",,
,,,,,For awards granted from December 2017,"LTIP: Service and performance conditions. Service and Serviceperformance conditions. conditions only.BHP's Total Shareholder Return (TSR)(1)performance relative to the Peer Group The RemunerationTSR over a five-year performance period Committee has absolutedetermines the vesting of 67 per cent of discretion to determinethe awards,while performance relative to if the performancethe Index TSR (being the index value where condition has beenthe comparator group is a market index) met and whether any,determines the vesting of 33 per cent of all or part of the awardthe awards.For the awards to vest in full, will vest (or otherwiseBHP's TSR must exceed the Peer Group lapse), having regardtoTSR and Index TSR (if applicable) by a personal performancespecified percentage per year, determined and the underlyingfor each grant by the Remuneration financial performanceCommitee.From the establishment of the of the Group during theLTIP in 2OO4 until the awards granted in performance period.December 2O16,this percentage was setTo the extent theat 5.5 per cent per year.performance conditionFor awards granted from December 2017 is not achieved,onwards,25 per cent of the award will vest awards will lapse.where BHP's TSR is equal to the median Thereis no retestingTSR of the relevant comparator group(s), of the performanceas measured over the performance period. condition.Vested awardsWhere TSR is below the median,awards may be subject to awill not vest. Vesting occurs on a sliding holding lock.scale when BHP's TSR measured over the performance period is between the medianTSR of the relevant comparator group(s) upto a nominated level of TSR outperformanceover the relevant comparator group(s),as determined by the Committee,abovewhich 10O per cent of the award will vest.MAP: Service conditions only.",,"is not achieved,"
,,,,,"onwards,25 per cent of the award will vest","LTIP: Service and performance conditions. Service and Serviceperformance conditions. conditions only.BHP's Total Shareholder Return (TSR)(1)performance relative to the Peer Group The RemunerationTSR over a five-year performance period Committee has absolutedetermines the vesting of 67 per cent of discretion to determinethe awards,while performance relative to if the performancethe Index TSR (being the index value where condition has beenthe comparator group is a market index) met and whether any,determines the vesting of 33 per cent of all or part of the awardthe awards.For the awards to vest in full, will vest (or otherwiseBHP's TSR must exceed the Peer Group lapse), having regardtoTSR and Index TSR (if applicable) by a personal performancespecified percentage per year, determined and the underlyingfor each grant by the Remuneration financial performanceCommitee.From the establishment of the of the Group during theLTIP in 2OO4 until the awards granted in performance period.December 2O16,this percentage was setTo the extent theat 5.5 per cent per year.performance conditionFor awards granted from December 2017 is not achieved,onwards,25 per cent of the award will vest awards will lapse.where BHP's TSR is equal to the median Thereis no retestingTSR of the relevant comparator group(s), of the performanceas measured over the performance period. condition.Vested awardsWhere TSR is below the median,awards may be subject to awill not vest. Vesting occurs on a sliding holding lock.scale when BHP's TSR measured over the performance period is between the medianTSR of the relevant comparator group(s) upto a nominated level of TSR outperformanceover the relevant comparator group(s),as determined by the Committee,abovewhich 10O per cent of the award will vest.MAP: Service conditions only.",awards will lapse.,
,,,,,where BHP's TSR is equal to the median,"LTIP: Service and performance conditions. Service and Serviceperformance conditions. conditions only.BHP's Total Shareholder Return (TSR)(1)performance relative to the Peer Group The RemunerationTSR over a five-year performance period Committee has absolutedetermines the vesting of 67 per cent of discretion to determinethe awards,while performance relative to if the performancethe Index TSR (being the index value where condition has beenthe comparator group is a market index) met and whether any,determines the vesting of 33 per cent of all or part of the awardthe awards.For the awards to vest in full, will vest (or otherwiseBHP's TSR must exceed the Peer Group lapse), having regardtoTSR and Index TSR (if applicable) by a personal performancespecified percentage per year, determined and the underlyingfor each grant by the Remuneration financial performanceCommitee.From the establishment of the of the Group during theLTIP in 2OO4 until the awards granted in performance period.December 2O16,this percentage was setTo the extent theat 5.5 per cent per year.performance conditionFor awards granted from December 2017 is not achieved,onwards,25 per cent of the award will vest awards will lapse.where BHP's TSR is equal to the median Thereis no retestingTSR of the relevant comparator group(s), of the performanceas measured over the performance period. condition.Vested awardsWhere TSR is below the median,awards may be subject to awill not vest. Vesting occurs on a sliding holding lock.scale when BHP's TSR measured over the performance period is between the medianTSR of the relevant comparator group(s) upto a nominated level of TSR outperformanceover the relevant comparator group(s),as determined by the Committee,abovewhich 10O per cent of the award will vest.MAP: Service conditions only.",Thereis no retesting,
,,,,,"TSR of the relevant comparator group(s),","LTIP: Service and performance conditions. Service and Serviceperformance conditions. conditions only.BHP's Total Shareholder Return (TSR)(1)performance relative to the Peer Group The RemunerationTSR over a five-year performance period Committee has absolutedetermines the vesting of 67 per cent of discretion to determinethe awards,while performance relative to if the performancethe Index TSR (being the index value where condition has beenthe comparator group is a market index) met and whether any,determines the vesting of 33 per cent of all or part of the awardthe awards.For the awards to vest in full, will vest (or otherwiseBHP's TSR must exceed the Peer Group lapse), having regardtoTSR and Index TSR (if applicable) by a personal performancespecified percentage per year, determined and the underlyingfor each grant by the Remuneration financial performanceCommitee.From the establishment of the of the Group during theLTIP in 2OO4 until the awards granted in performance period.December 2O16,this percentage was setTo the extent theat 5.5 per cent per year.performance conditionFor awards granted from December 2017 is not achieved,onwards,25 per cent of the award will vest awards will lapse.where BHP's TSR is equal to the median Thereis no retestingTSR of the relevant comparator group(s), of the performanceas measured over the performance period. condition.Vested awardsWhere TSR is below the median,awards may be subject to awill not vest. Vesting occurs on a sliding holding lock.scale when BHP's TSR measured over the performance period is between the medianTSR of the relevant comparator group(s) upto a nominated level of TSR outperformanceover the relevant comparator group(s),as determined by the Committee,abovewhich 10O per cent of the award will vest.MAP: Service conditions only.",of the performance,
,,,,,as measured over the performance period.,"LTIP: Service and performance conditions. Service and Serviceperformance conditions. conditions only.BHP's Total Shareholder Return (TSR)(1)performance relative to the Peer Group The RemunerationTSR over a five-year performance period Committee has absolutedetermines the vesting of 67 per cent of discretion to determinethe awards,while performance relative to if the performancethe Index TSR (being the index value where condition has beenthe comparator group is a market index) met and whether any,determines the vesting of 33 per cent of all or part of the awardthe awards.For the awards to vest in full, will vest (or otherwiseBHP's TSR must exceed the Peer Group lapse), having regardtoTSR and Index TSR (if applicable) by a personal performancespecified percentage per year, determined and the underlyingfor each grant by the Remuneration financial performanceCommitee.From the establishment of the of the Group during theLTIP in 2OO4 until the awards granted in performance period.December 2O16,this percentage was setTo the extent theat 5.5 per cent per year.performance conditionFor awards granted from December 2017 is not achieved,onwards,25 per cent of the award will vest awards will lapse.where BHP's TSR is equal to the median Thereis no retestingTSR of the relevant comparator group(s), of the performanceas measured over the performance period. condition.Vested awardsWhere TSR is below the median,awards may be subject to awill not vest. Vesting occurs on a sliding holding lock.scale when BHP's TSR measured over the performance period is between the medianTSR of the relevant comparator group(s) upto a nominated level of TSR outperformanceover the relevant comparator group(s),as determined by the Committee,abovewhich 10O per cent of the award will vest.MAP: Service conditions only.",,
,,,,,"Where TSR is below the median,awards","LTIP: Service and performance conditions. Service and Serviceperformance conditions. conditions only.BHP's Total Shareholder Return (TSR)(1)performance relative to the Peer Group The RemunerationTSR over a five-year performance period Committee has absolutedetermines the vesting of 67 per cent of discretion to determinethe awards,while performance relative to if the performancethe Index TSR (being the index value where condition has beenthe comparator group is a market index) met and whether any,determines the vesting of 33 per cent of all or part of the awardthe awards.For the awards to vest in full, will vest (or otherwiseBHP's TSR must exceed the Peer Group lapse), having regardtoTSR and Index TSR (if applicable) by a personal performancespecified percentage per year, determined and the underlyingfor each grant by the Remuneration financial performanceCommitee.From the establishment of the of the Group during theLTIP in 2OO4 until the awards granted in performance period.December 2O16,this percentage was setTo the extent theat 5.5 per cent per year.performance conditionFor awards granted from December 2017 is not achieved,onwards,25 per cent of the award will vest awards will lapse.where BHP's TSR is equal to the median Thereis no retestingTSR of the relevant comparator group(s), of the performanceas measured over the performance period. condition.Vested awardsWhere TSR is below the median,awards may be subject to awill not vest. Vesting occurs on a sliding holding lock.scale when BHP's TSR measured over the performance period is between the medianTSR of the relevant comparator group(s) upto a nominated level of TSR outperformanceover the relevant comparator group(s),as determined by the Committee,abovewhich 10O per cent of the award will vest.MAP: Service conditions only.",may be subject to a,
,,,,,will not vest. Vesting occurs on a sliding,"LTIP: Service and performance conditions. Service and Serviceperformance conditions. conditions only.BHP's Total Shareholder Return (TSR)(1)performance relative to the Peer Group The RemunerationTSR over a five-year performance period Committee has absolutedetermines the vesting of 67 per cent of discretion to determinethe awards,while performance relative to if the performancethe Index TSR (being the index value where condition has beenthe comparator group is a market index) met and whether any,determines the vesting of 33 per cent of all or part of the awardthe awards.For the awards to vest in full, will vest (or otherwiseBHP's TSR must exceed the Peer Group lapse), having regardtoTSR and Index TSR (if applicable) by a personal performancespecified percentage per year, determined and the underlyingfor each grant by the Remuneration financial performanceCommitee.From the establishment of the of the Group during theLTIP in 2OO4 until the awards granted in performance period.December 2O16,this percentage was setTo the extent theat 5.5 per cent per year.performance conditionFor awards granted from December 2017 is not achieved,onwards,25 per cent of the award will vest awards will lapse.where BHP's TSR is equal to the median Thereis no retestingTSR of the relevant comparator group(s), of the performanceas measured over the performance period. condition.Vested awardsWhere TSR is below the median,awards may be subject to awill not vest. Vesting occurs on a sliding holding lock.scale when BHP's TSR measured over the performance period is between the medianTSR of the relevant comparator group(s) upto a nominated level of TSR outperformanceover the relevant comparator group(s),as determined by the Committee,abovewhich 10O per cent of the award will vest.MAP: Service conditions only.",,
,,,,,scale when BHP's TSR measured over the,"LTIP: Service and performance conditions. Service and Serviceperformance conditions. conditions only.BHP's Total Shareholder Return (TSR)(1)performance relative to the Peer Group The RemunerationTSR over a five-year performance period Committee has absolutedetermines the vesting of 67 per cent of discretion to determinethe awards,while performance relative to if the performancethe Index TSR (being the index value where condition has beenthe comparator group is a market index) met and whether any,determines the vesting of 33 per cent of all or part of the awardthe awards.For the awards to vest in full, will vest (or otherwiseBHP's TSR must exceed the Peer Group lapse), having regardtoTSR and Index TSR (if applicable) by a personal performancespecified percentage per year, determined and the underlyingfor each grant by the Remuneration financial performanceCommitee.From the establishment of the of the Group during theLTIP in 2OO4 until the awards granted in performance period.December 2O16,this percentage was setTo the extent theat 5.5 per cent per year.performance conditionFor awards granted from December 2017 is not achieved,onwards,25 per cent of the award will vest awards will lapse.where BHP's TSR is equal to the median Thereis no retestingTSR of the relevant comparator group(s), of the performanceas measured over the performance period. condition.Vested awardsWhere TSR is below the median,awards may be subject to awill not vest. Vesting occurs on a sliding holding lock.scale when BHP's TSR measured over the performance period is between the medianTSR of the relevant comparator group(s) upto a nominated level of TSR outperformanceover the relevant comparator group(s),as determined by the Committee,abovewhich 10O per cent of the award will vest.MAP: Service conditions only.",,
,,,,,,,performance period is between the median,
,,,,,,,,TSR of the relevant comparator group(s) up
,,,,,,"LTIP: Service and performance conditions. Service and Serviceperformance conditions. conditions only.BHP's Total Shareholder Return (TSR)(1)performance relative to the Peer Group The RemunerationTSR over a five-year performance period Committee has absolutedetermines the vesting of 67 per cent of discretion to determinethe awards,while performance relative to if the performancethe Index TSR (being the index value where condition has beenthe comparator group is a market index) met and whether any,determines the vesting of 33 per cent of all or part of the awardthe awards.For the awards to vest in full, will vest (or otherwiseBHP's TSR must exceed the Peer Group lapse), having regardtoTSR and Index TSR (if applicable) by a personal performancespecified percentage per year, determined and the underlyingfor each grant by the Remuneration financial performanceCommitee.From the establishment of the of the Group during theLTIP in 2OO4 until the awards granted in performance period.December 2O16,this percentage was setTo the extent theat 5.5 per cent per year.performance conditionFor awards granted from December 2017 is not achieved,onwards,25 per cent of the award will vest awards will lapse.where BHP's TSR is equal to the median Thereis no retestingTSR of the relevant comparator group(s), of the performanceas measured over the performance period. condition.Vested awardsWhere TSR is below the median,awards may be subject to awill not vest. Vesting occurs on a sliding holding lock.scale when BHP's TSR measured over the performance period is between the medianTSR of the relevant comparator group(s) upto a nominated level of TSR outperformanceover the relevant comparator group(s),as determined by the Committee,abovewhich 10O per cent of the award will vest.MAP: Service conditions only.",,
Vesting CDP -2and 5 years,Vesting CDP -2and 5 years,Vesting CDP -2and 5 years,Vesting CDP -2and 5 years,Vesting CDP -2and 5 years,LTIP -5 years 2years 3yearsMAP -1to5 years,LTIP -5 years 2years 3yearsMAP -1to5 years,,
periodSTIP -2 years,periodSTIP -2 years,periodSTIP -2 years,periodSTIP -2 years,periodSTIP -2 years,LTIP -5 years 2years 3yearsMAP -1to5 years,LTIP -5 years 2years 3yearsMAP -1to5 years,,
Dividend CDP - YesEquivalent,Dividend CDP - YesEquivalent,Dividend CDP - YesEquivalent,Dividend CDP - YesEquivalent,Dividend CDP - YesEquivalent,Dividend CDP - Yes LTIP - Yes Yes NoEquivalentSTIP - Yes MAP - VariesPayment,Dividend CDP - Yes LTIP - Yes Yes NoEquivalentSTIP - Yes MAP - VariesPayment,,
Exercise None None None Noneperiod,Exercise None None None Noneperiod,Exercise None None None Noneperiod,Exercise None None None Noneperiod,Exercise None None None Noneperiod,Exercise None None None Noneperiod,Exercise None None None Noneperiod,,
